# Generated from MrEliptik tank_1_green.fbx
v 0.154615 0.186466 0.065078
v 0.116253 0.213657 0.059472
v 0.119404 0.230360 0.367655
v 0.155858 0.194245 0.375465
v 0.175656 0.165886 0.069457
v 0.194189 0.051964 0.405739
v 0.229442 -0.030452 0.111231
v 0.233550 0.000072 0.104737
v 0.233550 0.029176 0.098544
v 0.194463 0.102424 0.394909
v 0.180560 0.003379 0.415839
v 0.203418 -0.099079 0.126012
v 0.221740 -0.058564 0.117212
v 0.229442 -0.030452 0.111231
v 0.194189 0.051964 0.405739
v 0.203418 -0.099079 0.126012
v 0.180560 0.003379 0.415839
v 0.155404 -0.038494 0.425102
v 0.167650 -0.145730 0.135763
v -0.001051 -0.214545 0.150579
v 0.025545 -0.111909 0.440478
v -0.025196 -0.112238 0.440437
v -0.058787 -0.207493 0.148752
v -0.226120 -0.045624 0.114639
v -0.181893 0.006457 0.415294
v -0.194658 0.054937 0.404979
v -0.233615 0.000072 0.104737
v -0.180894 0.152194 0.384320
v -0.209760 0.116256 0.080017
v -0.226048 0.075869 0.088462
v -0.194242 0.104543 0.394315
v -0.118237 0.231116 0.367384
v -0.118083 0.212660 0.059685
v -0.154681 0.186466 0.065079
v -0.175721 0.165886 0.069457
v -0.154852 0.195796 0.375137
v -0.118083 0.212660 0.059685
v -0.118237 0.231116 0.367384
v -0.073966 0.255748 0.362381
v -0.074859 0.231542 0.055488
v 0.046052 0.239074 0.053885
v -0.000033 0.243880 0.053205
v -0.025609 0.268140 0.359617
v 0.025131 0.268423 0.359445
v 0.194463 0.102424 0.394909
v 0.233550 0.029176 0.098544
v 0.229442 0.059700 0.092050
v 0.216039 0.103335 0.082963
v 0.181258 0.151514 0.384187
v 0.154615 0.186466 0.065078
v 0.175656 0.165886 0.069457
v 0.194817 0.141461 0.074654
v 0.219103 0.132272 0.061387
v 0.179686 0.183632 0.050460
v 0.233550 0.029176 0.098544
v 0.233550 0.000072 0.104737
v 0.251469 0.008925 0.087632
v 0.243587 0.072682 0.074066
v 0.229442 0.059700 0.092050
v 0.065025 -0.225956 0.137607
v 0.074794 -0.202293 0.147793
v 0.046052 -0.209826 0.149396
v -0.001051 -0.214545 0.150579
v 0.002626 -0.234470 0.139418
v -0.125714 -0.201394 0.132381
v -0.103939 -0.190512 0.145287
v -0.129709 -0.175960 0.142191
v -0.154680 -0.157218 0.138203
v -0.175992 -0.164258 0.124479
v 0.014850 0.312548 -0.295767
v -0.014916 0.312548 -0.295767
v -0.000033 0.307246 0.009575
v 0.064448 0.300109 0.010759
v 0.091557 0.301610 -0.293873
v -0.154680 -0.157218 0.138203
v -0.175721 -0.136638 0.133824
v -0.194882 -0.112213 0.128627
v -0.218012 -0.111569 0.113269
v -0.175992 -0.164258 0.124479
v 0.074794 0.231542 0.055488
v 0.065112 0.249327 0.036482
v -0.000033 0.257385 0.034768
v -0.000033 0.243880 0.053205
v 0.046052 0.239074 0.053885
v 0.276435 0.086671 0.071089
v 0.298115 0.071558 0.059386
v 0.290411 0.099680 0.053403
v 0.264943 0.157073 0.041368
v 0.247130 0.154099 0.056743
v 0.290411 -0.082702 0.092208
v 0.298115 -0.054580 0.086224
v 0.277808 -0.058604 0.101999
v 0.248630 -0.128896 0.116955
v 0.263630 -0.142757 0.104841
v 0.071666 0.283284 0.029257
v 0.093199 0.292574 0.012362
v 0.064448 0.300109 0.010759
v -0.000033 0.307246 0.009575
v -0.000033 0.292039 0.027394
v 0.014843 0.096919 -0.054532
v -0.014909 0.096919 -0.054532
v -0.025868 0.077583 -0.065758
v 0.013091 0.080874 -0.066477
v -0.049942 0.067829 -0.063683
v -0.043647 0.089387 -0.052930
v -0.069413 0.074837 -0.049834
v -0.070615 0.052314 -0.060382
v 0.014843 0.096919 -0.054532
v 0.013091 0.080874 -0.066477
v 0.049877 0.067829 -0.063683
v 0.043581 0.089387 -0.052930
v 0.043581 0.089387 -0.052930
v 0.049877 0.067829 -0.063683
v 0.070550 0.052314 -0.060382
v 0.069347 0.074837 -0.049834
v 0.069347 0.074837 -0.049834
v 0.070550 0.052314 -0.060382
v 0.086413 0.032093 -0.056080
v 0.090385 0.054260 -0.045456
v 0.090385 0.054260 -0.045456
v 0.086413 0.032093 -0.056080
v 0.096385 0.008546 -0.051069
v 0.105261 0.029058 -0.040094
v 0.105261 0.029058 -0.040094
v 0.096385 0.008546 -0.051069
v 0.099786 -0.016724 -0.045693
v 0.112961 0.000949 -0.034113
v 0.112961 0.000949 -0.034113
v 0.099786 -0.016724 -0.045693
v 0.096385 -0.041993 -0.040316
v 0.112961 -0.028151 -0.027921
v 0.090385 -0.081462 -0.016579
v 0.061097 -0.094646 -0.029119
v 0.043581 -0.116589 -0.009105
v 0.069347 -0.102039 -0.012200
v 0.105261 -0.056260 -0.021941
v 0.086413 -0.065540 -0.035306
v 0.061097 -0.094646 -0.029119
v 0.090385 -0.081462 -0.016579
v 0.025802 -0.111030 -0.025628
v 0.014843 -0.124121 -0.007502
v 0.043581 -0.116589 -0.009105
v 0.061097 -0.094646 -0.029119
v -0.000033 -0.114357 -0.024920
v -0.014909 -0.124121 -0.007502
v 0.014843 -0.124121 -0.007502
v 0.025802 -0.111030 -0.025628
v -0.025868 -0.111030 -0.025628
v -0.043647 -0.116589 -0.009105
v -0.014909 -0.124121 -0.007502
v -0.000033 -0.114357 -0.024920
v -0.061163 -0.094646 -0.029118
v -0.069413 -0.102039 -0.012200
v -0.043647 -0.116589 -0.009105
v -0.025868 -0.111030 -0.025628
v -0.069413 -0.102039 -0.012200
v -0.061163 -0.094646 -0.029118
v -0.086478 -0.065540 -0.035306
v -0.090450 -0.081462 -0.016578
v -0.090450 -0.081462 -0.016578
v -0.086478 -0.065540 -0.035306
v -0.099591 -0.029545 -0.042969
v -0.105326 -0.056260 -0.021941
v -0.105326 -0.056260 -0.021941
v -0.099591 -0.029545 -0.042969
v -0.113027 0.000949 -0.034113
v -0.113027 -0.028151 -0.027921
v -0.096450 0.008546 -0.051069
v -0.105326 0.029058 -0.040093
v -0.113027 0.000949 -0.034113
v -0.099591 -0.029545 -0.042969
v -0.086478 0.032093 -0.056079
v -0.090450 0.054260 -0.045456
v -0.105326 0.029058 -0.040093
v -0.096450 0.008546 -0.051069
v -0.025868 0.077583 -0.065758
v -0.014909 0.096919 -0.054532
v -0.043647 0.089387 -0.052930
v -0.049942 0.067829 -0.063683
v -0.070615 0.052314 -0.060382
v -0.069413 0.074837 -0.049834
v -0.090450 0.054260 -0.045456
v -0.086478 0.032093 -0.056079
v 0.091557 0.301610 -0.293873
v 0.064448 0.300109 0.010759
v 0.093199 0.292574 0.012362
v 0.154569 0.266349 0.017797
v 0.176640 0.267766 -0.286476
v 0.241678 0.220649 -0.276214
v 0.176640 0.267766 -0.286476
v 0.154569 0.266349 0.017797
v 0.217228 0.218702 0.028258
v 0.262726 0.200063 -0.271834
v 0.356681 -0.021799 -0.224629
v 0.345589 0.053139 -0.241007
v 0.298115 0.071558 0.059386
v 0.305379 0.007584 0.073174
v 0.356681 -0.050914 -0.218435
v 0.316332 -0.198202 -0.187097
v 0.345298 -0.126914 -0.202518
v 0.290411 -0.082702 0.092208
v 0.263630 -0.142757 0.104841
v 0.301449 -0.223415 -0.181732
v -0.340740 -0.140721 -0.199326
v -0.310172 -0.210472 -0.184919
v -0.271332 -0.127908 0.101827
v -0.295287 -0.067883 0.089232
v -0.348444 -0.112599 -0.205310
v -0.155117 0.266053 0.018009
v -0.191279 0.258525 -0.284273
v -0.241744 0.220649 -0.276214
v -0.262792 0.200063 -0.271834
v -0.216671 0.219091 0.028173
v -0.058787 -0.207493 0.148752
v -0.025196 -0.112238 0.440437
v -0.075008 -0.098882 0.437950
v -0.103939 -0.190512 0.145287
v -0.154680 -0.157218 0.138203
v -0.129709 -0.175960 0.142191
v -0.103939 -0.190512 0.145287
v -0.075008 -0.098882 0.437950
v -0.119488 -0.074204 0.432212
v -0.025609 0.268140 0.359617
v -0.000033 0.243880 0.053205
v -0.046118 0.239074 0.053885
v -0.074859 0.231542 0.055488
v -0.073966 0.255748 0.362381
v 0.167650 -0.145730 0.135763
v 0.155404 -0.038494 0.425102
v 0.119056 -0.074432 0.432393
v 0.119505 -0.182715 0.143632
v 0.119505 -0.182715 0.143632
v 0.119056 -0.074432 0.432393
v 0.073230 -0.099764 0.437894
v 0.074794 -0.202293 0.147793
v -0.194242 0.104543 0.394315
v -0.226048 0.075869 0.088462
v -0.233615 0.029176 0.098545
v -0.233615 0.000072 0.104737
v -0.194658 0.054937 0.404979
v 0.025545 -0.111909 0.440478
v -0.001051 -0.214545 0.150579
v 0.046052 -0.209826 0.149396
v 0.074794 -0.202293 0.147793
v 0.073230 -0.099764 0.437894
v 0.247130 0.154099 0.056743
v 0.202760 0.209878 0.044875
v 0.179686 0.183632 0.050460
v 0.219103 0.132272 0.061387
v 0.175656 0.165886 0.069457
v 0.155858 0.194245 0.375465
v 0.181258 0.151514 0.384187
v 0.216039 0.103335 0.082963
v 0.194817 0.141461 0.074654
v -0.194882 -0.112213 0.128627
v -0.175721 -0.136638 0.133824
v -0.154680 -0.157218 0.138203
v -0.119488 -0.074204 0.432212
v -0.156292 -0.037677 0.424812
v -0.181893 0.006457 0.415294
v -0.226120 -0.045624 0.114639
v -0.209760 -0.087008 0.123265
v -0.194882 -0.112213 0.128627
v -0.156292 -0.037677 0.424812
v 0.074794 0.231542 0.055488
v 0.074279 0.255473 0.362438
v 0.119404 0.230360 0.367655
v 0.116253 0.213657 0.059472
v 0.301449 0.150702 -0.261332
v 0.262726 0.200063 -0.271834
v 0.217228 0.218702 0.028258
v 0.264943 0.157073 0.041368
v 0.316332 0.125489 -0.255967
v 0.290411 0.099680 0.053403
v 0.298115 0.071558 0.059386
v 0.345589 0.053139 -0.241007
v 0.316332 0.125489 -0.255967
v 0.264943 0.157073 0.041368
v 0.290411 -0.082702 0.092208
v 0.345298 -0.126914 -0.202518
v 0.356681 -0.050914 -0.218435
v 0.305379 0.007584 0.073174
v 0.298115 -0.054580 0.086224
v 0.191213 -0.331238 -0.158791
v 0.254175 -0.282429 -0.169260
v 0.215274 -0.203646 0.117994
v 0.151295 -0.251136 0.128224
v 0.165435 -0.345795 -0.155694
v 0.254175 -0.282429 -0.169260
v 0.301449 -0.223415 -0.181732
v 0.263630 -0.142757 0.104841
v 0.215274 -0.203646 0.117994
v 0.106667 -0.369604 -0.150628
v 0.165435 -0.345795 -0.155694
v 0.151295 -0.251136 0.128224
v 0.077085 -0.280822 0.134217
v 0.077916 -0.377140 -0.149025
v -0.165501 -0.345795 -0.155694
v -0.090199 -0.374936 -0.149730
v -0.081125 -0.279780 0.133996
v -0.154275 -0.249490 0.127874
v -0.191279 -0.331238 -0.158791
v 0.001838 -0.386178 -0.147186
v 0.077916 -0.377140 -0.149025
v 0.077085 -0.280822 0.134217
v -0.001715 -0.290355 0.136568
v -0.090199 -0.374936 -0.149730
v 0.001838 -0.386178 -0.147186
v -0.001715 -0.290355 0.136568
v -0.081125 -0.279780 0.133996
v -0.241744 -0.293362 -0.166849
v -0.191279 -0.331238 -0.158791
v -0.154275 -0.249490 0.127874
v -0.216020 -0.202769 0.117759
v -0.262792 -0.272776 -0.171229
v -0.271332 -0.127908 0.101827
v -0.310172 -0.210472 -0.184919
v -0.262792 -0.272776 -0.171229
v -0.216020 -0.202769 0.117759
v -0.256449 -0.153121 0.107191
v -0.356747 -0.050914 -0.218434
v -0.348444 -0.112599 -0.205310
v -0.295287 -0.067883 0.089232
v -0.305645 0.007402 0.073090
v -0.356747 -0.021800 -0.224629
v -0.154852 0.195796 0.375137
v -0.175721 0.165886 0.069457
v -0.194882 0.141461 0.074654
v -0.209760 0.116256 0.080017
v -0.180894 0.152194 0.384320
v -0.298180 0.071558 0.059387
v -0.345654 0.053139 -0.241006
v -0.356747 -0.021800 -0.224629
v -0.305645 0.007402 0.073090
v -0.345654 0.053139 -0.241006
v -0.298180 0.071558 0.059387
v -0.290477 0.099680 0.053404
v -0.263695 0.159676 0.040494
v -0.316398 0.125489 -0.255967
v -0.093265 0.292574 0.012362
v -0.092582 0.301359 -0.293982
v -0.165501 0.273082 -0.287370
v -0.191279 0.258525 -0.284273
v -0.155117 0.266053 0.018009
v -0.014916 0.312548 -0.295767
v -0.092582 0.301359 -0.293982
v -0.093265 0.292574 0.012362
v -0.064513 0.300109 0.010759
v -0.000033 0.307246 0.009575
v -0.277874 0.081655 0.072157
v -0.286964 0.008929 0.087631
v -0.251395 0.011526 0.087079
v -0.243157 0.075245 0.073521
v 0.074282 -0.259749 0.144796
v 0.065025 -0.225956 0.137607
v 0.002626 -0.234470 0.139418
v -0.000033 -0.268987 0.146762
v 0.276435 0.086671 0.071089
v 0.247130 0.154099 0.056743
v 0.219103 0.132272 0.061387
v 0.243587 0.072682 0.074066
v -0.248695 0.151948 0.057201
v -0.277874 0.081655 0.072157
v -0.243157 0.075245 0.073521
v -0.216510 0.136775 0.060430
v -0.000033 -0.268987 0.146762
v 0.002626 -0.234470 0.139418
v -0.065177 -0.226276 0.137675
v -0.074347 -0.259749 0.144796
v 0.286898 0.014122 0.086525
v 0.276435 0.086671 0.071089
v 0.243587 0.072682 0.074066
v 0.251469 0.008925 0.087632
v -0.201046 0.211811 0.044464
v -0.248695 0.151948 0.057201
v -0.216510 0.136775 0.060430
v -0.175992 0.187309 0.049678
v -0.074347 -0.259749 0.144796
v -0.065177 -0.226276 0.137675
v -0.125714 -0.201394 0.132381
v -0.143428 -0.231405 0.138766
v 0.277808 -0.058604 0.101999
v 0.286898 0.014122 0.086525
v 0.251469 0.008925 0.087632
v 0.242211 -0.054655 0.101159
v -0.201046 0.211811 0.044464
v -0.175992 0.187309 0.049678
v -0.123482 0.225864 0.041474
v -0.141199 0.255873 0.035089
v -0.143428 -0.231405 0.138766
v -0.125714 -0.201394 0.132381
v -0.175992 -0.164258 0.124479
v -0.203064 -0.187061 0.129331
v 0.248630 -0.128896 0.116955
v 0.277808 -0.058604 0.101999
v 0.242211 -0.054655 0.101159
v 0.216445 -0.113724 0.113727
v -0.141199 0.255873 0.035089
v -0.123482 0.225864 0.041474
v -0.062558 0.249812 0.036379
v -0.071732 0.283284 0.029257
v 0.071666 0.283284 0.029257
v -0.000033 0.292039 0.027394
v -0.000033 0.257385 0.034768
v 0.065112 0.249327 0.036482
v -0.248402 -0.128731 0.116920
v -0.203064 -0.187061 0.129331
v -0.175992 -0.164258 0.124479
v -0.218012 -0.111569 0.113269
v 0.248630 -0.128896 0.116955
v 0.216445 -0.113724 0.113727
v 0.175926 -0.164258 0.124479
v 0.200981 -0.188759 0.129692
v -0.071732 0.283284 0.029257
v -0.062558 0.249812 0.036379
v -0.000033 0.257385 0.034768
v -0.000033 0.292039 0.027394
v 0.071666 0.283284 0.029257
v 0.065112 0.249327 0.036482
v 0.128021 0.223264 0.042028
v 0.143532 0.254744 0.035329
v -0.276500 -0.063620 0.103067
v -0.248402 -0.128731 0.116920
v -0.218012 -0.111569 0.113269
v -0.243653 -0.049630 0.100091
v 0.200981 -0.188759 0.129692
v 0.175926 -0.164258 0.124479
v 0.123416 -0.202813 0.132682
v 0.143364 -0.231405 0.138766
v 0.143532 0.254744 0.035329
v 0.128021 0.223264 0.042028
v 0.179686 0.183632 0.050460
v 0.202760 0.209878 0.044875
v -0.286964 0.008929 0.087631
v -0.276500 -0.063620 0.103067
v -0.243653 -0.049630 0.100091
v -0.251395 0.011526 0.087079
v 0.143364 -0.231405 0.138766
v 0.123416 -0.202813 0.132682
v 0.065025 -0.225956 0.137607
v 0.074282 -0.259749 0.144796
v 0.016715 0.206461 0.387952
v 0.014844 0.188609 0.376411
v 0.043582 0.181078 0.378013
v 0.048251 0.198347 0.389679
v 0.219103 0.132272 0.061387
v 0.194817 0.141461 0.074654
v 0.216039 0.103335 0.082963
v 0.229442 0.059700 0.092050
v 0.243587 0.072682 0.074066
v 0.221740 -0.058564 0.117212
v 0.242211 -0.054655 0.101159
v 0.251469 0.008925 0.087632
v 0.233550 0.000072 0.104737
v 0.229442 -0.030452 0.111231
v -0.194882 -0.112213 0.128627
v -0.209760 -0.087008 0.123265
v -0.226120 -0.045624 0.114639
v -0.243653 -0.049630 0.100091
v -0.218012 -0.111569 0.113269
v -0.233615 0.000072 0.104737
v -0.233615 0.029176 0.098545
v -0.251395 0.011526 0.087079
v -0.243653 -0.049630 0.100091
v -0.226120 -0.045624 0.114639
v -0.209760 0.116256 0.080017
v -0.194882 0.141461 0.074654
v -0.216510 0.136775 0.060430
v -0.243157 0.075245 0.073521
v -0.226048 0.075869 0.088462
v -0.175721 0.165886 0.069457
v -0.154681 0.186466 0.065079
v -0.175992 0.187309 0.049678
v -0.216510 0.136775 0.060430
v -0.194882 0.141461 0.074654
v -0.071732 0.283284 0.029257
v -0.064513 0.300109 0.010759
v -0.093265 0.292574 0.012362
v -0.155117 0.266053 0.018009
v -0.141199 0.255873 0.035089
v -0.271332 -0.127908 0.101827
v -0.256449 -0.153121 0.107191
v -0.248402 -0.128731 0.116920
v -0.276500 -0.063620 0.103067
v -0.295287 -0.067883 0.089232
v -0.014908 0.188609 0.376411
v 0.014844 0.188609 0.376411
v 0.016715 0.206461 0.387952
v -0.017673 0.206244 0.387998
v 0.077332 0.182303 0.393092
v 0.048251 0.198347 0.389679
v 0.043582 0.181078 0.378013
v 0.069348 0.166527 0.381109
v 0.101288 0.159510 0.397941
v 0.077332 0.182303 0.393092
v 0.069348 0.166527 0.381109
v 0.090385 0.145950 0.385487
v 0.101288 0.159510 0.397941
v 0.090385 0.145950 0.385487
v 0.105261 0.120749 0.390849
v 0.119211 0.129523 0.404322
v 0.127973 0.097695 0.411094
v 0.119211 0.129523 0.404322
v 0.105261 0.120749 0.390849
v 0.112962 0.092640 0.396830
v 0.127973 0.097695 0.411094
v 0.112962 0.092640 0.396830
v 0.112962 0.063539 0.403022
v 0.128261 0.066487 0.417733
v 0.128261 0.066487 0.417733
v 0.112962 0.063539 0.403022
v 0.105261 0.035430 0.409002
v 0.119638 0.033653 0.424720
v 0.119638 0.033653 0.424720
v 0.105261 0.035430 0.409002
v 0.090385 0.010228 0.414364
v 0.103273 0.005446 0.430721
v 0.078812 -0.018760 0.435872
v 0.103273 0.005446 0.430721
v 0.090385 0.010228 0.414364
v 0.069348 -0.010349 0.418742
v 0.049671 -0.035313 0.439394
v 0.078812 -0.018760 0.435872
v 0.069348 -0.010349 0.418742
v 0.043582 -0.024899 0.421838
v 0.016820 -0.043991 0.441240
v 0.049671 -0.035313 0.439394
v 0.043582 -0.024899 0.421838
v 0.014844 -0.032431 0.423441
v 0.016820 -0.043991 0.441240
v 0.014844 -0.032431 0.423441
v -0.014908 -0.032431 0.423441
v -0.016620 -0.044026 0.441248
v -0.048329 -0.035908 0.439520
v -0.016620 -0.044026 0.441248
v -0.014908 -0.032431 0.423441
v -0.043646 -0.024899 0.421839
v -0.078629 -0.018976 0.435918
v -0.048329 -0.035908 0.439520
v -0.043646 -0.024899 0.421839
v -0.069412 -0.010349 0.418743
v -0.078629 -0.018976 0.435918
v -0.069412 -0.010349 0.418743
v -0.090450 0.010228 0.414365
v -0.101436 0.003037 0.431234
v -0.119315 0.032885 0.424884
v -0.101436 0.003037 0.431234
v -0.090450 0.010228 0.414365
v -0.105326 0.035430 0.409003
v -0.119315 0.032885 0.424884
v -0.105326 0.035430 0.409003
v -0.113026 0.063539 0.403022
v -0.127997 0.064734 0.418107
v -0.128079 0.097026 0.411236
v -0.127997 0.064734 0.418107
v -0.113026 0.063539 0.403022
v -0.113026 0.092640 0.396830
v -0.119502 0.128984 0.404437
v -0.128079 0.097026 0.411236
v -0.113026 0.092640 0.396830
v -0.105326 0.120748 0.390849
v -0.102643 0.157818 0.398302
v -0.119502 0.128984 0.404437
v -0.105326 0.120748 0.390849
v -0.090450 0.145950 0.385488
v -0.078876 0.181184 0.393331
v -0.102643 0.157818 0.398302
v -0.090450 0.145950 0.385488
v -0.069412 0.166527 0.381109
v -0.050832 0.197298 0.389901
v -0.078876 0.181184 0.393331
v -0.069412 0.166527 0.381109
v -0.043647 0.181077 0.378013
v -0.050832 0.197298 0.389901
v -0.043647 0.181077 0.378013
v -0.014908 0.188609 0.376411
v -0.017673 0.206244 0.387998
v 0.074279 0.255473 0.362438
v 0.025131 0.268423 0.359445
v 0.024821 0.254648 0.377702
v 0.069867 0.242445 0.380299
v -0.023417 0.254946 0.377640
v 0.024821 0.254648 0.377702
v 0.025131 0.268423 0.359445
v -0.025609 0.268140 0.359617
v 0.119404 0.230360 0.367655
v 0.074279 0.255473 0.362438
v 0.069867 0.242445 0.380299
v 0.108916 0.220088 0.385056
v 0.119404 0.230360 0.367655
v 0.108916 0.220088 0.385056
v 0.141102 0.188982 0.391674
v 0.155858 0.194245 0.375465
v 0.155858 0.194245 0.375465
v 0.141102 0.188982 0.391674
v 0.165486 0.148271 0.400336
v 0.181258 0.151514 0.384187
v 0.194463 0.102424 0.394909
v 0.181258 0.151514 0.384187
v 0.165486 0.148271 0.400336
v 0.177675 0.102620 0.410049
v 0.194189 0.051964 0.405739
v 0.194463 0.102424 0.394909
v 0.177675 0.102620 0.410049
v 0.177404 0.058364 0.419465
v 0.194189 0.051964 0.405739
v 0.177404 0.058364 0.419465
v 0.165485 0.014153 0.428872
v 0.180560 0.003379 0.415839
v 0.155404 -0.038494 0.425102
v 0.180560 0.003379 0.415839
v 0.165485 0.014153 0.428872
v 0.141952 -0.025350 0.437276
v 0.155404 -0.038494 0.425102
v 0.141952 -0.025350 0.437276
v 0.110151 -0.056832 0.443975
v 0.119056 -0.074432 0.432393
v 0.119056 -0.074432 0.432393
v 0.110151 -0.056832 0.443975
v 0.069867 -0.080021 0.448910
v 0.073230 -0.099764 0.437894
v 0.073230 -0.099764 0.437894
v 0.069867 -0.080021 0.448910
v 0.023352 -0.092521 0.451569
v 0.025545 -0.111909 0.440478
v -0.025196 -0.112238 0.440437
v 0.025545 -0.111909 0.440478
v 0.023352 -0.092521 0.451569
v -0.024886 -0.092223 0.451505
v -0.075008 -0.098882 0.437950
v -0.025196 -0.112238 0.440437
v -0.024886 -0.092223 0.451505
v -0.068520 -0.080512 0.449013
v -0.075008 -0.098882 0.437950
v -0.068520 -0.080512 0.449013
v -0.109095 -0.057808 0.444184
v -0.119488 -0.074204 0.432212
v -0.156292 -0.037677 0.424812
v -0.119488 -0.074204 0.432212
v -0.109095 -0.057808 0.444184
v -0.142017 -0.025350 0.437276
v -0.156292 -0.037677 0.424812
v -0.142017 -0.025350 0.437276
v -0.164874 0.012843 0.429151
v -0.181893 0.006457 0.415294
v -0.181893 0.006457 0.415294
v -0.164874 0.012843 0.429151
v -0.177349 0.056902 0.419777
v -0.194658 0.054937 0.404979
v -0.194658 0.054937 0.404979
v -0.177349 0.056902 0.419777
v -0.177655 0.104085 0.409738
v -0.194242 0.104543 0.394315
v -0.180894 0.152194 0.384320
v -0.194242 0.104543 0.394315
v -0.177655 0.104085 0.409738
v -0.164875 0.149582 0.400058
v -0.154852 0.195796 0.375137
v -0.180894 0.152194 0.384320
v -0.164875 0.149582 0.400058
v -0.142017 0.187775 0.391931
v -0.154852 0.195796 0.375137
v -0.142017 0.187775 0.391931
v -0.109095 0.220234 0.385026
v -0.118237 0.231116 0.367384
v -0.073966 0.255748 0.362381
v -0.118237 0.231116 0.367384
v -0.109095 0.220234 0.385026
v -0.068520 0.242936 0.380194
v -0.073966 0.255748 0.362381
v -0.068520 0.242936 0.380194
v -0.023417 0.254946 0.377640
v -0.025609 0.268140 0.359617
v 0.143532 0.254744 0.035329
v 0.154569 0.266349 0.017797
v 0.093199 0.292574 0.012362
v 0.071666 0.283284 0.029257
v 0.143532 0.254744 0.035329
v 0.202760 0.209878 0.044875
v 0.217228 0.218702 0.028258
v 0.154569 0.266349 0.017797
v 0.247130 0.154099 0.056743
v 0.264943 0.157073 0.041368
v 0.217228 0.218702 0.028258
v 0.202760 0.209878 0.044875
v 0.286898 0.014122 0.086525
v 0.305379 0.007584 0.073174
v 0.298115 0.071558 0.059386
v 0.276435 0.086671 0.071089
v 0.277808 -0.058604 0.101999
v 0.298115 -0.054580 0.086224
v 0.305379 0.007584 0.073174
v 0.286898 0.014122 0.086525
v 0.248630 -0.128896 0.116955
v 0.200981 -0.188759 0.129692
v 0.215274 -0.203646 0.117994
v 0.263630 -0.142757 0.104841
v 0.200981 -0.188759 0.129692
v 0.143364 -0.231405 0.138766
v 0.151295 -0.251136 0.128224
v 0.215274 -0.203646 0.117994
v 0.074282 -0.259749 0.144796
v 0.077085 -0.280822 0.134217
v 0.151295 -0.251136 0.128224
v 0.143364 -0.231405 0.138766
v 0.074282 -0.259749 0.144796
v -0.000033 -0.268987 0.146762
v -0.001715 -0.290355 0.136568
v 0.077085 -0.280822 0.134217
v -0.074347 -0.259749 0.144796
v -0.081125 -0.279780 0.133996
v -0.001715 -0.290355 0.136568
v -0.000033 -0.268987 0.146762
v -0.074347 -0.259749 0.144796
v -0.143428 -0.231405 0.138766
v -0.154275 -0.249490 0.127874
v -0.081125 -0.279780 0.133996
v -0.203064 -0.187061 0.129331
v -0.216020 -0.202769 0.117759
v -0.154275 -0.249490 0.127874
v -0.143428 -0.231405 0.138766
v -0.203064 -0.187061 0.129331
v -0.248402 -0.128731 0.116920
v -0.256449 -0.153121 0.107191
v -0.216020 -0.202769 0.117759
v -0.286964 0.008929 0.087631
v -0.305645 0.007402 0.073090
v -0.295287 -0.067883 0.089232
v -0.276500 -0.063620 0.103067
v -0.248695 0.151948 0.057201
v -0.263695 0.159676 0.040494
v -0.290477 0.099680 0.053404
v -0.277874 0.081655 0.072157
v -0.248695 0.151948 0.057201
v -0.201046 0.211811 0.044464
v -0.216671 0.219091 0.028173
v -0.263695 0.159676 0.040494
v -0.201046 0.211811 0.044464
v -0.141199 0.255873 0.035089
v -0.155117 0.266053 0.018009
v -0.216671 0.219091 0.028173
v -0.071732 0.283284 0.029257
v -0.000033 0.292039 0.027394
v -0.000033 0.307246 0.009575
v -0.064513 0.300109 0.010759
v 0.116253 0.213657 0.059472
v 0.128021 0.223264 0.042028
v 0.065112 0.249327 0.036482
v 0.074794 0.231542 0.055488
v 0.154615 0.186466 0.065078
v 0.179686 0.183632 0.050460
v 0.128021 0.223264 0.042028
v 0.116253 0.213657 0.059472
v 0.203418 -0.099079 0.126012
v 0.216445 -0.113724 0.113727
v 0.242211 -0.054655 0.101159
v 0.221740 -0.058564 0.117212
v 0.167650 -0.145730 0.135763
v 0.175926 -0.164258 0.124479
v 0.216445 -0.113724 0.113727
v 0.203418 -0.099079 0.126012
v 0.119505 -0.182715 0.143632
v 0.123416 -0.202813 0.132682
v 0.175926 -0.164258 0.124479
v 0.167650 -0.145730 0.135763
v 0.074794 -0.202293 0.147793
v 0.065025 -0.225956 0.137607
v 0.123416 -0.202813 0.132682
v 0.119505 -0.182715 0.143632
v -0.001051 -0.214545 0.150579
v -0.058787 -0.207493 0.148752
v -0.065177 -0.226276 0.137675
v 0.002626 -0.234470 0.139418
v -0.103939 -0.190512 0.145287
v -0.125714 -0.201394 0.132381
v -0.065177 -0.226276 0.137675
v -0.058787 -0.207493 0.148752
v -0.233615 0.029176 0.098545
v -0.226048 0.075869 0.088462
v -0.243157 0.075245 0.073521
v -0.251395 0.011526 0.087079
v -0.118083 0.212660 0.059685
v -0.123482 0.225864 0.041474
v -0.175992 0.187309 0.049678
v -0.154681 0.186466 0.065079
v -0.000033 0.243880 0.053205
v -0.000033 0.257385 0.034768
v -0.062558 0.249812 0.036379
v -0.046118 0.239074 0.053885
v 0.025131 0.268423 0.359445
v 0.074279 0.255473 0.362438
v 0.074794 0.231542 0.055488
v 0.046052 0.239074 0.053885
v 0.024821 0.254648 0.377702
v -0.023417 0.254946 0.377640
v -0.017673 0.206244 0.387998
v 0.016715 0.206461 0.387952
v 0.024821 0.254648 0.377702
v 0.016715 0.206461 0.387952
v 0.048251 0.198347 0.389679
v 0.069867 0.242445 0.380299
v 0.048251 0.198347 0.389679
v 0.077332 0.182303 0.393092
v 0.108916 0.220088 0.385056
v 0.069867 0.242445 0.380299
v 0.077332 0.182303 0.393092
v 0.101288 0.159510 0.397941
v 0.141102 0.188982 0.391674
v 0.108916 0.220088 0.385056
v 0.101288 0.159510 0.397941
v 0.119211 0.129523 0.404322
v 0.165486 0.148271 0.400336
v 0.141102 0.188982 0.391674
v 0.165486 0.148271 0.400336
v 0.119211 0.129523 0.404322
v 0.127973 0.097695 0.411094
v 0.177675 0.102620 0.410049
v 0.177675 0.102620 0.410049
v 0.127973 0.097695 0.411094
v 0.128261 0.066487 0.417733
v 0.177404 0.058364 0.419465
v 0.177404 0.058364 0.419465
v 0.128261 0.066487 0.417733
v 0.119638 0.033653 0.424720
v 0.165485 0.014153 0.428872
v 0.165485 0.014153 0.428872
v 0.119638 0.033653 0.424720
v 0.103273 0.005446 0.430721
v 0.141952 -0.025350 0.437276
v 0.141952 -0.025350 0.437276
v 0.103273 0.005446 0.430721
v 0.078812 -0.018760 0.435872
v 0.110151 -0.056832 0.443975
v 0.110151 -0.056832 0.443975
v 0.078812 -0.018760 0.435872
v 0.049671 -0.035313 0.439394
v 0.069867 -0.080021 0.448910
v 0.049671 -0.035313 0.439394
v 0.016820 -0.043991 0.441240
v 0.023352 -0.092521 0.451569
v 0.069867 -0.080021 0.448910
v 0.016820 -0.043991 0.441240
v -0.016620 -0.044026 0.441248
v -0.024886 -0.092223 0.451505
v 0.023352 -0.092521 0.451569
v -0.016620 -0.044026 0.441248
v -0.048329 -0.035908 0.439520
v -0.068520 -0.080512 0.449013
v -0.024886 -0.092223 0.451505
v -0.068520 -0.080512 0.449013
v -0.048329 -0.035908 0.439520
v -0.078629 -0.018976 0.435918
v -0.109095 -0.057808 0.444184
v -0.078629 -0.018976 0.435918
v -0.101436 0.003037 0.431234
v -0.142017 -0.025350 0.437276
v -0.109095 -0.057808 0.444184
v -0.142017 -0.025350 0.437276
v -0.101436 0.003037 0.431234
v -0.119315 0.032885 0.424884
v -0.164874 0.012843 0.429151
v -0.119315 0.032885 0.424884
v -0.127997 0.064734 0.418107
v -0.177349 0.056902 0.419777
v -0.164874 0.012843 0.429151
v -0.127997 0.064734 0.418107
v -0.128079 0.097026 0.411236
v -0.177655 0.104085 0.409738
v -0.177349 0.056902 0.419777
v -0.177655 0.104085 0.409738
v -0.128079 0.097026 0.411236
v -0.119502 0.128984 0.404437
v -0.164875 0.149582 0.400058
v -0.119502 0.128984 0.404437
v -0.102643 0.157818 0.398302
v -0.142017 0.187775 0.391931
v -0.164875 0.149582 0.400058
v -0.102643 0.157818 0.398302
v -0.078876 0.181184 0.393331
v -0.109095 0.220234 0.385026
v -0.142017 0.187775 0.391931
v -0.078876 0.181184 0.393331
v -0.050832 0.197298 0.389901
v -0.068520 0.242936 0.380194
v -0.109095 0.220234 0.385026
v -0.050832 0.197298 0.389901
v -0.017673 0.206244 0.387998
v -0.023417 0.254946 0.377640
v -0.068520 0.242936 0.380194
v 0.014843 -0.124121 -0.007502
v 0.014844 -0.032431 0.423441
v 0.043582 -0.024899 0.421838
v 0.043581 -0.116589 -0.009105
v 0.014844 -0.032431 0.423441
v 0.014843 -0.124121 -0.007502
v -0.014909 -0.124121 -0.007502
v -0.014908 -0.032431 0.423441
v 0.105261 0.120749 0.390849
v 0.090385 0.145950 0.385487
v 0.090385 0.054260 -0.045456
v 0.105261 0.029058 -0.040094
v 0.105261 0.029058 -0.040094
v 0.112961 0.000949 -0.034113
v 0.112962 0.092640 0.396830
v 0.105261 0.120749 0.390849
v -0.105326 0.120748 0.390849
v -0.113026 0.092640 0.396830
v -0.113027 0.000949 -0.034113
v -0.105326 0.029058 -0.040093
v -0.105326 0.029058 -0.040093
v -0.090450 0.054260 -0.045456
v -0.090450 0.145950 0.385488
v -0.105326 0.120748 0.390849
v -0.014908 -0.032431 0.423441
v -0.014909 -0.124121 -0.007502
v -0.043647 -0.116589 -0.009105
v -0.043646 -0.024899 0.421839
v 0.112961 0.000949 -0.034113
v 0.112961 -0.028151 -0.027921
v 0.112962 0.063539 0.403022
v 0.112962 0.092640 0.396830
v -0.090450 0.054260 -0.045456
v -0.069413 0.074837 -0.049834
v -0.069412 0.166527 0.381109
v -0.090450 0.145950 0.385488
v -0.043646 -0.024899 0.421839
v -0.043647 -0.116589 -0.009105
v -0.069413 -0.102039 -0.012200
v -0.069412 -0.010349 0.418743
v 0.112961 -0.028151 -0.027921
v 0.105261 -0.056260 -0.021941
v 0.105261 0.035430 0.409002
v 0.112962 0.063539 0.403022
v -0.069412 0.166527 0.381109
v -0.069413 0.074837 -0.049834
v -0.043647 0.089387 -0.052930
v -0.043647 0.181077 0.378013
v -0.069412 -0.010349 0.418743
v -0.069413 -0.102039 -0.012200
v -0.090450 -0.081462 -0.016578
v -0.090450 0.010228 0.414365
v 0.105261 -0.056260 -0.021941
v 0.090385 -0.081462 -0.016579
v 0.090385 0.010228 0.414364
v 0.105261 0.035430 0.409002
v -0.043647 0.181077 0.378013
v -0.043647 0.089387 -0.052930
v -0.014909 0.096919 -0.054532
v -0.014908 0.188609 0.376411
v 0.014844 0.188609 0.376411
v -0.014908 0.188609 0.376411
v -0.014909 0.096919 -0.054532
v 0.014843 0.096919 -0.054532
v 0.014843 0.096919 -0.054532
v 0.043581 0.089387 -0.052930
v 0.043582 0.181078 0.378013
v 0.014844 0.188609 0.376411
v -0.090450 0.010228 0.414365
v -0.090450 -0.081462 -0.016578
v -0.105326 -0.056260 -0.021941
v -0.105326 0.035430 0.409003
v 0.090385 -0.081462 -0.016579
v 0.069347 -0.102039 -0.012200
v 0.069348 -0.010349 0.418742
v 0.090385 0.010228 0.414364
v 0.043581 0.089387 -0.052930
v 0.069347 0.074837 -0.049834
v 0.069348 0.166527 0.381109
v 0.043582 0.181078 0.378013
v -0.105326 -0.056260 -0.021941
v -0.113027 -0.028151 -0.027921
v -0.113026 0.063539 0.403022
v -0.105326 0.035430 0.409003
v 0.069347 -0.102039 -0.012200
v 0.043581 -0.116589 -0.009105
v 0.043582 -0.024899 0.421838
v 0.069348 -0.010349 0.418742
v 0.069348 0.166527 0.381109
v 0.069347 0.074837 -0.049834
v 0.090385 0.054260 -0.045456
v 0.090385 0.145950 0.385487
v -0.113027 -0.028151 -0.027921
v -0.113027 0.000949 -0.034113
v -0.113026 0.092640 0.396830
v -0.113026 0.063539 0.403022
v -0.262792 0.200063 -0.271834
v -0.301515 0.150702 -0.261331
v -0.316398 0.125489 -0.255967
v -0.263695 0.159676 0.040494
v -0.216671 0.219091 0.028173
v -0.046118 0.239074 0.053885
v -0.062558 0.249812 0.036379
v -0.123482 0.225864 0.041474
v -0.118083 0.212660 0.059685
v -0.074859 0.231542 0.055488
v -0.277874 0.081655 0.072157
v -0.290477 0.099680 0.053404
v -0.298180 0.071558 0.059387
v -0.305645 0.007402 0.073090
v -0.286964 0.008929 0.087631
v 0.112961 -0.028151 -0.027921
v 0.096385 -0.041993 -0.040316
v 0.086413 -0.065540 -0.035306
v 0.105261 -0.056260 -0.021941
v -0.014916 0.312548 -0.295767
v 0.014850 0.312548 -0.295767
v 0.091557 0.301610 -0.293873
v 0.176640 0.267766 -0.286476
v 0.241678 0.220649 -0.276214
v 0.262726 0.200063 -0.271834
v 0.301449 0.150702 -0.261332
v 0.316332 0.125489 -0.255967
v 0.345589 0.053139 -0.241007
v 0.356681 -0.021799 -0.224629
v 0.356681 -0.050914 -0.218435
v 0.345298 -0.126914 -0.202518
v 0.316332 -0.198202 -0.187097
v 0.301449 -0.223415 -0.181732
v 0.254175 -0.282429 -0.169260
v 0.191213 -0.331238 -0.158791
v 0.165435 -0.345795 -0.155694
v 0.106667 -0.369604 -0.150628
v 0.077916 -0.377140 -0.149025
v 0.001838 -0.386178 -0.147186
v -0.090199 -0.374936 -0.149730
v -0.165501 -0.345795 -0.155694
v -0.191279 -0.331238 -0.158791
v -0.241744 -0.293362 -0.166849
v -0.262792 -0.272776 -0.171229
v -0.310172 -0.210472 -0.184919
v -0.340740 -0.140721 -0.199326
v -0.348444 -0.112599 -0.205310
v -0.356747 -0.050914 -0.218434
v -0.356747 -0.021800 -0.224629
v -0.345654 0.053139 -0.241006
v -0.316398 0.125489 -0.255967
v -0.301515 0.150702 -0.261331
v -0.262792 0.200063 -0.271834
v -0.241744 0.220649 -0.276214
v -0.191279 0.258525 -0.284273
v -0.165501 0.273082 -0.287370
v -0.092582 0.301359 -0.293982
v -0.099591 -0.029545 -0.042969
v -0.086478 -0.065540 -0.035306
v -0.061163 -0.094646 -0.029118
v -0.025868 -0.111030 -0.025628
v -0.000033 -0.114357 -0.024920
v 0.025802 -0.111030 -0.025628
v 0.061097 -0.094646 -0.029119
v 0.086413 -0.065540 -0.035306
v 0.096385 -0.041993 -0.040316
v 0.099786 -0.016724 -0.045693
v 0.096385 0.008546 -0.051069
v 0.086413 0.032093 -0.056080
v 0.070550 0.052314 -0.060382
v 0.049877 0.067829 -0.063683
v 0.013091 0.080874 -0.066477
v -0.025868 0.077583 -0.065758
v -0.049942 0.067829 -0.063683
v -0.070615 0.052314 -0.060382
v -0.086478 0.032093 -0.056079
v -0.096450 0.008546 -0.051069
vt 0.373391 0.609760
vt 0.342501 0.588152
vt 0.363458 0.602138
vt 0.398285 0.637094
vt 0.390240 0.626609
vt 0.434633 0.775450
vt 0.433147 0.786739
vt 0.436415 0.761914
vt 0.436415 0.738086
vt 0.434875 0.726388
vt 0.421653 0.822616
vt 0.411848 0.842501
vt 0.426980 0.809756
vt 0.433147 0.786739
vt 0.434633 0.775450
vt 0.411848 0.842501
vt 0.421653 0.822616
vt 0.397862 0.863458
vt 0.383312 0.880319
vt 0.249185 0.936415
vt 0.274327 0.934781
vt 0.226101 0.934837
vt 0.203311 0.930481
vt 0.070148 0.799036
vt 0.077112 0.819634
vt 0.064980 0.772514
vt 0.063585 0.761915
vt 0.078087 0.678011
vt 0.082602 0.667111
vt 0.070354 0.700194
vt 0.065402 0.724285
vt 0.137652 0.601286
vt 0.156086 0.588967
vt 0.126609 0.609760
vt 0.109760 0.626609
vt 0.102828 0.635643
vt 0.156086 0.588967
vt 0.137652 0.601286
vt 0.179724 0.577378
vt 0.190244 0.573020
vt 0.286739 0.566853
vt 0.250000 0.563585
vt 0.225673 0.565219
vt 0.273899 0.565162
vt 0.434875 0.726388
vt 0.436415 0.738086
vt 0.433147 0.713261
vt 0.421863 0.677892
vt 0.422189 0.678677
vt 0.373391 0.609760
vt 0.390240 0.626609
vt 0.405483 0.646474
vt 0.422874 0.652622
vt 0.391780 0.611197
vt 0.436415 0.738086
vt 0.436415 0.761914
vt 0.448402 0.752105
vt 0.442187 0.700683
vt 0.433147 0.713261
vt 0.301350 0.941642
vt 0.309756 0.926980
vt 0.286739 0.933147
vt 0.249185 0.936415
vt 0.252105 0.948402
vt 0.150798 0.921821
vt 0.167111 0.917398
vt 0.146474 0.905483
vt 0.126609 0.890240
vt 0.111197 0.891780
vt -0.000000 0.469267
vt 0.006735 0.470181
vt 0.992248 0.029819
vt 0.966085 0.029819
vt 0.958779 0.470181
vt 0.126609 0.890240
vt 0.109760 0.873391
vt 0.094517 0.853526
vt 0.078178 0.849201
vt 0.111197 0.891780
vt 0.309756 0.573020
vt 0.301350 0.558358
vt 0.250000 0.551597
vt 0.250000 0.563585
vt 0.286739 0.566853
vt 0.468193 0.689360
vt 0.481822 0.687883
vt 0.799419 0.029819
vt 0.832832 0.029819
vt 0.824324 0.000000
vt 0.481822 0.812117
vt 0.483326 0.800694
vt 0.699324 0.000000
vt 0.675676 0.000000
vt 0.665595 0.029819
vt 0.306580 0.530719
vt 0.312117 0.518178
vt 0.966085 0.029819
vt 0.992248 0.029819
vt 0.990991 0.000000
vt 0.264325 0.641189
vt 0.235675 0.641189
vt 0.225121 0.657152
vt 0.262426 0.655512
vt 0.201938 0.666755
vt 0.208000 0.648604
vt 0.183188 0.662929
vt 0.182030 0.682030
vt 0.264325 0.641189
vt 0.262426 0.655512
vt 0.298062 0.666755
vt 0.292000 0.648604
vt 0.292000 0.648604
vt 0.298062 0.666755
vt 0.317970 0.682030
vt 0.316812 0.662929
vt 0.316812 0.662929
vt 0.317970 0.682030
vt 0.333245 0.701938
vt 0.337071 0.683188
vt 0.337071 0.683188
vt 0.333245 0.701938
vt 0.342848 0.725121
vt 0.351396 0.708000
vt 0.351396 0.708000
vt 0.342848 0.725121
vt 0.346124 0.750000
vt 0.358811 0.735675
vt 0.358811 0.735675
vt 0.346124 0.750000
vt 0.342848 0.774879
vt 0.358811 0.764325
vt 0.337071 0.816812
vt 0.308016 0.825607
vt 0.292000 0.851396
vt 0.316812 0.837071
vt 0.351396 0.791999
vt 0.333245 0.798062
vt 0.308016 0.825607
vt 0.337071 0.816812
vt 0.274879 0.842848
vt 0.264325 0.858811
vt 0.292000 0.851396
vt 0.308016 0.825607
vt 0.250000 0.846123
vt 0.235675 0.858811
vt 0.264325 0.858811
vt 0.274879 0.842848
vt 0.225121 0.842848
vt 0.208001 0.851396
vt 0.235675 0.858811
vt 0.250000 0.846123
vt 0.191984 0.825607
vt 0.183188 0.837071
vt 0.208001 0.851396
vt 0.225121 0.842848
vt 0.183188 0.837071
vt 0.191984 0.825607
vt 0.166755 0.798062
vt 0.162929 0.816812
vt 0.162929 0.816812
vt 0.166755 0.798062
vt 0.155514 0.762439
vt 0.148604 0.792000
vt 0.148604 0.792000
vt 0.155514 0.762439
vt 0.141189 0.735675
vt 0.141189 0.764325
vt 0.157152 0.725121
vt 0.148604 0.708001
vt 0.141189 0.735675
vt 0.155514 0.762439
vt 0.166755 0.701938
vt 0.162929 0.683188
vt 0.148604 0.708001
vt 0.157152 0.725121
vt 0.225121 0.657152
vt 0.235675 0.641189
vt 0.208000 0.648604
vt 0.201938 0.666755
vt 0.182030 0.682030
vt 0.183188 0.662929
vt 0.162929 0.683188
vt 0.166755 0.701938
vt 0.958779 0.470181
vt 0.966085 0.029819
vt 0.950581 0.029819
vt 0.915595 0.029819
vt 0.917792 0.470181
vt 0.881735 0.470181
vt 0.917792 0.470181
vt 0.915595 0.029819
vt 0.874123 0.029819
vt 0.868265 0.470181
vt 0.756735 0.470181
vt 0.791221 0.470181
vt 0.783915 0.029819
vt 0.749499 0.029819
vt 0.743265 0.470181
vt 0.673402 0.470181
vt 0.708333 0.470181
vt 0.700581 0.029819
vt 0.665595 0.029819
vt 0.659931 0.470181
vt 0.298402 0.470181
vt 0.332888 0.470181
vt 0.325581 0.029819
vt 0.291166 0.029819
vt 0.284931 0.470181
vt 0.084709 0.029819
vt 0.090068 0.470181
vt 0.118265 0.470181
vt 0.131735 0.470181
vt 0.125500 0.029819
vt 0.203311 0.930481
vt 0.226101 0.934837
vt 0.178678 0.922189
vt 0.167111 0.917398
vt 0.126609 0.890240
vt 0.146474 0.905483
vt 0.167111 0.917398
vt 0.178678 0.922189
vt 0.136542 0.897862
vt 0.225673 0.565219
vt 0.250000 0.563585
vt 0.213261 0.566853
vt 0.190244 0.573020
vt 0.179724 0.577378
vt 0.383312 0.880319
vt 0.397862 0.863458
vt 0.363116 0.898124
vt 0.345041 0.910382
vt 0.345041 0.910382
vt 0.363116 0.898124
vt 0.319634 0.922888
vt 0.309756 0.926980
vt 0.065402 0.724285
vt 0.070354 0.700194
vt 0.063585 0.738086
vt 0.063585 0.761915
vt 0.064980 0.772514
vt 0.274327 0.934781
vt 0.249185 0.936415
vt 0.286739 0.933147
vt 0.309756 0.926980
vt 0.319634 0.922888
vt 0.445063 0.634953
vt 0.405926 0.585673
vt 0.391780 0.611197
vt 0.422874 0.652622
vt 0.390240 0.626609
vt 0.398285 0.637094
vt 0.422189 0.678677
vt 0.421863 0.677892
vt 0.405483 0.646474
vt 0.094517 0.853526
vt 0.109760 0.873391
vt 0.126609 0.890240
vt 0.136542 0.897862
vt 0.101448 0.862559
vt 0.077112 0.819634
vt 0.070148 0.799036
vt 0.082602 0.832889
vt 0.094517 0.853526
vt 0.101448 0.862559
vt 0.309756 0.573020
vt 0.320680 0.577545
vt 0.363458 0.602138
vt 0.342501 0.588152
vt 0.840068 0.470181
vt 0.868265 0.470181
vt 0.874123 0.029819
vt 0.832832 0.029819
vt 0.826598 0.470181
vt 0.799419 0.029819
vt 0.783915 0.029819
vt 0.791221 0.470181
vt 0.826598 0.470181
vt 0.832832 0.029819
vt 0.700581 0.029819
vt 0.708333 0.470181
vt 0.743265 0.470181
vt 0.749499 0.029819
vt 0.716085 0.029819
vt 0.590068 0.470181
vt 0.625846 0.470181
vt 0.624415 0.029819
vt 0.582457 0.029819
vt 0.576598 0.470181
vt 0.625846 0.470181
vt 0.659931 0.470181
vt 0.665595 0.029819
vt 0.624415 0.029819
vt 0.548402 0.470181
vt 0.576598 0.470181
vt 0.582457 0.029819
vt 0.540595 0.029819
vt 0.534931 0.470181
vt 0.423402 0.470181
vt 0.459458 0.470181
vt 0.457262 0.029819
vt 0.415790 0.029819
vt 0.409931 0.470181
vt 0.500846 0.470181
vt 0.534931 0.470181
vt 0.540595 0.029819
vt 0.499123 0.029819
vt 0.459458 0.470181
vt 0.500846 0.470181
vt 0.499123 0.029819
vt 0.457262 0.029819
vt 0.381735 0.470181
vt 0.409931 0.470181
vt 0.415790 0.029819
vt 0.375000 0.029819
vt 0.368265 0.470181
vt 0.325581 0.029819
vt 0.332888 0.470181
vt 0.368265 0.470181
vt 0.375000 0.029819
vt 0.341085 0.029819
vt 0.256735 0.470181
vt 0.284931 0.470181
vt 0.291166 0.029819
vt 0.250584 0.029819
vt 0.243265 0.470181
vt 0.102828 0.635643
vt 0.109760 0.626609
vt 0.094517 0.646474
vt 0.082602 0.667111
vt 0.078087 0.678011
vt 0.216085 0.029819
vt 0.208779 0.470181
vt 0.243265 0.470181
vt 0.250584 0.029819
vt 0.208779 0.470181
vt 0.216085 0.029819
vt 0.200581 0.029819
vt 0.165595 0.029819
vt 0.173402 0.470181
vt 0.049419 0.029819
vt 0.041666 0.470181
vt 0.076598 0.470181
vt 0.090068 0.470181
vt 0.084709 0.029819
vt 0.006735 0.470181
vt 0.041666 0.470181
vt 0.049419 0.029819
vt 0.033914 0.029819
vt 0.003876 0.029362
vt 0.030719 0.693420
vt 0.023547 0.756991
vt 0.051598 0.750000
vt 0.058358 0.698650
vt 0.314348 0.967200
vt 0.301350 0.941642
vt 0.252105 0.948402
vt 0.250000 0.976453
vt 0.468193 0.689360
vt 0.442619 0.630719
vt 0.422874 0.652622
vt 0.442187 0.700683
vt 0.053886 0.636773
vt 0.029454 0.698142
vt 0.058358 0.698650
vt 0.079231 0.648976
vt 0.255940 0.976453
vt 0.252105 0.948402
vt 0.198650 0.941642
vt 0.191390 0.968737
vt 0.476453 0.747898
vt 0.466928 0.684637
vt 0.442187 0.700683
vt 0.448402 0.752105
vt 0.091360 0.588387
vt 0.050916 0.641917
vt 0.079231 0.648976
vt 0.111196 0.608220
vt 0.197127 0.970275
vt 0.198650 0.941642
vt 0.150798 0.921821
vt 0.136773 0.946114
vt 0.469281 0.806581
vt 0.476453 0.743009
vt 0.448402 0.752105
vt 0.441097 0.803384
vt 0.086416 0.593330
vt 0.111196 0.608220
vt 0.152621 0.577126
vt 0.138594 0.552835
vt 0.141918 0.949084
vt 0.150798 0.921821
vt 0.111197 0.891780
vt 0.089874 0.910127
vt 0.446114 0.863227
vt 0.470546 0.801858
vt 0.441097 0.803384
vt 0.420769 0.851024
vt 0.132539 0.556330
vt 0.152621 0.577126
vt 0.200683 0.557813
vt 0.193420 0.530719
vt 0.306580 0.530719
vt 0.250000 0.523547
vt 0.250000 0.551597
vt 0.301350 0.558358
vt 0.053886 0.863227
vt 0.094074 0.914327
vt 0.111197 0.891780
vt 0.078178 0.849201
vt 0.449084 0.858082
vt 0.420769 0.851024
vt 0.388804 0.891780
vt 0.408641 0.911613
vt 0.186667 0.532528
vt 0.200683 0.557813
vt 0.250000 0.551597
vt 0.255940 0.523547
vt 0.301858 0.529453
vt 0.301350 0.558358
vt 0.351024 0.579231
vt 0.363226 0.553885
vt 0.031807 0.810641
vt 0.056856 0.868371
vt 0.078178 0.849201
vt 0.057813 0.799317
vt 0.413584 0.906669
vt 0.388804 0.891780
vt 0.347378 0.922874
vt 0.363227 0.946114
vt 0.358082 0.550916
vt 0.351024 0.579231
vt 0.391780 0.611197
vt 0.410127 0.589873
vt 0.023547 0.752102
vt 0.033072 0.815363
vt 0.057813 0.799317
vt 0.051598 0.750000
vt 0.368371 0.943144
vt 0.347378 0.922874
vt 0.301350 0.941642
vt 0.308611 0.968737
vt 0.266106 0.626850
vt 0.264325 0.641189
vt 0.292000 0.648604
vt 0.296442 0.634805
vt 0.422874 0.652622
vt 0.405483 0.646474
vt 0.421863 0.677892
vt 0.433147 0.713261
vt 0.442187 0.700683
vt 0.426980 0.809756
vt 0.441097 0.803384
vt 0.448402 0.752105
vt 0.436415 0.761914
vt 0.433147 0.786739
vt 0.094517 0.853526
vt 0.082602 0.832889
vt 0.070148 0.799036
vt 0.057813 0.799317
vt 0.078178 0.849201
vt 0.063585 0.761915
vt 0.063585 0.738086
vt 0.051598 0.750000
vt 0.057813 0.799317
vt 0.070148 0.799036
vt 0.082602 0.667111
vt 0.094517 0.646474
vt 0.079231 0.648976
vt 0.058358 0.698650
vt 0.070354 0.700194
vt 0.109760 0.626609
vt 0.126609 0.609760
vt 0.111196 0.608220
vt 0.079231 0.648976
vt 0.094517 0.646474
vt 0.193420 0.530719
vt 0.187883 0.518178
vt 0.049419 0.029819
vt 0.084709 0.029819
vt 0.074324 0.000000
vt 0.042154 0.870000
vt 0.049168 0.879141
vt 0.324324 0.000000
vt 0.300676 0.000000
vt 0.291166 0.029819
vt 0.235675 0.641189
vt 0.264325 0.641189
vt 0.266106 0.626850
vt 0.233021 0.626965
vt 0.324430 0.650563
vt 0.296442 0.634805
vt 0.292000 0.648604
vt 0.316812 0.662929
vt 0.347461 0.672995
vt 0.324430 0.650563
vt 0.316812 0.662929
vt 0.337071 0.683188
vt 0.347461 0.672995
vt 0.337071 0.683188
vt 0.351396 0.708000
vt 0.364745 0.702471
vt 0.373136 0.733789
vt 0.364745 0.702471
vt 0.351396 0.708000
vt 0.358811 0.735675
vt 0.373136 0.733789
vt 0.358811 0.735675
vt 0.358811 0.764325
vt 0.373365 0.764473
vt 0.373365 0.764473
vt 0.358811 0.764325
vt 0.351396 0.791999
vt 0.365067 0.796751
vt 0.365067 0.796751
vt 0.351396 0.791999
vt 0.337071 0.816812
vt 0.349374 0.824512
vt 0.325859 0.848340
vt 0.349374 0.824512
vt 0.337071 0.816812
vt 0.316812 0.837071
vt 0.297822 0.864623
vt 0.325859 0.848340
vt 0.316812 0.837071
vt 0.292000 0.851396
vt 0.266212 0.873136
vt 0.297822 0.864623
vt 0.292000 0.851396
vt 0.264325 0.858811
vt 0.266212 0.873136
vt 0.264325 0.858811
vt 0.235675 0.858811
vt 0.234044 0.873170
vt 0.203542 0.865188
vt 0.234044 0.873170
vt 0.235675 0.858811
vt 0.208001 0.851396
vt 0.174393 0.848534
vt 0.203542 0.865188
vt 0.208001 0.851396
vt 0.183188 0.837071
vt 0.174393 0.848534
vt 0.183188 0.837071
vt 0.162929 0.816812
vt 0.152450 0.826889
vt 0.135255 0.797529
vt 0.152450 0.826889
vt 0.162929 0.816812
vt 0.148604 0.792000
vt 0.135255 0.797529
vt 0.148604 0.792000
vt 0.141189 0.764325
vt 0.126864 0.766211
vt 0.126778 0.734441
vt 0.126864 0.766211
vt 0.141189 0.764325
vt 0.141189 0.735675
vt 0.135036 0.703000
vt 0.126778 0.734441
vt 0.141189 0.735675
vt 0.148604 0.708000
vt 0.151273 0.674644
vt 0.135036 0.703000
vt 0.148604 0.708000
vt 0.162929 0.683188
vt 0.174141 0.651660
vt 0.151273 0.674644
vt 0.162929 0.683188
vt 0.183188 0.662930
vt 0.201124 0.635813
vt 0.174141 0.651660
vt 0.183188 0.662930
vt 0.208000 0.648604
vt 0.201124 0.635813
vt 0.208000 0.648604
vt 0.235675 0.641189
vt 0.233021 0.626965
vt 0.320680 0.577545
vt 0.273899 0.565162
vt 0.273870 0.579732
vt 0.317125 0.591712
vt 0.227559 0.579544
vt 0.273870 0.579732
vt 0.273899 0.565162
vt 0.225673 0.565219
vt 0.363458 0.602138
vt 0.320680 0.577545
vt 0.317125 0.591712
vt 0.354663 0.613601
vt 0.363458 0.602138
vt 0.354663 0.613601
vt 0.385522 0.644194
vt 0.398285 0.637094
vt 0.398285 0.637094
vt 0.385522 0.644194
vt 0.408840 0.684206
vt 0.422189 0.678677
vt 0.434875 0.726388
vt 0.422189 0.678677
vt 0.408840 0.684206
vt 0.420644 0.728988
vt 0.434633 0.775450
vt 0.434875 0.726388
vt 0.420644 0.728988
vt 0.420456 0.772441
vt 0.434633 0.775450
vt 0.420456 0.772441
vt 0.408839 0.815794
vt 0.421653 0.822616
vt 0.397862 0.863458
vt 0.421653 0.822616
vt 0.408839 0.815794
vt 0.386399 0.854662
vt 0.397862 0.863458
vt 0.386399 0.854662
vt 0.355806 0.885521
vt 0.363116 0.898124
vt 0.363116 0.898124
vt 0.355806 0.885521
vt 0.317125 0.908288
vt 0.319634 0.922888
vt 0.319634 0.922888
vt 0.317125 0.908288
vt 0.272441 0.920456
vt 0.274327 0.934781
vt 0.226101 0.934837
vt 0.274327 0.934781
vt 0.272441 0.920456
vt 0.226130 0.920268
vt 0.178678 0.922189
vt 0.226101 0.934837
vt 0.226130 0.920268
vt 0.184207 0.908840
vt 0.178678 0.922189
vt 0.184207 0.908840
vt 0.145337 0.886398
vt 0.136542 0.897862
vt 0.101448 0.862559
vt 0.136542 0.897862
vt 0.145337 0.886398
vt 0.113601 0.854662
vt 0.101448 0.862559
vt 0.113601 0.854662
vt 0.091712 0.817125
vt 0.077112 0.819634
vt 0.077112 0.819634
vt 0.091712 0.817125
vt 0.079732 0.773870
vt 0.064980 0.772514
vt 0.064980 0.772514
vt 0.079732 0.773870
vt 0.079544 0.727559
vt 0.065402 0.724285
vt 0.078087 0.678011
vt 0.065402 0.724285
vt 0.079544 0.727559
vt 0.091712 0.682875
vt 0.102828 0.635643
vt 0.078087 0.678011
vt 0.091712 0.682875
vt 0.113601 0.645338
vt 0.102828 0.635643
vt 0.113601 0.645338
vt 0.145338 0.613601
vt 0.137652 0.601286
vt 0.179724 0.577378
vt 0.137652 0.601286
vt 0.145338 0.613601
vt 0.184206 0.591160
vt 0.179724 0.577378
vt 0.184206 0.591160
vt 0.227559 0.579544
vt 0.225673 0.565219
vt 0.925676 0.000000
vt 0.915595 0.029819
vt 0.950581 0.029819
vt 0.949324 0.000000
vt 0.907658 0.000000
vt 0.884009 0.000000
vt 0.874123 0.029819
vt 0.915595 0.029819
vt 0.842342 0.000000
vt 0.832832 0.029819
vt 0.874123 0.029819
vt 0.865991 0.000000
vt 0.759009 0.000000
vt 0.749499 0.029819
vt 0.783915 0.029819
vt 0.782657 0.000000
vt 0.717342 0.000000
vt 0.716085 0.029819
vt 0.749499 0.029819
vt 0.740991 0.000000
vt 0.657657 0.000000
vt 0.634009 0.000000
vt 0.624415 0.029819
vt 0.665595 0.029819
vt 0.615991 0.000000
vt 0.592342 0.000000
vt 0.582457 0.029819
vt 0.624415 0.029819
vt 0.550676 0.000000
vt 0.540595 0.029819
vt 0.582457 0.029819
vt 0.574324 0.000000
vt 0.532657 0.000000
vt 0.509009 0.000000
vt 0.499123 0.029819
vt 0.540595 0.029819
vt 0.467342 0.000000
vt 0.457262 0.029819
vt 0.499123 0.029819
vt 0.490991 0.000000
vt 0.449324 0.000000
vt 0.425676 0.000000
vt 0.415790 0.029819
vt 0.457262 0.029819
vt 0.384009 0.000000
vt 0.375000 0.029819
vt 0.415790 0.029819
vt 0.407657 0.000000
vt 0.365991 0.000000
vt 0.342342 0.000000
vt 0.341085 0.029819
vt 0.375000 0.029819
vt 0.259009 0.000000
vt 0.250584 0.029819
vt 0.291166 0.029819
vt 0.282657 0.000000
vt 0.175676 0.000000
vt 0.165595 0.029819
vt 0.200581 0.029819
vt 0.199324 0.000000
vt 0.157657 0.000000
vt 0.134009 0.000000
vt 0.125500 0.029819
vt 0.165595 0.029819
vt 0.115991 0.000000
vt 0.092342 0.000000
vt 0.084709 0.029819
vt 0.125500 0.029819
vt 0.032657 0.000000
vt 0.009009 0.000000
vt 0.003876 0.029362
vt 0.033914 0.029819
vt 0.342501 0.588152
vt 0.351024 0.579231
vt 0.301350 0.558358
vt 0.309756 0.573020
vt 0.373391 0.609760
vt 0.391780 0.611197
vt 0.351024 0.579231
vt 0.342501 0.588152
vt 0.411848 0.842501
vt 0.420769 0.851024
vt 0.441097 0.803384
vt 0.426980 0.809756
vt 0.383312 0.880319
vt 0.388804 0.891780
vt 0.420769 0.851024
vt 0.411848 0.842501
vt 0.345041 0.910382
vt 0.347378 0.922874
vt 0.388804 0.891780
vt 0.383312 0.880319
vt 0.309756 0.926980
vt 0.301350 0.941642
vt 0.347378 0.922874
vt 0.345041 0.910382
vt 0.249185 0.936415
vt 0.203311 0.930481
vt 0.198650 0.941642
vt 0.252105 0.948402
vt 0.167111 0.917398
vt 0.150798 0.921821
vt 0.198650 0.941642
vt 0.203311 0.930481
vt 0.063585 0.738086
vt 0.070354 0.700194
vt 0.058358 0.698650
vt 0.051598 0.750000
vt 0.156086 0.588967
vt 0.152621 0.577126
vt 0.111196 0.608220
vt 0.126609 0.609760
vt 0.250000 0.563585
vt 0.250000 0.551597
vt 0.200683 0.557813
vt 0.213261 0.566853
vt 0.273899 0.565162
vt 0.320680 0.577545
vt 0.309756 0.573020
vt 0.286739 0.566853
vt 0.273870 0.579732
vt 0.227559 0.579544
vt 0.233021 0.626965
vt 0.266106 0.626850
vt 0.273870 0.579732
vt 0.266106 0.626850
vt 0.296442 0.634805
vt 0.317125 0.591712
vt 0.296442 0.634805
vt 0.324430 0.650563
vt 0.354663 0.613601
vt 0.317125 0.591712
vt 0.324430 0.650563
vt 0.347461 0.672995
vt 0.385522 0.644194
vt 0.354663 0.613601
vt 0.347461 0.672995
vt 0.364745 0.702471
vt 0.408840 0.684206
vt 0.385522 0.644194
vt 0.408840 0.684206
vt 0.364745 0.702471
vt 0.373136 0.733789
vt 0.420644 0.728988
vt 0.420644 0.728988
vt 0.373136 0.733789
vt 0.373365 0.764473
vt 0.420456 0.772441
vt 0.420456 0.772441
vt 0.373365 0.764473
vt 0.365067 0.796751
vt 0.408839 0.815794
vt 0.408839 0.815794
vt 0.365067 0.796751
vt 0.349374 0.824512
vt 0.386399 0.854662
vt 0.386399 0.854662
vt 0.349374 0.824512
vt 0.325859 0.848340
vt 0.355806 0.885521
vt 0.355806 0.885521
vt 0.325859 0.848340
vt 0.297822 0.864623
vt 0.317125 0.908288
vt 0.297822 0.864623
vt 0.266212 0.873136
vt 0.272441 0.920456
vt 0.317125 0.908288
vt 0.266212 0.873136
vt 0.234044 0.873170
vt 0.226130 0.920268
vt 0.272441 0.920456
vt 0.234044 0.873170
vt 0.203542 0.865188
vt 0.184207 0.908840
vt 0.226130 0.920268
vt 0.184207 0.908840
vt 0.203542 0.865188
vt 0.174393 0.848534
vt 0.145337 0.886398
vt 0.174393 0.848534
vt 0.152450 0.826889
vt 0.113601 0.854662
vt 0.145337 0.886398
vt 0.113601 0.854662
vt 0.152450 0.826889
vt 0.135255 0.797529
vt 0.091712 0.817125
vt 0.135255 0.797529
vt 0.126864 0.766211
vt 0.079732 0.773870
vt 0.091712 0.817125
vt 0.126864 0.766211
vt 0.126778 0.734441
vt 0.079544 0.727559
vt 0.079732 0.773870
vt 0.079544 0.727559
vt 0.126778 0.734441
vt 0.135036 0.703000
vt 0.091712 0.682875
vt 0.135036 0.703000
vt 0.151273 0.674644
vt 0.113601 0.645338
vt 0.091712 0.682875
vt 0.151273 0.674644
vt 0.174141 0.651660
vt 0.145338 0.613601
vt 0.113601 0.645338
vt 0.174141 0.651660
vt 0.201124 0.635813
vt 0.184206 0.591160
vt 0.145338 0.613601
vt 0.201124 0.635813
vt 0.233021 0.626965
vt 0.227559 0.579544
vt 0.184206 0.591160
vt 0.264325 0.858811
vt 0.264325 0.858811
vt 0.292000 0.851396
vt 0.292000 0.851396
vt 0.264325 0.858811
vt 0.264325 0.858811
vt 0.235675 0.858811
vt 0.235675 0.858811
vt 0.351396 0.708000
vt 0.337071 0.683188
vt 0.337071 0.683188
vt 0.351396 0.708000
vt 0.351396 0.708000
vt 0.358811 0.735675
vt 0.358811 0.735675
vt 0.351396 0.708000
vt 0.148604 0.708000
vt 0.141189 0.735675
vt 0.141189 0.735675
vt 0.148604 0.708001
vt 0.148604 0.708001
vt 0.162929 0.683188
vt 0.162929 0.683188
vt 0.148604 0.708000
vt 0.235675 0.858811
vt 0.235675 0.858811
vt 0.208001 0.851396
vt 0.208001 0.851396
vt 0.358811 0.735675
vt 0.358811 0.764325
vt 0.358811 0.764325
vt 0.358811 0.735675
vt 0.162929 0.683188
vt 0.183188 0.662929
vt 0.183188 0.662930
vt 0.162929 0.683188
vt 0.208001 0.851396
vt 0.208001 0.851396
vt 0.183188 0.837071
vt 0.183188 0.837071
vt 0.358811 0.764325
vt 0.351396 0.791999
vt 0.351396 0.791999
vt 0.358811 0.764325
vt 0.183188 0.662930
vt 0.183188 0.662929
vt 0.208000 0.648604
vt 0.208000 0.648604
vt 0.183188 0.837071
vt 0.183188 0.837071
vt 0.162929 0.816812
vt 0.162929 0.816812
vt 0.351396 0.791999
vt 0.337071 0.816812
vt 0.337071 0.816812
vt 0.351396 0.791999
vt 0.208000 0.648604
vt 0.208000 0.648604
vt 0.235675 0.641189
vt 0.235675 0.641189
vt 0.264325 0.641189
vt 0.235675 0.641189
vt 0.235675 0.641189
vt 0.264325 0.641189
vt 0.264325 0.641189
vt 0.292000 0.648604
vt 0.292000 0.648604
vt 0.264325 0.641189
vt 0.162929 0.816812
vt 0.162929 0.816812
vt 0.148604 0.792000
vt 0.148604 0.792000
vt 0.337071 0.816812
vt 0.316812 0.837071
vt 0.316812 0.837071
vt 0.337071 0.816812
vt 0.292000 0.648604
vt 0.316812 0.662929
vt 0.316812 0.662929
vt 0.292000 0.648604
vt 0.148604 0.792000
vt 0.141189 0.764325
vt 0.141189 0.764325
vt 0.148604 0.792000
vt 0.316812 0.837071
vt 0.292000 0.851396
vt 0.292000 0.851396
vt 0.316812 0.837071
vt 0.316812 0.662929
vt 0.316812 0.662929
vt 0.337071 0.683188
vt 0.337071 0.683188
vt 0.141189 0.764325
vt 0.141189 0.735675
vt 0.141189 0.735675
vt 0.141189 0.764325
vt 0.131735 0.470181
vt 0.159931 0.470181
vt 0.173402 0.470181
vt 0.165595 0.029819
vt 0.125500 0.029819
vt 0.213261 0.566853
vt 0.200683 0.557813
vt 0.152621 0.577126
vt 0.156086 0.588967
vt 0.190244 0.573020
vt 0.029454 0.698142
vt 0.018178 0.687884
vt 0.216085 0.029819
vt 0.250584 0.029819
vt 0.240991 0.000000
vt 0.358811 0.764325
vt 0.342848 0.774879
vt 0.333245 0.798062
vt 0.351396 0.791999
vt 0.006735 0.470181
vt -0.000000 0.469267
vt 0.958779 0.470181
vt 0.917792 0.470181
vt 0.881735 0.470181
vt 0.868265 0.470181
vt 0.840068 0.470181
vt 0.826598 0.470181
vt 0.791221 0.470181
vt 0.756735 0.470181
vt 0.743265 0.470181
vt 0.708333 0.470181
vt 0.673402 0.470181
vt 0.659931 0.470181
vt 0.625846 0.470181
vt 0.590068 0.470181
vt 0.576598 0.470181
vt 0.548402 0.470181
vt 0.534931 0.470181
vt 0.500846 0.470181
vt 0.459458 0.470181
vt 0.423402 0.470181
vt 0.409931 0.470181
vt 0.381735 0.470181
vt 0.368265 0.470181
vt 0.332888 0.470181
vt 0.298402 0.470181
vt 0.284931 0.470181
vt 0.256735 0.470181
vt 0.243265 0.470181
vt 0.208779 0.470181
vt 0.173402 0.470181
vt 0.159931 0.470181
vt 0.131735 0.470181
vt 0.118265 0.470181
vt 0.090068 0.470181
vt 0.076598 0.470181
vt 0.041666 0.470181
vt 0.155514 0.762439
vt 0.166755 0.798062
vt 0.191984 0.825607
vt 0.225121 0.842848
vt 0.250000 0.846123
vt 0.274879 0.842848
vt 0.308016 0.825607
vt 0.333245 0.798062
vt 0.342848 0.774879
vt 0.346124 0.750000
vt 0.342848 0.725121
vt 0.333245 0.701938
vt 0.317970 0.682030
vt 0.298062 0.666755
vt 0.262426 0.655512
vt 0.225121 0.657152
vt 0.201938 0.666755
vt 0.182030 0.682030
vt 0.166755 0.701938
vt 0.157152 0.725121
vn 0.661533 0.749256 -0.031457
vn 0.630876 0.774371 -0.048420
vn 0.669249 0.742249 -0.034236
vn 0.705811 0.708119 -0.019960
vn 0.669249 0.742249 -0.034236
vn 0.993346 0.018986 0.113592
vn 0.989353 -0.038932 0.140228
vn 0.988718 -0.035197 0.145598
vn 0.991894 0.026446 0.124283
vn 0.990701 -0.017118 0.134974
vn 0.958688 -0.235877 0.158996
vn 0.934639 -0.299094 0.192337
vn 0.934436 -0.293526 0.201671
vn 0.958107 -0.224718 0.177573
vn 0.943137 -0.274447 0.187538
vn 0.792001 -0.553298 0.258062
vn 0.826368 -0.511989 0.234485
vn 0.857890 -0.468916 0.210101
vn 0.826368 -0.511989 0.234485
vn -0.124595 -0.931668 0.341279
vn -0.059477 -0.943394 0.326297
vn 0.005914 -0.950779 0.309813
vn -0.059477 -0.943394 0.326297
vn -0.978308 -0.124599 0.165495
vn -0.971202 -0.171610 0.165278
vn -0.961901 -0.218232 0.164687
vn -0.971202 -0.171610 0.165278
vn -0.958114 0.280502 0.057759
vn -0.941159 0.332798 0.058871
vn -0.921358 0.384087 0.059805
vn -0.941159 0.332798 0.058871
vn -0.698340 0.714461 -0.043203
vn -0.643120 0.765008 -0.034065
vn -0.644716 0.764065 -0.023347
vn -0.701399 0.712434 -0.021825
vn -0.663049 0.747975 -0.029998
vn -0.404184 0.913025 -0.054966
vn -0.448074 0.891906 -0.061099
vn -0.490884 0.868638 -0.067085
vn -0.448074 0.891906 -0.061099
vn 0.104605 0.990614 -0.087986
vn 0.049464 0.995252 -0.083827
vn -0.005829 0.996825 -0.079410
vn 0.049464 0.995252 -0.083827
vn 0.960613 0.271421 0.059610
vn 0.972966 0.214186 0.086385
vn 0.969013 0.231108 0.087192
vn 0.950503 0.304666 0.061021
vn 0.966471 0.244641 0.078000
vn 0.451874 0.602064 0.658277
vn 0.495240 0.579959 0.646827
vn 0.544005 0.555819 0.628589
vn 0.550604 0.555194 0.623373
vn 0.513952 0.571966 0.639303
vn 0.756426 0.179387 0.628999
vn 0.728138 0.178849 0.661686
vn 0.607235 0.236465 0.758519
vn 0.709780 0.199457 0.675595
vn 0.671578 0.239551 0.701141
vn 0.083903 -0.423014 0.902230
vn 0.151399 -0.552842 0.819417
vn 0.143735 -0.578399 0.802991
vn 0.069850 -0.477667 0.875760
vn 0.124172 -0.528459 0.839829
vn -0.366026 -0.308755 0.877893
vn -0.395905 -0.453837 0.798305
vn -0.416812 -0.483160 0.769951
vn -0.412345 -0.372481 0.831402
vn -0.401796 -0.426841 0.810165
vn 0.104777 0.994307 0.019376
vn 0.101968 0.994712 0.012302
vn 0.105852 0.994290 0.013482
vn 0.109734 0.993853 0.014662
vn 0.105852 0.994290 0.013482
vn -0.451888 -0.281923 0.846355
vn -0.501763 -0.272808 0.820859
vn -0.544625 -0.261193 0.796970
vn -0.539200 -0.259560 0.801181
vn -0.514368 -0.268446 0.814471
vn 0.164297 0.760622 0.628061
vn 0.125168 0.788780 0.601796
vn 0.080434 0.809548 0.581517
vn 0.075197 0.804444 0.589250
vn 0.108529 0.794263 0.597803
vn 0.639040 0.415458 0.647319
vn 0.547592 0.362394 0.754197
vn 0.503986 0.352438 0.788534
vn 0.559498 0.400446 0.725676
vn 0.551739 0.375275 0.744818
vn -0.013807 0.211725 0.977232
vn 0.325908 0.071573 0.942688
vn 0.603713 -0.074909 0.793674
vn 0.585896 -0.071449 0.807231
vn 0.421825 0.021897 0.906413
vn 0.085867 0.822769 0.561853
vn 0.104425 0.731584 0.673706
vn 0.096860 0.694893 0.712560
vn 0.072084 0.758677 0.647466
vn 0.093594 0.740883 0.665081
vn 0.000000 -0.597157 0.802125
vn 0.030102 -0.562557 0.826210
vn 0.060122 -0.526449 0.848078
vn 0.030102 -0.562557 0.826210
vn 0.489044 -0.499484 0.715089
vn 0.414788 -0.459586 0.785323
vn 0.335539 -0.414155 0.846103
vn 0.414788 -0.459586 0.785323
vn -0.194346 -0.572029 0.796877
vn -0.215918 -0.530808 0.819525
vn -0.236912 -0.488167 0.839980
vn -0.215918 -0.530808 0.819525
vn -0.375709 -0.499186 0.780804
vn -0.403751 -0.451126 0.795908
vn -0.430451 -0.401566 0.808366
vn -0.403751 -0.451126 0.795908
vn -0.531336 -0.382404 0.755943
vn -0.547073 -0.328692 0.769853
vn -0.560990 -0.273886 0.781202
vn -0.547073 -0.328692 0.769853
vn -0.650754 -0.230176 0.723560
vn -0.653107 -0.174125 0.736975
vn -0.653286 -0.117495 0.747938
vn -0.653107 -0.174125 0.736975
vn -0.725816 -0.052890 0.685853
vn -0.714626 0.001993 0.699504
vn -0.701061 0.056870 0.710830
vn -0.714626 0.001993 0.699504
vn -0.751435 0.137322 0.645359
vn -0.727464 0.187692 0.659976
vn -0.701074 0.237439 0.672398
vn -0.727464 0.187692 0.659976
vn -0.526834 0.654135 0.542727
vn -0.451831 0.715423 0.532935
vn -0.372545 0.769930 0.518091
vn -0.451831 0.715423 0.532935
vn -0.650741 0.504792 0.567205
vn -0.590836 0.548500 0.591660
vn -0.527329 0.588863 0.612507
vn -0.590836 0.548500 0.591660
vn -0.353684 0.846641 0.397626
vn -0.258038 0.801053 0.540120
vn -0.154255 0.730207 0.665584
vn -0.258038 0.801053 0.540120
vn -0.104870 0.903006 0.416632
vn -0.052753 0.862034 0.504097
vn 0.000000 0.810679 0.585491
vn -0.052753 0.862034 0.504097
vn 0.104869 0.903000 0.416646
vn 0.140122 0.850781 0.506496
vn 0.173688 0.788316 0.590246
vn 0.140122 0.850781 0.506496
vn 0.321374 0.800181 0.506388
vn 0.329110 0.762961 0.556396
vn 0.335547 0.722731 0.604209
vn 0.329110 0.762961 0.556396
vn 0.526848 0.654103 0.542752
vn 0.527697 0.622197 0.578279
vn 0.527342 0.588873 0.612486
vn 0.527697 0.622197 0.578279
vn 0.650739 0.504811 0.567190
vn 0.653404 0.442516 0.614201
vn 0.652083 0.377523 0.657468
vn 0.653404 0.442516 0.614201
vn 0.719680 0.327423 0.612254
vn 0.735859 0.234230 0.635333
vn 0.745063 0.138818 0.652389
vn 0.735859 0.234230 0.635333
vn 0.822331 0.052670 0.566567
vn 0.710192 0.034993 0.703138
vn 0.575654 0.016213 0.817533
vn 0.710192 0.034993 0.703138
vn 0.742217 -0.176787 0.646421
vn 0.665712 -0.176402 0.725058
vn 0.581195 -0.173893 0.794968
vn 0.665712 -0.176402 0.725058
vn 0.307451 -0.602066 0.736879
vn 0.242020 -0.544166 0.803312
vn 0.173673 -0.479710 0.860068
vn 0.242020 -0.544166 0.803312
vn 0.637396 -0.354433 0.684181
vn 0.559324 -0.334139 0.758622
vn 0.474512 -0.309820 0.823924
vn 0.559324 -0.334139 0.758622
vn 0.366559 0.929651 0.037200
vn 0.310908 0.950338 0.013944
vn 0.323059 0.946307 0.011646
vn 0.390300 0.920110 0.032596
vn 0.337692 0.941040 0.020187
vn 0.606595 0.793356 0.051261
vn 0.612400 0.789083 0.048096
vn 0.606413 0.793889 0.044761
vn 0.600383 0.798639 0.041422
vn 0.606413 0.793889 0.044761
vn 0.981597 0.106354 0.158605
vn 0.975993 0.159728 0.148071
vn 0.978955 0.142617 0.145969
vn 0.980877 0.118481 0.154411
vn 0.985445 0.035373 0.166271
vn 0.890189 -0.390399 0.234846
vn 0.912800 -0.340859 0.224969
vn 0.906956 -0.357634 0.222552
vn 0.895938 -0.379522 0.230779
vn 0.857342 -0.454769 0.241141
vn -0.933331 -0.284597 0.218854
vn -0.914689 -0.336093 0.224469
vn -0.921386 -0.322065 0.217536
vn -0.929503 -0.297159 0.218452
vn -0.954184 -0.217722 0.205258
vn -0.600310 0.798079 0.051940
vn -0.597160 0.800403 0.052489
vn -0.644049 0.762861 0.056956
vn -0.691452 0.719872 0.060641
vn -0.629672 0.774890 0.055301
vn -0.354548 -0.876027 0.326913
vn -0.307958 -0.896044 0.319792
vn -0.260561 -0.913712 0.311832
vn -0.307958 -0.896044 0.319792
vn -0.604270 -0.744954 0.282669
vn -0.551267 -0.781018 0.293454
vn -0.493903 -0.814819 0.303530
vn -0.491868 -0.815852 0.304059
vn -0.531726 -0.793074 0.297154
vn -0.252276 0.962753 -0.097283
vn -0.178892 0.980577 -0.080419
vn -0.181122 0.981011 -0.069373
vn -0.256711 0.963554 -0.075253
vn -0.205029 0.975583 -0.078749
vn 0.611713 -0.732986 0.297553
vn 0.660017 -0.699424 0.274195
vn 0.705677 -0.663061 0.249740
vn 0.660017 -0.699424 0.274195
vn 0.404755 -0.855998 0.321622
vn 0.447520 -0.839691 0.307644
vn 0.489260 -0.821461 0.292963
vn 0.447520 -0.839691 0.307644
vn -0.994475 0.029968 0.100607
vn -0.988771 0.106246 0.105086
vn -0.987650 0.104451 0.116779
vn -0.991946 0.026358 0.123890
vn -0.990575 0.079624 0.111450
vn 0.250608 -0.919587 0.302580
vn 0.176901 -0.928897 0.325355
vn 0.179996 -0.924585 0.335773
vn 0.256744 -0.910807 0.323286
vn 0.203721 -0.923544 0.324906
vn -0.000002 0.208108 0.978106
vn 0.000011 0.208111 0.978105
vn 0.000024 0.208114 0.978105
vn 0.000011 0.208111 0.978105
vn 0.787412 0.616396 -0.006180
vn 0.824139 0.566339 0.007360
vn 0.864590 0.502015 0.021569
vn 0.871473 0.489938 0.022262
vn 0.840715 0.541338 0.012346
vn -0.787449 -0.565624 0.244938
vn -0.745948 -0.613773 0.258542
vn -0.703208 -0.657592 0.270318
vn -0.705116 -0.655849 0.269580
vn -0.732608 -0.628067 0.262331
vn -0.865036 -0.457260 0.206458
vn -0.896317 -0.389579 0.211766
vn -0.893430 -0.390355 0.222275
vn -0.859017 -0.458694 0.227353
vn -0.884491 -0.412955 0.217126
vn 0.400825 0.913435 -0.070542
vn 0.446094 0.892875 -0.061433
vn 0.490223 0.870034 -0.052167
vn 0.446094 0.892875 -0.061433
vn 0.814072 0.574347 0.086090
vn 0.777894 0.623276 0.080044
vn 0.779918 0.620788 0.079688
vn 0.802972 0.590070 0.083984
vn 0.848916 0.520561 0.091424
vn 0.929138 0.353801 0.107365
vn 0.934138 0.338910 0.111922
vn 0.911512 0.393398 0.119933
vn 0.923461 0.367108 0.111587
vn 0.899632 0.422405 0.110616
vn 0.953423 -0.216497 0.210033
vn 0.966586 -0.162124 0.198563
vn 0.978132 -0.091179 0.186934
vn 0.979413 -0.075112 0.187373
vn 0.971716 -0.133205 0.195000
vn 0.557664 -0.776187 0.294183
vn 0.608125 -0.739709 0.288122
vn 0.600182 -0.746933 0.286135
vn 0.572035 -0.766651 0.291584
vn 0.496356 -0.815835 0.296722
vn 0.779502 -0.569133 0.261655
vn 0.780993 -0.566955 0.261940
vn 0.782477 -0.564773 0.262223
vn 0.780993 -0.566955 0.261940
vn 0.319133 -0.894860 0.312058
vn 0.377186 -0.872539 0.310495
vn 0.374591 -0.873834 0.309994
vn 0.337778 -0.888189 0.311491
vn 0.257137 -0.914692 0.311800
vn -0.431469 -0.848871 0.305374
vn -0.375188 -0.874137 0.308412
vn -0.386059 -0.870805 0.304397
vn -0.416423 -0.856438 0.305134
vn -0.496356 -0.815835 0.296723
vn 0.119406 -0.940203 0.318999
vn 0.121299 -0.939821 0.319411
vn 0.123192 -0.939435 0.319821
vn 0.121299 -0.939821 0.319411
vn -0.123593 -0.939632 0.319086
vn -0.129447 -0.939452 0.317291
vn -0.135296 -0.939236 0.315484
vn -0.129447 -0.939452 0.317291
vn -0.653719 -0.702012 0.282542
vn -0.605441 -0.741128 0.290120
vn -0.607279 -0.739909 0.289390
vn -0.638476 -0.714952 0.284943
vn -0.701088 -0.658727 0.273045
vn -0.856633 -0.453215 0.246528
vn -0.827628 -0.502129 0.250797
vn -0.785385 -0.562021 0.259429
vn -0.774606 -0.574464 0.264531
vn -0.810677 -0.526749 0.255614
vn -0.980004 -0.070379 0.186116
vn -0.981483 -0.050434 0.184788
vn -0.980684 -0.073570 0.181235
vn -0.979347 -0.096667 0.177582
vn -0.980684 -0.073570 0.181235
vn -0.857730 0.514033 0.008261
vn -0.823175 0.567678 0.011162
vn -0.823889 0.566479 0.017582
vn -0.859003 0.511536 0.021072
vn -0.835555 0.549215 0.014477
vn -0.978634 0.145006 0.145772
vn -0.975856 0.160878 0.147729
vn -0.972821 0.176707 0.149647
vn -0.975856 0.160878 0.147729
vn -0.911516 0.393388 0.119935
vn -0.934145 0.338889 0.111922
vn -0.928647 0.355068 0.107429
vn -0.898448 0.424890 0.110724
vn -0.923123 0.367945 0.111629
vn -0.391987 0.919617 0.025498
vn -0.375403 0.926389 0.029588
vn -0.424455 0.904762 0.035258
vn -0.488046 0.872048 0.036668
vn -0.413677 0.909861 0.032004
vn -0.142009 0.989572 0.024105
vn -0.168243 0.985503 0.021865
vn -0.251996 0.967347 0.027179
vn -0.181350 0.983200 0.020737
vn -0.125895 0.991859 0.019148
vn -0.000004 0.208113 0.978105
vn -0.000010 0.208117 0.978104
vn -0.000016 0.208121 0.978103
vn -0.000010 0.208117 0.978104
vn 0.000009 0.208082 0.978111
vn 0.000001 0.208095 0.978109
vn -0.000008 0.208107 0.978106
vn 0.000001 0.208095 0.978109
vn 0.000017 0.208110 0.978106
vn 0.000007 0.208110 0.978105
vn -0.000004 0.208110 0.978105
vn 0.000007 0.208110 0.978105
vn -0.000018 0.208115 0.978104
vn -0.000012 0.208109 0.978106
vn -0.000006 0.208103 0.978107
vn -0.000012 0.208109 0.978106
vn -0.000006 0.208107 0.978106
vn -0.000002 0.208094 0.978109
vn 0.000003 0.208081 0.978112
vn -0.000002 0.208094 0.978109
vn 0.000034 0.208113 0.978105
vn 0.000024 0.208116 0.978104
vn 0.000013 0.208119 0.978103
vn 0.000024 0.208116 0.978104
vn -0.000016 0.208123 0.978103
vn -0.000015 0.208122 0.978103
vn -0.000015 0.208121 0.978103
vn -0.000015 0.208122 0.978103
vn -0.000002 0.208083 0.978111
vn -0.000002 0.208091 0.978109
vn -0.000003 0.208099 0.978108
vn -0.000002 0.208091 0.978109
vn 0.000006 0.208112 0.978105
vn 0.000022 0.208102 0.978107
vn 0.000037 0.208093 0.978109
vn 0.000022 0.208102 0.978107
vn -0.000013 0.208126 0.978102
vn -0.000002 0.208121 0.978103
vn 0.000009 0.208116 0.978104
vn -0.000002 0.208121 0.978103
vn -0.000007 0.208101 0.978107
vn -0.000005 0.208112 0.978105
vn -0.000002 0.208123 0.978103
vn -0.000005 0.208112 0.978105
vn 0.000004 0.208110 0.978106
vn 0.000005 0.208108 0.978106
vn 0.000006 0.208107 0.978106
vn 0.000005 0.208108 0.978106
vn -0.000003 0.208110 0.978106
vn -0.000005 0.208112 0.978105
vn -0.000008 0.208114 0.978105
vn -0.000005 0.208112 0.978105
vn -0.000003 0.208111 0.978105
vn 0.000004 0.208120 0.978103
vn 0.000010 0.208129 0.978101
vn 0.000004 0.208120 0.978103
vn -0.000013 0.208104 0.978107
vn -0.000001 0.208106 0.978106
vn 0.000010 0.208108 0.978106
vn -0.000001 0.208106 0.978106
vn 0.000003 0.208108 0.978106
vn 0.000002 0.208109 0.978106
vn 0.000000 0.208109 0.978106
vn 0.000002 0.208109 0.978106
vn 0.000002 0.208117 0.978104
vn -0.000003 0.208123 0.978103
vn -0.000007 0.208129 0.978101
vn -0.000003 0.208123 0.978103
vn 0.000005 0.208110 0.978106
vn 0.000004 0.208125 0.978102
vn 0.000003 0.208140 0.978099
vn 0.000004 0.208125 0.978102
vn -0.000013 0.208097 0.978108
vn -0.000011 0.208096 0.978108
vn -0.000009 0.208096 0.978108
vn -0.000011 0.208096 0.978108
vn 0.000003 0.208112 0.978105
vn -0.000004 0.208115 0.978104
vn -0.000012 0.208119 0.978104
vn -0.000004 0.208115 0.978104
vn 0.000019 0.208132 0.978101
vn 0.000018 0.208126 0.978102
vn 0.000017 0.208120 0.978103
vn 0.000018 0.208126 0.978102
vn -0.000015 0.208106 0.978106
vn -0.000016 0.208106 0.978106
vn -0.000017 0.208107 0.978106
vn -0.000016 0.208106 0.978106
vn -0.000014 0.208118 0.978104
vn 0.000006 0.208102 0.978107
vn 0.000025 0.208086 0.978110
vn 0.000006 0.208102 0.978107
vn -0.179684 -0.520723 0.834602
vn -0.180806 -0.518461 0.835767
vn -0.181927 -0.516195 0.836926
vn -0.180806 -0.518461 0.835767
vn 0.550306 0.383873 0.741488
vn 0.642243 0.450099 0.620431
vn 0.669833 0.425331 0.608620
vn 0.606857 0.336369 0.720125
vn 0.632043 0.412952 0.655738
vn 0.617280 -0.001736 0.786741
vn 0.650308 0.027157 0.759185
vn 0.676585 0.061304 0.733808
vn 0.671532 0.066628 0.737974
vn 0.657569 0.040337 0.752314
vn -0.549808 -0.149722 0.821763
vn -0.596518 -0.122408 0.793210
vn -0.632124 -0.093700 0.769181
vn -0.623166 -0.092752 0.776570
vn -0.605538 -0.112534 0.787820
vn -0.745050 0.088677 0.661088
vn -0.726202 0.105827 0.679287
vn -0.602760 0.092326 0.792563
vn -0.700225 0.090280 0.708191
vn -0.645408 0.059162 0.761543
vn -0.679133 0.462804 0.569728
vn -0.656232 0.468305 0.591651
vn -0.562739 0.397869 0.724586
vn -0.643036 0.443059 0.624662
vn -0.613483 0.390897 0.686176
vn -0.566371 0.628122 0.533560
vn -0.541198 0.620277 0.567769
vn -0.481314 0.533840 0.695235
vn -0.540417 0.599354 0.590528
vn -0.537360 0.556399 0.633769
vn -0.250980 0.762835 0.595896
vn -0.188745 0.703852 0.684812
vn -0.189316 0.683695 0.704784
vn -0.253071 0.726292 0.639104
vn -0.210455 0.711904 0.670001
vn -0.014953 0.199615 0.979760
vn -0.333056 0.046666 0.941752
vn -0.594652 -0.094913 0.798361
vn -0.579711 -0.077595 0.811119
vn -0.423387 0.003466 0.905942
vn 0.000000 -0.549121 0.835743
vn 0.002276 -0.546186 0.837661
vn 0.004551 -0.543241 0.839565
vn 0.002276 -0.546186 0.837661
vn -0.345225 -0.450616 0.823265
vn -0.350257 -0.453022 0.819812
vn -0.355274 -0.455409 0.816323
vn -0.350257 -0.453022 0.819812
vn -0.488973 -0.343327 0.801893
vn -0.496269 -0.344867 0.796733
vn -0.503526 -0.346379 0.791507
vn -0.496269 -0.344867 0.796733
vn -0.614640 -0.205298 0.761624
vn -0.613854 -0.202262 0.763069
vn -0.613060 -0.199223 0.764505
vn -0.613854 -0.202262 0.763069
vn -0.682679 -0.032617 0.729990
vn -0.683230 -0.032421 0.729483
vn -0.683781 -0.032224 0.728975
vn -0.683230 -0.032421 0.729483
vn -0.706499 0.141016 0.693523
vn -0.703336 0.144807 0.695952
vn -0.700152 0.148594 0.698360
vn -0.703336 0.144807 0.695952
vn -0.688077 0.319361 0.651582
vn -0.683522 0.322670 0.654738
vn -0.678939 0.325965 0.657867
vn -0.683522 0.322670 0.654738
vn -0.615561 0.488673 0.618291
vn -0.611958 0.490166 0.620681
vn -0.608342 0.491649 0.623059
vn -0.611958 0.490166 0.620681
vn -0.502634 0.633180 0.588593
vn -0.502796 0.635698 0.585734
vn -0.502951 0.638206 0.582866
vn -0.502796 0.635698 0.585734
vn -0.354857 0.744919 0.564953
vn -0.354558 0.745980 0.563740
vn -0.354259 0.747039 0.562525
vn -0.354558 0.745980 0.563740
vn -0.184352 0.814796 0.549656
vn -0.183866 0.815531 0.548728
vn -0.183380 0.816264 0.547800
vn -0.183866 0.815531 0.548728
vn -0.000747 0.838607 0.544737
vn -0.000374 0.838305 0.545201
vn 0.000000 0.838004 0.545665
vn -0.000374 0.838305 0.545201
vn 0.178088 0.813469 0.553672
vn 0.180642 0.814578 0.551209
vn 0.183193 0.815676 0.548738
vn 0.180642 0.814578 0.551209
vn 0.350795 0.747695 0.563822
vn 0.353053 0.748039 0.561953
vn 0.355308 0.748376 0.560080
vn 0.353053 0.748039 0.561953
vn 0.496318 0.639215 0.587428
vn 0.496328 0.636460 0.590404
vn 0.496329 0.633695 0.593371
vn 0.496328 0.636460 0.590404
vn 0.610204 0.496802 0.617121
vn 0.613517 0.495604 0.614796
vn 0.616818 0.494397 0.612459
vn 0.613517 0.495604 0.614796
vn 0.683100 0.325343 0.653855
vn 0.683427 0.325769 0.653301
vn 0.683754 0.326194 0.652746
vn 0.683427 0.325769 0.653301
vn 0.706013 0.149104 0.692325
vn 0.706942 0.148053 0.691601
vn 0.707871 0.147002 0.690876
vn 0.706942 0.148053 0.691601
vn 0.683148 -0.028095 0.729739
vn 0.684555 -0.030669 0.728315
vn 0.685956 -0.033242 0.726884
vn 0.684555 -0.030669 0.728315
vn 0.613410 -0.195868 0.765091
vn 0.614050 -0.198213 0.763972
vn 0.614686 -0.200557 0.762848
vn 0.614050 -0.198213 0.763972
vn 0.500906 -0.340192 0.795841
vn 0.500951 -0.341665 0.795181
vn 0.500995 -0.343137 0.794520
vn 0.500951 -0.341665 0.795181
vn 0.356024 -0.444657 0.821905
vn 0.355151 -0.448982 0.819929
vn 0.354271 -0.453296 0.817933
vn 0.355151 -0.448982 0.819929
vn 0.189162 -0.524565 0.830090
vn 0.185947 -0.522141 0.832342
vn 0.182728 -0.519705 0.834576
vn 0.185947 -0.522141 0.832342
vn 0.167550 0.776329 0.607651
vn 0.172843 0.780222 0.601148
vn 0.178120 0.784049 0.594593
vn 0.172843 0.780222 0.601148
vn 0.004227 0.807131 0.590358
vn 0.000908 0.802736 0.596334
vn -0.002411 0.798288 0.602271
vn 0.000908 0.802736 0.596334
vn 0.326269 0.714771 0.618587
vn 0.331914 0.716836 0.613172
vn 0.337537 0.718853 0.607717
vn 0.331914 0.716836 0.613172
vn 0.466517 0.609511 0.640982
vn 0.468099 0.614642 0.634900
vn 0.469651 0.619733 0.628776
vn 0.468099 0.614642 0.634900
vn 0.568456 0.475009 0.671732
vn 0.571808 0.479867 0.665404
vn 0.575118 0.484689 0.659026
vn 0.571808 0.479867 0.665404
vn 0.635668 0.324028 0.700666
vn 0.640302 0.321957 0.697393
vn 0.644914 0.319874 0.694094
vn 0.640302 0.321957 0.697393
vn 0.660040 0.154215 0.735231
vn 0.661482 0.153068 0.734174
vn 0.662921 0.151919 0.733114
vn 0.661482 0.153068 0.734174
vn 0.629511 -0.015097 0.776845
vn 0.639128 -0.014026 0.768973
vn 0.648645 -0.012953 0.760981
vn 0.639128 -0.014026 0.768973
vn 0.569207 -0.163722 0.805728
vn 0.570654 -0.166919 0.804048
vn 0.572091 -0.170114 0.802355
vn 0.570654 -0.166919 0.804048
vn 0.462993 -0.298992 0.834411
vn 0.468798 -0.301294 0.830331
vn 0.474578 -0.303580 0.826206
vn 0.468798 -0.301294 0.830331
vn 0.324095 -0.400138 0.857235
vn 0.332671 -0.406614 0.850879
vn 0.341196 -0.413026 0.844391
vn 0.332671 -0.406614 0.850879
vn 0.164252 -0.459152 0.873041
vn 0.170436 -0.466412 0.867993
vn 0.176600 -0.473618 0.862843
vn 0.170436 -0.466412 0.867993
vn 0.002431 -0.483951 0.875092
vn -0.000895 -0.490444 0.871473
vn -0.004221 -0.496904 0.867795
vn -0.000895 -0.490444 0.871473
vn -0.167928 -0.464375 0.869572
vn -0.172238 -0.469314 0.866071
vn -0.176538 -0.474227 0.862521
vn -0.172238 -0.469314 0.866071
vn -0.331256 -0.398164 0.855415
vn -0.331083 -0.404412 0.852546
vn -0.330895 -0.410640 0.849637
vn -0.331083 -0.404412 0.852546
vn -0.466193 -0.301208 0.831828
vn -0.469664 -0.302556 0.829383
vn -0.473126 -0.303897 0.826921
vn -0.469664 -0.302556 0.829383
vn -0.569553 -0.156356 0.806946
vn -0.574940 -0.167280 0.800913
vn -0.580221 -0.178172 0.794731
vn -0.574940 -0.167280 0.800913
vn -0.631132 -0.001141 0.775675
vn -0.639766 -0.011378 0.768486
vn -0.648251 -0.021612 0.761120
vn -0.639766 -0.011378 0.768486
vn -0.651686 0.164633 0.740406
vn -0.661408 0.157401 0.733325
vn -0.670999 0.150138 0.726099
vn -0.661408 0.157401 0.733325
vn -0.635311 0.324913 0.700579
vn -0.636917 0.326224 0.698509
vn -0.638517 0.327532 0.696433
vn -0.636917 0.326224 0.698509
vn -0.570512 0.480957 0.665730
vn -0.571321 0.482178 0.664152
vn -0.572126 0.483397 0.662570
vn -0.571321 0.482178 0.664152
vn -0.456929 0.614791 0.642844
vn -0.466632 0.615666 0.634989
vn -0.476262 0.616444 0.627034
vn -0.466632 0.615666 0.634989
vn -0.328878 0.716131 0.615626
vn -0.328823 0.717139 0.614481
vn -0.328767 0.718146 0.613334
vn -0.328823 0.717139 0.614481
vn -0.164160 0.776335 0.608568
vn -0.169634 0.780281 0.601985
vn -0.175093 0.784157 0.595349
vn -0.169634 0.780281 0.601985
vn 0.237884 0.734281 0.635801
vn 0.236922 0.713917 0.658932
vn 0.235734 0.692874 0.681436
vn 0.236922 0.713917 0.658932
vn 0.379978 0.643077 0.664883
vn 0.378148 0.642351 0.666625
vn 0.376315 0.641621 0.668363
vn 0.378148 0.642351 0.666625
vn 0.496633 0.539686 0.679775
vn 0.490672 0.531981 0.690100
vn 0.484612 0.524169 0.700285
vn 0.490672 0.531981 0.690100
vn 0.623398 0.247701 0.741633
vn 0.603456 0.240891 0.760140
vn 0.583040 0.233891 0.778049
vn 0.603456 0.240891 0.760140
vn 0.599014 0.094317 0.795164
vn 0.601942 0.094805 0.792892
vn 0.604861 0.095292 0.790609
vn 0.601942 0.094805 0.792892
vn 0.489688 -0.209709 0.846302
vn 0.487690 -0.205854 0.848400
vn 0.485680 -0.201994 0.850479
vn 0.487690 -0.205854 0.848400
vn 0.375452 -0.322359 0.868977
vn 0.374627 -0.319039 0.870557
vn 0.373796 -0.315714 0.872124
vn 0.374627 -0.319039 0.870557
vn 0.244502 -0.408867 0.879231
vn 0.235680 -0.397724 0.886719
vn 0.226797 -0.386478 0.893979
vn 0.235680 -0.397724 0.886719
vn 0.078245 -0.438947 0.895099
vn 0.078778 -0.436626 0.896187
vn 0.079311 -0.434302 0.897269
vn 0.078778 -0.436626 0.896187
vn -0.079697 -0.452042 0.888429
vn -0.082663 -0.437828 0.895251
vn -0.085607 -0.423501 0.901841
vn -0.082663 -0.437828 0.895251
vn -0.240039 -0.396523 0.886087
vn -0.238551 -0.394725 0.887291
vn -0.237061 -0.392924 0.888489
vn -0.238551 -0.394725 0.887291
vn -0.379073 -0.325489 0.866233
vn -0.376312 -0.314692 0.871411
vn -0.373495 -0.303848 0.876458
vn -0.376312 -0.314692 0.871411
vn -0.498628 -0.208551 0.841354
vn -0.480771 -0.200602 0.853591
vn -0.462659 -0.192547 0.865374
vn -0.480771 -0.200602 0.853591
vn -0.616330 0.077835 0.783632
vn -0.609912 0.082386 0.788175
vn -0.603445 0.086930 0.792652
vn -0.609912 0.082386 0.788175
vn -0.585889 0.393892 0.708226
vn -0.561146 0.396778 0.726418
vn -0.535869 0.399287 0.743918
vn -0.561146 0.396778 0.726418
vn -0.489687 0.536080 0.687623
vn -0.486407 0.531705 0.693324
vn -0.483097 0.527296 0.698982
vn -0.486407 0.531705 0.693324
vn -0.378620 0.653676 0.655251
vn -0.374763 0.643467 0.667460
vn -0.370806 0.633085 0.679490
vn -0.374763 0.643467 0.667460
vn -0.074817 0.752055 0.654840
vn -0.073452 0.755376 0.651162
vn -0.072086 0.758677 0.647466
vn -0.073452 0.755376 0.651162
vn 0.268582 0.755663 0.597359
vn 0.267666 0.761751 0.589992
vn 0.266725 0.767769 0.582571
vn 0.267666 0.761751 0.589992
vn 0.415230 0.704487 0.575572
vn 0.409113 0.682552 0.605599
vn 0.402415 0.659647 0.634766
vn 0.409113 0.682552 0.605599
vn 0.614840 -0.108375 0.781170
vn 0.620536 -0.108634 0.776617
vn 0.626199 -0.108887 0.772022
vn 0.620536 -0.108634 0.776617
vn 0.541635 -0.247353 0.803397
vn 0.527476 -0.241642 0.814480
vn 0.513130 -0.235844 0.825273
vn 0.527476 -0.241642 0.814480
vn 0.419658 -0.369933 0.828877
vn 0.403940 -0.358443 0.841636
vn 0.388004 -0.346758 0.853939
vn 0.403940 -0.358443 0.841636
vn 0.285837 -0.476015 0.831689
vn 0.264509 -0.451961 0.851919
vn 0.242799 -0.427256 0.870920
vn 0.264509 -0.451961 0.851919
vn -0.088244 -0.499143 0.862015
vn -0.084661 -0.492440 0.866219
vn -0.081071 -0.485700 0.870358
vn -0.084661 -0.492440 0.866219
vn -0.248923 -0.491600 0.834486
vn -0.250323 -0.459502 0.852171
vn -0.251388 -0.426787 0.868710
vn -0.250323 -0.459502 0.852171
vn -0.691251 0.257798 0.675065
vn -0.667966 0.248055 0.701634
vn -0.643784 0.237978 0.727261
vn -0.667966 0.248055 0.701634
vn -0.398157 0.682512 0.612901
vn -0.403457 0.683777 0.608006
vn -0.408735 0.685005 0.603079
vn -0.403457 0.683777 0.608006
vn -0.075197 0.804444 0.589250
vn -0.079378 0.808525 0.583083
vn -0.083552 0.812549 0.576874
vn -0.079378 0.808525 0.583083
vn 0.258338 0.963153 -0.074823
vn 0.257511 0.963379 -0.074759
vn 0.256684 0.963605 -0.074696
vn 0.257511 0.963379 -0.074759
vn 0.000028 0.208054 0.978117
vn 0.000012 0.208041 0.978120
vn -0.000004 0.208028 0.978123
vn 0.000012 0.208041 0.978120
vn -0.000026 0.208062 0.978116
vn -0.000028 0.208065 0.978115
vn -0.000030 0.208068 0.978114
vn -0.000028 0.208065 0.978115
vn -0.000008 0.208057 0.978117
vn -0.000023 0.208056 0.978117
vn -0.000037 0.208054 0.978117
vn -0.000023 0.208056 0.978117
vn -0.000033 0.208051 0.978118
vn -0.000040 0.208052 0.978118
vn -0.000047 0.208052 0.978118
vn -0.000040 0.208052 0.978118
vn -0.000075 0.208089 0.978110
vn -0.000063 0.208085 0.978111
vn -0.000051 0.208081 0.978112
vn -0.000063 0.208085 0.978111
vn -0.000056 0.208094 0.978109
vn -0.000056 0.208095 0.978109
vn -0.000055 0.208096 0.978108
vn -0.000056 0.208095 0.978109
vn -0.000056 0.208104 0.978107
vn -0.000068 0.208091 0.978110
vn -0.000079 0.208077 0.978112
vn -0.000068 0.208091 0.978110
vn -0.000069 0.208134 0.978100
vn -0.000058 0.208142 0.978099
vn -0.000047 0.208149 0.978097
vn -0.000058 0.208142 0.978099
vn -0.000060 0.208120 0.978103
vn -0.000057 0.208121 0.978103
vn -0.000055 0.208122 0.978103
vn -0.000057 0.208121 0.978103
vn -0.000028 0.208155 0.978096
vn -0.000023 0.208156 0.978096
vn -0.000019 0.208156 0.978096
vn -0.000023 0.208156 0.978096
vn -0.000007 0.208166 0.978094
vn -0.000020 0.208168 0.978093
vn -0.000034 0.208170 0.978093
vn -0.000020 0.208168 0.978093
vn -0.000029 0.208172 0.978092
vn -0.000029 0.208171 0.978092
vn -0.000030 0.208171 0.978093
vn -0.000029 0.208171 0.978092
vn 0.000016 0.208177 0.978091
vn 0.000002 0.208166 0.978094
vn -0.000012 0.208155 0.978096
vn 0.000002 0.208166 0.978094
vn -0.000011 0.208154 0.978096
vn -0.000001 0.208158 0.978095
vn 0.000009 0.208162 0.978094
vn -0.000001 0.208158 0.978095
vn 0.000059 0.208141 0.978099
vn 0.000055 0.208152 0.978097
vn 0.000050 0.208163 0.978094
vn 0.000055 0.208152 0.978097
vn 0.000044 0.208168 0.978093
vn 0.000025 0.208170 0.978093
vn 0.000006 0.208172 0.978092
vn 0.000025 0.208170 0.978093
vn 0.000052 0.208109 0.978106
vn 0.000053 0.208114 0.978105
vn 0.000054 0.208119 0.978104
vn 0.000053 0.208114 0.978105
vn 0.000045 0.208138 0.978100
vn 0.000057 0.208129 0.978101
vn 0.000069 0.208121 0.978103
vn 0.000057 0.208129 0.978101
vn 0.000070 0.208118 0.978104
vn 0.000074 0.208114 0.978105
vn 0.000077 0.208109 0.978106
vn 0.000074 0.208114 0.978105
vn 0.000074 0.208083 0.978111
vn 0.000067 0.208079 0.978112
vn 0.000061 0.208075 0.978113
vn 0.000067 0.208079 0.978112
vn 0.000062 0.208077 0.978113
vn 0.000061 0.208085 0.978111
vn 0.000059 0.208094 0.978109
vn 0.000061 0.208085 0.978111
vn 0.000031 0.208058 0.978116
vn 0.000030 0.208052 0.978118
vn 0.000029 0.208045 0.978119
vn 0.000030 0.208052 0.978118
vn 0.000071 0.208076 0.978113
vn 0.000069 0.208071 0.978114
vn 0.000067 0.208067 0.978115
vn 0.000069 0.208071 0.978114
vn 0.000006 0.208044 0.978119
vn -0.000000 0.208036 0.978121
vn -0.000006 0.208028 0.978123
vn -0.000000 0.208036 0.978121
vn -0.258831 0.944775 -0.201015
vn -0.258831 0.944775 -0.201015
vn -0.258831 0.944775 -0.201015
vn -0.258831 0.944775 -0.201015
vn 0.000000 0.978106 -0.208108
vn 0.000000 0.978106 -0.208108
vn 0.000000 0.978106 -0.208108
vn 0.000000 0.978106 -0.208108
vn -0.866018 -0.489065 0.104058
vn -0.866022 -0.489058 0.104056
vn -0.866026 -0.489051 0.104053
vn -0.866022 -0.489058 0.104056
vn -0.965929 -0.253140 0.053860
vn -0.965925 -0.253155 0.053865
vn -0.965921 -0.253170 0.053869
vn -0.965925 -0.253155 0.053865
vn 0.965927 -0.253148 0.053861
vn 0.965924 -0.253161 0.053863
vn 0.965920 -0.253173 0.053865
vn 0.965924 -0.253161 0.053863
vn 0.866028 -0.489048 0.104053
vn 0.866026 -0.489051 0.104053
vn 0.866025 -0.489054 0.104054
vn 0.866026 -0.489051 0.104053
vn 0.258824 0.944776 -0.201017
vn 0.258827 0.944776 -0.201016
vn 0.258831 0.944775 -0.201016
vn 0.258827 0.944776 -0.201016
vn -1.000000 0.000000 0.000002
vn -1.000000 0.000000 0.000002
vn -1.000000 0.000000 0.000002
vn -1.000000 0.000000 0.000002
vn 0.707117 -0.691616 0.147152
vn 0.707110 -0.691622 0.147153
vn 0.707103 -0.691629 0.147153
vn 0.707110 -0.691622 0.147153
vn 0.499993 0.847068 -0.180228
vn 0.499991 0.847070 -0.180229
vn 0.499988 0.847071 -0.180229
vn 0.499991 0.847070 -0.180229
vn -0.965929 0.253142 -0.053858
vn -0.965924 0.253158 -0.053862
vn -0.965920 0.253173 -0.053867
vn -0.965924 0.253158 -0.053862
vn 0.500008 -0.847060 0.180224
vn 0.500001 -0.847064 0.180226
vn 0.499993 -0.847068 0.180227
vn 0.500001 -0.847064 0.180226
vn 0.707100 0.691632 -0.147157
vn 0.707108 0.691624 -0.147155
vn 0.707117 0.691616 -0.147152
vn 0.707108 0.691624 -0.147155
vn -0.866026 0.489051 -0.104053
vn -0.866026 0.489051 -0.104053
vn -0.866026 0.489051 -0.104053
vn -0.866026 0.489051 -0.104053
vn 0.258816 -0.944779 0.201017
vn 0.258820 -0.944778 0.201016
vn 0.258824 -0.944777 0.201016
vn 0.258820 -0.944778 0.201016
vn 0.000000 -0.978106 0.208108
vn 0.000000 -0.978106 0.208108
vn 0.000000 -0.978106 0.208108
vn 0.000000 -0.978106 0.208108
vn -0.258824 -0.944776 0.201017
vn -0.258809 -0.944780 0.201019
vn -0.258793 -0.944784 0.201021
vn -0.258809 -0.944780 0.201019
vn 0.866026 0.489051 -0.104053
vn 0.866027 0.489050 -0.104053
vn 0.866028 0.489048 -0.104053
vn 0.866027 0.489050 -0.104053
vn -0.707103 0.691629 -0.147155
vn -0.707110 0.691622 -0.147153
vn -0.707117 0.691616 -0.147151
vn -0.707110 0.691622 -0.147153
vn -0.499993 -0.847068 0.180230
vn -0.500006 -0.847061 0.180228
vn -0.500018 -0.847054 0.180225
vn -0.500006 -0.847061 0.180228
vn 0.965920 0.253173 -0.053866
vn 0.965925 0.253156 -0.053864
vn 0.965929 0.253140 -0.053862
vn 0.965925 0.253156 -0.053864
vn -0.499988 0.847071 -0.180227
vn -0.499991 0.847070 -0.180227
vn -0.499993 0.847069 -0.180226
vn -0.499991 0.847070 -0.180227
vn -0.707117 -0.691615 0.147154
vn -0.707108 -0.691624 0.147155
vn -0.707100 -0.691632 0.147156
vn -0.707108 -0.691624 0.147155
vn 1.000000 -0.000000 -0.000002
vn 1.000000 -0.000000 -0.000002
vn 1.000000 -0.000000 -0.000002
vn 1.000000 -0.000000 -0.000002
vn -0.775994 0.625696 0.079611
vn -0.811142 0.575945 0.101664
vn -0.811224 0.577026 0.094637
vn -0.775784 0.627586 0.065543
vn -0.799804 0.593528 0.089659
vn -0.165383 0.763847 0.623848
vn -0.211340 0.770840 0.600950
vn -0.260581 0.759092 0.596554
vn -0.264250 0.741891 0.616255
vn -0.229091 0.761509 0.606317
vn -0.689211 0.232180 0.686353
vn -0.572993 0.269702 0.773912
vn -0.529099 0.268293 0.805030
vn -0.609141 0.232804 0.758123
vn -0.585324 0.257393 0.768859
vn -0.725826 0.327517 0.604904
vn -0.690697 0.370290 0.621146
vn -0.653271 0.411831 0.635321
vn -0.690697 0.370290 0.621146
vn 0.000000 -0.157540 -0.987513
vn -0.000393 -0.210287 -0.977640
vn -0.009804 -0.236973 -0.971467
vn 0.001644 -0.209143 -0.977884
vn 0.013790 -0.194579 -0.980790
vn 0.006616 -0.202216 -0.979319
vn -0.000141 -0.208207 -0.978085
vn -0.005907 -0.209041 -0.977889
vn -0.044786 -0.219622 -0.974556
vn -0.005669 -0.211470 -0.977368
vn 0.021600 -0.208037 -0.977882
vn 0.006794 -0.209886 -0.977702
vn 0.018735 -0.218658 -0.975622
vn 0.005651 -0.211055 -0.977458
vn -0.006309 -0.201928 -0.979380
vn 0.000079 -0.208630 -0.977995
vn -0.000038 -0.208029 -0.978123
vn 0.001043 -0.211297 -0.977421
vn 0.001960 -0.215206 -0.976567
vn 0.000916 -0.207535 -0.978227
vn 0.003790 -0.191093 -0.981565
vn 0.001015 -0.202777 -0.979224
vn 0.000007 -0.208081 -0.978112
vn -0.001046 -0.210952 -0.977496
vn -0.025837 -0.233241 -0.972076
vn -0.013698 -0.215650 -0.976375
vn -0.037032 -0.217680 -0.975317
vn -0.001914 -0.207852 -0.978159
vn -0.000188 -0.208125 -0.978102
vn 0.014834 -0.211993 -0.977159
vn 0.044677 -0.219593 -0.974568
vn 0.008904 -0.210419 -0.977571
vn -0.000161 -0.207999 -0.978129
vn -0.000063 -0.208064 -0.978115
vn -0.000023 -0.208085 -0.978111
vn -0.002596 -0.206129 -0.978521
vn -0.025729 -0.164229 -0.986087
vn -0.005605 -0.187606 -0.982228
vn -0.000530 0.208040 0.978120
vn -0.000136 0.208026 0.978123
vn -0.000313 0.207694 0.978194
vn -0.000104 0.207977 0.978134
vn 0.000000 0.208144 0.978098
vn 0.000061 0.208030 0.978123
vn 0.000385 0.207602 0.978213
vn 0.000092 0.207956 0.978138
vn -0.000083 0.208141 0.978099
vn -0.000062 0.208111 0.978105
vn -0.000224 0.208057 0.978117
vn -0.000074 0.208085 0.978111
vn -0.000023 0.208075 0.978113
vn 0.000042 0.208403 0.978043
vn 0.000286 0.210204 0.977658
vn 0.000088 0.208810 0.977956
vn -0.000025 0.208135 0.978100
vn 0.000017 0.208104 0.978107
vn 0.000088 0.208072 0.978114
vn -0.000141 0.208074 0.978113
vn 0.016577 0.224277 0.974384
vn 0.016577 0.224277 0.974384
vn 0.016577 0.224277 0.974384
vn 0.000000 0.170619 0.985337
vn 0.000000 0.170619 0.985337
vn 0.000000 0.170619 0.985337
vn -0.013790 0.194579 0.980790
vn -0.013790 0.194579 0.980790
vn -0.013790 0.194579 0.980790
vn 0.000188 0.208125 0.978102
vn 0.000188 0.208125 0.978102
vn 0.000188 0.208125 0.978102
f 2/2/1063 1/1/1064 5/5/1065
f 5/5/5 4/4/4 3/3/3
f 3/3/3 2/2/2 5/5/5
f 7/7/7 6/6/6 10/10/10
f 10/10/10 9/9/9 8/8/8
f 8/8/8 7/7/7 10/10/10
f 12/12/12 11/11/11 15/15/15
f 15/15/15 14/14/14 13/13/13
f 13/13/13 12/12/12 15/15/15
f 19/19/19 18/18/18 17/17/17
f 19/19/19 17/17/17 16/16/16
f 23/23/23 22/22/22 21/21/21
f 23/23/23 21/21/21 20/20/20
f 27/27/27 26/26/26 25/25/25
f 27/27/27 25/25/25 24/24/24
f 31/31/31 30/30/30 29/29/29
f 31/31/31 29/29/29 28/28/28
f 33/33/33 32/32/32 36/36/36
f 36/36/36 35/35/35 34/34/34
f 34/34/34 33/33/33 36/36/36
f 40/40/40 39/39/39 38/38/38
f 40/40/40 38/38/38 37/37/37
f 44/44/44 43/43/43 42/42/42
f 44/44/44 42/42/42 41/41/41
f 46/46/46 45/45/45 49/49/49
f 49/49/49 48/48/48 47/47/47
f 47/47/47 46/46/46 49/49/49
f 51/51/51 50/50/50 54/54/54
f 54/54/54 53/53/53 52/52/52
f 52/52/52 51/51/51 54/54/54
f 55/55/55 59/59/59 58/58/58
f 58/58/58 57/57/57 56/56/56
f 56/56/56 55/55/55 58/58/58
f 61/61/61 60/60/60 64/64/64
f 64/64/64 63/63/63 62/62/62
f 62/62/62 61/61/61 64/64/64
f 66/66/66 65/65/65 69/69/69
f 69/69/69 68/68/68 67/67/67
f 67/67/67 66/66/66 69/69/69
f 71/71/1066 70/70/1067 74/74/1068
f 74/74/74 73/73/73 72/72/72
f 72/72/72 71/71/71 74/74/74
f 76/76/76 75/75/75 79/79/79
f 79/79/79 78/78/78 77/77/77
f 77/77/77 76/76/76 79/79/79
f 81/81/81 80/80/80 84/84/84
f 84/84/84 83/83/83 82/82/82
f 82/82/82 81/81/81 84/84/84
f 86/86/86 85/85/85 89/89/89
f 89/89/89 88/88/88 87/87/87
f 87/87/87 86/86/86 89/89/89
f 91/91/91 90/90/90 94/94/94
f 94/94/94 93/93/93 92/92/92
f 92/92/92 91/91/91 94/94/94
f 96/96/96 95/95/95 99/99/99
f 99/99/99 98/98/98 97/97/97
f 97/97/97 96/96/96 99/99/99
f 103/103/103 102/102/102 101/101/101
f 103/103/103 101/101/101 100/100/100
f 107/107/107 106/106/106 105/105/105
f 107/107/107 105/105/105 104/104/104
f 111/111/111 110/110/110 109/109/109
f 111/111/111 109/109/109 108/108/108
f 115/115/115 114/114/114 113/113/113
f 115/115/115 113/113/113 112/112/112
f 119/119/119 118/118/118 117/117/117
f 119/119/119 117/117/117 116/116/116
f 123/123/123 122/122/122 121/121/121
f 123/123/123 121/121/121 120/120/120
f 127/127/127 126/126/126 125/125/125
f 127/127/127 125/125/125 124/124/124
f 131/131/131 130/130/130 129/129/129
f 131/131/131 129/129/129 128/128/128
f 135/135/135 134/134/134 133/133/133
f 135/135/135 133/133/133 132/132/132
f 139/139/139 138/138/138 137/137/137
f 139/139/139 137/137/137 136/136/136
f 143/143/143 142/142/142 141/141/141
f 143/143/143 141/141/141 140/140/140
f 147/147/147 146/146/146 145/145/145
f 147/147/147 145/145/145 144/144/144
f 151/151/151 150/150/150 149/149/149
f 151/151/151 149/149/149 148/148/148
f 155/155/155 154/154/154 153/153/153
f 155/155/155 153/153/153 152/152/152
f 159/159/159 158/158/158 157/157/157
f 159/159/159 157/157/157 156/156/156
f 163/163/163 162/162/162 161/161/161
f 163/163/163 161/161/161 160/160/160
f 167/167/167 166/166/166 165/165/165
f 167/167/167 165/165/165 164/164/164
f 171/171/171 170/170/170 169/169/169
f 171/171/171 169/169/169 168/168/168
f 175/175/175 174/174/174 173/173/173
f 175/175/175 173/173/173 172/172/172
f 179/179/179 178/178/178 177/177/177
f 179/179/179 177/177/177 176/176/176
f 183/183/183 182/182/182 181/181/181
f 183/183/183 181/181/181 180/180/180
f 185/185/185 184/184/184 188/188/188
f 188/188/188 187/187/187 186/186/186
f 186/186/186 185/185/185 188/188/188
f 190/190/1069 189/189/1070 193/193/1071
f 193/193/193 192/192/192 191/191/191
f 191/191/191 190/190/190 193/193/193
f 194/194/194 198/198/198 197/197/197
f 197/197/197 196/196/196 195/195/195
f 195/195/195 194/194/194 197/197/197
f 199/199/199 203/203/203 202/202/202
f 202/202/202 201/201/201 200/200/200
f 200/200/200 199/199/199 202/202/202
f 204/204/204 208/208/208 207/207/207
f 207/207/207 206/206/206 205/205/205
f 205/205/205 204/204/204 207/207/207
f 210/210/210 209/209/209 213/213/213
f 213/213/213 212/212/212 211/211/211
f 211/211/211 210/210/210 213/213/213
f 217/217/217 216/216/216 215/215/215
f 217/217/217 215/215/215 214/214/214
f 219/219/219 218/218/218 222/222/222
f 222/222/222 221/221/221 220/220/220
f 220/220/220 219/219/219 222/222/222
f 224/224/224 223/223/223 227/227/227
f 227/227/227 226/226/226 225/225/225
f 225/225/225 224/224/224 227/227/227
f 231/231/231 230/230/230 229/229/229
f 231/231/231 229/229/229 228/228/228
f 235/235/235 234/234/234 233/233/233
f 235/235/235 233/233/233 232/232/232
f 237/237/237 236/236/236 240/240/240
f 240/240/240 239/239/239 238/238/238
f 238/238/238 237/237/237 240/240/240
f 242/242/242 241/241/241 245/245/245
f 245/245/245 244/244/244 243/243/243
f 243/243/243 242/242/242 245/245/245
f 249/249/249 248/248/248 247/247/247
f 249/249/249 247/247/247 246/246/246
f 251/251/251 250/250/250 254/254/254
f 254/254/254 253/253/253 252/252/252
f 252/252/252 251/251/251 254/254/254
f 256/256/256 255/255/255 259/259/259
f 259/259/259 258/258/258 257/257/257
f 257/257/257 256/256/256 259/259/259
f 261/261/261 260/260/260 264/264/264
f 264/264/264 263/263/263 262/262/262
f 262/262/262 261/261/261 264/264/264
f 268/268/268 267/267/267 266/266/266
f 268/268/268 266/266/266 265/265/265
f 269/269/269 273/273/273 272/272/272
f 272/272/272 271/271/271 270/270/270
f 270/270/270 269/269/269 272/272/272
f 274/274/274 278/278/278 277/277/277
f 277/277/277 276/276/276 275/275/275
f 275/275/275 274/274/274 277/277/277
f 280/280/280 279/279/279 283/283/283
f 283/283/283 282/282/282 281/281/281
f 281/281/281 280/280/280 283/283/283
f 284/284/284 288/288/288 287/287/287
f 287/287/287 286/286/286 285/285/285
f 285/285/285 284/284/284 287/287/287
f 292/292/292 291/291/291 290/290/290
f 292/292/292 290/290/290 289/289/289
f 293/293/293 297/297/297 296/296/296
f 296/296/296 295/295/295 294/294/294
f 294/294/294 293/293/293 296/296/296
f 298/298/298 302/302/302 301/301/301
f 301/301/301 300/300/300 299/299/299
f 299/299/299 298/298/298 301/301/301
f 306/306/306 305/305/305 304/304/304
f 306/306/306 304/304/304 303/303/303
f 310/310/310 309/309/309 308/308/308
f 310/310/310 308/308/308 307/307/307
f 311/311/311 315/315/315 314/314/314
f 314/314/314 313/313/313 312/312/312
f 312/312/312 311/311/311 314/314/314
f 317/317/317 316/316/316 320/320/320
f 320/320/320 319/319/319 318/318/318
f 318/318/318 317/317/317 320/320/320
f 322/322/1072 321/321/1073 325/325/1074
f 325/325/325 324/324/324 323/323/323
f 323/323/323 322/322/322 325/325/325
f 327/327/327 326/326/326 330/330/330
f 330/330/330 329/329/329 328/328/328
f 328/328/328 327/327/327 330/330/330
f 334/334/334 333/333/333 332/332/332
f 334/334/334 332/332/332 331/331/331
f 336/336/336 335/335/335 339/339/339
f 339/339/339 338/338/338 337/337/337
f 337/337/337 336/336/336 339/339/339
f 341/341/341 340/340/340 344/344/344
f 344/344/344 343/343/343 342/342/342
f 342/342/342 341/341/341 344/344/344
f 346/346/346 345/345/345 349/349/349
f 348/348/348 347/347/347 346/346/346
f 346/346/346 349/349/349 348/348/348
f 353/353/353 352/352/352 351/351/351
f 353/353/353 351/351/351 350/350/350
f 357/357/357 356/356/356 355/355/355
f 357/357/357 355/355/355 354/354/354
f 361/361/361 360/360/360 359/359/359
f 361/361/361 359/359/359 358/358/358
f 365/365/365 364/364/364 363/363/363
f 365/365/365 363/363/363 362/362/362
f 369/369/369 368/368/368 367/367/367
f 369/369/369 367/367/367 366/366/366
f 373/373/373 372/372/372 371/371/371
f 373/373/373 371/371/371 370/370/370
f 377/377/377 376/376/376 375/375/375
f 377/377/377 375/375/375 374/374/374
f 381/381/381 380/380/380 379/379/379
f 381/381/381 379/379/379 378/378/378
f 385/385/385 384/384/384 383/383/383
f 385/385/385 383/383/383 382/382/382
f 389/389/389 388/388/388 387/387/387
f 389/389/389 387/387/387 386/386/386
f 393/393/393 392/392/392 391/391/391
f 393/393/393 391/391/391 390/390/390
f 397/397/397 396/396/396 395/395/395
f 397/397/397 395/395/395 394/394/394
f 401/401/401 400/400/400 399/399/399
f 401/401/401 399/399/399 398/398/398
f 405/405/405 404/404/404 403/403/403
f 405/405/405 403/403/403 402/402/402
f 409/409/409 408/408/408 407/407/407
f 409/409/409 407/407/407 406/406/406
f 413/413/413 412/412/412 411/411/411
f 413/413/413 411/411/411 410/410/410
f 417/417/417 416/416/416 415/415/415
f 417/417/417 415/415/415 414/414/414
f 421/421/421 420/420/420 419/419/419
f 421/421/421 419/419/419 418/418/418
f 425/425/425 424/424/424 423/423/423
f 425/425/425 423/423/423 422/422/422
f 429/429/429 428/428/428 427/427/427
f 429/429/429 427/427/427 426/426/426
f 433/433/433 432/432/432 431/431/431
f 433/433/433 431/431/431 430/430/430
f 437/437/437 436/436/436 435/435/435
f 437/437/437 435/435/435 434/434/434
f 441/441/441 440/440/440 439/439/439
f 441/441/441 439/439/439 438/438/438
f 445/445/445 444/444/444 443/443/443
f 445/445/445 443/443/443 442/442/442
f 447/447/447 446/446/446 450/450/450
f 450/450/450 449/449/449 448/448/448
f 448/448/448 447/447/447 450/450/450
f 452/452/452 451/451/451 455/455/455
f 455/455/455 454/454/454 453/453/453
f 453/453/453 452/452/452 455/455/455
f 457/457/457 456/456/456 460/460/460
f 460/460/460 459/459/459 458/458/458
f 458/458/458 457/457/457 460/460/460
f 461/461/461 465/465/465 464/464/464
f 464/464/464 463/463/463 462/462/462
f 462/462/462 461/461/461 464/464/464
f 466/466/466 470/470/470 469/469/469
f 469/469/469 468/468/468 467/467/467
f 467/467/467 466/466/466 469/469/469
f 471/471/471 475/475/475 474/474/474
f 474/474/474 473/473/473 472/472/472
f 472/472/472 471/471/471 474/474/474
f 477/477/477 476/476/476 480/480/480
f 480/480/480 479/479/479 478/478/478
f 478/478/478 477/477/477 480/480/480
f 482/482/482 481/481/481 485/485/485
f 485/485/485 484/484/484 483/483/483
f 483/483/483 482/482/482 485/485/485
f 489/489/489 488/488/488 487/487/487
f 489/489/489 487/487/487 486/486/486
f 493/493/493 492/492/492 491/491/491
f 493/493/493 491/491/491 490/490/490
f 497/497/497 496/496/496 495/495/495
f 497/497/497 495/495/495 494/494/494
f 501/501/501 500/500/500 499/499/499
f 501/501/501 499/499/499 498/498/498
f 505/505/505 504/504/504 503/503/503
f 505/505/505 503/503/503 502/502/502
f 509/509/509 508/508/508 507/507/507
f 509/509/509 507/507/507 506/506/506
f 513/513/513 512/512/512 511/511/511
f 513/513/513 511/511/511 510/510/510
f 517/517/517 516/516/516 515/515/515
f 517/517/517 515/515/515 514/514/514
f 521/521/521 520/520/520 519/519/519
f 521/521/521 519/519/519 518/518/518
f 525/525/525 524/524/524 523/523/523
f 525/525/525 523/523/523 522/522/522
f 529/529/529 528/528/528 527/527/527
f 529/529/529 527/527/527 526/526/526
f 533/533/533 532/532/532 531/531/531
f 533/533/533 531/531/531 530/530/530
f 537/537/537 536/536/536 535/535/535
f 537/537/537 535/535/535 534/534/534
f 541/541/541 540/540/540 539/539/539
f 541/541/541 539/539/539 538/538/538
f 545/545/545 544/544/544 543/543/543
f 545/545/545 543/543/543 542/542/542
f 549/549/549 548/548/548 547/547/547
f 549/549/549 547/547/547 546/546/546
f 553/553/553 552/552/552 551/551/551
f 553/553/553 551/551/551 550/550/550
f 557/557/557 556/556/556 555/555/555
f 557/557/557 555/555/555 554/554/554
f 561/561/561 560/560/560 559/559/559
f 561/561/561 559/559/559 558/558/558
f 565/565/565 564/564/564 563/563/563
f 565/565/565 563/563/563 562/562/562
f 569/569/569 568/568/568 567/567/567
f 569/569/569 567/567/567 566/566/566
f 573/573/573 572/572/572 571/571/571
f 573/573/573 571/571/571 570/570/570
f 577/577/577 576/576/576 575/575/575
f 577/577/577 575/575/575 574/574/574
f 581/581/581 580/580/580 579/579/579
f 581/581/581 579/579/579 578/578/578
f 585/585/585 584/584/584 583/583/583
f 585/585/585 583/583/583 582/582/582
f 589/589/589 588/588/588 587/587/587
f 589/589/589 587/587/587 586/586/586
f 593/593/593 592/592/592 591/591/591
f 593/593/593 591/591/591 590/590/590
f 597/597/597 596/596/596 595/595/595
f 597/597/597 595/595/595 594/594/594
f 601/601/601 600/600/600 599/599/599
f 601/601/601 599/599/599 598/598/598
f 605/605/605 604/604/604 603/603/603
f 605/605/605 603/603/603 602/602/602
f 609/609/609 608/608/608 607/607/607
f 609/609/609 607/607/607 606/606/606
f 613/613/613 612/612/612 611/611/611
f 613/613/613 611/611/611 610/610/610
f 617/617/617 616/616/616 615/615/615
f 617/617/617 615/615/615 614/614/614
f 621/621/621 620/620/620 619/619/619
f 621/621/621 619/619/619 618/618/618
f 625/625/625 624/624/624 623/623/623
f 625/625/625 623/623/623 622/622/622
f 629/629/629 628/628/628 627/627/627
f 629/629/629 627/627/627 626/626/626
f 633/633/633 632/632/632 631/631/631
f 633/633/633 631/631/631 630/630/630
f 637/637/637 636/636/636 635/635/635
f 637/637/637 635/635/635 634/634/634
f 641/641/641 640/640/640 639/639/639
f 641/641/641 639/639/639 638/638/638
f 645/645/645 644/644/644 643/643/643
f 645/645/645 643/643/643 642/642/642
f 649/649/649 648/648/648 647/647/647
f 649/649/649 647/647/647 646/646/646
f 653/653/653 652/652/652 651/651/651
f 653/653/653 651/651/651 650/650/650
f 657/657/657 656/656/656 655/655/655
f 657/657/657 655/655/655 654/654/654
f 661/661/661 660/660/660 659/659/659
f 661/661/661 659/659/659 658/658/658
f 665/665/665 664/664/664 663/663/663
f 665/665/665 663/663/663 662/662/662
f 669/669/669 668/668/668 667/667/667
f 669/669/669 667/667/667 666/666/666
f 673/673/673 672/672/672 671/671/671
f 673/673/673 671/671/671 670/670/670
f 677/677/677 676/676/676 675/675/675
f 677/677/677 675/675/675 674/674/674
f 681/681/681 680/680/680 679/679/679
f 681/681/681 679/679/679 678/678/678
f 685/685/685 684/684/684 683/683/683
f 685/685/685 683/683/683 682/682/682
f 689/689/689 688/688/688 687/687/687
f 689/689/689 687/687/687 686/686/686
f 693/693/693 692/692/692 691/691/691
f 693/693/693 691/691/691 690/690/690
f 697/697/697 696/696/696 695/695/695
f 697/697/697 695/695/695 694/694/694
f 701/701/701 700/700/700 699/699/699
f 701/701/701 699/699/699 698/698/698
f 705/705/705 704/704/704 703/703/703
f 705/705/705 703/703/703 702/702/702
f 709/709/709 708/708/708 707/707/707
f 709/709/709 707/707/707 706/706/706
f 713/713/713 712/712/712 711/711/711
f 713/713/713 711/711/711 710/710/710
f 717/717/717 716/716/716 715/715/715
f 717/717/717 715/715/715 714/714/714
f 721/721/721 720/720/720 719/719/719
f 721/721/721 719/719/719 718/718/718
f 725/725/725 724/724/724 723/723/723
f 725/725/725 723/723/723 722/722/722
f 729/729/729 728/728/728 727/727/727
f 729/729/729 727/727/727 726/726/726
f 733/733/733 732/732/732 731/731/731
f 733/733/733 731/731/731 730/730/730
f 737/737/737 736/736/736 735/735/735
f 737/737/737 735/735/735 734/734/734
f 741/741/741 740/740/740 739/739/739
f 741/741/741 739/739/739 738/738/738
f 745/745/745 744/744/744 743/743/743
f 745/745/745 743/743/743 742/742/742
f 749/749/749 748/748/748 747/747/747
f 749/749/749 747/747/747 746/746/746
f 753/753/753 752/752/752 751/751/751
f 753/753/753 751/751/751 750/750/750
f 757/757/757 756/756/756 755/755/755
f 757/757/757 755/755/755 754/754/754
f 761/761/761 760/760/760 759/759/759
f 761/761/761 759/759/759 758/758/758
f 765/765/765 764/764/764 763/763/763
f 765/765/765 763/763/763 762/762/762
f 769/769/769 768/768/768 767/767/767
f 769/769/769 767/767/767 766/766/766
f 773/773/773 772/772/772 771/771/771
f 773/773/773 771/771/771 770/770/770
f 777/777/777 776/776/776 775/775/775
f 777/777/777 775/775/775 774/774/774
f 781/781/781 780/780/780 779/779/779
f 781/781/781 779/779/779 778/778/778
f 785/785/785 784/784/784 783/783/783
f 785/785/785 783/783/783 782/782/782
f 789/789/789 788/788/788 787/787/787
f 789/789/789 787/787/787 786/786/786
f 793/793/793 792/792/792 791/791/791
f 793/793/793 791/791/791 790/790/790
f 797/797/797 796/796/796 795/795/795
f 797/797/797 795/795/795 794/794/794
f 801/801/801 800/800/800 799/799/799
f 801/801/801 799/799/799 798/798/798
f 805/805/805 804/804/804 803/803/803
f 805/805/805 803/803/803 802/802/802
f 809/809/809 808/808/808 807/807/807
f 809/809/809 807/807/807 806/806/806
f 813/813/813 812/812/812 811/811/811
f 813/813/813 811/811/811 810/810/810
f 817/817/817 816/816/816 815/815/815
f 817/817/817 815/815/815 814/814/814
f 821/821/821 820/820/820 819/819/819
f 821/821/821 819/819/819 818/818/818
f 825/825/825 824/824/824 823/823/823
f 825/825/825 823/823/823 822/822/822
f 829/829/829 828/828/828 827/827/827
f 829/829/829 827/827/827 826/826/826
f 833/833/833 832/832/832 831/831/831
f 833/833/833 831/831/831 830/830/830
f 837/837/837 836/836/836 835/835/835
f 837/837/837 835/835/835 834/834/834
f 841/841/841 840/840/840 839/839/839
f 841/841/841 839/839/839 838/838/838
f 845/845/845 844/844/844 843/843/843
f 845/845/845 843/843/843 842/842/842
f 849/849/849 848/848/848 847/847/847
f 849/849/849 847/847/847 846/846/846
f 853/853/853 852/852/852 851/851/851
f 853/853/853 851/851/851 850/850/850
f 857/857/857 856/856/856 855/855/855
f 857/857/857 855/855/855 854/854/854
f 861/861/861 860/860/860 859/859/859
f 861/861/861 859/859/859 858/858/858
f 865/865/865 864/864/864 863/863/863
f 865/865/865 863/863/863 862/862/862
f 869/869/869 868/868/868 867/867/867
f 869/869/869 867/867/867 866/866/866
f 873/873/873 872/872/872 871/871/871
f 873/873/873 871/871/871 870/870/870
f 877/877/877 876/876/876 875/875/875
f 877/877/877 875/875/875 874/874/874
f 881/881/881 880/880/880 879/879/879
f 881/881/881 879/879/879 878/878/878
f 885/885/885 884/884/884 883/883/883
f 885/885/885 883/883/883 882/882/882
f 889/889/889 888/888/888 887/887/887
f 889/889/889 887/887/887 886/886/886
f 893/893/893 892/892/892 891/891/891
f 893/893/893 891/891/891 890/890/890
f 897/897/897 896/896/896 895/895/895
f 897/897/897 895/895/895 894/894/894
f 901/901/901 900/900/900 899/899/899
f 901/901/901 899/899/899 898/898/898
f 905/905/905 904/904/904 903/903/903
f 905/905/905 903/903/903 902/902/902
f 909/909/909 908/908/908 907/907/907
f 909/909/909 907/907/907 906/906/906
f 913/913/913 912/912/912 911/911/911
f 913/913/913 911/911/911 910/910/910
f 917/917/917 916/916/916 915/915/915
f 917/917/917 915/915/915 914/914/914
f 921/921/921 920/920/920 919/919/919
f 921/921/921 919/919/919 918/918/918
f 925/925/925 924/924/924 923/923/923
f 925/925/925 923/923/923 922/922/922
f 929/929/929 928/928/928 927/927/927
f 929/929/929 927/927/927 926/926/926
f 933/933/933 932/932/932 931/931/931
f 933/933/933 931/931/931 930/930/930
f 937/937/937 936/936/936 935/935/935
f 937/937/937 935/935/935 934/934/934
f 941/941/941 940/940/940 939/939/939
f 941/941/941 939/939/939 938/938/938
f 945/945/945 944/944/944 943/943/943
f 945/945/945 943/943/943 942/942/942
f 949/949/949 948/948/948 947/947/947
f 949/949/949 947/947/947 946/946/946
f 953/953/953 952/952/952 951/951/951
f 953/953/953 951/951/951 950/950/950
f 957/957/957 956/956/956 955/955/955
f 957/957/957 955/955/955 954/954/954
f 961/961/961 960/960/960 959/959/959
f 961/961/961 959/959/959 958/958/958
f 965/965/965 964/964/964 963/963/963
f 965/965/965 963/963/963 962/962/962
f 969/969/969 968/968/968 967/967/967
f 969/969/969 967/967/967 966/966/966
f 973/973/973 972/972/972 971/971/971
f 973/973/973 971/971/971 970/970/970
f 977/977/977 976/976/976 975/975/975
f 977/977/977 975/975/975 974/974/974
f 981/981/981 980/980/980 979/979/979
f 981/981/981 979/979/979 978/978/978
f 985/985/985 984/984/984 983/983/983
f 985/985/985 983/983/983 982/982/982
f 987/987/987 986/986/986 990/990/990
f 990/990/990 989/989/989 988/988/988
f 988/988/988 987/987/987 990/990/990
f 992/992/992 991/991/991 995/995/995
f 995/995/995 994/994/994 993/993/993
f 993/993/993 992/992/992 995/995/995
f 997/997/997 996/996/996 1000/1000/1000
f 1000/1000/1000 999/999/999 998/998/998
f 998/998/998 997/997/997 1000/1000/1000
f 1004/1004/1004 1003/1003/1003 1002/1002/1002
f 1004/1004/1004 1002/1002/1002 1001/1001/1001
f 1006/1006/1006 1005/1005/1005 1042/1042/1042
f 1042/1042/1042 1041/1041/1041 1040/1040/1040
f 1040/1040/1040 1039/1039/1039 1038/1038/1038
f 1038/1038/1038 1037/1037/1037 1036/1036/1036
f 1036/1036/1036 1035/1035/1035 1034/1034/1034
f 1034/1034/1034 1033/1033/1033 1032/1032/1032
f 1032/1032/1032 1031/1031/1031 1030/1030/1030
f 1030/1030/1030 1029/1029/1029 1028/1028/1028
f 1028/1028/1028 1027/1027/1027 1026/1026/1026
f 1026/1026/1026 1025/1025/1025 1024/1024/1024
f 1024/1024/1024 1023/1023/1023 1022/1022/1022
f 1022/1022/1022 1021/1021/1021 1020/1020/1020
f 1020/1020/1020 1019/1019/1019 1018/1018/1018
f 1018/1018/1018 1017/1017/1017 1016/1016/1016
f 1016/1016/1016 1015/1015/1015 1014/1014/1014
f 1014/1014/1014 1013/1013/1013 1012/1012/1012
f 1012/1012/1012 1011/1011/1011 1010/1010/1010
f 1010/1010/1010 1009/1009/1009 1008/1008/1008
f 1008/1008/1008 1007/1007/1007 1006/1006/1006
f 1006/1006/1006 1042/1042/1042 1040/1040/1040
f 1040/1040/1040 1038/1038/1038 1036/1036/1036
f 1036/1036/1036 1034/1034/1034 1032/1032/1032
f 1032/1032/1032 1030/1030/1030 1028/1028/1028
f 1028/1028/1028 1026/1026/1026 1024/1024/1024
f 1024/1024/1024 1022/1022/1022 1020/1020/1020
f 1020/1020/1020 1018/1018/1018 1016/1016/1016
f 1016/1016/1016 1014/1014/1014 1012/1012/1012
f 1012/1012/1012 1010/1010/1010 1008/1008/1008
f 1008/1008/1008 1006/1006/1006 1040/1040/1040
f 1040/1040/1040 1036/1036/1036 1032/1032/1032
f 1032/1032/1032 1028/1028/1028 1024/1024/1024
f 1024/1024/1024 1020/1020/1020 1016/1016/1016
f 1016/1016/1016 1012/1012/1012 1008/1008/1008
f 1008/1008/1008 1040/1040/1040 1032/1032/1032
f 1032/1032/1032 1024/1024/1024 1016/1016/1016
f 1016/1016/1016 1008/1008/1008 1032/1032/1032
f 1044/1044/1044 1043/1043/1043 1062/1062/1062
f 1062/1062/1062 1061/1061/1061 1060/1060/1060
f 1060/1060/1060 1059/1059/1059 1058/1058/1058
f 1058/1058/1058 1057/1057/1057 1056/1056/1056
f 1056/1056/1056 1055/1055/1055 1054/1054/1054
f 1054/1054/1054 1053/1053/1053 1052/1052/1052
f 1052/1052/1052 1051/1051/1051 1050/1050/1050
f 1050/1050/1050 1049/1049/1049 1048/1048/1048
f 1048/1048/1048 1047/1047/1047 1046/1046/1046
f 1046/1046/1046 1045/1045/1045 1044/1044/1044
f 1044/1044/1044 1062/1062/1062 1060/1060/1060
f 1060/1060/1060 1058/1058/1058 1056/1056/1056
f 1056/1056/1056 1054/1054/1054 1052/1052/1052
f 1052/1052/1052 1050/1050/1050 1048/1048/1048
f 1048/1048/1048 1046/1046/1046 1044/1044/1044
f 1044/1044/1044 1060/1060/1060 1056/1056/1056
f 1056/1056/1056 1052/1052/1052 1048/1048/1048
f 1048/1048/1048 1044/1044/1044 1056/1056/1056
