# Generated from MrEliptik tank_1_green.fbx
v 1.046246 0.871637 1.166530
v 1.055348 1.214067 0.924101
v 1.052760 0.876023 1.194469
v 0.422106 0.872947 1.168790
v 0.422107 0.526936 1.051198
v 0.422110 0.872826 1.300670
v -0.413089 1.264537 -0.143387
v 0.411667 1.288365 0.380711
v 0.412947 1.264207 -0.147467
v 1.055348 1.214067 0.924101
v 1.044073 0.872842 1.148679
v 1.043807 0.875992 0.395144
v 1.055185 1.286674 0.395255
v 1.055233 1.163652 -1.191869
v 1.054828 1.220628 -0.692784
v 1.055202 1.207788 -0.680779
v 1.055486 0.540334 -1.226457
v 1.053023 0.850851 -1.238346
v 1.046114 0.884281 -1.205363
v 0.981328 0.872837 -1.343931
v 0.977470 0.540480 -1.345368
v 0.961141 0.872859 -1.347968
v 0.182891 1.193269 0.324581
v 0.182891 1.376444 0.324581
v 0.000000 1.379616 0.350790
v 0.000000 1.376444 0.360960
v 0.000000 1.193269 0.360960
v 0.000000 1.190097 0.350790
v -0.000000 1.193269 -0.646005
v -0.000000 1.376444 -0.646005
v -0.000000 1.379616 -0.635834
v 0.182891 1.376444 -0.609626
v 0.182891 1.193269 -0.609626
v -0.000000 1.190097 -0.635834
v 1.035849 0.537298 -1.164266
v 1.044393 0.536785 -1.182257
v 1.035850 0.537298 -0.274426
v 0.451400 0.538139 -1.158413
v 0.451460 0.638577 0.873377
v 0.451301 0.536467 0.873505
v -1.053034 0.847153 -1.238394
v -1.055487 0.540333 -1.226455
v -1.046126 0.884597 -1.205489
v -0.451460 0.638577 -1.158421
v -0.451384 0.537625 -1.158474
v -0.451344 0.537016 0.873443
v 0.000001 0.294688 0.914041
v -0.412137 0.869729 1.158482
v -0.412131 0.294688 0.914042
v -0.412132 0.294716 -1.197749
v -0.412171 1.155261 -1.197749
v 0.412167 1.155258 -1.197749
v 0.412131 0.294716 -1.197749
v -0.000001 0.294716 -1.197749
v -0.451384 0.537625 -1.158474
v -0.422486 0.294714 -1.187388
v -0.451344 0.537016 0.873443
v -1.054829 1.220628 -0.692782
v -1.055234 1.163653 -1.191867
v -1.055203 1.207788 -0.680778
v -1.044049 0.872398 -1.188203
v -1.055120 0.540470 -1.187773
v -1.055120 0.540470 -0.680110
v -1.043857 0.875260 -0.680155
v -0.422105 0.872947 1.168790
v -0.422106 0.526936 1.051198
v -0.422106 0.389565 0.964438
v -1.050933 1.308740 0.404318
v -1.053535 1.217243 0.945877
v -1.049307 1.221756 0.965492
v -1.061381 1.269297 -0.731698
v -1.019213 1.250048 -0.711657
v -1.087946 1.263918 -0.726246
v -1.087946 1.263918 -0.726246
v -1.044352 1.241806 -0.703453
v -1.110673 1.255485 -0.717717
v -1.049268 0.872822 -1.275620
v -1.050616 0.540480 -1.271866
v -1.053183 0.869625 -1.255819
v -1.110673 1.255485 -0.717717
v -1.059334 1.232354 -0.694024
v -1.122983 1.245356 -0.707450
v -1.132312 1.302451 -0.167362
v -1.124468 1.332984 0.383538
v -1.122944 1.311382 -0.177231
v 0.000000 1.376444 0.360960
v 0.000000 1.193269 0.360960
v 0.190820 1.193159 0.322264
v 0.193724 1.376554 0.321060
v -1.055220 1.156858 -1.207710
v -1.053034 0.847153 -1.238394
v -1.046126 0.884597 -1.205489
v -1.044864 0.537231 -1.173527
v -1.035851 0.537298 -1.164264
v -1.035850 0.537298 -0.274425
v -1.035850 0.537299 0.879221
v -1.045151 0.537273 0.887886
v -1.035850 0.537298 -0.274425
v 1.015900 0.540471 0.883352
v 1.035851 0.537299 0.879220
v 1.021743 0.537299 0.893327
v 1.015899 0.540471 -1.168398
v 1.035849 0.537298 -1.164266
v 1.025874 0.540471 -1.158422
v 0.428629 1.161257 -1.194322
v 0.412167 1.155258 -1.197749
v 0.412131 1.159334 -1.188190
v 0.461063 0.534129 0.883731
v 0.451301 0.536467 0.873505
v 0.461435 0.540471 0.883352
v 0.412132 1.205363 0.914979
v 0.422100 1.208858 0.921985
v 0.412132 1.209822 0.903707
v 0.412132 0.869732 1.158481
v 0.422106 0.872947 1.168790
v 0.412132 0.875964 1.157543
v 0.412947 1.264207 -0.147467
v 0.427804 1.267742 -0.134519
v 0.427804 1.266279 -0.153904
v 0.422107 1.291591 0.376352
v 0.411667 1.288365 0.380711
v 0.422107 1.290630 0.396072
v 0.537588 1.188412 -1.310406
v 0.521172 1.182003 -1.312714
v 0.521215 1.186789 -1.301819
v 0.432083 1.240194 1.022418
v 0.422116 1.235733 1.021825
v 0.432083 1.235708 1.033726
v 0.432083 0.875957 1.309703
v 0.422110 0.872826 1.300670
v 0.432083 0.869784 1.309828
v 0.431401 1.338334 0.397461
v 0.422563 1.333002 0.407737
v 0.432082 1.335239 0.417106
v 0.537588 1.257618 -0.719270
v 0.521755 1.250852 -0.722573
v 0.527613 1.258624 -0.709809
v 0.521916 1.308304 -0.185265
v 0.525853 1.315374 -0.170159
v 0.527613 1.313951 -0.189440
v 1.139059 0.540471 0.385091
v 1.138917 0.537299 0.375115
v 1.149035 0.540470 0.375115
v 1.139058 0.540471 -0.670136
v 1.149035 0.540470 -0.660161
v 1.138916 0.537298 -0.660161
v 0.537588 1.279707 -0.742492
v 0.527613 1.280854 -0.733180
v 0.537578 1.283722 -0.736195
v 0.537935 1.339960 -0.206418
v 0.527613 1.336763 -0.206044
v 0.527613 1.338194 -0.186607
v 0.531248 1.362982 0.397142
v 0.537583 1.365636 0.385969
v 0.520154 1.363661 0.386795
v 1.049213 1.166220 -1.247213
v 1.041797 1.175445 -1.253659
v 1.049192 1.171341 -1.235632
v 0.950549 0.537298 -1.340025
v 0.941560 0.540470 -1.350000
v 0.977470 0.540480 -1.345368
v 1.055486 0.540334 -1.226457
v 1.045251 0.537298 -1.244781
v 1.053290 0.540470 -1.255542
v 0.987308 0.537298 -1.332674
v 0.977470 0.540480 -1.345368
v 0.999496 0.540470 -1.336503
v 1.030453 1.226880 1.000265
v 1.025355 1.233163 0.993654
v 1.016722 1.230070 1.012167
v 1.049306 1.221756 0.965501
v 1.041887 1.227866 0.973151
v 1.041886 1.223054 0.985300
v 0.981946 0.875961 1.303554
v 0.999977 0.869758 1.295877
v 0.999981 0.875986 1.295743
v 1.045252 0.533904 0.958286
v 1.055496 0.538286 0.948955
v 1.053313 0.536216 0.970996
v 1.054828 1.220628 -0.692784
v 1.059647 1.231777 -0.693443
v 1.065202 1.220767 -0.682480
v 1.046887 1.232908 -0.704951
v 1.048899 1.239237 -0.700876
v 1.059647 1.231777 -0.693443
v 0.188782 1.190097 -0.598283
v 0.182891 1.193269 -0.609626
v 0.200968 1.193269 -0.602138
v 0.188782 1.379616 -0.598283
v 0.200968 1.376444 -0.602138
v 0.182891 1.376444 -0.609626
v 0.455761 1.190097 0.046260
v 0.467103 1.193269 0.040368
v 0.459615 1.193269 0.058446
v 0.348824 1.379616 0.206302
v 0.347722 1.376444 0.219035
v 0.361558 1.376444 0.205199
v 0.188783 1.190097 0.313238
v 0.200969 1.193269 0.317093
v 0.182891 1.193269 0.324581
v 0.188783 1.379616 0.313238
v 0.182891 1.376444 0.324581
v 0.200969 1.376444 0.317093
v -0.188782 1.190097 -0.598283
v -0.200969 1.193269 -0.602138
v -0.182891 1.193269 -0.609626
v 1.055119 0.540470 -1.187774
v 1.044393 0.536785 -1.182257
v 1.048904 0.534844 -1.207725
v 1.015899 0.638577 -1.168398
v 1.025874 0.638577 -1.158422
v 1.015899 0.641749 -1.158422
v 0.461435 0.638577 0.883352
v 0.451460 0.638577 0.873377
v 0.461435 0.641749 0.873377
v 1.015900 0.638577 0.883352
v 1.015900 0.641749 0.873377
v 1.025875 0.638577 0.873377
v 0.451458 0.638577 -1.158422
v 0.461434 0.638577 -1.168397
v 0.461434 0.641749 -1.158422
v -1.015899 0.540471 0.883353
v -1.035850 0.537299 0.879221
v -1.025874 0.540471 0.873378
v -1.025876 0.540470 -1.158421
v -1.021744 0.537298 -1.178372
v -1.015900 0.540471 -1.168396
v -0.412171 1.155261 -1.197749
v -0.428630 1.161257 -1.194321
v -0.412208 1.159329 -1.188207
v -0.451344 0.537016 0.873443
v -0.461062 0.534129 0.883731
v -0.461434 0.540471 0.883353
v -0.422099 1.208858 0.921985
v -0.412131 1.205363 0.914979
v -0.412131 1.209822 0.903708
v -0.422105 0.872947 1.168790
v -0.412137 0.869729 1.158482
v -0.412111 0.875957 1.157547
v -0.427804 1.267742 -0.134518
v -0.413089 1.264537 -0.143387
v -0.427804 1.266279 -0.153904
v -1.064916 1.284887 0.385144
v -1.055130 1.283749 0.395067
v -1.055249 1.297692 0.398652
v -0.411918 1.288210 0.386871
v -0.422106 1.291591 0.376353
v -0.422106 1.290630 0.396073
v -0.521174 1.182003 -1.312714
v -0.537590 1.188412 -1.310406
v -0.521217 1.186789 -1.301818
v -0.537590 0.540470 -1.349999
v -0.521932 0.537673 -1.341800
v -0.536343 0.534186 -1.348071
v -0.422114 1.235733 1.021825
v -0.432081 1.240194 1.022418
v -0.432081 1.235708 1.033727
v -0.422108 0.872826 1.300671
v -0.432081 0.875957 1.309704
v -0.432081 0.869784 1.309829
v -0.527614 1.258624 -0.709808
v -0.521782 1.250879 -0.722548
v -0.537589 1.257618 -0.719269
v -0.521916 1.308304 -0.185264
v -0.525853 1.315374 -0.170159
v -0.520053 1.309695 -0.165853
v -1.139059 0.540471 0.385092
v -1.149035 0.540470 0.375117
v -1.138916 0.537299 0.375117
v -1.139059 0.540471 -0.670135
v -1.138917 0.537298 -0.660160
v -1.149035 0.540470 -0.660160
v -0.537589 1.279707 -0.742491
v -0.537578 1.283722 -0.736195
v -0.527614 1.280854 -0.733179
v -0.531247 1.362982 0.397143
v -0.520153 1.363661 0.386796
v -0.537582 1.365636 0.385970
v -1.053580 1.164091 -1.222951
v -1.055220 1.156858 -1.207710
v -1.055234 1.163653 -1.191867
v -1.041799 1.175445 -1.253658
v -1.049215 1.166220 -1.247212
v -1.049194 1.171341 -1.235630
v -0.950551 0.537298 -1.340023
v -0.977472 0.540480 -1.345367
v -0.941562 0.540470 -1.349999
v -1.055487 0.540333 -1.226455
v -1.050616 0.540480 -1.271866
v -1.040867 0.537521 -1.273228
v -0.987310 0.537298 -1.332673
v -0.999498 0.540470 -1.336501
v -0.977472 0.540480 -1.345367
v -1.040867 0.537521 -1.273228
v -1.050616 0.540480 -1.271866
v -1.041813 0.540470 -1.293955
v -1.059768 1.312120 0.394558
v -1.055249 1.297692 0.398652
v -1.050933 1.308740 0.404318
v -1.050933 1.308740 0.404318
v -1.048623 1.320287 0.398792
v -1.059768 1.312120 0.394558
v -1.025375 1.233161 0.993629
v -1.030452 1.226880 1.000267
v -1.016720 1.230070 1.012168
v -1.041886 1.227866 0.973152
v -1.049307 1.221756 0.965492
v -1.041885 1.223054 0.985301
v -1.016839 0.875986 1.283979
v -1.029902 0.872854 1.271605
v -1.016849 0.869758 1.284104
v -0.981945 0.875961 1.303555
v -0.999975 0.869758 1.295878
v -0.981949 0.869781 1.303681
v -1.045251 0.533904 0.958287
v -1.053311 0.536216 0.970997
v -1.055495 0.538286 0.948957
v -1.059334 1.232354 -0.694024
v -1.054829 1.220628 -0.692782
v -1.065202 1.220767 -0.682478
v -1.117055 1.330903 0.393553
v -1.124468 1.332984 0.383538
v -1.131390 1.324486 0.381926
v -1.117055 1.330903 0.393553
v -1.109880 1.342247 0.385309
v -1.124468 1.332984 0.383538
v -0.000000 1.190097 -0.656175
v -0.000000 1.193269 -0.646005
v -0.000000 1.190097 -0.635834
v -0.000000 1.379616 -0.656175
v -0.000000 1.376444 -0.646005
v -0.000000 1.379616 -0.635834
v -0.188783 1.190097 -0.598283
v -0.200969 1.193269 -0.602137
v -0.182891 1.193269 -0.609625
v -0.188783 1.379616 -0.598283
v -0.182891 1.376444 -0.609625
v -0.200969 1.376444 -0.602137
v -0.348824 1.190097 -0.491346
v -0.361558 1.193269 -0.490244
v -0.347722 1.193269 -0.504080
v -0.188782 1.190097 0.313239
v -0.182891 1.193269 0.324581
v -0.200968 1.193269 0.317093
v -0.188782 1.379616 0.313239
v -0.200968 1.376444 0.317093
v -0.182891 1.376444 0.324581
v 0.000000 1.190097 0.371131
v 0.000000 1.193269 0.360960
v 0.000000 1.190097 0.350790
v 0.000000 1.379616 0.371131
v 0.000000 1.376444 0.360960
v 0.000000 1.379616 0.350790
v 0.188782 1.379616 -0.598283
v 0.200968 1.376444 -0.602138
v 0.182890 1.376444 -0.609626
v -0.422486 0.294714 -1.187388
v -0.433188 0.300840 -1.197123
v -0.436056 0.301648 -1.201235
v -0.427789 0.318387 -1.205948
v -0.412132 0.294716 -1.197749
v -0.412132 0.291544 -1.187773
v -1.015900 0.638577 -1.168396
v -1.015900 0.641749 -1.158421
v -1.025876 0.638577 -1.158421
v -0.461434 0.638577 0.883353
v -0.461434 0.641749 0.873378
v -0.451458 0.638577 0.873378
v -1.015899 0.638577 0.883353
v -1.025874 0.638577 0.873378
v -1.015899 0.641749 0.873378
v -0.451460 0.638577 -1.158421
v -0.461435 0.641749 -1.158421
v -0.461435 0.638577 -1.168397
v 0.412131 1.159334 -1.188190
v 0.412167 1.155258 -1.197749
v -0.412208 1.159329 -1.188207
v 0.422486 0.294714 0.902344
v 0.412132 0.291544 0.902729
v 0.422525 0.294685 -1.189632
v 0.428201 1.020882 -1.206098
v 0.412167 1.155258 -1.197749
v 0.428629 1.156575 -1.205297
v 1.044572 0.537188 0.889210
v 1.055119 0.540471 0.395066
v 1.055120 0.540471 0.904795
v 0.537588 1.257618 -0.719270
v 0.527613 1.280854 -0.733180
v 0.537588 1.279707 -0.742492
v 0.422107 1.290630 0.396072
v 0.422563 1.333002 0.407737
v 0.422107 1.291591 0.376352
v 1.054690 1.300435 0.400548
v 1.059715 1.312640 0.394581
v 1.047055 1.312927 0.406615
v 1.065090 1.300473 0.389211
v 1.119249 1.327401 0.392978
v 1.059715 1.312640 0.394581
v 1.117334 1.338485 0.384424
v 1.119249 1.327401 0.392978
v 1.130426 1.326234 0.382164
v 1.047055 1.312927 0.406615
v 1.045255 1.322432 0.399769
v 1.024758 1.324503 0.412096
v 1.091221 1.349270 0.386615
v 1.106261 1.338657 0.395497
v 1.117334 1.338485 0.384424
v 1.024758 1.324503 0.412096
v 0.994272 1.336804 0.405779
v 0.990763 1.332241 0.415771
v 1.055175 1.356785 0.388055
v 1.081292 1.348238 0.397354
v 1.091221 1.349270 0.386615
v 1.095991 1.266851 -0.718820
v 1.108075 1.256717 -0.718975
v 1.087945 1.263918 -0.726247
v 1.046887 1.232908 -0.704951
v 1.032944 1.246333 -0.707962
v 1.048899 1.239237 -0.700876
v 1.060665 1.273768 -0.726000
v 1.087945 1.263918 -0.726247
v 1.061380 1.269297 -0.731699
v 1.024402 1.243603 -0.715566
v 0.995223 1.254505 -0.716135
v 1.032944 1.246333 -0.707962
v 0.989965 1.250808 -0.722711
v 0.950930 1.257496 -0.719145
v 0.995223 1.254505 -0.716135
v 1.048138 0.540254 -1.279175
v 1.053290 0.540470 -1.255542
v 1.045251 0.537298 -1.244781
v 1.017647 0.537298 -1.312294
v 1.041812 0.540470 -1.293956
v 1.048138 0.540254 -1.279175
v 0.987308 0.537298 -1.332674
v 1.023888 0.540358 -1.318745
v 1.017647 0.537298 -1.312294
v 1.016722 1.230070 1.012167
v 0.991987 1.238208 1.014108
v 0.991888 1.233666 1.025728
v 1.041886 1.223054 0.985300
v 1.025355 1.233163 0.993654
v 1.030453 1.226880 1.000265
v 1.049306 1.221756 0.965501
v 1.047055 1.312927 0.406615
v 1.041887 1.227866 0.973151
v 1.055348 1.214067 0.924101
v 1.054690 1.300435 0.400548
v 1.053534 1.217244 0.945899
v 0.952302 0.875725 1.309270
v 0.981950 0.869781 1.303679
v 0.981946 0.875961 1.303554
v 0.999981 0.875986 1.295743
v 1.016850 0.869758 1.284103
v 1.016841 0.875986 1.283978
v 1.017893 0.528995 1.024203
v 1.047111 0.534089 0.998329
v 1.025676 0.531627 1.031323
v 1.037995 0.531214 0.994414
v 1.053313 0.536216 0.970996
v 1.047111 0.534089 0.998329
v 1.049192 1.171341 -1.235632
v 1.053578 1.164091 -1.222957
v 1.049213 1.166220 -1.247213
v 1.024770 1.181074 -1.277580
v 1.041759 1.170590 -1.264892
v 1.030165 1.174636 -1.281962
v 0.991026 1.186346 -1.300944
v 1.016365 1.178118 -1.295506
v 0.999052 1.180816 -1.306886
v 0.950560 1.188246 -1.310151
v 0.980989 1.182763 -1.314224
v 0.949311 1.184043 -1.319768
v 0.941383 0.872866 -1.349924
v 0.949311 1.184043 -1.319768
v 0.961141 0.872859 -1.347968
v 0.999981 0.875986 1.295743
v 0.991888 1.233666 1.025728
v 0.981946 0.875961 1.303554
v 1.120962 1.257177 -0.708856
v 1.113517 1.316724 -0.180909
v 1.122944 1.311381 -0.177233
v 1.065202 1.220767 -0.682480
v 1.055202 1.207788 -0.680779
v 1.054828 1.220628 -0.692784
v 0.537506 0.537386 -1.349676
v 0.941560 0.540470 -1.350000
v 0.950549 0.537298 -1.340025
v 1.055185 1.286674 0.395255
v 1.065090 1.300473 0.389211
v 1.054690 1.300435 0.400548
v 1.048805 0.534071 0.922571
v 1.055496 0.538286 0.948955
v 1.045252 0.533904 0.958286
v 0.182891 1.193269 -0.609626
v -0.000000 1.190097 -0.635834
v -0.000000 1.190097 -0.656175
v 0.182891 1.376444 -0.609626
v -0.000000 1.379616 -0.635834
v 0.188782 1.379616 -0.598283
v 0.355172 1.193221 0.212649
v 0.361558 1.376444 0.205199
v 0.347722 1.376444 0.219035
v 0.182891 1.193269 0.324581
v 0.000000 1.190097 0.350790
v 0.188783 1.190097 0.313238
v 0.182891 1.376444 0.324581
v 0.000000 1.379616 0.350790
v 0.000000 1.379616 0.371131
v 1.015899 0.540471 -1.168398
v 0.461212 0.536401 -1.168537
v 1.021742 0.537298 -1.178373
v 1.025874 0.540471 -1.158422
v 1.035850 0.537298 -0.274426
v 1.025875 0.540471 0.873377
v 1.025875 0.540471 0.873377
v 1.035850 0.537298 -0.274426
v 1.035851 0.537299 0.879220
v 1.035850 0.537298 -0.274426
v 1.044393 0.536785 -1.182257
v 1.046904 0.537286 -0.661847
v 1.021742 0.537298 -1.178373
v 1.044393 0.536785 -1.182257
v 1.035849 0.537298 -1.164266
v 1.044572 0.537188 0.889210
v 1.021743 0.537299 0.893327
v 1.035851 0.537299 0.879220
v 1.035850 0.537298 -0.274426
v 1.045252 0.537299 0.375115
v 1.044572 0.537188 0.889210
v 0.461435 0.641749 0.873377
v 0.451460 0.638577 0.873377
v 0.461434 0.641749 -1.158422
v -1.055338 1.212833 0.929083
v -1.055249 1.297692 0.398652
v -1.055130 1.283749 0.395067
v -0.000001 0.294716 -1.197749
v -0.412132 0.291544 -1.187773
v -0.412132 0.294716 -1.197749
v -0.412171 1.155261 -1.197749
v -0.412208 1.159329 -1.188207
v 0.412167 1.155258 -1.197749
v -0.412131 0.294688 0.914042
v -0.412131 0.291544 0.902730
v 0.000001 0.294688 0.914041
v -0.412131 0.291544 0.902730
v -0.422485 0.294714 0.902344
v -0.422486 0.294714 -1.187388
v -0.412171 1.155261 -1.197749
v -0.428204 1.020929 -1.206098
v -0.428630 1.156575 -1.205296
v -0.412131 0.291544 0.902730
v -0.422486 0.294714 -1.187388
v -0.412132 0.291544 -1.187773
v -1.065096 0.540471 -0.670135
v -1.138917 0.537298 -0.660160
v -1.139059 0.540471 -0.670135
v -1.055119 0.540471 0.395067
v -1.045151 0.537273 0.887886
v -1.055119 0.540471 0.904796
v -0.527614 1.280854 -0.733179
v -0.537589 1.257618 -0.719269
v -0.537589 1.279707 -0.742491
v -0.527614 1.313951 -0.189440
v -0.527625 1.337985 -0.192164
v -0.525853 1.315374 -0.170159
v -0.422604 1.333301 0.406426
v -0.422106 1.290630 0.396073
v -0.422106 1.291591 0.376353
v -1.117055 1.330903 0.393553
v -1.065089 1.300473 0.389212
v -1.059768 1.312120 0.394558
v -1.031224 1.328404 0.402414
v -1.041846 1.316323 0.408321
v -1.024760 1.324499 0.412112
v -1.103174 1.340275 0.395583
v -1.091220 1.349270 0.386616
v -1.109880 1.342247 0.385309
v -0.995639 1.336532 0.405818
v -1.024760 1.324499 0.412112
v -0.990920 1.332239 0.415664
v -1.084116 1.347518 0.397048
v -1.055174 1.356785 0.388056
v -1.091220 1.349270 0.386616
v -1.122983 1.245356 -0.707450
v -1.120963 1.257177 -0.708855
v -1.110673 1.255485 -0.717717
v -1.059334 1.232354 -0.694024
v -1.110673 1.255485 -0.717717
v -1.044352 1.241806 -0.703453
v -1.110673 1.255485 -0.717717
v -1.095991 1.266851 -0.718818
v -1.087946 1.263918 -0.726246
v -1.044352 1.241806 -0.703453
v -1.087946 1.263918 -0.726246
v -1.019213 1.250048 -0.711657
v -1.087946 1.263918 -0.726246
v -1.060666 1.273768 -0.725999
v -1.061381 1.269297 -0.731698
v -1.041813 0.540470 -1.293955
v -1.017648 0.537298 -1.312293
v -1.040867 0.537521 -1.273228
v -1.023891 0.540358 -1.318742
v -0.987310 0.537298 -1.332673
v -1.017648 0.537298 -1.312293
v -0.992004 1.238208 1.014096
v -1.016720 1.230070 1.012168
v -0.991905 1.233665 1.025722
v -1.025375 1.233161 0.993629
v -1.041885 1.223054 0.985301
v -1.030452 1.226880 1.000267
v -0.981949 0.869781 1.303681
v -0.952308 0.875726 1.309271
v -0.981945 0.875961 1.303555
v -1.016849 0.869758 1.284104
v -0.999980 0.875986 1.295744
v -1.016839 0.875986 1.283979
v -1.041929 0.533422 1.008509
v -1.017891 0.528995 1.024205
v -1.025675 0.531627 1.031324
v -1.053580 1.164091 -1.222951
v -1.049194 1.171341 -1.235630
v -1.049215 1.166220 -1.247212
v -1.041761 1.170590 -1.264891
v -1.024771 1.181074 -1.277579
v -1.030167 1.174636 -1.281960
v -1.016367 1.178118 -1.295504
v -0.991028 1.186346 -1.300943
v -0.999053 1.180816 -1.306885
v -0.980991 1.182763 -1.314222
v -0.950562 1.188246 -1.310149
v -0.949321 1.184042 -1.319767
v -0.949321 1.184042 -1.319767
v -0.941385 0.872867 -1.349923
v -0.961144 0.872860 -1.347966
v -0.991905 1.233665 1.025722
v -0.999980 0.875986 1.295744
v -0.981945 0.875961 1.303555
v -1.113517 1.316723 -0.180907
v -1.120963 1.257177 -0.708855
v -1.122944 1.311382 -0.177231
v -1.124468 1.332984 0.383538
v -1.132312 1.302451 -0.167362
v -1.131390 1.324486 0.381926
v -1.055203 1.207788 -0.680778
v -1.065202 1.220767 -0.682478
v -1.054829 1.220628 -0.692782
v -1.055495 0.538286 0.948957
v -1.048804 0.534071 0.922573
v -1.045251 0.533904 0.958287
v -0.000000 1.190097 -0.635834
v -0.182891 1.193269 -0.609625
v -0.000000 1.190097 -0.656175
v -0.000000 1.379616 -0.635834
v -0.182891 1.376444 -0.609625
v -0.188783 1.379616 -0.598283
v 0.000000 1.190097 0.350790
v -0.182891 1.193269 0.324581
v -0.188782 1.190097 0.313239
v 0.000000 1.379616 0.350790
v -0.182891 1.376444 0.324581
v 0.000000 1.379616 0.371131
v 0.193659 1.193185 -0.606135
v 0.182890 1.376444 -0.609626
v 0.200968 1.376444 -0.602138
v -1.035850 0.537298 -0.274425
v -1.025874 0.540471 0.873378
v -1.035850 0.537299 0.879221
v -1.035850 0.537298 -0.274425
v -1.045252 0.537298 -0.660160
v -1.044864 0.537231 -1.173527
v -1.044864 0.537231 -1.173527
v -1.021744 0.537298 -1.178372
v -1.035851 0.537298 -1.164264
v -1.021742 0.537299 0.893329
v -1.045151 0.537273 0.887886
v -1.035850 0.537299 0.879221
v -1.035850 0.537298 -0.274425
v -1.045151 0.537273 0.887886
v -1.045251 0.537299 0.375117
v 0.422563 1.333002 0.407737
v 0.422107 1.290630 0.396072
v 0.422100 1.208858 0.921985
v 0.422116 1.235733 1.021825
v 0.422116 1.235733 1.021825
v 0.422100 1.208858 0.921985
v 0.422106 0.872947 1.168790
v 0.422110 0.872826 1.300670
v 0.412130 1.208477 -0.670163
v 0.412131 1.159334 -1.188190
v -0.412208 1.159329 -1.188207
v -0.412128 1.208535 -0.669591
v 0.422106 0.872947 1.168790
v 0.422107 0.389565 0.964438
v 0.422107 0.526936 1.051198
v 0.521931 0.537673 -1.341801
v 0.427788 0.318387 -1.205948
v 0.428201 1.020882 -1.206098
v 0.522817 0.868670 -1.342335
v 0.451400 0.538139 -1.158413
v 0.451458 0.638577 -1.158422
v 0.451460 0.638577 0.873377
v 0.520154 1.363661 0.386795
v 0.527613 1.338194 -0.186607
v 0.525853 1.315374 -0.170159
v 0.431401 1.338334 0.397461
v 1.025874 0.638577 -1.158422
v 1.025874 0.540471 -1.158422
v 1.025875 0.540471 0.873377
v 1.025875 0.638577 0.873377
v 0.522817 0.868670 -1.342335
v 0.428201 1.020882 -1.206098
v 0.428629 1.156575 -1.205297
v 0.521172 1.182003 -1.312714
v 0.521755 1.250852 -0.722573
v 0.521215 1.186789 -1.301819
v 0.428629 1.161257 -1.194322
v 0.427750 1.210478 -0.677331
v 0.461435 0.641749 0.873377
v 0.461434 0.641749 -1.158422
v 1.015899 0.641749 -1.158422
v 1.015900 0.641749 0.873377
v 1.138775 1.208110 -0.670699
v 1.065165 1.207992 -0.670884
v 1.065202 1.220767 -0.682480
v 1.120700 1.248192 -0.710305
v 1.138597 1.288491 0.385194
v 1.064916 1.284888 0.385142
v 1.053854 0.872941 0.385091
v 1.154047 0.872899 0.385091
v 1.149035 0.540470 0.375115
v 1.149035 0.540470 -0.660161
v 1.163807 0.863867 -0.660342
v 1.164015 0.872469 0.375099
v -0.412131 0.291544 0.902730
v -0.412132 0.291544 -1.187773
v 0.412131 0.291544 -1.187774
v 0.412132 0.291544 0.902729
v 0.950549 0.537298 -1.340025
v 0.987308 0.537298 -1.332674
v 1.017647 0.537298 -1.312294
v 1.048138 0.540254 -1.279175
v 1.045251 0.537298 -1.244781
v 1.048904 0.534844 -1.207725
v 0.436055 0.301648 -1.201236
v 0.537506 0.537386 -1.349676
v 0.520053 1.309695 -0.165853
v 0.427804 1.267742 -0.134519
v 0.422107 1.291591 0.376352
v 0.422563 1.333002 0.407737
v 0.949311 1.184043 -1.319768
v 0.941383 0.872866 -1.349924
v 0.537642 0.872937 -1.349919
v 0.537588 1.184192 -1.320125
v 0.451400 0.538139 -1.158413
v 0.451301 0.536467 0.873505
v 0.422525 0.294685 -1.189632
v 0.432083 0.875957 1.309703
v 0.952302 0.875725 1.309270
v 0.951888 1.235470 1.033470
v 0.432083 1.235708 1.033726
v 1.055202 1.156797 -1.207846
v 1.046114 0.884281 -1.205363
v 1.053023 0.850851 -1.238346
v 1.046246 0.871637 1.166530
v 1.052760 0.876023 1.194469
v 1.055496 0.538286 0.948955
v 0.451301 0.536467 0.873505
v 0.422486 0.294714 0.902344
v 0.422525 0.294685 -1.189632
v 0.941383 0.872866 -1.349924
v 0.941560 0.540470 -1.350000
v 0.537506 0.537386 -1.349676
v 0.537642 0.872937 -1.349919
v 1.055120 0.540471 0.904795
v 1.055119 0.540471 0.395066
v 1.043807 0.875992 0.395144
v 1.044073 0.872842 1.148679
v 1.138775 1.208110 -0.670699
v 1.154039 0.872824 -0.670137
v 1.053858 0.872921 -0.670136
v 1.065165 1.207992 -0.670884
v 0.948794 1.253476 -0.725349
v 0.950560 1.188246 -1.310151
v 0.537588 1.188412 -1.310406
v 0.537588 1.253561 -0.725521
v 1.055119 0.540470 -0.680112
v 1.055119 0.540470 -1.187774
v 1.044043 0.872433 -1.188163
v 1.043856 0.875257 -0.680157
v 1.045252 0.533904 0.958286
v 1.037995 0.531214 0.994414
v 1.017893 0.528995 1.024203
v 0.987867 0.527516 1.044069
v 0.951502 0.526982 1.051232
v 0.431871 0.523938 1.059160
v 0.431806 0.300081 0.915718
v 1.048805 0.534071 0.922571
v 0.412132 1.209822 0.903707
v 0.411667 1.288365 0.380711
v -0.411918 1.288210 0.386871
v -0.412131 1.209822 0.903708
v 1.139058 0.540471 -0.670136
v 1.065095 0.540471 -0.670136
v 1.053858 0.872921 -0.670136
v 1.154039 0.872824 -0.670137
v 0.432083 1.240194 1.022418
v 0.951851 1.240004 1.022289
v 0.950081 1.335135 0.417040
v 0.432082 1.335239 0.417106
v 0.000001 0.294688 0.914041
v 0.412132 0.294688 0.914041
v 0.412132 0.869732 1.158481
v -0.412137 0.869729 1.158482
v 1.043856 0.875257 -0.680157
v 1.044043 0.872433 -1.188163
v 1.055233 1.163652 -1.191869
v 1.055202 1.207788 -0.680779
v 1.139059 0.540471 0.385091
v 1.154047 0.872899 0.385091
v 1.053854 0.872941 0.385091
v 1.065096 0.540471 0.385091
v 0.412947 1.264207 -0.147467
v 0.412130 1.208477 -0.670163
v -0.412128 1.208535 -0.669591
v -0.413089 1.264537 -0.143387
v 0.537588 1.279707 -0.742492
v 1.024969 1.272637 -0.735080
v 0.950930 1.257496 -0.719145
v 0.537588 1.257618 -0.719270
v 0.537583 1.365636 0.385969
v 1.017208 1.359827 0.388593
v 1.018167 1.334085 -0.192999
v 0.537935 1.339960 -0.206418
v 0.537935 1.339960 -0.206418
v 1.018167 1.334085 -0.192999
v 1.020554 1.276778 -0.729002
v 0.537578 1.283722 -0.736195
v 1.164015 0.872469 0.375099
v 1.163807 0.863867 -0.660342
v 1.148649 1.266283 -0.114485
v 1.148793 1.286313 0.375250
v 1.130426 1.326234 0.382164
v 1.148793 1.286313 0.375250
v 1.148649 1.266283 -0.114485
v 1.132311 1.302451 -0.167374
v 1.046904 0.537286 -0.661847
v 1.138916 0.537298 -0.660161
v 1.138917 0.537299 0.375115
v 0.991026 1.186346 -1.300944
v 0.950560 1.188246 -1.310151
v 0.948794 1.253476 -0.725349
v 0.989965 1.250808 -0.722711
v 0.527613 1.336763 -0.206044
v 0.527613 1.280854 -0.733180
v 0.527613 1.258624 -0.709809
v 0.527613 1.313951 -0.189440
v 1.148975 1.208325 -0.660528
v 1.148649 1.266283 -0.114485
v 1.163807 0.863867 -0.660342
v 1.119249 1.327401 0.392978
v 1.065090 1.300473 0.389211
v 1.064916 1.284888 0.385142
v 1.138597 1.288491 0.385194
v 1.132311 1.302451 -0.167374
v 1.148649 1.266283 -0.114485
v 1.148975 1.208325 -0.660528
v 1.133275 1.246200 -0.697861
v 0.531248 1.362982 0.397142
v 0.448369 1.339788 0.406846
v 0.953522 1.339628 0.406809
v 1.010771 1.357427 0.399228
v 1.025355 1.233163 0.993654
v 1.024758 1.324503 0.412096
v 0.990763 1.332241 0.415771
v 0.991987 1.238208 1.014108
v 0.981946 0.875961 1.303554
v 0.991888 1.233666 1.025728
v 0.951888 1.235470 1.033470
v 0.952302 0.875725 1.309270
v 1.041887 1.227866 0.973151
v 1.047055 1.312927 0.406615
v 1.024758 1.324503 0.412096
v 1.025355 1.233163 0.993654
v 1.053534 1.217244 0.945899
v 1.054690 1.300435 0.400548
v 1.047055 1.312927 0.406615
v 1.049306 1.221756 0.965501
v 1.061380 1.269297 -0.731699
v 1.087945 1.263918 -0.726247
v 1.032944 1.246333 -0.707962
v 0.995223 1.254505 -0.716135
v 0.995223 1.254505 -0.716135
v 0.950930 1.257496 -0.719145
v 1.024969 1.272637 -0.735080
v 1.060665 1.273768 -0.726000
v 1.020554 1.276778 -0.729002
v 1.018167 1.334085 -0.192999
v 1.057919 1.331053 -0.191753
v 1.087945 1.263918 -0.726247
v 1.108075 1.256717 -0.718975
v 1.048899 1.239237 -0.700876
v 1.032944 1.246333 -0.707962
v 0.999496 0.540470 -1.336503
v 0.999392 0.872808 -1.336410
v 1.016564 0.872596 -1.324881
v 1.023888 0.540358 -1.318745
v 0.991987 1.238208 1.014108
v 0.990763 1.332241 0.415771
v 0.950081 1.335135 0.417040
v 0.951851 1.240004 1.022289
v 1.030380 0.872860 -1.310953
v 1.041827 0.872859 -1.293701
v 1.041812 0.540470 -1.293956
v 1.023888 0.540358 -1.318745
v 1.049267 0.872819 -1.275622
v 1.053182 0.869653 -1.255820
v 1.053290 0.540470 -1.255542
v 1.048138 0.540254 -1.279175
v 1.010771 1.357427 0.399228
v 0.953522 1.339628 0.406809
v 0.994272 1.336804 0.405779
v 1.048741 1.354657 0.398605
v 1.048741 1.354657 0.398605
v 0.994272 1.336804 0.405779
v 1.023058 1.330644 0.403448
v 1.081292 1.348238 0.397354
v 1.041547 0.872861 1.253805
v 1.029898 0.872853 1.271610
v 1.025676 0.531627 1.031323
v 1.047111 0.534089 0.998329
v 1.045255 1.322432 0.399769
v 1.106261 1.338657 0.395497
v 1.081292 1.348238 0.397354
v 1.059715 1.312640 0.394581
v 1.119249 1.327401 0.392978
v 1.106261 1.338657 0.395497
v 1.016850 0.869758 1.284103
v 0.999977 0.869758 1.295877
v 0.993124 0.530043 1.053769
v 1.025676 0.531627 1.031323
v 0.981950 0.869781 1.303679
v 0.951459 0.869663 1.309303
v 0.956209 0.529518 1.062284
v 0.993124 0.530043 1.053769
v 1.024770 1.181074 -1.277580
v 0.991026 1.186346 -1.300944
v 0.989965 1.250808 -0.722711
v 1.024402 1.243603 -0.715566
v 1.041797 1.175445 -1.253659
v 1.024770 1.181074 -1.277580
v 1.024402 1.243603 -0.715566
v 1.046887 1.232908 -0.704951
v 1.053578 1.164091 -1.222957
v 1.049192 1.171341 -1.235632
v 1.046887 1.232908 -0.704951
v 1.054828 1.220628 -0.692784
v 1.053215 0.872700 1.214025
v 1.053534 1.217244 0.945899
v 1.049306 1.221756 0.965501
v 1.049176 0.872854 1.234985
v 1.041547 0.872861 1.253805
v 1.041886 1.223054 0.985300
v 1.030453 1.226880 1.000265
v 1.029898 0.872853 1.271610
v 1.053215 0.872700 1.214025
v 1.049176 0.872854 1.234985
v 1.047111 0.534089 0.998329
v 1.053313 0.536216 0.970996
v 1.016841 0.875986 1.283978
v 1.016722 1.230070 1.012167
v 0.991888 1.233666 1.025728
v 0.999981 0.875986 1.295743
v 0.961141 0.872859 -1.347968
v 0.949311 1.184043 -1.319768
v 0.980989 1.182763 -1.314224
v 0.981328 0.872837 -1.343931
v 0.999392 0.872808 -1.336410
v 0.999052 1.180816 -1.306886
v 1.016365 1.178118 -1.295506
v 1.016564 0.872596 -1.324881
v 1.030380 0.872860 -1.310953
v 1.030165 1.174636 -1.281962
v 1.041759 1.170590 -1.264892
v 1.041827 0.872859 -1.293701
v 1.049267 0.872819 -1.275622
v 1.049213 1.166220 -1.247213
v 1.053578 1.164091 -1.222957
v 1.053182 0.869653 -1.255820
v 1.057919 1.331053 -0.191753
v 1.018167 1.334085 -0.192999
v 1.017208 1.359827 0.388593
v 1.055175 1.356785 0.388055
v 1.093753 1.323988 -0.186339
v 1.057919 1.331053 -0.191753
v 1.055175 1.356785 0.388055
v 1.091221 1.349270 0.386615
v 1.113517 1.316724 -0.180909
v 1.093753 1.323988 -0.186339
v 1.091221 1.349270 0.386615
v 1.117334 1.338485 0.384424
v 1.095991 1.266851 -0.718820
v 1.060665 1.273768 -0.726000
v 1.057919 1.331053 -0.191753
v 1.093753 1.323988 -0.186339
v 1.132311 1.302451 -0.167374
v 1.122944 1.311381 -0.177233
v 1.117334 1.338485 0.384424
v 1.130426 1.326234 0.382164
v 1.120962 1.257177 -0.708856
v 1.095991 1.266851 -0.718820
v 1.093753 1.323988 -0.186339
v 1.113517 1.316724 -0.180909
v 0.188783 1.190097 0.313238
v 0.000000 1.190097 0.350790
v -0.188782 1.190097 0.313239
v -0.348824 1.190097 0.206302
v -0.455761 1.190097 0.046260
v -0.493312 1.190097 -0.142522
v -0.455761 1.190097 -0.331304
v -0.348824 1.190097 -0.491346
v -0.188782 1.190097 -0.598283
v -0.000000 1.190097 -0.635834
v 0.188782 1.190097 -0.598283
v 0.348824 1.190097 -0.491347
v 0.455761 1.190097 -0.331305
v 0.493312 1.190097 -0.142523
v 0.455761 1.190097 0.046260
v 0.348824 1.190097 0.206302
v 1.133275 1.246200 -0.697861
v 1.120962 1.257177 -0.708856
v 1.122944 1.311381 -0.177233
v 1.132311 1.302451 -0.167374
v 0.431871 0.523938 1.059160
v 0.956209 0.529518 1.062284
v 0.951459 0.869663 1.309303
v 0.432083 0.869784 1.309828
v 0.354159 1.193159 -0.498906
v 0.200968 1.193269 -0.602138
v 0.200968 1.376444 -0.602138
v 0.356506 1.376489 -0.496552
v -0.348824 1.379616 0.206302
v -0.188782 1.379616 0.313239
v 0.000000 1.379616 0.350790
v 0.188783 1.379616 0.313238
v 0.348824 1.379616 0.206302
v 0.455761 1.379616 0.046260
v 0.493312 1.379616 -0.142523
v 0.455761 1.379616 -0.331305
v 0.348824 1.379616 -0.491347
v 0.188782 1.379616 -0.598283
v -0.000000 1.379616 -0.635834
v -0.188782 1.379616 -0.598283
v -0.348824 1.379616 -0.491346
v -0.455761 1.379616 -0.331304
v -0.493312 1.379616 -0.142522
v -0.455761 1.379616 0.046260
v 0.502430 1.193159 -0.144095
v 0.463547 1.193270 -0.336331
v 0.464820 1.376443 -0.333257
v 0.502430 1.376554 -0.140951
v 0.467103 1.193269 0.040368
v 0.502430 1.193159 -0.144095
v 0.502430 1.376554 -0.140951
v 0.463987 1.376557 0.049851
v 0.361558 1.376444 0.205199
v 0.355172 1.193221 0.212649
v 0.459615 1.193269 0.058446
v 0.463987 1.376557 0.049851
v 0.200969 1.193269 0.317093
v 0.355172 1.193221 0.212649
v 0.347722 1.376444 0.219035
v 0.200969 1.376444 0.317093
v -0.190652 1.193224 0.322328
v 0.000000 1.193269 0.360960
v 0.000000 1.376444 0.360960
v -0.193660 1.376528 0.321090
v -0.354160 1.193159 0.213861
v -0.190652 1.193224 0.322328
v -0.193660 1.376528 0.321090
v -0.356335 1.376528 0.211690
v -0.463547 1.193270 0.051286
v -0.354160 1.193159 0.213861
v -0.356335 1.376528 0.211690
v -0.464786 1.376554 0.048297
v -0.502425 1.193224 -0.140771
v -0.463547 1.193270 0.051286
v -0.464786 1.376554 0.048297
v -0.502429 1.376443 -0.144186
v -0.464851 1.193224 -0.333174
v -0.502425 1.193224 -0.140771
v -0.502429 1.376443 -0.144186
v -0.463612 1.376528 -0.336182
v -0.356507 1.193224 -0.496552
v -0.464851 1.193224 -0.333174
v -0.463612 1.376528 -0.336182
v -0.354212 1.376528 -0.498857
v -0.200969 1.193269 -0.602138
v -0.356507 1.193224 -0.496552
v -0.354212 1.376528 -0.498857
v -0.190819 1.376554 -0.607308
v 0.463547 1.193270 -0.336331
v 0.354159 1.193159 -0.498906
v 0.356506 1.376489 -0.496552
v 0.464820 1.376443 -0.333257
v -0.000000 1.193269 -0.646005
v -0.182891 1.193269 -0.609626
v -0.190819 1.376554 -0.607308
v -0.000000 1.376444 -0.646005
v 0.461434 0.638577 -1.168397
v 0.461212 0.536401 -1.168537
v 1.015899 0.540471 -1.168398
v 1.015899 0.638577 -1.168398
v 0.433188 0.300841 0.912079
v 0.461063 0.534129 0.883731
v 1.021743 0.537299 0.893327
v 1.040266 0.534554 0.904814
v -0.412111 0.875957 1.157547
v 0.412132 0.875964 1.157543
v 0.412132 1.205363 0.914979
v -0.412131 1.205363 0.914979
v 1.035850 0.537298 -0.274426
v 1.138917 0.537299 0.375115
v 1.045252 0.537299 0.375115
v -0.461434 0.540471 0.883353
v -1.015899 0.540471 0.883353
v -1.015899 0.638577 0.883353
v -0.461434 0.638577 0.883353
v 0.433186 0.300840 -1.197124
v 1.044393 0.536785 -1.182257
v 1.021742 0.537298 -1.178373
v 0.461212 0.536401 -1.168537
v 0.521916 1.308304 -0.185265
v 0.521755 1.250852 -0.722573
v 0.427750 1.210478 -0.677331
v 0.427804 1.266279 -0.153904
v 1.055348 1.214067 0.924101
v 1.055185 1.286674 0.395255
v 1.054690 1.300435 0.400548
v 1.035850 0.537298 -0.274426
v 1.046904 0.537286 -0.661847
v 1.138917 0.537299 0.375115
v 1.035851 0.537299 0.879220
v 1.035850 0.537298 -0.274426
v 1.044572 0.537188 0.889210
v -0.428204 1.020929 -1.206098
v -0.427789 0.318387 -1.205948
v -0.521932 0.537673 -1.341800
v -0.522819 0.868672 -1.342334
v -0.428630 1.156575 -1.205296
v -0.428204 1.020929 -1.206098
v -0.522819 0.868672 -1.342334
v -0.521174 1.182003 -1.312714
v -1.046297 0.872928 1.167228
v -1.052868 0.872750 1.194033
v -1.055338 1.212833 0.929083
v -0.520153 1.363661 0.386796
v -0.431400 1.338334 0.397461
v -0.525853 1.315374 -0.170159
v -0.527625 1.337985 -0.192164
v -1.025874 0.540471 0.873378
v -1.025876 0.540470 -1.158421
v -1.025876 0.638577 -1.158421
v -1.025874 0.638577 0.873378
v -1.065202 1.220767 -0.682478
v -1.065165 1.207992 -0.670883
v -1.138728 1.208144 -0.670717
v -1.122983 1.245356 -0.707450
v -0.422486 0.294714 -1.187388
v -0.422485 0.294714 0.902344
v -0.451344 0.537016 0.873443
v -0.521916 1.308304 -0.185264
v -0.427804 1.266279 -0.153904
v -0.425925 1.213399 -0.645364
v -0.521782 1.250879 -0.722548
v -0.411918 1.288210 0.386871
v 0.411667 1.288365 0.380711
v -0.413089 1.264537 -0.143387
v -1.055338 1.212833 0.929083
v -1.055130 1.283749 0.395067
v -1.043803 0.875861 0.395150
v -1.043916 0.874314 1.147011
v -0.950551 0.537298 -1.340023
v -0.536343 0.534186 -1.348071
v -0.436056 0.301648 -1.201235
v -1.048906 0.534844 -1.207724
v -1.040867 0.537521 -1.273228
v -1.017648 0.537298 -1.312293
v -0.987310 0.537298 -1.332673
v -0.949321 1.184042 -1.319767
v -0.537590 1.184192 -1.320125
v -0.537644 0.872937 -1.349919
v -0.941385 0.872867 -1.349923
v -0.433188 0.300840 -1.197123
v -0.461063 0.534128 -1.168775
v -1.021744 0.537298 -1.178372
v -1.040266 0.534553 -1.189858
v -0.521782 1.250879 -0.722548
v -0.425925 1.213399 -0.645364
v -0.428630 1.161257 -1.194321
v -0.521217 1.186789 -1.301818
v -1.055495 0.538286 0.948957
v -1.052868 0.872750 1.194033
v -1.046297 0.872928 1.167228
v -0.951899 1.235470 1.033471
v -0.952308 0.875726 1.309271
v -0.432081 0.875957 1.309704
v -0.432081 1.235708 1.033727
v -0.941385 0.872867 -1.349923
v -0.537644 0.872937 -1.349919
v -0.537590 0.540470 -1.349999
v -0.941562 0.540470 -1.349999
v -1.043803 0.875861 0.395150
v -1.055119 0.540471 0.395067
v -1.055119 0.540471 0.904796
v -1.043916 0.874314 1.147011
v -1.138728 1.208144 -0.670717
v -1.065165 1.207992 -0.670883
v -1.053859 0.872920 -0.670135
v -1.154039 0.872825 -0.670135
v -0.537590 1.188412 -1.310406
v -0.950562 1.188246 -1.310149
v -0.948689 1.253460 -0.725488
v -0.537589 1.253561 -0.725520
v -1.045251 0.533904 0.958287
v -1.048804 0.534071 0.922573
v -0.431805 0.300081 0.915719
v -0.431870 0.523938 1.059160
v -0.951500 0.526982 1.051233
v -0.987866 0.527516 1.044070
v -1.017891 0.528995 1.024205
v -1.048867 0.534464 0.992390
v -0.422099 1.208858 0.921985
v -0.422106 1.290630 0.396073
v -0.422604 1.333301 0.406426
v -0.422114 1.235733 1.021825
v -1.053859 0.872920 -0.670135
v -1.065096 0.540471 -0.670135
v -1.139059 0.540471 -0.670135
v -1.154039 0.872825 -0.670135
v -0.432081 1.240194 1.022418
v -0.432082 1.335239 0.417106
v -0.950232 1.335150 0.416929
v -0.951859 1.240004 1.022287
v -1.055234 1.163653 -1.191867
v -1.044049 0.872398 -1.188203
v -1.043857 0.875260 -0.680155
v -1.055203 1.207788 -0.680778
v -0.422105 0.872947 1.168790
v -0.422108 0.872826 1.300671
v -0.422106 0.526936 1.051198
v -1.139059 0.540471 0.385092
v -1.065095 0.540471 0.385092
v -1.053853 0.872942 0.385092
v -1.154047 0.872899 0.385092
v -0.422106 1.291591 0.376353
v -0.427804 1.267742 -0.134518
v -0.520053 1.309695 -0.165853
v -0.422604 1.333301 0.406426
v -0.537589 1.279707 -0.742491
v -0.537589 1.257618 -0.719269
v -0.977069 1.256412 -0.718049
v -1.024969 1.272637 -0.735079
v -0.537582 1.365636 0.385970
v -0.537787 1.339728 -0.208714
v -1.017383 1.334072 -0.193748
v -1.015150 1.359969 0.388370
v -0.537787 1.339728 -0.208714
v -0.537578 1.283722 -0.736195
v -1.020492 1.276783 -0.729000
v -1.017383 1.334072 -0.193748
v -1.163810 0.864391 -0.660339
v -1.149035 0.540470 -0.660160
v -1.149035 0.540470 0.375117
v -1.164037 0.872940 0.375081
v -1.148649 1.266283 -0.114489
v -1.148792 1.286313 0.375248
v -1.131390 1.324486 0.381926
v -1.132312 1.302451 -0.167362
v -0.948689 1.253460 -0.725488
v -0.950562 1.188246 -1.310149
v -0.991028 1.186346 -1.300943
v -0.989728 1.250815 -0.722881
v -0.527625 1.337985 -0.192164
v -0.527614 1.313951 -0.189440
v -0.527614 1.258624 -0.709808
v -0.527614 1.280854 -0.733179
v -1.064916 1.284887 0.385144
v -1.065089 1.300473 0.389212
v -1.117055 1.330903 0.393553
v -1.138596 1.288497 0.385196
v -1.148960 1.208369 -0.660642
v -1.148649 1.266283 -0.114489
v -1.132312 1.302451 -0.167362
v -1.133076 1.246446 -0.698049
v -0.954939 1.339562 0.406835
v -0.448368 1.339788 0.406846
v -0.531247 1.362982 0.397143
v -1.011329 1.357409 0.399234
v -1.025375 1.233161 0.993629
v -0.992004 1.238208 1.014096
v -0.990920 1.332239 0.415664
v -1.024760 1.324499 0.412112
v -0.981945 0.875961 1.303555
v -0.952308 0.875726 1.309271
v -0.951899 1.235470 1.033471
v -0.991905 1.233665 1.025722
v -1.041886 1.227866 0.973152
v -1.025375 1.233161 0.993629
v -1.024760 1.324499 0.412112
v -1.041846 1.316323 0.408321
v -1.017383 1.334072 -0.193748
v -1.020492 1.276783 -0.729000
v -1.060666 1.273768 -0.725999
v -1.057918 1.331053 -0.191754
v -0.999498 0.540470 -1.336501
v -1.023891 0.540358 -1.318742
v -1.016567 0.872581 -1.324878
v -0.999395 0.872803 -1.336409
v -0.992004 1.238208 1.014096
v -0.951859 1.240004 1.022287
v -0.950232 1.335150 0.416929
v -0.990920 1.332239 0.415664
v -1.041813 0.540470 -1.293955
v -1.041830 0.872832 -1.293698
v -1.030382 0.872857 -1.310952
v -1.023891 0.540358 -1.318742
v -1.011329 1.357409 0.399234
v -1.050631 1.354450 0.398523
v -0.995639 1.336532 0.405818
v -0.954939 1.339562 0.406835
v -1.050631 1.354450 0.398523
v -1.084116 1.347518 0.397048
v -1.031224 1.328404 0.402414
v -0.995639 1.336532 0.405818
v -1.084116 1.347518 0.397048
v -1.103174 1.340275 0.395583
v -1.048623 1.320287 0.398792
v -1.031224 1.328404 0.402414
v -1.025675 0.531627 1.031324
v -1.029902 0.872854 1.271605
v -1.041548 0.872860 1.253801
v -1.041929 0.533422 1.008509
v -0.993123 0.530043 1.053770
v -0.999975 0.869758 1.295878
v -1.016849 0.869758 1.284104
v -1.025675 0.531627 1.031324
v -0.956209 0.529518 1.062285
v -0.951458 0.869663 1.309305
v -0.981949 0.869781 1.303681
v -0.993123 0.530043 1.053770
v -0.989728 1.250815 -0.722881
v -0.991028 1.186346 -1.300943
v -1.024771 1.181074 -1.277579
v -1.024404 1.243603 -0.715564
v -1.024404 1.243603 -0.715564
v -1.024771 1.181074 -1.277579
v -1.041799 1.175445 -1.253658
v -1.047030 1.232818 -0.704769
v -0.981331 0.872832 -1.343929
v -0.961144 0.872860 -1.347966
v -0.977472 0.540480 -1.345367
v -1.047030 1.232818 -0.704769
v -1.049194 1.171341 -1.235630
v -1.053580 1.164091 -1.222951
v -1.054829 1.220628 -0.692782
v -1.053214 0.872699 1.214026
v -1.049176 0.872854 1.234983
v -1.049307 1.221756 0.965492
v -1.053535 1.217243 0.945877
v -1.041548 0.872860 1.253801
v -1.029902 0.872854 1.271605
v -1.030452 1.226880 1.000267
v -1.041885 1.223054 0.985301
v -1.048867 0.534464 0.992390
v -1.049176 0.872854 1.234983
v -1.053214 0.872699 1.214026
v -1.053311 0.536216 0.970997
v -1.016839 0.875986 1.283979
v -0.999980 0.875986 1.295744
v -0.991905 1.233665 1.025722
v -1.016720 1.230070 1.012168
v -0.961144 0.872860 -1.347966
v -0.981331 0.872832 -1.343929
v -0.980991 1.182763 -1.314222
v -0.949321 1.184042 -1.319767
v -0.999395 0.872803 -1.336409
v -1.016567 0.872581 -1.324878
v -1.016367 1.178118 -1.295504
v -0.999053 1.180816 -1.306885
v -1.030382 0.872857 -1.310952
v -1.041830 0.872832 -1.293698
v -1.041761 1.170590 -1.264891
v -1.030167 1.174636 -1.281960
v -1.049268 0.872822 -1.275620
v -1.053183 0.869625 -1.255819
v -1.053580 1.164091 -1.222951
v -1.049215 1.166220 -1.247212
v -1.015150 1.359969 0.388370
v -1.017383 1.334072 -0.193748
v -1.057918 1.331053 -0.191754
v -1.055174 1.356785 0.388056
v -1.055174 1.356785 0.388056
v -1.057918 1.331053 -0.191754
v -1.093752 1.323988 -0.186341
v -1.091220 1.349270 0.386616
v -1.091220 1.349270 0.386616
v -1.093752 1.323988 -0.186341
v -1.113517 1.316723 -0.180907
v -1.109880 1.342247 0.385309
v -1.057918 1.331053 -0.191754
v -1.060666 1.273768 -0.725999
v -1.095991 1.266851 -0.718818
v -1.093752 1.323988 -0.186341
v -1.093752 1.323988 -0.186341
v -1.095991 1.266851 -0.718818
v -1.120963 1.257177 -0.708855
v -1.113517 1.316723 -0.180907
v 0.182890 1.376444 -0.609626
v 0.193659 1.193185 -0.606135
v -0.000000 1.193269 -0.646005
v -0.000000 1.376444 -0.646005
v -1.122944 1.311382 -0.177231
v -1.120963 1.257177 -0.708855
v -1.133076 1.246446 -0.698049
v -1.132312 1.302451 -0.167362
v -0.951458 0.869663 1.309305
v -0.956209 0.529518 1.062285
v -0.431870 0.523938 1.059160
v -0.432081 0.869784 1.309829
v -0.455761 1.190097 0.046260
v -0.493312 1.190097 -0.142522
v -0.455761 1.190097 -0.331304
v -0.348824 1.190097 -0.491346
v -0.188783 1.190097 -0.598283
v -0.000000 1.190097 -0.635834
v 0.188782 1.190097 -0.598283
v 0.348824 1.190097 -0.491347
v 0.455761 1.190097 -0.331305
v 0.493312 1.190097 -0.142523
v 0.455761 1.190097 0.046260
v 0.348824 1.190097 0.206302
v 0.188782 1.190097 0.313238
v 0.000000 1.190097 0.350790
v -0.188782 1.190097 0.313239
v -0.348824 1.190097 0.206302
v -0.356507 1.376489 -0.496552
v -0.361558 1.193269 -0.490244
v -0.463612 1.193185 -0.336182
v -0.464821 1.376443 -0.333256
v -0.464821 1.376443 -0.333256
v -0.463612 1.193185 -0.336182
v -0.502432 1.193185 -0.144024
v -0.502430 1.376554 -0.140950
v -0.502430 1.376554 -0.140950
v -0.502432 1.193185 -0.144024
v -0.464762 1.193185 0.048363
v -0.463510 1.376489 0.051366
v -0.463510 1.376489 0.051366
v -0.464762 1.193185 0.048363
v -0.356335 1.193185 0.211689
v -0.354030 1.376489 0.213985
v -0.354030 1.376489 0.213985
v -0.356335 1.193185 0.211689
v -0.200968 1.193269 0.317093
v -0.200968 1.376444 0.317093
v 0.000000 1.193269 0.360960
v 0.000000 1.376444 0.360960
v 0.000000 1.379616 0.350790
v -0.182891 1.376444 0.324581
v -0.182891 1.193269 0.324581
v 0.000000 1.190097 0.350790
v 0.193724 1.376554 0.321060
v 0.190820 1.193159 0.322264
v 0.354212 1.193185 0.213813
v 0.356507 1.376489 0.211508
v 0.356507 1.376489 0.211508
v 0.354212 1.193185 0.213813
v 0.463613 1.193185 0.051138
v 0.464821 1.376443 0.048212
v 0.464821 1.376443 0.048212
v 0.463613 1.193185 0.051138
v 0.502432 1.193185 -0.141021
v 0.502430 1.376554 -0.144095
v 0.502430 1.376554 -0.144095
v 0.502432 1.193185 -0.141021
v 0.464762 1.193185 -0.333408
v 0.463510 1.376489 -0.336411
v 0.463510 1.376489 -0.336411
v 0.464762 1.193185 -0.333408
v 0.356335 1.193185 -0.496734
v 0.354094 1.376443 -0.498970
v 0.354094 1.376443 -0.498970
v 0.356335 1.193185 -0.496734
v 0.193659 1.193185 -0.606135
v 0.200968 1.376444 -0.602138
v -0.200969 1.376444 -0.602137
v -0.200969 1.193269 -0.602137
v -0.347722 1.193269 -0.504080
v -0.356507 1.376489 -0.496552
v -1.015900 0.641749 -1.158421
v -0.461435 0.641749 -1.158421
v -0.461434 0.641749 0.873378
v -1.015899 0.641749 0.873378
v -0.182891 1.376444 -0.609625
v -0.000000 1.379616 -0.635834
v -0.000000 1.376444 -0.646005
v -0.000000 1.193269 -0.646005
v -0.000000 1.190097 -0.635834
v -0.182891 1.193269 -0.609625
v -1.015900 0.540471 -1.168396
v -0.461435 0.540471 -1.168397
v -0.461435 0.638577 -1.168397
v -1.015900 0.638577 -1.168396
v 0.000000 1.379616 0.350790
v 0.188782 1.379616 0.313238
v 0.348824 1.379616 0.206302
v 0.455761 1.379616 0.046260
v 0.493312 1.379616 -0.142523
v 0.455761 1.379616 -0.331305
v 0.348824 1.379616 -0.491347
v 0.188782 1.379616 -0.598283
v -0.000000 1.379616 -0.635834
v -0.188783 1.379616 -0.598283
v -0.348824 1.379616 -0.491346
v -0.455761 1.379616 -0.331304
v -0.493312 1.379616 -0.142522
v -0.455761 1.379616 0.046260
v -0.348824 1.379616 0.206302
v -0.188782 1.379616 0.313239
v -1.053853 0.872942 0.385092
v -1.064916 1.284887 0.385144
v -1.138596 1.288497 0.385196
v -1.154047 0.872899 0.385092
v -0.451458 0.638577 0.873378
v -0.451460 0.638577 -1.158421
v -0.451344 0.537016 0.873443
v -0.422105 0.872947 1.168790
v -0.422099 1.208858 0.921985
v -0.422114 1.235733 1.021825
v -0.422108 0.872826 1.300671
v -1.021742 0.537299 0.893329
v -0.461062 0.534129 0.883731
v -0.433186 0.300841 0.912080
v -1.040264 0.534554 0.904815
v -1.045251 0.537299 0.375117
v -1.138916 0.537299 0.375117
v -1.035850 0.537298 -0.274425
v -1.045252 0.537298 -0.660160
v 1.015900 0.540471 0.883352
v 1.025875 0.540471 0.873377
v 1.035851 0.537299 0.879220
v 1.015899 0.540471 -1.168398
v 1.021742 0.537298 -1.178373
v 1.035849 0.537298 -1.164266
v 0.428629 1.161257 -1.194322
v 0.428629 1.156575 -1.205297
v 0.412167 1.155258 -1.197749
v 0.537588 1.188412 -1.310406
v 0.537588 1.184192 -1.320125
v 0.521172 1.182003 -1.312714
v 0.432082 1.335239 0.417106
v 0.448369 1.339788 0.406846
v 0.431401 1.338334 0.397461
v 0.537588 1.253561 -0.725521
v 0.521755 1.250852 -0.722573
v 0.537588 1.257618 -0.719270
v 0.521916 1.308304 -0.185265
v 0.520053 1.309695 -0.165853
v 0.525853 1.315374 -0.170159
v 1.053578 1.164091 -1.222957
v 1.055233 1.163652 -1.191869
v 1.055202 1.156797 -1.207846
v 0.999052 1.180816 -1.306886
v 0.980989 1.182763 -1.314224
v 0.991026 1.186346 -1.300944
v 1.030165 1.174636 -1.281962
v 1.016365 1.178118 -1.295506
v 1.024770 1.181074 -1.277580
v 1.049213 1.166220 -1.247213
v 1.041759 1.170590 -1.264892
v 1.041797 1.175445 -1.253659
v 1.054690 1.300435 0.400548
v 1.065090 1.300473 0.389211
v 1.059715 1.312640 0.394581
v 1.024758 1.324503 0.412096
v 1.045255 1.322432 0.399769
v 1.023058 1.330644 0.403448
v 1.047055 1.312927 0.406615
v 1.059715 1.312640 0.394581
v 1.045255 1.322432 0.399769
v 1.016841 0.875986 1.283978
v 1.016850 0.869758 1.284103
v 1.029898 0.872853 1.271610
v 0.981946 0.875961 1.303554
v 0.981950 0.869781 1.303679
v 0.999977 0.869758 1.295877
v 1.061380 1.269297 -0.731699
v 1.024969 1.272637 -0.735080
v 1.060665 1.273768 -0.726000
v 1.120700 1.248192 -0.710305
v 1.108075 1.256717 -0.718975
v 1.120962 1.257177 -0.708856
v 1.046904 0.537286 -0.661847
v 1.044393 0.536785 -1.182257
v 1.055119 0.540470 -0.680112
v 1.055119 0.540470 -0.680112
v 1.065095 0.540471 -0.670136
v 1.046904 0.537286 -0.661847
v 1.048904 0.534844 -1.207725
v 1.055486 0.540334 -1.226457
v 1.055119 0.540470 -1.187774
v 0.422486 0.294714 0.902344
v 0.433188 0.300841 0.912079
v 0.431806 0.300081 0.915718
v 0.422107 0.389565 0.964438
v 0.412132 0.294688 0.914041
v 0.412132 0.291544 0.902729
v 1.048805 0.534071 0.922571
v 1.040266 0.534554 0.904814
v 1.044572 0.537188 0.889210
v 1.055120 0.540471 0.904795
v 1.055496 0.538286 0.948955
v 0.433186 0.300840 -1.197124
v 0.422525 0.294685 -1.189632
v 0.412131 0.291544 -1.187774
v 0.412131 0.294716 -1.197749
v 0.427788 0.318387 -1.205948
v 0.436055 0.301648 -1.201236
v 1.065096 0.540471 0.385091
v 1.055119 0.540471 0.395066
v 1.044572 0.537188 0.889210
v 1.045252 0.537299 0.375115
v 1.138917 0.537299 0.375115
v -1.015899 0.540471 0.883353
v -1.021742 0.537299 0.893329
v -1.035850 0.537299 0.879221
v -1.025876 0.540470 -1.158421
v -1.035851 0.537298 -1.164264
v -1.021744 0.537298 -1.178372
v -0.412171 1.155261 -1.197749
v -0.428630 1.156575 -1.205296
v -0.428630 1.161257 -1.194321
v -0.461435 0.540471 -1.168397
v -0.461063 0.534128 -1.168775
v -0.451384 0.537625 -1.158474
v -0.521174 1.182003 -1.312714
v -0.537590 1.184192 -1.320125
v -0.537590 1.188412 -1.310406
v -0.431400 1.338334 0.397461
v -0.448368 1.339788 0.406846
v -0.432082 1.335239 0.417106
v -0.432082 1.335239 0.417106
v -0.422604 1.333301 0.406426
v -0.431400 1.338334 0.397461
v -0.521782 1.250879 -0.722548
v -0.537589 1.253561 -0.725520
v -0.537589 1.257618 -0.719269
v -0.521916 1.308304 -0.185264
v -0.527614 1.313951 -0.189440
v -0.525853 1.315374 -0.170159
v -0.991028 1.186346 -1.300943
v -0.980991 1.182763 -1.314222
v -0.999053 1.180816 -1.306885
v -1.024771 1.181074 -1.277579
v -1.016367 1.178118 -1.295504
v -1.030167 1.174636 -1.281960
v -1.041799 1.175445 -1.253658
v -1.041761 1.170590 -1.264891
v -1.049215 1.166220 -1.247212
v -1.059768 1.312120 0.394558
v -1.065089 1.300473 0.389212
v -1.055249 1.297692 0.398652
v -1.050933 1.308740 0.404318
v -1.041846 1.316323 0.408321
v -1.048623 1.320287 0.398792
v -0.981945 0.875961 1.303555
v -0.999980 0.875986 1.295744
v -0.999975 0.869758 1.295878
v -1.047030 1.232818 -0.704769
v -1.059334 1.232354 -0.694024
v -1.044352 1.241806 -0.703453
v -1.024404 1.243603 -0.715564
v -1.044352 1.241806 -0.703453
v -1.019213 1.250048 -0.711657
v -0.989728 1.250815 -0.722881
v -1.019213 1.250048 -0.711657
v -0.977069 1.256412 -0.718049
v -1.060666 1.273768 -0.725999
v -1.024969 1.272637 -0.735079
v -1.061381 1.269297 -0.731698
v -1.117055 1.330903 0.393553
v -1.103174 1.340275 0.395583
v -1.109880 1.342247 0.385309
v -0.000000 1.190097 -0.656175
v -0.000000 1.190097 -0.635834
v -0.000000 1.193269 -0.646005
v -0.000000 1.379616 -0.656175
v -0.000000 1.379616 -0.635834
v -0.000000 1.376444 -0.646005
v 0.000000 1.190097 0.371131
v 0.000000 1.190097 0.350790
v 0.000000 1.193269 0.360960
v 0.000000 1.379616 0.371131
v 0.000000 1.379616 0.350790
v 0.000000 1.376444 0.360960
v -1.065096 0.540471 -0.670135
v -1.055120 0.540470 -0.680110
v -1.044864 0.537231 -1.173527
v -1.045252 0.537298 -0.660160
v -1.138917 0.537298 -0.660160
v -1.048906 0.534844 -1.207724
v -1.040266 0.534553 -1.189858
v -1.044864 0.537231 -1.173527
v -1.055120 0.540470 -1.187773
v -1.055487 0.540333 -1.226455
v -0.431805 0.300081 0.915719
v -0.433186 0.300841 0.912080
v -0.422485 0.294714 0.902344
v -0.412131 0.291544 0.902730
v -0.412131 0.294688 0.914042
v -0.422106 0.389565 0.964438
v -1.040264 0.534554 0.904815
v -1.048804 0.534071 0.922573
v -1.055495 0.538286 0.948957
v -1.055119 0.540471 0.904796
v -1.045151 0.537273 0.887886
v -1.055119 0.540471 0.395067
v -1.065095 0.540471 0.385092
v -1.138916 0.537299 0.375117
v -1.045251 0.537299 0.375117
v -1.045151 0.537273 0.887886
v 1.046114 0.884281 -1.205363
v 1.044043 0.872433 -1.188163
v 1.055119 0.540470 -1.187774
v 1.055486 0.540334 -1.226457
v 1.044073 0.872842 1.148679
v 1.046246 0.871637 1.166530
v 1.055496 0.538286 0.948955
v 1.055120 0.540471 0.904795
v 1.044393 0.536785 -1.182257
v 1.055119 0.540470 -1.187774
v 1.055119 0.540470 -0.680112
v 1.048805 0.534071 0.922571
v 0.431806 0.300081 0.915718
v 0.433188 0.300841 0.912079
v 1.040266 0.534554 0.904814
v 0.412131 0.294716 -1.197749
v 0.412131 0.291544 -1.187774
v -0.412132 0.291544 -1.187773
v -0.000001 0.294716 -1.197749
v 0.412132 1.205363 0.914979
v 0.412132 1.209822 0.903707
v -0.412131 1.209822 0.903708
v -0.412131 1.205363 0.914979
v 1.046114 0.884281 -1.205363
v 1.055202 1.156797 -1.207846
v 1.055233 1.163652 -1.191869
v 1.044043 0.872433 -1.188163
v 0.412132 0.869732 1.158481
v 0.412132 0.875964 1.157543
v -0.412111 0.875957 1.157547
v -0.412137 0.869729 1.158482
v 1.055348 1.214067 0.924101
v 1.046246 0.871637 1.166530
v 1.044073 0.872842 1.148679
v 0.000001 0.294688 0.914041
v -0.412131 0.291544 0.902730
v 0.412132 0.291544 0.902729
v 0.412132 0.294688 0.914041
v 0.436055 0.301648 -1.201236
v 1.048904 0.534844 -1.207725
v 1.044393 0.536785 -1.182257
v 0.433186 0.300840 -1.197124
v 0.412167 1.155258 -1.197749
v 0.428201 1.020882 -1.206098
v 0.427788 0.318387 -1.205948
v 0.412131 0.294716 -1.197749
v 0.422107 0.389565 0.964438
v 0.422106 0.872947 1.168790
v 0.412132 0.869732 1.158481
v 0.412132 0.294688 0.914041
v 0.422100 1.208858 0.921985
v 0.412132 1.205363 0.914979
v 0.412132 0.875964 1.157543
v 0.422106 0.872947 1.168790
v 0.422107 1.290630 0.396072
v 0.411667 1.288365 0.380711
v 0.412132 1.209822 0.903707
v 0.422100 1.208858 0.921985
v 0.448369 1.339788 0.406846
v 0.531248 1.362982 0.397142
v 0.520154 1.363661 0.386795
v 0.431401 1.338334 0.397461
v 0.427804 1.266279 -0.153904
v 0.427750 1.210478 -0.677331
v 0.412130 1.208477 -0.670163
v 0.412947 1.264207 -0.147467
v 1.065095 0.540471 -0.670136
v 1.139058 0.540471 -0.670136
v 1.138916 0.537298 -0.660161
v 1.046904 0.537286 -0.661847
v 0.422525 0.294685 -1.189632
v 0.412132 0.291544 0.902729
v 0.412131 0.291544 -1.187774
v 0.427804 1.267742 -0.134519
v 0.412947 1.264207 -0.147467
v 0.411667 1.288365 0.380711
v 0.422107 1.291591 0.376352
v 1.053854 0.872941 0.385091
v 1.043807 0.875992 0.395144
v 1.055119 0.540471 0.395066
v 1.065096 0.540471 0.385091
v 0.461434 0.638577 -1.168397
v 0.451458 0.638577 -1.158422
v 0.451400 0.538139 -1.158413
v 0.461212 0.536401 -1.168537
v 1.053854 0.872941 0.385091
v 1.064916 1.284888 0.385142
v 1.055185 1.286674 0.395255
v 1.043807 0.875992 0.395144
v 0.427750 1.210478 -0.677331
v 0.428629 1.161257 -1.194322
v 0.412131 1.159334 -1.188190
v 0.412130 1.208477 -0.670163
v 1.055202 1.207788 -0.680779
v 1.065165 1.207992 -0.670884
v 1.053858 0.872921 -0.670136
v 1.043856 0.875257 -0.680157
v 1.015899 0.540471 -1.168398
v 1.025874 0.540471 -1.158422
v 1.025874 0.638577 -1.158422
v 1.015899 0.638577 -1.168398
v 1.055119 0.540470 -0.680112
v 1.043856 0.875257 -0.680157
v 1.053858 0.872921 -0.670136
v 1.065095 0.540471 -0.670136
v 0.428629 1.156575 -1.205297
v 0.428629 1.161257 -1.194322
v 0.521215 1.186789 -1.301819
v 0.521172 1.182003 -1.312714
v 0.522817 0.868670 -1.342335
v 0.537642 0.872937 -1.349919
v 0.537506 0.537386 -1.349676
v 0.521931 0.537673 -1.341801
v 0.431871 0.523938 1.059160
v 0.432083 0.869784 1.309828
v 0.422110 0.872826 1.300670
v 0.422107 0.526936 1.051198
v 0.432083 1.235708 1.033726
v 0.422116 1.235733 1.021825
v 0.422110 0.872826 1.300670
v 0.432083 0.875957 1.309703
v 0.432082 1.335239 0.417106
v 0.422563 1.333002 0.407737
v 0.422116 1.235733 1.021825
v 0.432083 1.240194 1.022418
v 0.521172 1.182003 -1.312714
v 0.537588 1.184192 -1.320125
v 0.537642 0.872937 -1.349919
v 0.522817 0.868670 -1.342335
v 0.527613 1.313951 -0.189440
v 0.527613 1.258624 -0.709809
v 0.521755 1.250852 -0.722573
v 0.521916 1.308304 -0.185265
v 1.138917 0.537299 0.375115
v 1.139059 0.540471 0.385091
v 1.065096 0.540471 0.385091
v 0.527613 1.313951 -0.189440
v 0.525853 1.315374 -0.170159
v 0.527613 1.338194 -0.186607
v 0.527613 1.336763 -0.206044
v 0.537588 1.257618 -0.719270
v 0.527613 1.258624 -0.709809
v 0.527613 1.280854 -0.733180
v 0.431401 1.338334 0.397461
v 0.525853 1.315374 -0.170159
v 0.520053 1.309695 -0.165853
v 0.422563 1.333002 0.407737
v 0.537588 1.253561 -0.725521
v 0.537588 1.188412 -1.310406
v 0.521215 1.186789 -1.301819
v 0.521755 1.250852 -0.722573
v 0.427788 0.318387 -1.205948
v 0.521931 0.537673 -1.341801
v 0.537506 0.537386 -1.349676
v 0.436055 0.301648 -1.201236
v 0.520053 1.309695 -0.165853
v 0.521916 1.308304 -0.185265
v 0.427804 1.266279 -0.153904
v 0.427804 1.267742 -0.134519
v 0.422107 0.389565 0.964438
v 0.431806 0.300081 0.915718
v 0.431871 0.523938 1.059160
v 0.422107 0.526936 1.051198
v 1.149035 0.540470 0.375115
v 1.164015 0.872469 0.375099
v 1.154047 0.872899 0.385091
v 1.139059 0.540471 0.385091
v 1.148793 1.286313 0.375250
v 1.138597 1.288491 0.385194
v 1.154047 0.872899 0.385091
v 1.164015 0.872469 0.375099
v 1.149035 0.540470 0.375115
v 1.138917 0.537299 0.375115
v 1.138916 0.537298 -0.660161
v 1.149035 0.540470 -0.660161
v 1.154039 0.872824 -0.670137
v 1.138775 1.208110 -0.670699
v 1.148975 1.208325 -0.660528
v 1.163807 0.863867 -0.660342
v 1.154039 0.872824 -0.670137
v 1.163807 0.863867 -0.660342
v 1.149035 0.540470 -0.660161
v 1.139058 0.540471 -0.670136
v 0.537935 1.339960 -0.206418
v 0.537578 1.283722 -0.736195
v 0.527613 1.280854 -0.733180
v 0.527613 1.336763 -0.206044
v 0.537583 1.365636 0.385969
v 0.537935 1.339960 -0.206418
v 0.527613 1.338194 -0.186607
v 0.520154 1.363661 0.386795
v 0.953522 1.339628 0.406809
v 0.950081 1.335135 0.417040
v 0.990763 1.332241 0.415771
v 0.994272 1.336804 0.405779
v 1.117334 1.338485 0.384424
v 1.106261 1.338657 0.395497
v 1.119249 1.327401 0.392978
v 1.106261 1.338657 0.395497
v 1.045255 1.322432 0.399769
v 1.059715 1.312640 0.394581
v 1.091221 1.349270 0.386615
v 1.081292 1.348238 0.397354
v 1.106261 1.338657 0.395497
v 1.081292 1.348238 0.397354
v 1.023058 1.330644 0.403448
v 1.045255 1.322432 0.399769
v 1.024758 1.324503 0.412096
v 1.023058 1.330644 0.403448
v 0.994272 1.336804 0.405779
v 1.055175 1.356785 0.388055
v 1.048741 1.354657 0.398605
v 1.081292 1.348238 0.397354
v 1.048741 1.354657 0.398605
v 1.055175 1.356785 0.388055
v 1.017208 1.359827 0.388593
v 1.010771 1.357427 0.399228
v 1.059647 1.231777 -0.693443
v 1.048899 1.239237 -0.700876
v 1.108075 1.256717 -0.718975
v 1.120700 1.248192 -0.710305
v 1.120962 1.257177 -0.708856
v 1.133275 1.246200 -0.697861
v 1.120700 1.248192 -0.710305
v 1.120700 1.248192 -0.710305
v 1.065202 1.220767 -0.682480
v 1.059647 1.231777 -0.693443
v 1.054828 1.220628 -0.692784
v 1.046887 1.232908 -0.704951
v 1.059647 1.231777 -0.693443
v 1.053182 0.869653 -1.255820
v 1.053023 0.850851 -1.238346
v 1.055486 0.540334 -1.226457
v 1.053290 0.540470 -1.255542
v 1.095991 1.266851 -0.718820
v 1.120962 1.257177 -0.708856
v 1.108075 1.256717 -0.718975
v 1.046887 1.232908 -0.704951
v 1.024402 1.243603 -0.715566
v 1.032944 1.246333 -0.707962
v 1.060665 1.273768 -0.726000
v 1.095991 1.266851 -0.718820
v 1.087945 1.263918 -0.726247
v 1.024402 1.243603 -0.715566
v 0.989965 1.250808 -0.722711
v 0.995223 1.254505 -0.716135
v 1.024969 1.272637 -0.735080
v 1.061380 1.269297 -0.731699
v 0.995223 1.254505 -0.716135
v 1.020554 1.276778 -0.729002
v 1.060665 1.273768 -0.726000
v 1.024969 1.272637 -0.735080
v 0.989965 1.250808 -0.722711
v 0.948794 1.253476 -0.725349
v 0.950930 1.257496 -0.719145
v 1.048138 0.540254 -1.279175
v 1.041812 0.540470 -1.293956
v 1.041827 0.872859 -1.293701
v 1.049267 0.872819 -1.275622
v 0.999392 0.872808 -1.336410
v 0.999496 0.540470 -1.336503
v 0.977470 0.540480 -1.345368
v 0.981328 0.872837 -1.343931
v 1.017647 0.537298 -1.312294
v 1.023888 0.540358 -1.318745
v 1.041812 0.540470 -1.293956
v 1.016564 0.872596 -1.324881
v 1.030380 0.872860 -1.310953
v 1.023888 0.540358 -1.318745
v 0.987308 0.537298 -1.332674
v 0.999496 0.540470 -1.336503
v 1.023888 0.540358 -1.318745
v 0.961141 0.872859 -1.347968
v 0.977470 0.540480 -1.345368
v 0.941560 0.540470 -1.350000
v 0.941383 0.872866 -1.349924
v 0.987308 0.537298 -1.332674
v 0.950549 0.537298 -1.340025
v 0.977470 0.540480 -1.345368
v 0.951851 1.240004 1.022289
v 0.951888 1.235470 1.033470
v 0.991888 1.233666 1.025728
v 0.991987 1.238208 1.014108
v 0.956209 0.529518 1.062284
v 0.951502 0.526982 1.051232
v 0.987867 0.527516 1.044069
v 0.993124 0.530043 1.053769
v 1.016722 1.230070 1.012167
v 1.025355 1.233163 0.993654
v 0.991987 1.238208 1.014108
v 1.041886 1.223054 0.985300
v 1.041887 1.227866 0.973151
v 1.025355 1.233163 0.993654
v 0.952302 0.875725 1.309270
v 0.951459 0.869663 1.309303
v 0.981950 0.869781 1.303679
v 1.025676 0.531627 1.031323
v 0.993124 0.530043 1.053769
v 0.987867 0.527516 1.044069
v 1.017893 0.528995 1.024203
v 0.999977 0.869758 1.295877
v 0.981950 0.869781 1.303679
v 0.993124 0.530043 1.053769
v 0.999981 0.875986 1.295743
v 0.999977 0.869758 1.295877
v 1.016850 0.869758 1.284103
v 1.053313 0.536216 0.970996
v 1.055496 0.538286 0.948955
v 1.052760 0.876023 1.194469
v 1.053215 0.872700 1.214025
v 1.029898 0.872853 1.271610
v 1.016850 0.869758 1.284103
v 1.025676 0.531627 1.031323
v 1.017893 0.528995 1.024203
v 1.037995 0.531214 0.994414
v 1.047111 0.534089 0.998329
v 1.049176 0.872854 1.234985
v 1.041547 0.872861 1.253805
v 1.047111 0.534089 0.998329
v 1.037995 0.531214 0.994414
v 1.045252 0.533904 0.958286
v 1.053313 0.536216 0.970996
v 1.053182 0.869653 -1.255820
v 1.053578 1.164091 -1.222957
v 1.055202 1.156797 -1.207846
v 1.053023 0.850851 -1.238346
v 1.049213 1.166220 -1.247213
v 1.049267 0.872819 -1.275622
v 1.041827 0.872859 -1.293701
v 1.041759 1.170590 -1.264892
v 1.030165 1.174636 -1.281962
v 1.030380 0.872860 -1.310953
v 1.016564 0.872596 -1.324881
v 1.016365 1.178118 -1.295506
v 1.024770 1.181074 -1.277580
v 1.041797 1.175445 -1.253659
v 1.041759 1.170590 -1.264892
v 0.999052 1.180816 -1.306886
v 0.999392 0.872808 -1.336410
v 0.981328 0.872837 -1.343931
v 0.980989 1.182763 -1.314224
v 0.991026 1.186346 -1.300944
v 1.024770 1.181074 -1.277580
v 1.016365 1.178118 -1.295506
v 1.016722 1.230070 1.012167
v 1.016841 0.875986 1.283978
v 1.029898 0.872853 1.271610
v 1.030453 1.226880 1.000265
v 0.950560 1.188246 -1.310151
v 0.991026 1.186346 -1.300944
v 0.980989 1.182763 -1.314224
v 1.041886 1.223054 0.985300
v 1.041547 0.872861 1.253805
v 1.049176 0.872854 1.234985
v 1.049306 1.221756 0.965501
v 1.053534 1.217244 0.945899
v 1.053215 0.872700 1.214025
v 1.052760 0.876023 1.194469
v 1.055348 1.214067 0.924101
v 0.950560 1.188246 -1.310151
v 0.949311 1.184043 -1.319768
v 0.537588 1.184192 -1.320125
v 0.537588 1.188412 -1.310406
v 1.049192 1.171341 -1.235632
v 1.041797 1.175445 -1.253659
v 1.046887 1.232908 -0.704951
v 1.055233 1.163652 -1.191869
v 1.053578 1.164091 -1.222957
v 1.054828 1.220628 -0.692784
v 1.122944 1.311381 -0.177233
v 1.113517 1.316724 -0.180909
v 1.117334 1.338485 0.384424
v 0.948794 1.253476 -0.725349
v 0.537588 1.253561 -0.725521
v 0.537588 1.257618 -0.719270
v 0.950930 1.257496 -0.719145
v 1.138597 1.288491 0.385194
v 1.148793 1.286313 0.375250
v 1.130426 1.326234 0.382164
v 1.119249 1.327401 0.392978
v 1.065202 1.220767 -0.682480
v 1.065165 1.207992 -0.670884
v 1.055202 1.207788 -0.680779
v 1.048904 0.534844 -1.207725
v 1.045251 0.537298 -1.244781
v 1.055486 0.540334 -1.226457
v 1.055185 1.286674 0.395255
v 1.064916 1.284888 0.385142
v 1.065090 1.300473 0.389211
v 0.448369 1.339788 0.406846
v 0.432082 1.335239 0.417106
v 0.950081 1.335135 0.417040
v 0.953522 1.339628 0.406809
v 1.010771 1.357427 0.399228
v 1.017208 1.359827 0.388593
v 0.537583 1.365636 0.385969
v 0.531248 1.362982 0.397142
v 0.951851 1.240004 1.022289
v 0.432083 1.240194 1.022418
v 0.432083 1.235708 1.033726
v 0.951888 1.235470 1.033470
v 0.952302 0.875725 1.309270
v 0.432083 0.875957 1.309703
v 0.432083 0.869784 1.309828
v 0.951459 0.869663 1.309303
v 1.138775 1.208110 -0.670699
v 1.120700 1.248192 -0.710305
v 1.133275 1.246200 -0.697861
v 1.148975 1.208325 -0.660528
v 0.431871 0.523938 1.059160
v 0.951502 0.526982 1.051232
v 0.956209 0.529518 1.062284
v 1.024969 1.272637 -0.735080
v 0.537588 1.279707 -0.742492
v 0.537578 1.283722 -0.736195
v 1.020554 1.276778 -0.729002
v 0.182891 1.376444 -0.609626
v 0.200968 1.376444 -0.602138
v 0.200968 1.193269 -0.602138
v 0.182891 1.193269 -0.609626
v 0.182891 1.193269 -0.609626
v 0.188782 1.190097 -0.598283
v -0.000000 1.190097 -0.635834
v 0.182891 1.376444 -0.609626
v -0.000000 1.379616 -0.656175
v -0.000000 1.379616 -0.635834
v 0.188782 1.190097 -0.598283
v 0.200968 1.193269 -0.602138
v 0.354159 1.193159 -0.498906
v 0.348824 1.190097 -0.491347
v 0.348824 1.379616 -0.491347
v 0.356506 1.376489 -0.496552
v 0.200968 1.376444 -0.602138
v 0.188782 1.379616 -0.598283
v 0.455761 1.190097 -0.331305
v 0.348824 1.190097 -0.491347
v 0.354159 1.193159 -0.498906
v 0.463547 1.193270 -0.336331
v 0.455761 1.379616 -0.331305
v 0.464820 1.376443 -0.333257
v 0.356506 1.376489 -0.496552
v 0.348824 1.379616 -0.491347
v 0.455761 1.190097 -0.331305
v 0.463547 1.193270 -0.336331
v 0.502430 1.193159 -0.144095
v 0.493312 1.190097 -0.142523
v 0.455761 1.379616 -0.331305
v 0.493312 1.379616 -0.142523
v 0.502430 1.376554 -0.140951
v 0.464820 1.376443 -0.333257
v 0.455761 1.190097 0.046260
v 0.493312 1.190097 -0.142523
v 0.502430 1.193159 -0.144095
v 0.467103 1.193269 0.040368
v 0.455761 1.379616 0.046260
v 0.463987 1.376557 0.049851
v 0.502430 1.376554 -0.140951
v 0.493312 1.379616 -0.142523
v 0.348824 1.190097 0.206302
v 0.455761 1.190097 0.046260
v 0.459615 1.193269 0.058446
v 0.355172 1.193221 0.212649
v 0.463987 1.376557 0.049851
v 0.459615 1.193269 0.058446
v 0.467103 1.193269 0.040368
v 0.348824 1.379616 0.206302
v 0.361558 1.376444 0.205199
v 0.463987 1.376557 0.049851
v 0.455761 1.379616 0.046260
v 0.348824 1.190097 0.206302
v 0.355172 1.193221 0.212649
v 0.200969 1.193269 0.317093
v 0.188783 1.190097 0.313238
v 0.188783 1.379616 0.313238
v 0.200969 1.376444 0.317093
v 0.347722 1.376444 0.219035
v 0.348824 1.379616 0.206302
v 0.200969 1.376444 0.317093
v 0.182891 1.376444 0.324581
v 0.182891 1.193269 0.324581
v 0.200969 1.193269 0.317093
v 0.000000 1.190097 0.350790
v 0.000000 1.193269 0.360960
v -0.190652 1.193224 0.322328
v -0.188782 1.190097 0.313239
v 0.182891 1.193269 0.324581
v 0.000000 1.190097 0.371131
v 0.000000 1.190097 0.350790
v 0.182891 1.376444 0.324581
v 0.188783 1.379616 0.313238
v 0.000000 1.379616 0.350790
v 0.000000 1.379616 0.350790
v -0.188782 1.379616 0.313239
v -0.193660 1.376528 0.321090
v 0.000000 1.376444 0.360960
v -0.188782 1.190097 0.313239
v -0.190652 1.193224 0.322328
v -0.354160 1.193159 0.213861
v -0.348824 1.190097 0.206302
v -0.188782 1.379616 0.313239
v -0.348824 1.379616 0.206302
v -0.356335 1.376528 0.211690
v -0.193660 1.376528 0.321090
v -0.455761 1.190097 0.046260
v -0.348824 1.190097 0.206302
v -0.354160 1.193159 0.213861
v -0.463547 1.193270 0.051286
v -0.348824 1.379616 0.206302
v -0.455761 1.379616 0.046260
v -0.464786 1.376554 0.048297
v -0.356335 1.376528 0.211690
v -0.455761 1.190097 0.046260
v -0.463547 1.193270 0.051286
v -0.502425 1.193224 -0.140771
v -0.493312 1.190097 -0.142522
v -0.493312 1.379616 -0.142522
v -0.502429 1.376443 -0.144186
v -0.464786 1.376554 0.048297
v -0.455761 1.379616 0.046260
v -0.493312 1.190097 -0.142522
v -0.502425 1.193224 -0.140771
v -0.464851 1.193224 -0.333174
v -0.455761 1.190097 -0.331304
v -0.493312 1.379616 -0.142522
v -0.455761 1.379616 -0.331304
v -0.463612 1.376528 -0.336182
v -0.502429 1.376443 -0.144186
v -0.455761 1.190097 -0.331304
v -0.464851 1.193224 -0.333174
v -0.356507 1.193224 -0.496552
v -0.348824 1.190097 -0.491346
v -0.455761 1.379616 -0.331304
v -0.348824 1.379616 -0.491346
v -0.354212 1.376528 -0.498857
v -0.463612 1.376528 -0.336182
v -0.348824 1.190097 -0.491346
v -0.356507 1.193224 -0.496552
v -0.200969 1.193269 -0.602138
v -0.188782 1.190097 -0.598283
v -0.348824 1.379616 -0.491346
v -0.188782 1.379616 -0.598283
v -0.190819 1.376554 -0.607308
v -0.354212 1.376528 -0.498857
v -0.000000 1.190097 -0.635834
v -0.188782 1.190097 -0.598283
v -0.182891 1.193269 -0.609626
v -0.000000 1.193269 -0.646005
v -0.182891 1.193269 -0.609626
v -0.200969 1.193269 -0.602138
v -0.190819 1.376554 -0.607308
v -0.000000 1.379616 -0.635834
v -0.000000 1.376444 -0.646005
v -0.190819 1.376554 -0.607308
v -0.188782 1.379616 -0.598283
v 0.461063 0.534129 0.883731
v 0.461435 0.540471 0.883352
v 1.015900 0.540471 0.883352
v 1.021743 0.537299 0.893327
v 1.025874 0.540471 -1.158422
v 1.035849 0.537298 -1.164266
v 1.035850 0.537298 -0.274426
v 0.433188 0.300841 0.912079
v 0.422486 0.294714 0.902344
v 0.451301 0.536467 0.873505
v 0.461063 0.534129 0.883731
v 0.433186 0.300840 -1.197124
v 0.461212 0.536401 -1.168537
v 0.451400 0.538139 -1.158413
v 0.422525 0.294685 -1.189632
v 1.044572 0.537188 0.889210
v 1.040266 0.534554 0.904814
v 1.021743 0.537299 0.893327
v 0.461435 0.638577 0.883352
v 0.461435 0.641749 0.873377
v 1.015900 0.641749 0.873377
v 1.015900 0.638577 0.883352
v 1.015899 0.638577 -1.168398
v 1.015899 0.641749 -1.158422
v 0.461434 0.641749 -1.158422
v 0.461434 0.638577 -1.168397
v 1.025875 0.638577 0.873377
v 1.015900 0.641749 0.873377
v 1.015899 0.641749 -1.158422
v 1.025874 0.638577 -1.158422
v 0.451460 0.638577 0.873377
v 0.461435 0.638577 0.883352
v 0.461435 0.540471 0.883352
v 0.451301 0.536467 0.873505
v 0.461434 0.641749 -1.158422
v 0.451460 0.638577 0.873377
v 0.451458 0.638577 -1.158422
v 1.025875 0.540471 0.873377
v 1.015900 0.540471 0.883352
v 1.015900 0.638577 0.883352
v 1.025875 0.638577 0.873377
v -1.055120 0.540470 -1.187773
v -1.044049 0.872398 -1.188203
v -1.046126 0.884597 -1.205489
v -1.055487 0.540333 -1.226455
v -1.055495 0.538286 0.948957
v -1.046297 0.872928 1.167228
v -1.043916 0.874314 1.147011
v -1.055119 0.540471 0.904796
v -1.055120 0.540470 -0.680110
v -1.055120 0.540470 -1.187773
v -1.044864 0.537231 -1.173527
v -0.433186 0.300841 0.912080
v -0.431805 0.300081 0.915719
v -1.048804 0.534071 0.922573
v -1.040264 0.534554 0.904815
v -1.055234 1.163653 -1.191867
v -1.055220 1.156858 -1.207710
v -1.046126 0.884597 -1.205489
v -1.044049 0.872398 -1.188203
v -1.040266 0.534553 -1.189858
v -1.048906 0.534844 -1.207724
v -0.436056 0.301648 -1.201235
v -0.433188 0.300840 -1.197123
v -1.043916 0.874314 1.147011
v -1.046297 0.872928 1.167228
v -1.055338 1.212833 0.929083
v -0.427789 0.318387 -1.205948
v -0.428204 1.020929 -1.206098
v -0.412171 1.155261 -1.197749
v -0.412132 0.294716 -1.197749
v -0.412137 0.869729 1.158482
v -0.422105 0.872947 1.168790
v -0.422106 0.389565 0.964438
v -0.412131 0.294688 0.914042
v -0.412111 0.875957 1.157547
v -0.412131 1.205363 0.914979
v -0.422099 1.208858 0.921985
v -0.422105 0.872947 1.168790
v -0.412131 1.209822 0.903708
v -0.411918 1.288210 0.386871
v -0.422106 1.290630 0.396073
v -0.422099 1.208858 0.921985
v -0.520153 1.363661 0.386796
v -0.531247 1.362982 0.397143
v -0.448368 1.339788 0.406846
v -0.431400 1.338334 0.397461
v -0.412128 1.208535 -0.669591
v -0.425925 1.213399 -0.645364
v -0.427804 1.266279 -0.153904
v -0.413089 1.264537 -0.143387
v -0.411918 1.288210 0.386871
v -0.413089 1.264537 -0.143387
v -0.427804 1.267742 -0.134518
v -0.422106 1.291591 0.376353
v -1.055119 0.540471 0.395067
v -1.043803 0.875861 0.395150
v -1.053853 0.872942 0.385092
v -1.065095 0.540471 0.385092
v -0.451460 0.638577 -1.158421
v -0.461435 0.638577 -1.168397
v -0.461435 0.540471 -1.168397
v -0.451384 0.537625 -1.158474
v -1.055130 1.283749 0.395067
v -1.064916 1.284887 0.385144
v -1.053853 0.872942 0.385092
v -1.043803 0.875861 0.395150
v -0.412208 1.159329 -1.188207
v -0.428630 1.161257 -1.194321
v -0.425925 1.213399 -0.645364
v -0.412128 1.208535 -0.669591
v -1.138917 0.537298 -0.660160
v -1.045252 0.537298 -0.660160
v -1.138916 0.537299 0.375117
v -1.053859 0.872920 -0.670135
v -1.065165 1.207992 -0.670883
v -1.055203 1.207788 -0.680778
v -1.043857 0.875260 -0.680155
v -1.025876 0.540470 -1.158421
v -1.015900 0.540471 -1.168396
v -1.015900 0.638577 -1.168396
v -1.025876 0.638577 -1.158421
v -1.053859 0.872920 -0.670135
v -1.043857 0.875260 -0.680155
v -1.055120 0.540470 -0.680110
v -1.065096 0.540471 -0.670135
v -0.521217 1.186789 -1.301818
v -0.428630 1.161257 -1.194321
v -0.428630 1.156575 -1.205296
v -0.521174 1.182003 -1.312714
v -0.537590 0.540470 -1.349999
v -0.537644 0.872937 -1.349919
v -0.522819 0.868672 -1.342334
v -0.521932 0.537673 -1.341800
v -0.422108 0.872826 1.300671
v -0.432081 0.869784 1.309829
v -0.431870 0.523938 1.059160
v -0.422106 0.526936 1.051198
v -0.422108 0.872826 1.300671
v -0.422114 1.235733 1.021825
v -0.432081 1.235708 1.033727
v -0.432081 0.875957 1.309704
v -0.422114 1.235733 1.021825
v -0.422604 1.333301 0.406426
v -0.432082 1.335239 0.417106
v -0.432081 1.240194 1.022418
v -0.537644 0.872937 -1.349919
v -0.537590 1.184192 -1.320125
v -0.521174 1.182003 -1.312714
v -0.522819 0.868672 -1.342334
v -0.521782 1.250879 -0.722548
v -0.527614 1.258624 -0.709808
v -0.527614 1.313951 -0.189440
v -0.521916 1.308304 -0.185264
v -1.065095 0.540471 0.385092
v -1.139059 0.540471 0.385092
v -1.138916 0.537299 0.375117
v -0.520053 1.309695 -0.165853
v -0.525853 1.315374 -0.170159
v -0.431400 1.338334 0.397461
v -0.422604 1.333301 0.406426
v -0.527614 1.280854 -0.733179
v -0.527614 1.258624 -0.709808
v -0.537589 1.257618 -0.719269
v -0.521217 1.186789 -1.301818
v -0.537590 1.188412 -1.310406
v -0.537589 1.253561 -0.725520
v -0.521782 1.250879 -0.722548
v -0.536343 0.534186 -1.348071
v -0.521932 0.537673 -1.341800
v -0.427789 0.318387 -1.205948
v -0.436056 0.301648 -1.201235
v -0.427804 1.266279 -0.153904
v -0.521916 1.308304 -0.185264
v -0.520053 1.309695 -0.165853
v -0.427804 1.267742 -0.134518
v -0.431870 0.523938 1.059160
v -0.431805 0.300081 0.915719
v -0.422106 0.389565 0.964438
v -0.422106 0.526936 1.051198
v -1.154047 0.872899 0.385092
v -1.164037 0.872940 0.375081
v -1.149035 0.540470 0.375117
v -1.139059 0.540471 0.385092
v -1.154047 0.872899 0.385092
v -1.138596 1.288497 0.385196
v -1.148792 1.286313 0.375248
v -1.164037 0.872940 0.375081
v -1.138916 0.537299 0.375117
v -1.149035 0.540470 0.375117
v -1.149035 0.540470 -0.660160
v -1.138917 0.537298 -0.660160
v -1.148960 1.208369 -0.660642
v -1.138728 1.208144 -0.670717
v -1.154039 0.872825 -0.670135
v -1.163810 0.864391 -0.660339
v -1.149035 0.540470 -0.660160
v -1.163810 0.864391 -0.660339
v -1.154039 0.872825 -0.670135
v -1.139059 0.540471 -0.670135
v -0.527614 1.280854 -0.733179
v -0.537578 1.283722 -0.736195
v -0.537787 1.339728 -0.208714
v -0.527625 1.337985 -0.192164
v -0.527625 1.337985 -0.192164
v -0.537787 1.339728 -0.208714
v -0.537582 1.365636 0.385970
v -0.520153 1.363661 0.386796
v -1.103174 1.340275 0.395583
v -1.117055 1.330903 0.393553
v -1.059768 1.312120 0.394558
v -1.048623 1.320287 0.398792
v -0.990920 1.332239 0.415664
v -0.950232 1.335150 0.416929
v -0.954939 1.339562 0.406835
v -0.995639 1.336532 0.405818
v -1.031224 1.328404 0.402414
v -1.048623 1.320287 0.398792
v -1.041846 1.316323 0.408321
v -1.103174 1.340275 0.395583
v -1.084116 1.347518 0.397048
v -1.091220 1.349270 0.386616
v -0.995639 1.336532 0.405818
v -1.031224 1.328404 0.402414
v -1.024760 1.324499 0.412112
v -1.084116 1.347518 0.397048
v -1.050631 1.354450 0.398523
v -1.055174 1.356785 0.388056
v -1.015150 1.359969 0.388370
v -1.055174 1.356785 0.388056
v -1.050631 1.354450 0.398523
v -1.011329 1.357409 0.399234
v -1.024969 1.272637 -0.735079
v -0.977069 1.256412 -0.718049
v -1.019213 1.250048 -0.711657
v -1.061381 1.269297 -0.731698
v -1.122983 1.245356 -0.707450
v -1.133076 1.246446 -0.698049
v -1.120963 1.257177 -0.708855
v -1.059334 1.232354 -0.694024
v -1.065202 1.220767 -0.682478
v -1.122983 1.245356 -0.707450
v -1.059334 1.232354 -0.694024
v -1.047030 1.232818 -0.704769
v -1.054829 1.220628 -0.692782
v -1.110673 1.255485 -0.717717
v -1.120963 1.257177 -0.708855
v -1.095991 1.266851 -0.718818
v -1.044352 1.241806 -0.703453
v -1.024404 1.243603 -0.715564
v -1.047030 1.232818 -0.704769
v -1.087946 1.263918 -0.726246
v -1.095991 1.266851 -0.718818
v -1.060666 1.273768 -0.725999
v -1.019213 1.250048 -0.711657
v -0.989728 1.250815 -0.722881
v -1.024404 1.243603 -0.715564
v -1.055487 0.540333 -1.226455
v -1.053034 0.847153 -1.238394
v -1.053183 0.869625 -1.255819
v -1.050616 0.540480 -1.271866
v -1.024969 1.272637 -0.735079
v -1.060666 1.273768 -0.725999
v -1.020492 1.276783 -0.729000
v -0.977069 1.256412 -0.718049
v -0.948689 1.253460 -0.725488
v -0.989728 1.250815 -0.722881
v -1.041830 0.872832 -1.293698
v -1.041813 0.540470 -1.293955
v -1.050616 0.540480 -1.271866
v -1.049268 0.872822 -1.275620
v -0.977472 0.540480 -1.345367
v -0.999498 0.540470 -1.336501
v -0.999395 0.872803 -1.336409
v -0.981331 0.872832 -1.343929
v -1.041813 0.540470 -1.293955
v -1.023891 0.540358 -1.318742
v -1.017648 0.537298 -1.312293
v -1.023891 0.540358 -1.318742
v -1.030382 0.872857 -1.310952
v -1.016567 0.872581 -1.324878
v -1.023891 0.540358 -1.318742
v -0.999498 0.540470 -1.336501
v -0.987310 0.537298 -1.332673
v -0.941562 0.540470 -1.349999
v -0.977472 0.540480 -1.345367
v -0.961144 0.872860 -1.347966
v -0.941385 0.872867 -1.349923
v -0.977472 0.540480 -1.345367
v -0.950551 0.537298 -1.340023
v -0.987310 0.537298 -1.332673
v -0.991905 1.233665 1.025722
v -0.951899 1.235470 1.033471
v -0.951859 1.240004 1.022287
v -0.992004 1.238208 1.014096
v -1.049307 1.221756 0.965492
v -1.041886 1.227866 0.973152
v -1.041846 1.316323 0.408321
v -1.050933 1.308740 0.404318
v -0.992004 1.238208 1.014096
v -1.025375 1.233161 0.993629
v -1.016720 1.230070 1.012168
v -1.025375 1.233161 0.993629
v -1.041886 1.227866 0.973152
v -1.041885 1.223054 0.985301
v -1.055338 1.212833 0.929083
v -1.053535 1.217243 0.945877
v -1.050933 1.308740 0.404318
v -1.055249 1.297692 0.398652
v -0.987866 0.527516 1.044070
v -0.951500 0.526982 1.051233
v -0.956209 0.529518 1.062285
v -0.993123 0.530043 1.053770
v -0.981949 0.869781 1.303681
v -0.951458 0.869663 1.309305
v -0.952308 0.875726 1.309271
v -0.987866 0.527516 1.044070
v -0.993123 0.530043 1.053770
v -1.025675 0.531627 1.031324
v -1.017891 0.528995 1.024205
v -0.993123 0.530043 1.053770
v -0.981949 0.869781 1.303681
v -0.999975 0.869758 1.295878
v -1.016849 0.869758 1.284104
v -0.999975 0.869758 1.295878
v -0.999980 0.875986 1.295744
v -1.049176 0.872854 1.234983
v -1.048867 0.534464 0.992390
v -1.041929 0.533422 1.008509
v -1.041548 0.872860 1.253801
v -1.025675 0.531627 1.031324
v -1.016849 0.869758 1.284104
v -1.029902 0.872854 1.271605
v -1.041929 0.533422 1.008509
v -1.048867 0.534464 0.992390
v -1.017891 0.528995 1.024205
v -1.052868 0.872750 1.194033
v -1.055495 0.538286 0.948957
v -1.053311 0.536216 0.970997
v -1.053214 0.872699 1.214026
v -1.053311 0.536216 0.970997
v -1.045251 0.533904 0.958287
v -1.048867 0.534464 0.992390
v -1.055220 1.156858 -1.207710
v -1.053580 1.164091 -1.222951
v -1.053183 0.869625 -1.255819
v -1.053034 0.847153 -1.238394
v -1.041830 0.872832 -1.293698
v -1.049268 0.872822 -1.275620
v -1.049215 1.166220 -1.247212
v -1.041761 1.170590 -1.264891
v -1.016567 0.872581 -1.324878
v -1.030382 0.872857 -1.310952
v -1.030167 1.174636 -1.281960
v -1.016367 1.178118 -1.295504
v -1.041761 1.170590 -1.264891
v -1.041799 1.175445 -1.253658
v -1.024771 1.181074 -1.277579
v -0.981331 0.872832 -1.343929
v -0.999395 0.872803 -1.336409
v -0.999053 1.180816 -1.306885
v -0.980991 1.182763 -1.314222
v -1.016367 1.178118 -1.295504
v -1.024771 1.181074 -1.277579
v -0.991028 1.186346 -1.300943
v -1.029902 0.872854 1.271605
v -1.016839 0.875986 1.283979
v -1.016720 1.230070 1.012168
v -1.030452 1.226880 1.000267
v -0.980991 1.182763 -1.314222
v -0.991028 1.186346 -1.300943
v -0.950562 1.188246 -1.310149
v -1.049176 0.872854 1.234983
v -1.041548 0.872860 1.253801
v -1.041885 1.223054 0.985301
v -1.049307 1.221756 0.965492
v -1.052868 0.872750 1.194033
v -1.053214 0.872699 1.214026
v -1.053535 1.217243 0.945877
v -1.055338 1.212833 0.929083
v -1.122944 1.311382 -0.177231
v -1.124468 1.332984 0.383538
v -1.109880 1.342247 0.385309
v -1.113517 1.316723 -0.180907
v -1.047030 1.232818 -0.704769
v -1.041799 1.175445 -1.253658
v -1.049194 1.171341 -1.235630
v -1.054829 1.220628 -0.692782
v -1.053580 1.164091 -1.222951
v -1.055234 1.163653 -1.191867
v -0.537590 1.184192 -1.320125
v -0.949321 1.184042 -1.319767
v -0.950562 1.188246 -1.310149
v -0.537590 1.188412 -1.310406
v -0.537589 1.257618 -0.719269
v -0.537589 1.253561 -0.725520
v -0.948689 1.253460 -0.725488
v -0.977069 1.256412 -0.718049
v -0.536343 0.534186 -1.348071
v -0.950551 0.537298 -1.340023
v -0.941562 0.540470 -1.349999
v -0.537590 0.540470 -1.349999
v -1.055203 1.207788 -0.680778
v -1.065165 1.207992 -0.670883
v -1.065202 1.220767 -0.682478
v -1.055487 0.540333 -1.226455
v -1.040867 0.537521 -1.273228
v -1.048906 0.534844 -1.207724
v -1.131390 1.324486 0.381926
v -1.148792 1.286313 0.375248
v -1.138596 1.288497 0.385196
v -1.117055 1.330903 0.393553
v -1.065089 1.300473 0.389212
v -1.064916 1.284887 0.385144
v -1.055249 1.297692 0.398652
v -0.950232 1.335150 0.416929
v -0.432082 1.335239 0.417106
v -0.448368 1.339788 0.406846
v -0.954939 1.339562 0.406835
v -0.537582 1.365636 0.385970
v -1.015150 1.359969 0.388370
v -1.011329 1.357409 0.399234
v -0.531247 1.362982 0.397143
v -0.432081 1.235708 1.033727
v -0.432081 1.240194 1.022418
v -0.951859 1.240004 1.022287
v -0.951899 1.235470 1.033471
v -0.432081 0.869784 1.309829
v -0.432081 0.875957 1.309704
v -0.952308 0.875726 1.309271
v -0.951458 0.869663 1.309305
v -1.133076 1.246446 -0.698049
v -1.122983 1.245356 -0.707450
v -1.138728 1.208144 -0.670717
v -1.148960 1.208369 -0.660642
v -0.956209 0.529518 1.062285
v -0.951500 0.526982 1.051233
v -0.431870 0.523938 1.059160
v -0.537578 1.283722 -0.736195
v -0.537589 1.279707 -0.742491
v -1.024969 1.272637 -0.735079
v -1.020492 1.276783 -0.729000
v -0.200969 1.376444 -0.602137
v -0.182891 1.376444 -0.609625
v -0.182891 1.193269 -0.609625
v -0.200969 1.193269 -0.602137
v -0.000000 1.190097 -0.635834
v -0.188783 1.190097 -0.598283
v -0.182891 1.193269 -0.609625
v -0.000000 1.379616 -0.635834
v -0.000000 1.379616 -0.656175
v -0.182891 1.376444 -0.609625
v -0.347722 1.193269 -0.504080
v -0.200969 1.193269 -0.602137
v -0.188783 1.190097 -0.598283
v -0.348824 1.190097 -0.491346
v -0.200969 1.376444 -0.602137
v -0.356507 1.376489 -0.496552
v -0.348824 1.379616 -0.491346
v -0.188783 1.379616 -0.598283
v -0.361558 1.193269 -0.490244
v -0.348824 1.190097 -0.491346
v -0.455761 1.190097 -0.331304
v -0.463612 1.193185 -0.336182
v -0.347722 1.193269 -0.504080
v -0.361558 1.193269 -0.490244
v -0.356507 1.376489 -0.496552
v -0.356507 1.376489 -0.496552
v -0.464821 1.376443 -0.333256
v -0.455761 1.379616 -0.331304
v -0.348824 1.379616 -0.491346
v -0.463612 1.193185 -0.336182
v -0.455761 1.190097 -0.331304
v -0.493312 1.190097 -0.142522
v -0.502432 1.193185 -0.144024
v -0.502430 1.376554 -0.140950
v -0.493312 1.379616 -0.142522
v -0.455761 1.379616 -0.331304
v -0.464821 1.376443 -0.333256
v -0.502432 1.193185 -0.144024
v -0.493312 1.190097 -0.142522
v -0.455761 1.190097 0.046260
v -0.464762 1.193185 0.048363
v -0.502430 1.376554 -0.140950
v -0.463510 1.376489 0.051366
v -0.455761 1.379616 0.046260
v -0.493312 1.379616 -0.142522
v -0.464762 1.193185 0.048363
v -0.455761 1.190097 0.046260
v -0.348824 1.190097 0.206302
v -0.356335 1.193185 0.211689
v -0.463510 1.376489 0.051366
v -0.354030 1.376489 0.213985
v -0.348824 1.379616 0.206302
v -0.455761 1.379616 0.046260
v -0.356335 1.193185 0.211689
v -0.348824 1.190097 0.206302
v -0.188782 1.190097 0.313239
v -0.200968 1.193269 0.317093
v -0.354030 1.376489 0.213985
v -0.200968 1.376444 0.317093
v -0.188782 1.379616 0.313239
v -0.348824 1.379616 0.206302
v -0.182891 1.376444 0.324581
v -0.200968 1.376444 0.317093
v -0.200968 1.193269 0.317093
v -0.182891 1.193269 0.324581
v 0.190820 1.193159 0.322264
v 0.000000 1.193269 0.360960
v 0.000000 1.190097 0.350790
v 0.188782 1.190097 0.313238
v 0.000000 1.190097 0.350790
v 0.000000 1.190097 0.371131
v -0.182891 1.193269 0.324581
v 0.000000 1.379616 0.350790
v -0.188782 1.379616 0.313239
v -0.182891 1.376444 0.324581
v 0.193724 1.376554 0.321060
v 0.188782 1.379616 0.313238
v 0.000000 1.379616 0.350790
v 0.000000 1.376444 0.360960
v 0.190820 1.193159 0.322264
v 0.188782 1.190097 0.313238
v 0.348824 1.190097 0.206302
v 0.354212 1.193185 0.213813
v 0.193724 1.376554 0.321060
v 0.356507 1.376489 0.211508
v 0.348824 1.379616 0.206302
v 0.188782 1.379616 0.313238
v 0.354212 1.193185 0.213813
v 0.348824 1.190097 0.206302
v 0.455761 1.190097 0.046260
v 0.463613 1.193185 0.051138
v 0.356507 1.376489 0.211508
v 0.464821 1.376443 0.048212
v 0.455761 1.379616 0.046260
v 0.348824 1.379616 0.206302
v 0.463613 1.193185 0.051138
v 0.455761 1.190097 0.046260
v 0.493312 1.190097 -0.142523
v 0.502432 1.193185 -0.141021
v 0.502430 1.376554 -0.144095
v 0.493312 1.379616 -0.142523
v 0.455761 1.379616 0.046260
v 0.464821 1.376443 0.048212
v 0.502432 1.193185 -0.141021
v 0.493312 1.190097 -0.142523
v 0.455761 1.190097 -0.331305
v 0.464762 1.193185 -0.333408
v 0.502430 1.376554 -0.144095
v 0.463510 1.376489 -0.336411
v 0.455761 1.379616 -0.331305
v 0.493312 1.379616 -0.142523
v 0.464762 1.193185 -0.333408
v 0.455761 1.190097 -0.331305
v 0.348824 1.190097 -0.491347
v 0.356335 1.193185 -0.496734
v 0.463510 1.376489 -0.336411
v 0.354094 1.376443 -0.498970
v 0.348824 1.379616 -0.491347
v 0.455761 1.379616 -0.331305
v 0.356335 1.193185 -0.496734
v 0.348824 1.190097 -0.491347
v 0.188782 1.190097 -0.598283
v 0.193659 1.193185 -0.606135
v 0.200968 1.376444 -0.602138
v 0.188782 1.379616 -0.598283
v 0.348824 1.379616 -0.491347
v 0.354094 1.376443 -0.498970
v 0.193659 1.193185 -0.606135
v 0.188782 1.190097 -0.598283
v -0.000000 1.190097 -0.635834
v -0.000000 1.193269 -0.646005
v 0.182890 1.376444 -0.609626
v -0.000000 1.376444 -0.646005
v -0.000000 1.379616 -0.635834
v 0.188782 1.379616 -0.598283
v -1.015899 0.540471 0.883353
v -0.461434 0.540471 0.883353
v -0.461062 0.534129 0.883731
v -1.021742 0.537299 0.893329
v -1.035850 0.537298 -0.274425
v -1.035851 0.537298 -1.164264
v -1.025876 0.540470 -1.158421
v -1.015900 0.540471 -1.168396
v -1.021744 0.537298 -1.178372
v -0.461063 0.534128 -1.168775
v -0.461435 0.540471 -1.168397
v -0.451344 0.537016 0.873443
v -0.422485 0.294714 0.902344
v -0.433186 0.300841 0.912080
v -0.461062 0.534129 0.883731
v -1.035850 0.537298 -0.274425
v -1.025876 0.540470 -1.158421
v -1.025874 0.540471 0.873378
v -1.044864 0.537231 -1.173527
v -1.040266 0.534553 -1.189858
v -1.021744 0.537298 -1.178372
v -0.451384 0.537625 -1.158474
v -0.461063 0.534128 -1.168775
v -0.433188 0.300840 -1.197123
v -0.422486 0.294714 -1.187388
v -1.021742 0.537299 0.893329
v -1.040264 0.534554 0.904815
v -1.045151 0.537273 0.887886
v -0.461434 0.641749 0.873378
v -0.461434 0.638577 0.883353
v -1.015899 0.638577 0.883353
v -1.015899 0.641749 0.873378
v -1.015900 0.641749 -1.158421
v -1.015900 0.638577 -1.168396
v -0.461435 0.638577 -1.168397
v -0.461435 0.641749 -1.158421
v -1.015899 0.641749 0.873378
v -1.025874 0.638577 0.873378
v -1.025876 0.638577 -1.158421
v -1.015900 0.641749 -1.158421
v -0.461435 0.641749 -1.158421
v -0.451460 0.638577 -1.158421
v -0.451458 0.638577 0.873378
v -0.461434 0.641749 0.873378
v -0.461434 0.638577 0.883353
v -0.451458 0.638577 0.873378
v -0.451344 0.537016 0.873443
v -0.461434 0.540471 0.883353
v -1.015899 0.540471 0.883353
v -1.025874 0.540471 0.873378
v -1.025874 0.638577 0.873378
v -1.015899 0.638577 0.883353
v 1.015900 0.638577 0.883352
v 1.015900 0.540471 0.883352
v 0.461435 0.540471 0.883352
v 0.461435 0.638577 0.883352
v -1.163810 0.864391 -0.660339
v -1.164037 0.872940 0.375081
v -1.148792 1.286313 0.375248
v -1.148649 1.266283 -0.114489
v -1.148960 1.208369 -0.660642
v 0.799276 1.255439 0.997476
v 0.822515 1.262626 0.978514
v 0.792846 1.280778 0.981109
v 0.742843 1.258035 0.979325
v 0.768844 1.260158 0.995777
v 0.759676 1.282303 0.970440
v 0.742843 1.266433 0.920585
v 0.735674 1.266620 0.950582
v 0.759676 1.287240 0.935914
v 0.799276 1.269028 0.902433
v 0.768844 1.273082 0.905386
v 0.792846 1.288766 0.925245
v 0.834154 1.262234 0.949955
v 0.822515 1.270614 0.922649
v 0.813347 1.284772 0.953177
v 0.813347 1.284772 0.953177
v 0.792846 1.288766 0.925245
v 0.783678 1.293115 0.954370
v 0.813347 1.284772 0.953177
v 0.822515 1.270614 0.922649
v 0.792846 1.288766 0.925245
v 0.822515 1.270614 0.922649
v 0.799276 1.269028 0.902433
v 0.792846 1.288766 0.925245
v 0.792846 1.288766 0.925245
v 0.759676 1.287240 0.935914
v 0.783678 1.293115 0.954370
v 0.792846 1.288766 0.925245
v 0.768844 1.273082 0.905386
v 0.759676 1.287240 0.935914
v 0.768844 1.273082 0.905386
v 0.742843 1.266433 0.920585
v 0.759676 1.287240 0.935914
v 0.759676 1.287240 0.935914
v 0.759676 1.282303 0.970440
v 0.783678 1.293115 0.954370
v 0.759676 1.287240 0.935914
v 0.735674 1.266620 0.950582
v 0.759676 1.282303 0.970440
v 0.735674 1.266620 0.950582
v 0.742843 1.258035 0.979325
v 0.759676 1.282303 0.970440
v 0.759676 1.282303 0.970440
v 0.792846 1.280778 0.981109
v 0.783678 1.293115 0.954370
v 0.759676 1.282303 0.970440
v 0.768844 1.260158 0.995777
v 0.792846 1.280778 0.981109
v 0.768844 1.260158 0.995777
v 0.799276 1.255439 0.997476
v 0.792846 1.280778 0.981109
v 0.792846 1.280778 0.981109
v 0.813347 1.284772 0.953177
v 0.783678 1.293115 0.954370
v 0.792846 1.280778 0.981109
v 0.822515 1.262626 0.978514
v 0.813347 1.284772 0.953177
v 0.822515 1.262626 0.978514
v 0.834154 1.262234 0.949955
v 0.813347 1.284772 0.953177
v 0.837350 1.239718 0.929119
v 0.822515 1.270614 0.922649
v 0.834154 1.262234 0.949955
v 0.837350 1.239718 0.929119
v 0.816849 1.243712 0.901186
v 0.822515 1.270614 0.922649
v 0.816849 1.243712 0.901186
v 0.799276 1.269028 0.902433
v 0.822515 1.270614 0.922649
v 0.783678 1.245237 0.890517
v 0.768844 1.273082 0.905386
v 0.799276 1.269028 0.902433
v 0.783678 1.245237 0.890517
v 0.750508 1.243712 0.901186
v 0.768844 1.273082 0.905386
v 0.750508 1.243712 0.901186
v 0.742843 1.266433 0.920585
v 0.768844 1.273082 0.905386
v 0.730007 1.239718 0.929119
v 0.735674 1.266620 0.950582
v 0.742843 1.266433 0.920585
v 0.730007 1.239718 0.929119
v 0.730007 1.234781 0.963646
v 0.735674 1.266620 0.950582
v 0.730007 1.234781 0.963646
v 0.742843 1.258035 0.979325
v 0.735674 1.266620 0.950582
v 0.750508 1.230788 0.991578
v 0.768844 1.260158 0.995777
v 0.742843 1.258035 0.979325
v 0.750508 1.230788 0.991578
v 0.783678 1.229262 1.002248
v 0.768844 1.260158 0.995777
v 0.783678 1.229262 1.002248
v 0.799276 1.255439 0.997476
v 0.768844 1.260158 0.995777
v 0.816849 1.230788 0.991578
v 0.822515 1.262626 0.978514
v 0.799276 1.255439 0.997476
v 0.816849 1.230788 0.991578
v 0.837350 1.234781 0.963646
v 0.822515 1.262626 0.978514
v 0.837350 1.234781 0.963646
v 0.834154 1.262234 0.949955
v 0.822515 1.262626 0.978514
v 0.816849 1.243712 0.901186
v 0.783678 1.245237 0.890517
v 0.799276 1.269028 0.902433
v 0.750508 1.243712 0.901186
v 0.730007 1.239718 0.929119
v 0.742843 1.266433 0.920585
v 0.730007 1.234781 0.963646
v 0.750508 1.230788 0.991578
v 0.742843 1.258035 0.979325
v 0.783678 1.229262 1.002248
v 0.816849 1.230788 0.991578
v 0.799276 1.255439 0.997476
v 0.837350 1.234781 0.963646
v 0.837350 1.239718 0.929119
v 0.834154 1.262234 0.949955
v 0.799276 1.306799 0.678286
v 0.822515 1.314036 0.659342
v 0.792846 1.332180 0.661985
v 0.742843 1.309442 0.660141
v 0.768844 1.311522 0.676599
v 0.759676 1.333734 0.651320
v 0.742842 1.317995 0.601423
v 0.735673 1.318103 0.631421
v 0.759676 1.338762 0.616807
v 0.799276 1.320638 0.583278
v 0.768844 1.324684 0.586242
v 0.792846 1.340315 0.606142
v 0.834154 1.313718 0.630782
v 0.822515 1.322170 0.603499
v 0.813347 1.336248 0.634064
v 0.813347 1.336248 0.634064
v 0.792846 1.340315 0.606142
v 0.783678 1.344588 0.635278
v 0.813347 1.336248 0.634064
v 0.822515 1.322170 0.603499
v 0.792846 1.340315 0.606142
v 0.822515 1.322170 0.603499
v 0.799276 1.320638 0.583278
v 0.792846 1.340315 0.606142
v 0.792846 1.340315 0.606142
v 0.759676 1.338762 0.616807
v 0.783678 1.344588 0.635278
v 0.792846 1.340315 0.606142
v 0.768844 1.324684 0.586242
v 0.759676 1.338762 0.616807
v 0.768844 1.324684 0.586242
v 0.742842 1.317995 0.601423
v 0.759676 1.338762 0.616807
v 0.759676 1.338762 0.616807
v 0.759676 1.333734 0.651320
v 0.783678 1.344588 0.635278
v 0.759676 1.338762 0.616807
v 0.735673 1.318103 0.631421
v 0.759676 1.333734 0.651320
v 0.735673 1.318103 0.631421
v 0.742843 1.309442 0.660141
v 0.759676 1.333734 0.651320
v 0.759676 1.333734 0.651320
v 0.792846 1.332180 0.661985
v 0.783678 1.344588 0.635278
v 0.759676 1.333734 0.651320
v 0.768844 1.311522 0.676599
v 0.792846 1.332180 0.661985
v 0.768844 1.311522 0.676599
v 0.799276 1.306799 0.678286
v 0.792846 1.332180 0.661985
v 0.792846 1.332180 0.661985
v 0.813347 1.336248 0.634064
v 0.783678 1.344588 0.635278
v 0.792846 1.332180 0.661985
v 0.822515 1.314036 0.659342
v 0.813347 1.336248 0.634064
v 0.822515 1.314036 0.659342
v 0.834154 1.313718 0.630782
v 0.813347 1.336248 0.634064
v 0.837350 1.291257 0.609887
v 0.822515 1.322170 0.603499
v 0.834154 1.313718 0.630782
v 0.837350 1.291257 0.609887
v 0.816849 1.295325 0.581965
v 0.822515 1.322170 0.603499
v 0.816849 1.295325 0.581965
v 0.799276 1.320638 0.583278
v 0.822515 1.322170 0.603499
v 0.783678 1.296878 0.571300
v 0.768844 1.324684 0.586242
v 0.799276 1.320638 0.583278
v 0.783678 1.296878 0.571300
v 0.750507 1.295325 0.581965
v 0.768844 1.324684 0.586242
v 0.750507 1.295325 0.581965
v 0.742842 1.317995 0.601423
v 0.768844 1.324684 0.586242
v 0.730007 1.291257 0.609887
v 0.735673 1.318103 0.631421
v 0.742842 1.317995 0.601423
v 0.730007 1.291257 0.609887
v 0.730007 1.286230 0.644400
v 0.735673 1.318103 0.631421
v 0.730007 1.286230 0.644400
v 0.742843 1.309442 0.660141
v 0.735673 1.318103 0.631421
v 0.750507 1.282163 0.672323
v 0.768844 1.311522 0.676599
v 0.742843 1.309442 0.660141
v 0.750507 1.282163 0.672323
v 0.783678 1.280609 0.682988
v 0.768844 1.311522 0.676599
v 0.783678 1.280609 0.682988
v 0.799276 1.306799 0.678286
v 0.768844 1.311522 0.676599
v 0.816849 1.282163 0.672323
v 0.822515 1.314036 0.659342
v 0.799276 1.306799 0.678286
v 0.816849 1.282163 0.672323
v 0.837350 1.286230 0.644400
v 0.822515 1.314036 0.659342
v 0.837350 1.286230 0.644400
v 0.834154 1.313718 0.630782
v 0.822515 1.314036 0.659342
v 0.816849 1.295325 0.581965
v 0.783678 1.296878 0.571300
v 0.799276 1.320638 0.583278
v 0.750507 1.295325 0.581965
v 0.730007 1.291257 0.609887
v 0.742842 1.317995 0.601423
v 0.730007 1.286230 0.644400
v 0.750507 1.282163 0.672323
v 0.742843 1.309442 0.660141
v 0.783678 1.280609 0.682988
v 0.816849 1.282163 0.672323
v 0.799276 1.306799 0.678286
v 0.837350 1.286230 0.644400
v 0.837350 1.291257 0.609887
v 0.834154 1.313718 0.630782
v 0.923912 1.371454 0.353120
v 0.947152 1.374919 0.333140
v 0.917483 1.393234 0.332250
v 0.867479 1.370564 0.334805
v 0.893480 1.375766 0.350558
v 0.884312 1.392711 0.321485
v 0.867479 1.367684 0.275538
v 0.860310 1.373550 0.304957
v 0.884312 1.391019 0.286649
v 0.923912 1.366795 0.257223
v 0.893480 1.371335 0.259355
v 0.917483 1.390496 0.275884
v 0.958790 1.369124 0.305172
v 0.947152 1.372181 0.276773
v 0.937983 1.391865 0.304067
v 0.937983 1.391865 0.304067
v 0.917483 1.390496 0.275884
v 0.908315 1.400283 0.303658
v 0.937983 1.391865 0.304067
v 0.947152 1.372181 0.276773
v 0.917483 1.390496 0.275884
v 0.947152 1.372181 0.276773
v 0.923912 1.366795 0.257223
v 0.917483 1.390496 0.275884
v 0.917483 1.390496 0.275884
v 0.884312 1.391019 0.286649
v 0.908315 1.400283 0.303658
v 0.917483 1.390496 0.275884
v 0.893480 1.371335 0.259355
v 0.884312 1.391019 0.286649
v 0.893480 1.371335 0.259355
v 0.867479 1.367684 0.275538
v 0.884312 1.391019 0.286649
v 0.884312 1.391019 0.286649
v 0.884312 1.392711 0.321485
v 0.908315 1.400283 0.303658
v 0.884312 1.391019 0.286649
v 0.860310 1.373550 0.304957
v 0.884312 1.392711 0.321485
v 0.860310 1.373550 0.304957
v 0.867479 1.370564 0.334805
v 0.884312 1.392711 0.321485
v 0.884312 1.392711 0.321485
v 0.917483 1.393234 0.332250
v 0.908315 1.400283 0.303658
v 0.884312 1.392711 0.321485
v 0.893480 1.375766 0.350558
v 0.917483 1.393234 0.332250
v 0.893480 1.375766 0.350558
v 0.923912 1.371454 0.353120
v 0.917483 1.393234 0.332250
v 0.917483 1.393234 0.332250
v 0.937983 1.391865 0.304067
v 0.908315 1.400283 0.303658
v 0.917483 1.393234 0.332250
v 0.947152 1.374919 0.333140
v 0.937983 1.391865 0.304067
v 0.947152 1.374919 0.333140
v 0.958790 1.369124 0.305172
v 0.937983 1.391865 0.304067
v 0.961986 1.343070 0.288978
v 0.947152 1.372181 0.276773
v 0.958790 1.369124 0.305172
v 0.961986 1.343070 0.288978
v 0.941485 1.341700 0.260795
v 0.947152 1.372181 0.276773
v 0.941485 1.341700 0.260795
v 0.923912 1.366795 0.257223
v 0.947152 1.372181 0.276773
v 0.908315 1.341177 0.250030
v 0.893480 1.371335 0.259355
v 0.923912 1.366795 0.257223
v 0.908315 1.341177 0.250030
v 0.875144 1.341700 0.260795
v 0.893480 1.371335 0.259355
v 0.875144 1.341700 0.260795
v 0.867479 1.367684 0.275538
v 0.893480 1.371335 0.259355
v 0.854643 1.343070 0.288978
v 0.860310 1.373550 0.304957
v 0.867479 1.367684 0.275538
v 0.854643 1.343070 0.288978
v 0.854643 1.344762 0.323815
v 0.860310 1.373550 0.304957
v 0.854643 1.344762 0.323815
v 0.867479 1.370564 0.334805
v 0.860310 1.373550 0.304957
v 0.875144 1.346131 0.351998
v 0.893480 1.375766 0.350558
v 0.867479 1.370564 0.334805
v 0.875144 1.346131 0.351998
v 0.908315 1.346654 0.362764
v 0.893480 1.375766 0.350558
v 0.908315 1.346654 0.362764
v 0.923912 1.371454 0.353120
v 0.893480 1.375766 0.350558
v 0.941485 1.346131 0.351998
v 0.947152 1.374919 0.333140
v 0.923912 1.371454 0.353120
v 0.941485 1.346131 0.351998
v 0.961986 1.344762 0.323815
v 0.947152 1.374919 0.333140
v 0.961986 1.344762 0.323815
v 0.958790 1.369124 0.305172
v 0.947152 1.374919 0.333140
v 0.941485 1.341700 0.260795
v 0.908315 1.341177 0.250030
v 0.923912 1.366795 0.257223
v 0.875144 1.341700 0.260795
v 0.854643 1.343070 0.288978
v 0.867479 1.367684 0.275538
v 0.854643 1.344762 0.323815
v 0.875144 1.346131 0.351998
v 0.867479 1.370564 0.334805
v 0.908315 1.346654 0.362764
v 0.941485 1.346131 0.351998
v 0.923912 1.371454 0.353120
v 0.961986 1.344762 0.323815
v 0.961986 1.343070 0.288978
v 0.958790 1.369124 0.305172
v 0.923912 1.358666 0.034146
v 0.947151 1.361831 0.014116
v 0.917482 1.380130 0.012951
v 0.867479 1.357501 0.015846
v 0.893480 1.362939 0.031519
v 0.884312 1.379446 0.002195
v 0.867479 1.353732 -0.043371
v 0.860309 1.360039 -0.014044
v 0.884312 1.377230 -0.032612
v 0.923912 1.352567 -0.061671
v 0.893480 1.357138 -0.059607
v 0.917482 1.376545 -0.043368
v 0.958790 1.355616 -0.013762
v 0.947151 1.358246 -0.042203
v 0.937983 1.378338 -0.015209
v 0.937983 1.378338 -0.015209
v 0.917482 1.376545 -0.043368
v 0.908314 1.386749 -0.015744
v 0.937983 1.378338 -0.015209
v 0.947151 1.358246 -0.042203
v 0.917482 1.376545 -0.043368
v 0.947151 1.358246 -0.042203
v 0.923912 1.352567 -0.061671
v 0.917482 1.376545 -0.043368
v 0.917482 1.376545 -0.043368
v 0.884312 1.377230 -0.032612
v 0.908314 1.386749 -0.015744
v 0.917482 1.376545 -0.043368
v 0.893480 1.357138 -0.059607
v 0.884312 1.377230 -0.032612
v 0.893480 1.357138 -0.059607
v 0.867479 1.353732 -0.043371
v 0.884312 1.377230 -0.032612
v 0.884312 1.377230 -0.032612
v 0.884312 1.379446 0.002195
v 0.908314 1.386749 -0.015744
v 0.884312 1.377230 -0.032612
v 0.860309 1.360039 -0.014044
v 0.884312 1.379446 0.002195
v 0.860309 1.360039 -0.014044
v 0.867479 1.357501 0.015846
v 0.884312 1.379446 0.002195
v 0.884312 1.379446 0.002195
v 0.917482 1.380130 0.012951
v 0.908314 1.386749 -0.015744
v 0.884312 1.379446 0.002195
v 0.893480 1.362939 0.031519
v 0.917482 1.380130 0.012951
v 0.893480 1.362939 0.031519
v 0.923912 1.358666 0.034146
v 0.917482 1.380130 0.012951
v 0.917482 1.380130 0.012951
v 0.937983 1.378338 -0.015209
v 0.908314 1.386749 -0.015744
v 0.917482 1.380130 0.012951
v 0.947151 1.361831 0.014116
v 0.937983 1.378338 -0.015209
v 0.947151 1.361831 0.014116
v 0.958790 1.355616 -0.013762
v 0.937983 1.378338 -0.015209
v 0.961986 1.329322 -0.029563
v 0.947151 1.358246 -0.042203
v 0.958790 1.355616 -0.013762
v 0.961986 1.329322 -0.029563
v 0.941485 1.327529 -0.057723
v 0.947151 1.358246 -0.042203
v 0.941485 1.327529 -0.057723
v 0.923912 1.352567 -0.061671
v 0.947151 1.358246 -0.042203
v 0.908314 1.326844 -0.068479
v 0.893480 1.357138 -0.059607
v 0.923912 1.352567 -0.061671
v 0.908314 1.326844 -0.068479
v 0.875144 1.327529 -0.057723
v 0.893480 1.357138 -0.059607
v 0.875144 1.327529 -0.057723
v 0.867479 1.353732 -0.043371
v 0.893480 1.357138 -0.059607
v 0.854643 1.329322 -0.029563
v 0.860309 1.360039 -0.014044
v 0.867479 1.353732 -0.043371
v 0.854643 1.329322 -0.029563
v 0.854643 1.331537 0.005244
v 0.860309 1.360039 -0.014044
v 0.854643 1.331537 0.005244
v 0.867479 1.357501 0.015846
v 0.860309 1.360039 -0.014044
v 0.875144 1.333330 0.033404
v 0.893480 1.362939 0.031519
v 0.867479 1.357501 0.015846
v 0.875144 1.333330 0.033404
v 0.908314 1.334014 0.044160
v 0.893480 1.362939 0.031519
v 0.908314 1.334014 0.044160
v 0.923912 1.358666 0.034146
v 0.893480 1.362939 0.031519
v 0.941485 1.333330 0.033404
v 0.947151 1.361831 0.014116
v 0.923912 1.358666 0.034146
v 0.941485 1.333330 0.033404
v 0.961986 1.331537 0.005244
v 0.947151 1.361831 0.014116
v 0.961986 1.331537 0.005244
v 0.958790 1.355616 -0.013762
v 0.947151 1.361831 0.014116
v 0.941485 1.327529 -0.057723
v 0.908314 1.326844 -0.068479
v 0.923912 1.352567 -0.061671
v 0.875144 1.327529 -0.057723
v 0.854643 1.329322 -0.029563
v 0.867479 1.353732 -0.043371
v 0.854643 1.331537 0.005244
v 0.875144 1.333330 0.033404
v 0.867479 1.357501 0.015846
v 0.908314 1.334014 0.044160
v 0.941485 1.333330 0.033404
v 0.923912 1.358666 0.034146
v 0.961986 1.331537 0.005244
v 0.961986 1.329322 -0.029563
v 0.958790 1.355616 -0.013762
v 0.923911 1.301867 -0.607399
v 0.947151 1.303456 -0.627615
v 0.917482 1.321608 -0.630207
v 0.867478 1.299275 -0.625551
v 0.893479 1.305921 -0.610351
v 0.884311 1.320085 -0.640877
v 0.867478 1.290887 -0.684293
v 0.860309 1.299467 -0.655548
v 0.884311 1.315155 -0.675404
v 0.923911 1.288295 -0.702445
v 0.893479 1.293014 -0.700745
v 0.917482 1.313631 -0.686073
v 0.958789 1.295081 -0.654922
v 0.947151 1.295479 -0.683482
v 0.937983 1.317619 -0.658140
v 0.937983 1.317619 -0.658140
v 0.917482 1.313631 -0.686073
v 0.908314 1.325963 -0.659332
v 0.937983 1.317619 -0.658140
v 0.947151 1.295479 -0.683482
v 0.917482 1.313631 -0.686073
v 0.947151 1.295479 -0.683482
v 0.923911 1.288295 -0.702445
v 0.917482 1.313631 -0.686073
v 0.917482 1.313631 -0.686073
v 0.884311 1.315155 -0.675404
v 0.908314 1.325963 -0.659332
v 0.917482 1.313631 -0.686073
v 0.893479 1.293014 -0.700745
v 0.884311 1.315155 -0.675404
v 0.893479 1.293014 -0.700745
v 0.867478 1.290887 -0.684293
v 0.884311 1.315155 -0.675404
v 0.884311 1.315155 -0.675404
v 0.884311 1.320085 -0.640877
v 0.908314 1.325963 -0.659332
v 0.884311 1.315155 -0.675404
v 0.860309 1.299467 -0.655548
v 0.884311 1.320085 -0.640877
v 0.860309 1.299467 -0.655548
v 0.867478 1.299275 -0.625551
v 0.884311 1.320085 -0.640877
v 0.884311 1.320085 -0.640877
v 0.917482 1.321608 -0.630207
v 0.908314 1.325963 -0.659332
v 0.884311 1.320085 -0.640877
v 0.893479 1.305921 -0.610351
v 0.917482 1.321608 -0.630207
v 0.893479 1.305921 -0.610351
v 0.923911 1.301867 -0.607399
v 0.917482 1.321608 -0.630207
v 0.917482 1.321608 -0.630207
v 0.937983 1.317619 -0.658140
v 0.908314 1.325963 -0.659332
v 0.917482 1.321608 -0.630207
v 0.947151 1.303456 -0.627615
v 0.937983 1.317619 -0.658140
v 0.947151 1.303456 -0.627615
v 0.958789 1.295081 -0.654922
v 0.937983 1.317619 -0.658140
v 0.961985 1.267631 -0.668618
v 0.947151 1.295479 -0.683482
v 0.958789 1.295081 -0.654922
v 0.961985 1.267631 -0.668618
v 0.941485 1.263643 -0.696552
v 0.947151 1.295479 -0.683482
v 0.941485 1.263643 -0.696552
v 0.923911 1.288295 -0.702445
v 0.947151 1.295479 -0.683482
v 0.908314 1.262119 -0.707221
v 0.893479 1.293014 -0.700745
v 0.923911 1.288295 -0.702445
v 0.908314 1.262119 -0.707221
v 0.875143 1.263643 -0.696552
v 0.893479 1.293014 -0.700745
v 0.875143 1.263643 -0.696552
v 0.867478 1.290887 -0.684293
v 0.893479 1.293014 -0.700745
v 0.854642 1.267631 -0.668618
v 0.860309 1.299467 -0.655548
v 0.867478 1.290887 -0.684293
v 0.854642 1.267631 -0.668618
v 0.854642 1.272561 -0.634091
v 0.860309 1.299467 -0.655548
v 0.854642 1.272561 -0.634091
v 0.867478 1.299275 -0.625551
v 0.860309 1.299467 -0.655548
v 0.875143 1.276550 -0.606157
v 0.893479 1.305921 -0.610351
v 0.867478 1.299275 -0.625551
v 0.875143 1.276550 -0.606157
v 0.908314 1.278073 -0.595488
v 0.893479 1.305921 -0.610351
v 0.908314 1.278073 -0.595488
v 0.923911 1.301867 -0.607399
v 0.893479 1.305921 -0.610351
v 0.941485 1.276550 -0.606157
v 0.947151 1.303456 -0.627615
v 0.923911 1.301867 -0.607399
v 0.941485 1.276550 -0.606157
v 0.961985 1.272561 -0.634091
v 0.947151 1.303456 -0.627615
v 0.961985 1.272561 -0.634091
v 0.958789 1.295081 -0.654922
v 0.947151 1.303456 -0.627615
v 0.941485 1.263643 -0.696552
v 0.908314 1.262119 -0.707221
v 0.923911 1.288295 -0.702445
v 0.875143 1.263643 -0.696552
v 0.854642 1.267631 -0.668618
v 0.867478 1.290887 -0.684293
v 0.854642 1.272561 -0.634091
v 0.875143 1.276550 -0.606157
v 0.867478 1.299275 -0.625551
v 0.908314 1.278073 -0.595488
v 0.941485 1.276550 -0.606157
v 0.923911 1.301867 -0.607399
v 0.961985 1.272561 -0.634091
v 0.961985 1.267631 -0.668618
v 0.958789 1.295081 -0.654922
v 0.799275 1.257549 -0.799907
v 0.822514 1.259777 -0.820063
v 0.792845 1.278002 -0.822079
v 0.742841 1.255532 -0.818132
v 0.768843 1.261694 -0.802730
v 0.759675 1.276816 -0.832792
v 0.742841 1.249007 -0.877110
v 0.735672 1.256674 -0.848108
v 0.759675 1.272981 -0.867458
v 0.799274 1.246991 -0.895335
v 0.768843 1.251653 -0.893487
v 0.792845 1.271796 -0.878170
v 0.834153 1.252269 -0.847621
v 0.822514 1.253571 -0.876154
v 0.813346 1.274899 -0.850125
v 0.813346 1.274899 -0.850125
v 0.792845 1.271796 -0.878170
v 0.783677 1.283276 -0.851052
v 0.813346 1.274899 -0.850125
v 0.822514 1.253571 -0.876154
v 0.792845 1.271796 -0.878170
v 0.822514 1.253571 -0.876154
v 0.799274 1.246991 -0.895335
v 0.792845 1.271796 -0.878170
v 0.792845 1.271796 -0.878170
v 0.759675 1.272981 -0.867458
v 0.783677 1.283276 -0.851052
v 0.792845 1.271796 -0.878170
v 0.768843 1.251653 -0.893487
v 0.759675 1.272981 -0.867458
v 0.768843 1.251653 -0.893487
v 0.742841 1.249007 -0.877110
v 0.759675 1.272981 -0.867458
v 0.759675 1.272981 -0.867458
v 0.759675 1.276816 -0.832792
v 0.783677 1.283276 -0.851052
v 0.759675 1.272981 -0.867458
v 0.735672 1.256674 -0.848108
v 0.759675 1.276816 -0.832792
v 0.735672 1.256674 -0.848108
v 0.742841 1.255532 -0.818132
v 0.759675 1.276816 -0.832792
v 0.759675 1.276816 -0.832792
v 0.792845 1.278002 -0.822079
v 0.783677 1.283276 -0.851052
v 0.759675 1.276816 -0.832792
v 0.768843 1.261694 -0.802730
v 0.792845 1.278002 -0.822079
v 0.768843 1.261694 -0.802730
v 0.799275 1.257549 -0.799907
v 0.792845 1.278002 -0.822079
v 0.792845 1.278002 -0.822079
v 0.813346 1.274899 -0.850125
v 0.783677 1.283276 -0.851052
v 0.792845 1.278002 -0.822079
v 0.822514 1.259777 -0.820063
v 0.813346 1.274899 -0.850125
v 0.822514 1.259777 -0.820063
v 0.834153 1.252269 -0.847621
v 0.813346 1.274899 -0.850125
v 0.837349 1.225267 -0.862179
v 0.822514 1.253571 -0.876154
v 0.834153 1.252269 -0.847621
v 0.837349 1.225267 -0.862179
v 0.816848 1.222164 -0.890225
v 0.822514 1.253571 -0.876154
v 0.816848 1.222164 -0.890225
v 0.799274 1.246991 -0.895335
v 0.822514 1.253571 -0.876154
v 0.783677 1.220979 -0.900937
v 0.768843 1.251653 -0.893487
v 0.799274 1.246991 -0.895335
v 0.783677 1.220979 -0.900937
v 0.750506 1.222164 -0.890225
v 0.768843 1.251653 -0.893487
v 0.750506 1.222164 -0.890225
v 0.742841 1.249007 -0.877110
v 0.768843 1.251653 -0.893487
v 0.730005 1.225267 -0.862179
v 0.735672 1.256674 -0.848108
v 0.742841 1.249007 -0.877110
v 0.730005 1.225267 -0.862179
v 0.730006 1.229102 -0.827513
v 0.735672 1.256674 -0.848108
v 0.730006 1.229102 -0.827513
v 0.742841 1.255532 -0.818132
v 0.735672 1.256674 -0.848108
v 0.750506 1.232205 -0.799467
v 0.768843 1.261694 -0.802730
v 0.742841 1.255532 -0.818132
v 0.750506 1.232205 -0.799467
v 0.783677 1.233390 -0.788755
v 0.768843 1.261694 -0.802730
v 0.783677 1.233390 -0.788755
v 0.799275 1.257549 -0.799907
v 0.768843 1.261694 -0.802730
v 0.816848 1.232205 -0.799467
v 0.822514 1.259777 -0.820063
v 0.799275 1.257549 -0.799907
v 0.816848 1.232205 -0.799467
v 0.837349 1.229102 -0.827513
v 0.822514 1.259777 -0.820063
v 0.837349 1.229102 -0.827513
v 0.834153 1.252269 -0.847621
v 0.822514 1.259777 -0.820063
v 0.816848 1.222164 -0.890225
v 0.783677 1.220979 -0.900937
v 0.799274 1.246991 -0.895335
v 0.750506 1.222164 -0.890225
v 0.730005 1.225267 -0.862179
v 0.742841 1.249007 -0.877110
v 0.730006 1.229102 -0.827513
v 0.750506 1.232205 -0.799467
v 0.742841 1.255532 -0.818132
v 0.783677 1.233390 -0.788755
v 0.816848 1.232205 -0.799467
v 0.799275 1.257549 -0.799907
v 0.837349 1.229102 -0.827513
v 0.837349 1.225267 -0.862179
v 0.834153 1.252269 -0.847621
v 0.799274 1.218674 -1.136072
v 0.822514 1.220924 -1.156226
v 0.792845 1.239152 -1.158222
v 0.742841 1.216678 -1.154300
v 0.768842 1.222823 -1.138890
v 0.759674 1.237978 -1.168936
v 0.742841 1.210218 -1.213284
v 0.735672 1.217852 -1.184274
v 0.759674 1.234181 -1.203606
v 0.799274 1.208221 -1.231512
v 0.768842 1.212882 -1.229658
v 0.792845 1.233008 -1.214320
v 0.834152 1.213448 -1.183792
v 0.822514 1.214780 -1.212323
v 0.813345 1.236080 -1.186271
v 0.813345 1.236080 -1.186271
v 0.792845 1.233008 -1.214320
v 0.783677 1.244458 -1.187188
v 0.813345 1.236080 -1.186271
v 0.822514 1.214780 -1.212323
v 0.792845 1.233008 -1.214320
v 0.822514 1.214780 -1.212323
v 0.799274 1.208221 -1.231512
v 0.792845 1.233008 -1.214320
v 0.792845 1.233008 -1.214320
v 0.759674 1.234181 -1.203606
v 0.783677 1.244458 -1.187188
v 0.792845 1.233008 -1.214320
v 0.768842 1.212882 -1.229658
v 0.759674 1.234181 -1.203606
v 0.768842 1.212882 -1.229658
v 0.742841 1.210218 -1.213284
v 0.759674 1.234181 -1.203606
v 0.759674 1.234181 -1.203606
v 0.759674 1.237978 -1.168936
v 0.783677 1.244458 -1.187188
v 0.759674 1.234181 -1.203606
v 0.735672 1.217852 -1.184274
v 0.759674 1.237978 -1.168936
v 0.735672 1.217852 -1.184274
v 0.742841 1.216678 -1.154300
v 0.759674 1.237978 -1.168936
v 0.759674 1.237978 -1.168936
v 0.792845 1.239152 -1.158222
v 0.783677 1.244458 -1.187188
v 0.759674 1.237978 -1.168936
v 0.768842 1.222823 -1.138890
v 0.792845 1.239152 -1.158222
v 0.768842 1.222823 -1.138890
v 0.799274 1.218674 -1.136072
v 0.792845 1.239152 -1.158222
v 0.792845 1.239152 -1.158222
v 0.813345 1.236080 -1.186271
v 0.783677 1.244458 -1.187188
v 0.792845 1.239152 -1.158222
v 0.822514 1.220924 -1.156226
v 0.813345 1.236080 -1.186271
v 0.822514 1.220924 -1.156226
v 0.834152 1.213448 -1.183792
v 0.813345 1.236080 -1.186271
v 0.837348 1.186461 -1.198379
v 0.822514 1.214780 -1.212323
v 0.834152 1.213448 -1.183792
v 0.837348 1.186461 -1.198379
v 0.816847 1.183389 -1.226429
v 0.822514 1.214780 -1.212323
v 0.816847 1.183389 -1.226429
v 0.799274 1.208221 -1.231512
v 0.822514 1.214780 -1.212323
v 0.783677 1.182216 -1.237142
v 0.768842 1.212882 -1.229658
v 0.799274 1.208221 -1.231512
v 0.783677 1.182216 -1.237142
v 0.750506 1.183389 -1.226428
v 0.768842 1.212882 -1.229658
v 0.750506 1.183389 -1.226428
v 0.742841 1.210218 -1.213284
v 0.768842 1.212882 -1.229658
v 0.730005 1.186461 -1.198379
v 0.735672 1.217852 -1.184274
v 0.742841 1.210218 -1.213284
v 0.730005 1.186461 -1.198379
v 0.730005 1.190258 -1.163709
v 0.735672 1.217852 -1.184274
v 0.730005 1.190258 -1.163709
v 0.742841 1.216678 -1.154300
v 0.735672 1.217852 -1.184274
v 0.750506 1.193330 -1.135660
v 0.768842 1.222823 -1.138890
v 0.742841 1.216678 -1.154300
v 0.750506 1.193330 -1.135660
v 0.783677 1.194504 -1.124946
v 0.768842 1.222823 -1.138890
v 0.783677 1.194504 -1.124946
v 0.799274 1.218674 -1.136072
v 0.768842 1.222823 -1.138890
v 0.816847 1.193330 -1.135660
v 0.822514 1.220924 -1.156226
v 0.799274 1.218674 -1.136072
v 0.816847 1.193330 -1.135660
v 0.837348 1.190258 -1.163709
v 0.822514 1.220924 -1.156226
v 0.837348 1.190258 -1.163709
v 0.834152 1.213448 -1.183792
v 0.822514 1.220924 -1.156226
v 0.816847 1.183389 -1.226429
v 0.783677 1.182216 -1.237142
v 0.799274 1.208221 -1.231512
v 0.750506 1.183389 -1.226428
v 0.730005 1.186461 -1.198379
v 0.742841 1.210218 -1.213284
v 0.730005 1.190258 -1.163709
v 0.750506 1.193330 -1.135660
v 0.742841 1.216678 -1.154300
v 0.783677 1.194504 -1.124946
v 0.816847 1.193330 -1.135660
v 0.799274 1.218674 -1.136072
v 0.837348 1.190258 -1.163709
v 0.837348 1.186461 -1.198379
v 0.834152 1.213448 -1.183792
v 1.057287 0.843364 -0.907859
v 1.061718 0.820125 -0.927648
v 1.080054 0.849794 -0.927648
v 1.057287 0.899797 -0.926196
v 1.061718 0.873796 -0.910209
v 1.080054 0.882964 -0.938426
v 1.057287 0.899797 -0.985533
v 1.061718 0.906967 -0.955864
v 1.080054 0.882964 -0.973303
v 1.057287 0.843364 -1.003869
v 1.061718 0.873796 -1.001519
v 1.080054 0.849794 -0.984081
v 1.057286 0.808486 -0.955864
v 1.061718 0.820125 -0.984081
v 1.080054 0.829293 -0.955864
v 1.080054 0.829293 -0.955864
v 1.080054 0.849794 -0.984081
v 1.088482 0.858961 -0.955864
v 1.080054 0.829293 -0.955864
v 1.061718 0.820125 -0.984081
v 1.080054 0.849794 -0.984081
v 1.061718 0.820125 -0.984081
v 1.057287 0.843364 -1.003869
v 1.080054 0.849794 -0.984081
v 1.080054 0.849794 -0.984081
v 1.080054 0.882964 -0.973303
v 1.088482 0.858961 -0.955864
v 1.080054 0.849794 -0.984081
v 1.061718 0.873796 -1.001519
v 1.080054 0.882964 -0.973303
v 1.061718 0.873796 -1.001519
v 1.057287 0.899797 -0.985533
v 1.080054 0.882964 -0.973303
v 1.080054 0.882964 -0.973303
v 1.080054 0.882964 -0.938426
v 1.088482 0.858961 -0.955864
v 1.080054 0.882964 -0.973303
v 1.061718 0.906967 -0.955864
v 1.080054 0.882964 -0.938426
v 1.061718 0.906967 -0.955864
v 1.057287 0.899797 -0.926196
v 1.080054 0.882964 -0.938426
v 1.080054 0.882964 -0.938426
v 1.080054 0.849794 -0.927648
v 1.088482 0.858961 -0.955864
v 1.080054 0.882964 -0.938426
v 1.061718 0.873796 -0.910209
v 1.080054 0.849794 -0.927648
v 1.061718 0.873796 -0.910209
v 1.057287 0.843364 -0.907859
v 1.080054 0.849794 -0.927648
v 1.080054 0.849794 -0.927648
v 1.080054 0.829293 -0.955864
v 1.088482 0.858961 -0.955864
v 1.080054 0.849794 -0.927648
v 1.061718 0.820125 -0.927648
v 1.080054 0.829293 -0.955864
v 1.061718 0.820125 -0.927648
v 1.057286 0.808486 -0.955864
v 1.080054 0.829293 -0.955864
v 1.032048 0.805290 -0.973303
v 1.061718 0.820125 -0.984081
v 1.057286 0.808486 -0.955864
v 1.032048 0.805290 -0.973303
v 1.032048 0.825791 -1.001520
v 1.061718 0.820125 -0.984081
v 1.032048 0.825791 -1.001520
v 1.057287 0.843364 -1.003869
v 1.061718 0.820125 -0.984081
v 1.032048 0.858961 -1.012298
v 1.061718 0.873796 -1.001519
v 1.057287 0.843364 -1.003869
v 1.032048 0.858961 -1.012298
v 1.032048 0.892132 -1.001520
v 1.061718 0.873796 -1.001519
v 1.032048 0.892132 -1.001520
v 1.057287 0.899797 -0.985533
v 1.061718 0.873796 -1.001519
v 1.032048 0.912633 -0.973303
v 1.061718 0.906967 -0.955864
v 1.057287 0.899797 -0.985533
v 1.032048 0.912633 -0.973303
v 1.032048 0.912633 -0.938426
v 1.061718 0.906967 -0.955864
v 1.032048 0.912633 -0.938426
v 1.057287 0.899797 -0.926196
v 1.061718 0.906967 -0.955864
v 1.032048 0.892132 -0.910209
v 1.061718 0.873796 -0.910209
v 1.057287 0.899797 -0.926196
v 1.032048 0.892132 -0.910209
v 1.032048 0.858961 -0.899431
v 1.061718 0.873796 -0.910209
v 1.032048 0.858961 -0.899431
v 1.057287 0.843364 -0.907859
v 1.061718 0.873796 -0.910209
v 1.032048 0.825791 -0.910209
v 1.061718 0.820125 -0.927648
v 1.057287 0.843364 -0.907859
v 1.032048 0.825791 -0.910209
v 1.032048 0.805290 -0.938426
v 1.061718 0.820125 -0.927648
v 1.032048 0.805290 -0.938426
v 1.057286 0.808486 -0.955864
v 1.061718 0.820125 -0.927648
v 1.032048 0.825791 -1.001520
v 1.032048 0.858961 -1.012298
v 1.057287 0.843364 -1.003869
v 1.032048 0.892132 -1.001520
v 1.032048 0.912633 -0.973303
v 1.057287 0.899797 -0.985533
v 1.032048 0.912633 -0.938426
v 1.032048 0.892132 -0.910209
v 1.057287 0.899797 -0.926196
v 1.032048 0.858961 -0.899431
v 1.032048 0.825791 -0.910209
v 1.057287 0.843364 -0.907859
v 1.032048 0.805290 -0.938426
v 1.032048 0.805290 -0.973303
v 1.057286 0.808486 -0.955864
v 1.166160 0.843364 -0.443147
v 1.170591 0.820125 -0.462935
v 1.188927 0.849794 -0.462935
v 1.166160 0.899797 -0.461483
v 1.170591 0.873796 -0.445496
v 1.188927 0.882964 -0.473713
v 1.166160 0.899797 -0.520820
v 1.170591 0.906967 -0.491152
v 1.188927 0.882964 -0.508590
v 1.166160 0.843364 -0.539157
v 1.170591 0.873796 -0.536807
v 1.188927 0.849794 -0.519368
v 1.166160 0.808486 -0.491152
v 1.170591 0.820125 -0.519368
v 1.188927 0.829293 -0.491152
v 1.188927 0.829293 -0.491152
v 1.188927 0.849794 -0.519368
v 1.197355 0.858962 -0.491152
v 1.188927 0.829293 -0.491152
v 1.170591 0.820125 -0.519368
v 1.188927 0.849794 -0.519368
v 1.170591 0.820125 -0.519368
v 1.166160 0.843364 -0.539157
v 1.188927 0.849794 -0.519368
v 1.188927 0.849794 -0.519368
v 1.188927 0.882964 -0.508590
v 1.197355 0.858962 -0.491152
v 1.188927 0.849794 -0.519368
v 1.170591 0.873796 -0.536807
v 1.188927 0.882964 -0.508590
v 1.170591 0.873796 -0.536807
v 1.166160 0.899797 -0.520820
v 1.188927 0.882964 -0.508590
v 1.188927 0.882964 -0.508590
v 1.188927 0.882964 -0.473713
v 1.197355 0.858962 -0.491152
v 1.188927 0.882964 -0.508590
v 1.170591 0.906967 -0.491152
v 1.188927 0.882964 -0.473713
v 1.170591 0.906967 -0.491152
v 1.166160 0.899797 -0.461483
v 1.188927 0.882964 -0.473713
v 1.188927 0.882964 -0.473713
v 1.188927 0.849794 -0.462935
v 1.197355 0.858962 -0.491152
v 1.188927 0.882964 -0.473713
v 1.170591 0.873796 -0.445496
v 1.188927 0.849794 -0.462935
v 1.170591 0.873796 -0.445496
v 1.166160 0.843364 -0.443147
v 1.188927 0.849794 -0.462935
v 1.188927 0.849794 -0.462935
v 1.188927 0.829293 -0.491152
v 1.197355 0.858962 -0.491152
v 1.188927 0.849794 -0.462935
v 1.170591 0.820125 -0.462935
v 1.188927 0.829293 -0.491152
v 1.170591 0.820125 -0.462935
v 1.166160 0.808486 -0.491152
v 1.188927 0.829293 -0.491152
v 1.140922 0.805290 -0.508590
v 1.170591 0.820125 -0.519368
v 1.166160 0.808486 -0.491152
v 1.140922 0.805290 -0.508590
v 1.140922 0.825791 -0.536807
v 1.170591 0.820125 -0.519368
v 1.140922 0.825791 -0.536807
v 1.166160 0.843364 -0.539157
v 1.170591 0.820125 -0.519368
v 1.140922 0.858962 -0.547585
v 1.170591 0.873796 -0.536807
v 1.166160 0.843364 -0.539157
v 1.140922 0.858962 -0.547585
v 1.140922 0.892132 -0.536807
v 1.170591 0.873796 -0.536807
v 1.140922 0.892132 -0.536807
v 1.166160 0.899797 -0.520820
v 1.170591 0.873796 -0.536807
v 1.140922 0.912633 -0.508590
v 1.170591 0.906967 -0.491152
v 1.166160 0.899797 -0.520820
v 1.140922 0.912633 -0.508590
v 1.140922 0.912633 -0.473713
v 1.170591 0.906967 -0.491152
v 1.140922 0.912633 -0.473713
v 1.166160 0.899797 -0.461483
v 1.170591 0.906967 -0.491152
v 1.140922 0.892132 -0.445496
v 1.170591 0.873796 -0.445496
v 1.166160 0.899797 -0.461483
v 1.140922 0.892132 -0.445496
v 1.140922 0.858961 -0.434718
v 1.170591 0.873796 -0.445496
v 1.140922 0.858961 -0.434718
v 1.166160 0.843364 -0.443147
v 1.170591 0.873796 -0.445496
v 1.140922 0.825791 -0.445496
v 1.170591 0.820125 -0.462935
v 1.166160 0.843364 -0.443147
v 1.140922 0.825791 -0.445496
v 1.140922 0.805290 -0.473713
v 1.170591 0.820125 -0.462935
v 1.140922 0.805290 -0.473713
v 1.166160 0.808486 -0.491152
v 1.170591 0.820125 -0.462935
v 1.140922 0.825791 -0.536807
v 1.140922 0.858962 -0.547585
v 1.166160 0.843364 -0.539157
v 1.140922 0.892132 -0.536807
v 1.140922 0.912633 -0.508590
v 1.166160 0.899797 -0.520820
v 1.140922 0.912633 -0.473713
v 1.140922 0.892132 -0.445496
v 1.166160 0.899797 -0.461483
v 1.140922 0.858961 -0.434718
v 1.140922 0.825791 -0.445496
v 1.166160 0.843364 -0.443147
v 1.140922 0.805290 -0.473713
v 1.140922 0.805290 -0.508590
v 1.166160 0.808486 -0.491152
v 1.166161 0.843364 0.225982
v 1.170591 0.820125 0.206193
v 1.188928 0.849794 0.206193
v 1.166161 0.899797 0.207645
v 1.170591 0.873796 0.223632
v 1.188928 0.882964 0.195415
v 1.166160 0.899797 0.148308
v 1.170591 0.906967 0.177976
v 1.188928 0.882964 0.160538
v 1.166160 0.843364 0.129971
v 1.170591 0.873796 0.132321
v 1.188928 0.849794 0.149760
v 1.166160 0.808486 0.177977
v 1.170591 0.820125 0.149760
v 1.188928 0.829293 0.177976
v 1.188928 0.829293 0.177976
v 1.188928 0.849794 0.149760
v 1.197356 0.858962 0.177976
v 1.188928 0.829293 0.177976
v 1.170591 0.820125 0.149760
v 1.188928 0.849794 0.149760
v 1.170591 0.820125 0.149760
v 1.166160 0.843364 0.129971
v 1.188928 0.849794 0.149760
v 1.188928 0.849794 0.149760
v 1.188928 0.882964 0.160538
v 1.197356 0.858962 0.177976
v 1.188928 0.849794 0.149760
v 1.170591 0.873796 0.132321
v 1.188928 0.882964 0.160538
v 1.170591 0.873796 0.132321
v 1.166160 0.899797 0.148308
v 1.188928 0.882964 0.160538
v 1.188928 0.882964 0.160538
v 1.188928 0.882964 0.195415
v 1.197356 0.858962 0.177976
v 1.188928 0.882964 0.160538
v 1.170591 0.906967 0.177976
v 1.188928 0.882964 0.195415
v 1.170591 0.906967 0.177976
v 1.166161 0.899797 0.207645
v 1.188928 0.882964 0.195415
v 1.188928 0.882964 0.195415
v 1.188928 0.849794 0.206193
v 1.197356 0.858962 0.177976
v 1.188928 0.882964 0.195415
v 1.170591 0.873796 0.223632
v 1.188928 0.849794 0.206193
v 1.170591 0.873796 0.223632
v 1.166161 0.843364 0.225982
v 1.188928 0.849794 0.206193
v 1.188928 0.849794 0.206193
v 1.188928 0.829293 0.177976
v 1.197356 0.858962 0.177976
v 1.188928 0.849794 0.206193
v 1.170591 0.820125 0.206193
v 1.188928 0.829293 0.177976
v 1.170591 0.820125 0.206193
v 1.166160 0.808486 0.177977
v 1.188928 0.829293 0.177976
v 1.140922 0.805290 0.160538
v 1.170591 0.820125 0.149760
v 1.166160 0.808486 0.177977
v 1.140922 0.805290 0.160538
v 1.140922 0.825791 0.132321
v 1.170591 0.820125 0.149760
v 1.140922 0.825791 0.132321
v 1.166160 0.843364 0.129971
v 1.170591 0.820125 0.149760
v 1.140922 0.858962 0.121543
v 1.170591 0.873796 0.132321
v 1.166160 0.843364 0.129971
v 1.140922 0.858962 0.121543
v 1.140922 0.892132 0.132321
v 1.170591 0.873796 0.132321
v 1.140922 0.892132 0.132321
v 1.166160 0.899797 0.148308
v 1.170591 0.873796 0.132321
v 1.140922 0.912633 0.160538
v 1.170591 0.906967 0.177976
v 1.166160 0.899797 0.148308
v 1.140922 0.912633 0.160538
v 1.140922 0.912633 0.195415
v 1.170591 0.906967 0.177976
v 1.140922 0.912633 0.195415
v 1.166161 0.899797 0.207645
v 1.170591 0.906967 0.177976
v 1.140922 0.892132 0.223632
v 1.170591 0.873796 0.223632
v 1.166161 0.899797 0.207645
v 1.140922 0.892132 0.223632
v 1.140922 0.858962 0.234410
v 1.170591 0.873796 0.223632
v 1.140922 0.858962 0.234410
v 1.166161 0.843364 0.225982
v 1.170591 0.873796 0.223632
v 1.140922 0.825791 0.223632
v 1.170591 0.820125 0.206193
v 1.166161 0.843364 0.225982
v 1.140922 0.825791 0.223632
v 1.140922 0.805290 0.195415
v 1.170591 0.820125 0.206193
v 1.140922 0.805290 0.195415
v 1.166160 0.808486 0.177977
v 1.170591 0.820125 0.206193
v 1.140922 0.825791 0.132321
v 1.140922 0.858962 0.121543
v 1.166160 0.843364 0.129971
v 1.140922 0.892132 0.132321
v 1.140922 0.912633 0.160538
v 1.166160 0.899797 0.148308
v 1.140922 0.912633 0.195415
v 1.140922 0.892132 0.223632
v 1.166161 0.899797 0.207645
v 1.140922 0.858962 0.234410
v 1.140922 0.825791 0.223632
v 1.166161 0.843364 0.225982
v 1.140922 0.805290 0.195415
v 1.140922 0.805290 0.160538
v 1.166160 0.808486 0.177977
v 1.057288 0.843364 0.850507
v 1.061719 0.820125 0.830719
v 1.080055 0.849794 0.830719
v 1.057288 0.899797 0.832171
v 1.061719 0.873796 0.848158
v 1.080055 0.882964 0.819941
v 1.057288 0.899797 0.772834
v 1.061719 0.906967 0.802502
v 1.080055 0.882964 0.785064
v 1.057288 0.843364 0.754497
v 1.061719 0.873796 0.756847
v 1.080055 0.849794 0.774286
v 1.057288 0.808486 0.802502
v 1.061719 0.820125 0.774286
v 1.080055 0.829293 0.802502
v 1.080055 0.829293 0.802502
v 1.080055 0.849794 0.774286
v 1.088483 0.858962 0.802502
v 1.080055 0.829293 0.802502
v 1.061719 0.820125 0.774286
v 1.080055 0.849794 0.774286
v 1.061719 0.820125 0.774286
v 1.057288 0.843364 0.754497
v 1.080055 0.849794 0.774286
v 1.080055 0.849794 0.774286
v 1.080055 0.882964 0.785064
v 1.088483 0.858962 0.802502
v 1.080055 0.849794 0.774286
v 1.061719 0.873796 0.756847
v 1.080055 0.882964 0.785064
v 1.061719 0.873796 0.756847
v 1.057288 0.899797 0.772834
v 1.080055 0.882964 0.785064
v 1.080055 0.882964 0.785064
v 1.080055 0.882964 0.819941
v 1.088483 0.858962 0.802502
v 1.080055 0.882964 0.785064
v 1.061719 0.906967 0.802502
v 1.080055 0.882964 0.819941
v 1.061719 0.906967 0.802502
v 1.057288 0.899797 0.832171
v 1.080055 0.882964 0.819941
v 1.080055 0.882964 0.819941
v 1.080055 0.849794 0.830719
v 1.088483 0.858962 0.802502
v 1.080055 0.882964 0.819941
v 1.061719 0.873796 0.848158
v 1.080055 0.849794 0.830719
v 1.061719 0.873796 0.848158
v 1.057288 0.843364 0.850507
v 1.080055 0.849794 0.830719
v 1.080055 0.849794 0.830719
v 1.080055 0.829293 0.802502
v 1.088483 0.858962 0.802502
v 1.080055 0.849794 0.830719
v 1.061719 0.820125 0.830719
v 1.080055 0.829293 0.802502
v 1.061719 0.820125 0.830719
v 1.057288 0.808486 0.802502
v 1.080055 0.829293 0.802502
v 1.032050 0.805290 0.785064
v 1.061719 0.820125 0.774286
v 1.057288 0.808486 0.802502
v 1.032050 0.805290 0.785064
v 1.032050 0.825791 0.756847
v 1.061719 0.820125 0.774286
v 1.032050 0.825791 0.756847
v 1.057288 0.843364 0.754497
v 1.061719 0.820125 0.774286
v 1.032050 0.858962 0.746069
v 1.061719 0.873796 0.756847
v 1.057288 0.843364 0.754497
v 1.032050 0.858962 0.746069
v 1.032050 0.892132 0.756847
v 1.061719 0.873796 0.756847
v 1.032050 0.892132 0.756847
v 1.057288 0.899797 0.772834
v 1.061719 0.873796 0.756847
v 1.032050 0.912633 0.785064
v 1.061719 0.906967 0.802502
v 1.057288 0.899797 0.772834
v 1.032050 0.912633 0.785064
v 1.032050 0.912633 0.819941
v 1.061719 0.906967 0.802502
v 1.032050 0.912633 0.819941
v 1.057288 0.899797 0.832171
v 1.061719 0.906967 0.802502
v 1.032050 0.892132 0.848158
v 1.061719 0.873796 0.848158
v 1.057288 0.899797 0.832171
v 1.032050 0.892132 0.848158
v 1.032050 0.858962 0.858936
v 1.061719 0.873796 0.848158
v 1.032050 0.858962 0.858936
v 1.057288 0.843364 0.850507
v 1.061719 0.873796 0.848158
v 1.032050 0.825791 0.848158
v 1.061719 0.820125 0.830719
v 1.057288 0.843364 0.850507
v 1.032050 0.825791 0.848158
v 1.032050 0.805290 0.819941
v 1.061719 0.820125 0.830719
v 1.032050 0.805290 0.819941
v 1.057288 0.808486 0.802502
v 1.061719 0.820125 0.830719
v 1.032050 0.825791 0.756847
v 1.032050 0.858962 0.746069
v 1.057288 0.843364 0.754497
v 1.032050 0.892132 0.756847
v 1.032050 0.912633 0.785064
v 1.057288 0.899797 0.772834
v 1.032050 0.912633 0.819941
v 1.032050 0.892132 0.848158
v 1.057288 0.899797 0.832171
v 1.032050 0.858962 0.858936
v 1.032050 0.825791 0.848158
v 1.057288 0.843364 0.850507
v 1.032050 0.805290 0.819941
v 1.032050 0.805290 0.785064
v 1.057288 0.808486 0.802502
v -0.799274 1.255439 0.997478
v -0.792845 1.280778 0.981111
v -0.822514 1.262626 0.978516
v -0.742841 1.258035 0.979326
v -0.759674 1.282303 0.970441
v -0.768842 1.260158 0.995779
v -0.742841 1.266433 0.920586
v -0.759674 1.287240 0.935915
v -0.735672 1.266620 0.950583
v -0.799274 1.269028 0.902434
v -0.792845 1.288766 0.925246
v -0.768842 1.273082 0.905387
v -0.834152 1.262234 0.949956
v -0.813346 1.284772 0.953178
v -0.822514 1.270614 0.922651
v -0.813346 1.284772 0.953178
v -0.783677 1.293115 0.954371
v -0.792845 1.288766 0.925246
v -0.813346 1.284772 0.953178
v -0.792845 1.288766 0.925246
v -0.822514 1.270614 0.922651
v -0.822514 1.270614 0.922651
v -0.792845 1.288766 0.925246
v -0.799274 1.269028 0.902434
v -0.792845 1.288766 0.925246
v -0.783677 1.293115 0.954371
v -0.759674 1.287240 0.935915
v -0.792845 1.288766 0.925246
v -0.759674 1.287240 0.935915
v -0.768842 1.273082 0.905387
v -0.768842 1.273082 0.905387
v -0.759674 1.287240 0.935915
v -0.742841 1.266433 0.920586
v -0.759674 1.287240 0.935915
v -0.783677 1.293115 0.954371
v -0.759674 1.282303 0.970441
v -0.759674 1.287240 0.935915
v -0.759674 1.282303 0.970441
v -0.735672 1.266620 0.950583
v -0.735672 1.266620 0.950583
v -0.759674 1.282303 0.970441
v -0.742841 1.258035 0.979326
v -0.759674 1.282303 0.970441
v -0.783677 1.293115 0.954371
v -0.792845 1.280778 0.981111
v -0.759674 1.282303 0.970441
v -0.792845 1.280778 0.981111
v -0.768842 1.260158 0.995779
v -0.768842 1.260158 0.995779
v -0.792845 1.280778 0.981111
v -0.799274 1.255439 0.997478
v -0.792845 1.280778 0.981111
v -0.783677 1.293115 0.954371
v -0.813346 1.284772 0.953178
v -0.792845 1.280778 0.981111
v -0.813346 1.284772 0.953178
v -0.822514 1.262626 0.978516
v -0.822514 1.262626 0.978516
v -0.813346 1.284772 0.953178
v -0.834152 1.262234 0.949956
v -0.837348 1.239718 0.929121
v -0.834152 1.262234 0.949956
v -0.822514 1.270614 0.922651
v -0.837348 1.239718 0.929121
v -0.822514 1.270614 0.922651
v -0.816848 1.243712 0.901188
v -0.816848 1.243712 0.901188
v -0.822514 1.270614 0.922651
v -0.799274 1.269028 0.902434
v -0.783677 1.245237 0.890518
v -0.799274 1.269028 0.902434
v -0.768842 1.273082 0.905387
v -0.783677 1.245237 0.890518
v -0.768842 1.273082 0.905387
v -0.750506 1.243712 0.901187
v -0.750506 1.243712 0.901187
v -0.768842 1.273082 0.905387
v -0.742841 1.266433 0.920586
v -0.730005 1.239718 0.929120
v -0.742841 1.266433 0.920586
v -0.735672 1.266620 0.950583
v -0.730005 1.239718 0.929120
v -0.735672 1.266620 0.950583
v -0.730005 1.234782 0.963647
v -0.730005 1.234782 0.963647
v -0.735672 1.266620 0.950583
v -0.742841 1.258035 0.979326
v -0.750506 1.230788 0.991580
v -0.742841 1.258035 0.979326
v -0.768842 1.260158 0.995779
v -0.750506 1.230788 0.991580
v -0.768842 1.260158 0.995779
v -0.783677 1.229262 1.002249
v -0.783677 1.229262 1.002249
v -0.768842 1.260158 0.995779
v -0.799274 1.255439 0.997478
v -0.816848 1.230788 0.991580
v -0.799274 1.255439 0.997478
v -0.822514 1.262626 0.978516
v -0.816848 1.230788 0.991580
v -0.822514 1.262626 0.978516
v -0.837348 1.234782 0.963647
v -0.837348 1.234782 0.963647
v -0.822514 1.262626 0.978516
v -0.834152 1.262234 0.949956
v -0.816848 1.243712 0.901188
v -0.799274 1.269028 0.902434
v -0.783677 1.245237 0.890518
v -0.750506 1.243712 0.901187
v -0.742841 1.266433 0.920586
v -0.730005 1.239718 0.929120
v -0.730005 1.234782 0.963647
v -0.742841 1.258035 0.979326
v -0.750506 1.230788 0.991580
v -0.783677 1.229262 1.002249
v -0.799274 1.255439 0.997478
v -0.816848 1.230788 0.991580
v -0.837348 1.234782 0.963647
v -0.834152 1.262234 0.949956
v -0.837348 1.239718 0.929121
v -0.799274 1.306799 0.678287
v -0.792845 1.332180 0.661987
v -0.822514 1.314036 0.659344
v -0.742841 1.309442 0.660142
v -0.759674 1.333734 0.651321
v -0.768842 1.311522 0.676600
v -0.742841 1.317995 0.601424
v -0.759674 1.338761 0.616808
v -0.735672 1.318103 0.631422
v -0.799275 1.320638 0.583279
v -0.792845 1.340315 0.606143
v -0.768842 1.324684 0.586243
v -0.834153 1.313718 0.630783
v -0.813346 1.336248 0.634065
v -0.822514 1.322170 0.603500
v -0.813346 1.336248 0.634065
v -0.783677 1.344588 0.635280
v -0.792845 1.340315 0.606143
v -0.813346 1.336248 0.634065
v -0.792845 1.340315 0.606143
v -0.822514 1.322170 0.603500
v -0.822514 1.322170 0.603500
v -0.792845 1.340315 0.606143
v -0.799275 1.320638 0.583279
v -0.792845 1.340315 0.606143
v -0.783677 1.344588 0.635280
v -0.759674 1.338761 0.616808
v -0.792845 1.340315 0.606143
v -0.759674 1.338761 0.616808
v -0.768842 1.324684 0.586243
v -0.768842 1.324684 0.586243
v -0.759674 1.338761 0.616808
v -0.742841 1.317995 0.601424
v -0.759674 1.338761 0.616808
v -0.783677 1.344588 0.635280
v -0.759674 1.333734 0.651321
v -0.759674 1.338761 0.616808
v -0.759674 1.333734 0.651321
v -0.735672 1.318103 0.631422
v -0.735672 1.318103 0.631422
v -0.759674 1.333734 0.651321
v -0.742841 1.309442 0.660142
v -0.759674 1.333734 0.651321
v -0.783677 1.344588 0.635280
v -0.792845 1.332180 0.661987
v -0.759674 1.333734 0.651321
v -0.792845 1.332180 0.661987
v -0.768842 1.311522 0.676600
v -0.768842 1.311522 0.676600
v -0.792845 1.332180 0.661987
v -0.799274 1.306799 0.678287
v -0.792845 1.332180 0.661987
v -0.783677 1.344588 0.635280
v -0.813346 1.336248 0.634065
v -0.792845 1.332180 0.661987
v -0.813346 1.336248 0.634065
v -0.822514 1.314036 0.659344
v -0.822514 1.314036 0.659344
v -0.813346 1.336248 0.634065
v -0.834153 1.313718 0.630783
v -0.837349 1.291257 0.609889
v -0.834153 1.313718 0.630783
v -0.822514 1.322170 0.603500
v -0.837349 1.291257 0.609889
v -0.822514 1.322170 0.603500
v -0.816848 1.295325 0.581966
v -0.816848 1.295325 0.581966
v -0.822514 1.322170 0.603500
v -0.799275 1.320638 0.583279
v -0.783677 1.296878 0.571301
v -0.799275 1.320638 0.583279
v -0.768842 1.324684 0.586243
v -0.783677 1.296878 0.571301
v -0.768842 1.324684 0.586243
v -0.750506 1.295325 0.581966
v -0.750506 1.295325 0.581966
v -0.768842 1.324684 0.586243
v -0.742841 1.317995 0.601424
v -0.730005 1.291257 0.609888
v -0.742841 1.317995 0.601424
v -0.735672 1.318103 0.631422
v -0.730005 1.291257 0.609888
v -0.735672 1.318103 0.631422
v -0.730005 1.286230 0.644402
v -0.730005 1.286230 0.644402
v -0.735672 1.318103 0.631422
v -0.742841 1.309442 0.660142
v -0.750506 1.282163 0.672324
v -0.742841 1.309442 0.660142
v -0.768842 1.311522 0.676600
v -0.750506 1.282163 0.672324
v -0.768842 1.311522 0.676600
v -0.783677 1.280609 0.682989
v -0.783677 1.280609 0.682989
v -0.768842 1.311522 0.676600
v -0.799274 1.306799 0.678287
v -0.816848 1.282163 0.672324
v -0.799274 1.306799 0.678287
v -0.822514 1.314036 0.659344
v -0.816848 1.282163 0.672324
v -0.822514 1.314036 0.659344
v -0.837349 1.286230 0.644402
v -0.837349 1.286230 0.644402
v -0.822514 1.314036 0.659344
v -0.834153 1.313718 0.630783
v -0.816848 1.295325 0.581966
v -0.799275 1.320638 0.583279
v -0.783677 1.296878 0.571301
v -0.750506 1.295325 0.581966
v -0.742841 1.317995 0.601424
v -0.730005 1.291257 0.609888
v -0.730005 1.286230 0.644402
v -0.742841 1.309442 0.660142
v -0.750506 1.282163 0.672324
v -0.783677 1.280609 0.682989
v -0.799274 1.306799 0.678287
v -0.816848 1.282163 0.672324
v -0.837349 1.286230 0.644402
v -0.834153 1.313718 0.630783
v -0.837349 1.291257 0.609889
v -0.923911 1.371454 0.353122
v -0.917482 1.393234 0.332252
v -0.947151 1.374919 0.333142
v -0.867478 1.370564 0.334807
v -0.884311 1.392711 0.321486
v -0.893479 1.375766 0.350560
v -0.867478 1.367684 0.275540
v -0.884312 1.391019 0.286650
v -0.860309 1.373550 0.304958
v -0.923912 1.366795 0.257225
v -0.917482 1.390496 0.275885
v -0.893479 1.371335 0.259357
v -0.958790 1.369124 0.305173
v -0.937983 1.391865 0.304068
v -0.947151 1.372181 0.276775
v -0.937983 1.391865 0.304068
v -0.908314 1.400283 0.303659
v -0.917482 1.390496 0.275885
v -0.937983 1.391865 0.304068
v -0.917482 1.390496 0.275885
v -0.947151 1.372181 0.276775
v -0.947151 1.372181 0.276775
v -0.917482 1.390496 0.275885
v -0.923912 1.366795 0.257225
v -0.917482 1.390496 0.275885
v -0.908314 1.400283 0.303659
v -0.884312 1.391019 0.286650
v -0.917482 1.390496 0.275885
v -0.884312 1.391019 0.286650
v -0.893479 1.371335 0.259357
v -0.893479 1.371335 0.259357
v -0.884312 1.391019 0.286650
v -0.867478 1.367684 0.275540
v -0.884312 1.391019 0.286650
v -0.908314 1.400283 0.303659
v -0.884311 1.392711 0.321486
v -0.884312 1.391019 0.286650
v -0.884311 1.392711 0.321486
v -0.860309 1.373550 0.304958
v -0.860309 1.373550 0.304958
v -0.884311 1.392711 0.321486
v -0.867478 1.370564 0.334807
v -0.884311 1.392711 0.321486
v -0.908314 1.400283 0.303659
v -0.917482 1.393234 0.332252
v -0.884311 1.392711 0.321486
v -0.917482 1.393234 0.332252
v -0.893479 1.375766 0.350560
v -0.893479 1.375766 0.350560
v -0.917482 1.393234 0.332252
v -0.923911 1.371454 0.353122
v -0.917482 1.393234 0.332252
v -0.908314 1.400283 0.303659
v -0.937983 1.391865 0.304068
v -0.917482 1.393234 0.332252
v -0.937983 1.391865 0.304068
v -0.947151 1.374919 0.333142
v -0.947151 1.374919 0.333142
v -0.937983 1.391865 0.304068
v -0.958790 1.369124 0.305173
v -0.961985 1.343070 0.288980
v -0.958790 1.369124 0.305173
v -0.947151 1.372181 0.276775
v -0.961985 1.343070 0.288980
v -0.947151 1.372181 0.276775
v -0.941485 1.341700 0.260796
v -0.941485 1.341700 0.260796
v -0.947151 1.372181 0.276775
v -0.923912 1.366795 0.257225
v -0.908314 1.341177 0.250031
v -0.923912 1.366795 0.257225
v -0.893479 1.371335 0.259357
v -0.908314 1.341177 0.250031
v -0.893479 1.371335 0.259357
v -0.875143 1.341700 0.260796
v -0.875143 1.341700 0.260796
v -0.893479 1.371335 0.259357
v -0.867478 1.367684 0.275540
v -0.854642 1.343070 0.288980
v -0.867478 1.367684 0.275540
v -0.860309 1.373550 0.304958
v -0.854642 1.343070 0.288980
v -0.860309 1.373550 0.304958
v -0.854642 1.344762 0.323816
v -0.854642 1.344762 0.323816
v -0.860309 1.373550 0.304958
v -0.867478 1.370564 0.334807
v -0.875143 1.346132 0.352000
v -0.867478 1.370564 0.334807
v -0.893479 1.375766 0.350560
v -0.875143 1.346132 0.352000
v -0.893479 1.375766 0.350560
v -0.908314 1.346654 0.362765
v -0.908314 1.346654 0.362765
v -0.893479 1.375766 0.350560
v -0.923911 1.371454 0.353122
v -0.941485 1.346132 0.352000
v -0.923911 1.371454 0.353122
v -0.947151 1.374919 0.333142
v -0.941485 1.346132 0.352000
v -0.947151 1.374919 0.333142
v -0.961985 1.344762 0.323816
v -0.961985 1.344762 0.323816
v -0.947151 1.374919 0.333142
v -0.958790 1.369124 0.305173
v -0.941485 1.341700 0.260796
v -0.923912 1.366795 0.257225
v -0.908314 1.341177 0.250031
v -0.875143 1.341700 0.260796
v -0.867478 1.367684 0.275540
v -0.854642 1.343070 0.288980
v -0.854642 1.344762 0.323816
v -0.867478 1.370564 0.334807
v -0.875143 1.346132 0.352000
v -0.908314 1.346654 0.362765
v -0.923911 1.371454 0.353122
v -0.941485 1.346132 0.352000
v -0.961985 1.344762 0.323816
v -0.958790 1.369124 0.305173
v -0.961985 1.343070 0.288980
v -0.923912 1.358666 0.034147
v -0.917482 1.380130 0.012952
v -0.947151 1.361831 0.014117
v -0.867478 1.357501 0.015848
v -0.884312 1.379446 0.002196
v -0.893480 1.362939 0.031521
v -0.867479 1.353732 -0.043370
v -0.884312 1.377230 -0.032611
v -0.860309 1.360039 -0.014042
v -0.923912 1.352567 -0.061669
v -0.917482 1.376545 -0.043367
v -0.893480 1.357138 -0.059606
v -0.958790 1.355616 -0.013761
v -0.937983 1.378338 -0.015207
v -0.947151 1.358246 -0.042202
v -0.937983 1.378338 -0.015207
v -0.908314 1.386749 -0.015743
v -0.917482 1.376545 -0.043367
v -0.937983 1.378338 -0.015207
v -0.917482 1.376545 -0.043367
v -0.947151 1.358246 -0.042202
v -0.947151 1.358246 -0.042202
v -0.917482 1.376545 -0.043367
v -0.923912 1.352567 -0.061669
v -0.917482 1.376545 -0.043367
v -0.908314 1.386749 -0.015743
v -0.884312 1.377230 -0.032611
v -0.917482 1.376545 -0.043367
v -0.884312 1.377230 -0.032611
v -0.893480 1.357138 -0.059606
v -0.893480 1.357138 -0.059606
v -0.884312 1.377230 -0.032611
v -0.867479 1.353732 -0.043370
v -0.884312 1.377230 -0.032611
v -0.908314 1.386749 -0.015743
v -0.884312 1.379446 0.002196
v -0.884312 1.377230 -0.032611
v -0.884312 1.379446 0.002196
v -0.860309 1.360039 -0.014042
v -0.860309 1.360039 -0.014042
v -0.884312 1.379446 0.002196
v -0.867478 1.357501 0.015848
v -0.884312 1.379446 0.002196
v -0.908314 1.386749 -0.015743
v -0.917482 1.380130 0.012952
v -0.884312 1.379446 0.002196
v -0.917482 1.380130 0.012952
v -0.893480 1.362939 0.031521
v -0.893480 1.362939 0.031521
v -0.917482 1.380130 0.012952
v -0.923912 1.358666 0.034147
v -0.917482 1.380130 0.012952
v -0.908314 1.386749 -0.015743
v -0.937983 1.378338 -0.015207
v -0.917482 1.380130 0.012952
v -0.937983 1.378338 -0.015207
v -0.947151 1.361831 0.014117
v -0.947151 1.361831 0.014117
v -0.937983 1.378338 -0.015207
v -0.958790 1.355616 -0.013761
v -0.961986 1.329322 -0.029561
v -0.958790 1.355616 -0.013761
v -0.947151 1.358246 -0.042202
v -0.961986 1.329322 -0.029561
v -0.947151 1.358246 -0.042202
v -0.941485 1.327529 -0.057721
v -0.941485 1.327529 -0.057721
v -0.947151 1.358246 -0.042202
v -0.923912 1.352567 -0.061669
v -0.908314 1.326844 -0.068477
v -0.923912 1.352567 -0.061669
v -0.893480 1.357138 -0.059606
v -0.908314 1.326844 -0.068477
v -0.893480 1.357138 -0.059606
v -0.875143 1.327529 -0.057721
v -0.875143 1.327529 -0.057721
v -0.893480 1.357138 -0.059606
v -0.867479 1.353732 -0.043370
v -0.854643 1.329322 -0.029561
v -0.867479 1.353732 -0.043370
v -0.860309 1.360039 -0.014042
v -0.854643 1.329322 -0.029561
v -0.860309 1.360039 -0.014042
v -0.854643 1.331537 0.005246
v -0.854643 1.331537 0.005246
v -0.860309 1.360039 -0.014042
v -0.867478 1.357501 0.015848
v -0.875143 1.333330 0.033406
v -0.867478 1.357501 0.015848
v -0.893480 1.362939 0.031521
v -0.875143 1.333330 0.033406
v -0.893480 1.362939 0.031521
v -0.908314 1.334014 0.044162
v -0.908314 1.334014 0.044162
v -0.893480 1.362939 0.031521
v -0.923912 1.358666 0.034147
v -0.941485 1.333330 0.033406
v -0.923912 1.358666 0.034147
v -0.947151 1.361831 0.014117
v -0.941485 1.333330 0.033406
v -0.947151 1.361831 0.014117
v -0.961986 1.331537 0.005246
v -0.961986 1.331537 0.005246
v -0.947151 1.361831 0.014117
v -0.958790 1.355616 -0.013761
v -0.941485 1.327529 -0.057721
v -0.923912 1.352567 -0.061669
v -0.908314 1.326844 -0.068477
v -0.875143 1.327529 -0.057721
v -0.867479 1.353732 -0.043370
v -0.854643 1.329322 -0.029561
v -0.854643 1.331537 0.005246
v -0.867478 1.357501 0.015848
v -0.875143 1.333330 0.033406
v -0.908314 1.334014 0.044162
v -0.923912 1.358666 0.034147
v -0.941485 1.333330 0.033406
v -0.961986 1.331537 0.005246
v -0.958790 1.355616 -0.013761
v -0.961986 1.329322 -0.029561
v -0.923912 1.301867 -0.607397
v -0.917482 1.321608 -0.630206
v -0.947151 1.303456 -0.627613
v -0.867479 1.299275 -0.625550
v -0.884312 1.320085 -0.640875
v -0.893480 1.305921 -0.610350
v -0.867479 1.290887 -0.684291
v -0.884312 1.315155 -0.675402
v -0.860310 1.299467 -0.655547
v -0.923912 1.288295 -0.702444
v -0.917483 1.313631 -0.686072
v -0.893480 1.293014 -0.700744
v -0.958790 1.295081 -0.654920
v -0.937983 1.317619 -0.658139
v -0.947152 1.295479 -0.683480
v -0.937983 1.317619 -0.658139
v -0.908315 1.325963 -0.659330
v -0.917483 1.313631 -0.686072
v -0.937983 1.317619 -0.658139
v -0.917483 1.313631 -0.686072
v -0.947152 1.295479 -0.683480
v -0.947152 1.295479 -0.683480
v -0.917483 1.313631 -0.686072
v -0.923912 1.288295 -0.702444
v -0.917483 1.313631 -0.686072
v -0.908315 1.325963 -0.659330
v -0.884312 1.315155 -0.675402
v -0.917483 1.313631 -0.686072
v -0.884312 1.315155 -0.675402
v -0.893480 1.293014 -0.700744
v -0.893480 1.293014 -0.700744
v -0.884312 1.315155 -0.675402
v -0.867479 1.290887 -0.684291
v -0.884312 1.315155 -0.675402
v -0.908315 1.325963 -0.659330
v -0.884312 1.320085 -0.640875
v -0.884312 1.315155 -0.675402
v -0.884312 1.320085 -0.640875
v -0.860310 1.299467 -0.655547
v -0.860310 1.299467 -0.655547
v -0.884312 1.320085 -0.640875
v -0.867479 1.299275 -0.625550
v -0.884312 1.320085 -0.640875
v -0.908315 1.325963 -0.659330
v -0.917482 1.321608 -0.630206
v -0.884312 1.320085 -0.640875
v -0.917482 1.321608 -0.630206
v -0.893480 1.305921 -0.610350
v -0.893480 1.305921 -0.610350
v -0.917482 1.321608 -0.630206
v -0.923912 1.301867 -0.607397
v -0.917482 1.321608 -0.630206
v -0.908315 1.325963 -0.659330
v -0.937983 1.317619 -0.658139
v -0.917482 1.321608 -0.630206
v -0.937983 1.317619 -0.658139
v -0.947151 1.303456 -0.627613
v -0.947151 1.303456 -0.627613
v -0.937983 1.317619 -0.658139
v -0.958790 1.295081 -0.654920
v -0.961986 1.267631 -0.668617
v -0.958790 1.295081 -0.654920
v -0.947152 1.295479 -0.683480
v -0.961986 1.267631 -0.668617
v -0.947152 1.295479 -0.683480
v -0.941485 1.263643 -0.696550
v -0.941485 1.263643 -0.696550
v -0.947152 1.295479 -0.683480
v -0.923912 1.288295 -0.702444
v -0.908315 1.262119 -0.707220
v -0.923912 1.288295 -0.702444
v -0.893480 1.293014 -0.700744
v -0.908315 1.262119 -0.707220
v -0.893480 1.293014 -0.700744
v -0.875144 1.263643 -0.696550
v -0.875144 1.263643 -0.696550
v -0.893480 1.293014 -0.700744
v -0.867479 1.290887 -0.684291
v -0.854643 1.267631 -0.668617
v -0.867479 1.290887 -0.684291
v -0.860310 1.299467 -0.655547
v -0.854643 1.267631 -0.668617
v -0.860310 1.299467 -0.655547
v -0.854643 1.272561 -0.634090
v -0.854643 1.272561 -0.634090
v -0.860310 1.299467 -0.655547
v -0.867479 1.299275 -0.625550
v -0.875144 1.276550 -0.606156
v -0.867479 1.299275 -0.625550
v -0.893480 1.305921 -0.610350
v -0.875144 1.276550 -0.606156
v -0.893480 1.305921 -0.610350
v -0.908315 1.278073 -0.595486
v -0.908315 1.278073 -0.595486
v -0.893480 1.305921 -0.610350
v -0.923912 1.301867 -0.607397
v -0.941485 1.276550 -0.606156
v -0.923912 1.301867 -0.607397
v -0.947151 1.303456 -0.627613
v -0.941485 1.276550 -0.606156
v -0.947151 1.303456 -0.627613
v -0.961986 1.272561 -0.634089
v -0.961986 1.272561 -0.634089
v -0.947151 1.303456 -0.627613
v -0.958790 1.295081 -0.654920
v -0.941485 1.263643 -0.696550
v -0.923912 1.288295 -0.702444
v -0.908315 1.262119 -0.707220
v -0.875144 1.263643 -0.696550
v -0.867479 1.290887 -0.684291
v -0.854643 1.267631 -0.668617
v -0.854643 1.272561 -0.634090
v -0.867479 1.299275 -0.625550
v -0.875144 1.276550 -0.606156
v -0.908315 1.278073 -0.595486
v -0.923912 1.301867 -0.607397
v -0.941485 1.276550 -0.606156
v -0.961986 1.272561 -0.634089
v -0.958790 1.295081 -0.654920
v -0.961986 1.267631 -0.668617
v -0.799276 1.257549 -0.799906
v -0.792846 1.278002 -0.822078
v -0.822515 1.259777 -0.820062
v -0.742842 1.255532 -0.818131
v -0.759676 1.276816 -0.832791
v -0.768844 1.261694 -0.802729
v -0.742842 1.249007 -0.877108
v -0.759676 1.272981 -0.867456
v -0.735673 1.256674 -0.848107
v -0.799276 1.246991 -0.895334
v -0.792846 1.271796 -0.878169
v -0.768844 1.251653 -0.893486
v -0.834154 1.252269 -0.847620
v -0.813347 1.274899 -0.850123
v -0.822515 1.253571 -0.876152
v -0.813347 1.274899 -0.850123
v -0.783678 1.283276 -0.851050
v -0.792846 1.271796 -0.878169
v -0.813347 1.274899 -0.850123
v -0.792846 1.271796 -0.878169
v -0.822515 1.253571 -0.876152
v -0.822515 1.253571 -0.876152
v -0.792846 1.271796 -0.878169
v -0.799276 1.246991 -0.895334
v -0.792846 1.271796 -0.878169
v -0.783678 1.283276 -0.851050
v -0.759676 1.272981 -0.867456
v -0.792846 1.271796 -0.878169
v -0.759676 1.272981 -0.867456
v -0.768844 1.251653 -0.893486
v -0.768844 1.251653 -0.893486
v -0.759676 1.272981 -0.867456
v -0.742842 1.249007 -0.877108
v -0.759676 1.272981 -0.867456
v -0.783678 1.283276 -0.851050
v -0.759676 1.276816 -0.832791
v -0.759676 1.272981 -0.867456
v -0.759676 1.276816 -0.832791
v -0.735673 1.256674 -0.848107
v -0.735673 1.256674 -0.848107
v -0.759676 1.276816 -0.832791
v -0.742842 1.255532 -0.818131
v -0.759676 1.276816 -0.832791
v -0.783678 1.283276 -0.851050
v -0.792846 1.278002 -0.822078
v -0.759676 1.276816 -0.832791
v -0.792846 1.278002 -0.822078
v -0.768844 1.261694 -0.802729
v -0.768844 1.261694 -0.802729
v -0.792846 1.278002 -0.822078
v -0.799276 1.257549 -0.799906
v -0.792846 1.278002 -0.822078
v -0.783678 1.283276 -0.851050
v -0.813347 1.274899 -0.850123
v -0.792846 1.278002 -0.822078
v -0.813347 1.274899 -0.850123
v -0.822515 1.259777 -0.820062
v -0.822515 1.259777 -0.820062
v -0.813347 1.274899 -0.850123
v -0.834154 1.252269 -0.847620
v -0.837350 1.225267 -0.862177
v -0.834154 1.252269 -0.847620
v -0.822515 1.253571 -0.876152
v -0.837350 1.225267 -0.862177
v -0.822515 1.253571 -0.876152
v -0.816849 1.222164 -0.890223
v -0.816849 1.222164 -0.890223
v -0.822515 1.253571 -0.876152
v -0.799276 1.246991 -0.895334
v -0.783678 1.220979 -0.900936
v -0.799276 1.246991 -0.895334
v -0.768844 1.251653 -0.893486
v -0.783678 1.220979 -0.900936
v -0.768844 1.251653 -0.893486
v -0.750507 1.222164 -0.890223
v -0.750507 1.222164 -0.890223
v -0.768844 1.251653 -0.893486
v -0.742842 1.249007 -0.877108
v -0.730007 1.225267 -0.862177
v -0.742842 1.249007 -0.877108
v -0.735673 1.256674 -0.848107
v -0.730007 1.225267 -0.862177
v -0.735673 1.256674 -0.848107
v -0.730007 1.229102 -0.827512
v -0.730007 1.229102 -0.827512
v -0.735673 1.256674 -0.848107
v -0.742842 1.255532 -0.818131
v -0.750507 1.232205 -0.799466
v -0.742842 1.255532 -0.818131
v -0.768844 1.261694 -0.802729
v -0.750507 1.232205 -0.799466
v -0.768844 1.261694 -0.802729
v -0.783678 1.233390 -0.788753
v -0.783678 1.233390 -0.788753
v -0.768844 1.261694 -0.802729
v -0.799276 1.257549 -0.799906
v -0.816849 1.232205 -0.799466
v -0.799276 1.257549 -0.799906
v -0.822515 1.259777 -0.820062
v -0.816849 1.232205 -0.799466
v -0.822515 1.259777 -0.820062
v -0.837350 1.229102 -0.827511
v -0.837350 1.229102 -0.827511
v -0.822515 1.259777 -0.820062
v -0.834154 1.252269 -0.847620
v -0.816849 1.222164 -0.890223
v -0.799276 1.246991 -0.895334
v -0.783678 1.220979 -0.900936
v -0.750507 1.222164 -0.890223
v -0.742842 1.249007 -0.877108
v -0.730007 1.225267 -0.862177
v -0.730007 1.229102 -0.827512
v -0.742842 1.255532 -0.818131
v -0.750507 1.232205 -0.799466
v -0.783678 1.233390 -0.788753
v -0.799276 1.257549 -0.799906
v -0.816849 1.232205 -0.799466
v -0.837350 1.229102 -0.827511
v -0.834154 1.252269 -0.847620
v -0.837350 1.225267 -0.862177
v -0.799276 1.218674 -1.136071
v -0.792846 1.239152 -1.158220
v -0.822515 1.220924 -1.156224
v -0.742843 1.216678 -1.154299
v -0.759676 1.237978 -1.168934
v -0.768844 1.222823 -1.138889
v -0.742843 1.210218 -1.213283
v -0.759676 1.234181 -1.203604
v -0.735673 1.217852 -1.184273
v -0.799276 1.208221 -1.231510
v -0.792846 1.233008 -1.214318
v -0.768844 1.212882 -1.229657
v -0.834154 1.213448 -1.183791
v -0.813347 1.236080 -1.186269
v -0.822515 1.214780 -1.212322
v -0.813347 1.236080 -1.186269
v -0.783678 1.244458 -1.187187
v -0.792846 1.233008 -1.214318
v -0.813347 1.236080 -1.186269
v -0.792846 1.233008 -1.214318
v -0.822515 1.214780 -1.212322
v -0.822515 1.214780 -1.212322
v -0.792846 1.233008 -1.214318
v -0.799276 1.208221 -1.231510
v -0.792846 1.233008 -1.214318
v -0.783678 1.244458 -1.187187
v -0.759676 1.234181 -1.203604
v -0.792846 1.233008 -1.214318
v -0.759676 1.234181 -1.203604
v -0.768844 1.212882 -1.229657
v -0.768844 1.212882 -1.229657
v -0.759676 1.234181 -1.203604
v -0.742843 1.210218 -1.213283
v -0.759676 1.234181 -1.203604
v -0.783678 1.244458 -1.187187
v -0.759676 1.237978 -1.168934
v -0.759676 1.234181 -1.203604
v -0.759676 1.237978 -1.168934
v -0.735673 1.217852 -1.184273
v -0.735673 1.217852 -1.184273
v -0.759676 1.237978 -1.168934
v -0.742843 1.216678 -1.154299
v -0.759676 1.237978 -1.168934
v -0.783678 1.244458 -1.187187
v -0.792846 1.239152 -1.158220
v -0.759676 1.237978 -1.168934
v -0.792846 1.239152 -1.158220
v -0.768844 1.222823 -1.138889
v -0.768844 1.222823 -1.138889
v -0.792846 1.239152 -1.158220
v -0.799276 1.218674 -1.136071
v -0.792846 1.239152 -1.158220
v -0.783678 1.244458 -1.187187
v -0.813347 1.236080 -1.186269
v -0.792846 1.239152 -1.158220
v -0.813347 1.236080 -1.186269
v -0.822515 1.220924 -1.156224
v -0.822515 1.220924 -1.156224
v -0.813347 1.236080 -1.186269
v -0.834154 1.213448 -1.183791
v -0.837350 1.186461 -1.198378
v -0.834154 1.213448 -1.183791
v -0.822515 1.214780 -1.212322
v -0.837350 1.186461 -1.198378
v -0.822515 1.214780 -1.212322
v -0.816849 1.183389 -1.226427
v -0.816849 1.183389 -1.226427
v -0.822515 1.214780 -1.212322
v -0.799276 1.208221 -1.231510
v -0.783679 1.182216 -1.237141
v -0.799276 1.208221 -1.231510
v -0.768844 1.212882 -1.229657
v -0.783679 1.182216 -1.237141
v -0.768844 1.212882 -1.229657
v -0.750508 1.183389 -1.226427
v -0.750508 1.183389 -1.226427
v -0.768844 1.212882 -1.229657
v -0.742843 1.210218 -1.213283
v -0.730007 1.186461 -1.198378
v -0.742843 1.210218 -1.213283
v -0.735673 1.217852 -1.184273
v -0.730007 1.186461 -1.198378
v -0.735673 1.217852 -1.184273
v -0.730007 1.190258 -1.163708
v -0.730007 1.190258 -1.163708
v -0.735673 1.217852 -1.184273
v -0.742843 1.216678 -1.154299
v -0.750507 1.193330 -1.135659
v -0.742843 1.216678 -1.154299
v -0.768844 1.222823 -1.138889
v -0.750507 1.193330 -1.135659
v -0.768844 1.222823 -1.138889
v -0.783678 1.194504 -1.124945
v -0.783678 1.194504 -1.124945
v -0.768844 1.222823 -1.138889
v -0.799276 1.218674 -1.136071
v -0.816849 1.193330 -1.135659
v -0.799276 1.218674 -1.136071
v -0.822515 1.220924 -1.156224
v -0.816849 1.193330 -1.135659
v -0.822515 1.220924 -1.156224
v -0.837350 1.190258 -1.163708
v -0.837350 1.190258 -1.163708
v -0.822515 1.220924 -1.156224
v -0.834154 1.213448 -1.183791
v -0.816849 1.183389 -1.226427
v -0.799276 1.208221 -1.231510
v -0.783679 1.182216 -1.237141
v -0.750508 1.183389 -1.226427
v -0.742843 1.210218 -1.213283
v -0.730007 1.186461 -1.198378
v -0.730007 1.190258 -1.163708
v -0.742843 1.216678 -1.154299
v -0.750507 1.193330 -1.135659
v -0.783678 1.194504 -1.124945
v -0.799276 1.218674 -1.136071
v -0.816849 1.193330 -1.135659
v -0.837350 1.190258 -1.163708
v -0.834154 1.213448 -1.183791
v -0.837350 1.186461 -1.198378
v -1.057288 0.843364 -0.907857
v -1.080055 0.849794 -0.927646
v -1.061719 0.820125 -0.927646
v -1.057288 0.899797 -0.926194
v -1.080055 0.882964 -0.938424
v -1.061719 0.873796 -0.910207
v -1.057288 0.899797 -0.985531
v -1.080055 0.882964 -0.973301
v -1.061719 0.906967 -0.955862
v -1.057288 0.843364 -1.003867
v -1.080055 0.849794 -0.984079
v -1.061719 0.873796 -1.001518
v -1.057288 0.808486 -0.955862
v -1.080055 0.829293 -0.955862
v -1.061719 0.820125 -0.984079
v -1.080055 0.829293 -0.955862
v -1.088483 0.858962 -0.955862
v -1.080055 0.849794 -0.984079
v -1.080055 0.829293 -0.955862
v -1.080055 0.849794 -0.984079
v -1.061719 0.820125 -0.984079
v -1.061719 0.820125 -0.984079
v -1.080055 0.849794 -0.984079
v -1.057288 0.843364 -1.003867
v -1.080055 0.849794 -0.984079
v -1.088483 0.858962 -0.955862
v -1.080055 0.882964 -0.973301
v -1.080055 0.849794 -0.984079
v -1.080055 0.882964 -0.973301
v -1.061719 0.873796 -1.001518
v -1.061719 0.873796 -1.001518
v -1.080055 0.882964 -0.973301
v -1.057288 0.899797 -0.985531
v -1.080055 0.882964 -0.973301
v -1.088483 0.858962 -0.955862
v -1.080055 0.882964 -0.938424
v -1.080055 0.882964 -0.973301
v -1.080055 0.882964 -0.938424
v -1.061719 0.906967 -0.955862
v -1.061719 0.906967 -0.955862
v -1.080055 0.882964 -0.938424
v -1.057288 0.899797 -0.926194
v -1.080055 0.882964 -0.938424
v -1.088483 0.858962 -0.955862
v -1.080055 0.849794 -0.927646
v -1.080055 0.882964 -0.938424
v -1.080055 0.849794 -0.927646
v -1.061719 0.873796 -0.910207
v -1.061719 0.873796 -0.910207
v -1.080055 0.849794 -0.927646
v -1.057288 0.843364 -0.907857
v -1.080055 0.849794 -0.927646
v -1.088483 0.858962 -0.955862
v -1.080055 0.829293 -0.955862
v -1.080055 0.849794 -0.927646
v -1.080055 0.829293 -0.955862
v -1.061719 0.820125 -0.927646
v -1.061719 0.820125 -0.927646
v -1.080055 0.829293 -0.955862
v -1.057288 0.808486 -0.955862
v -1.032050 0.805290 -0.973301
v -1.057288 0.808486 -0.955862
v -1.061719 0.820125 -0.984079
v -1.032050 0.805290 -0.973301
v -1.061719 0.820125 -0.984079
v -1.032050 0.825791 -1.001518
v -1.032050 0.825791 -1.001518
v -1.061719 0.820125 -0.984079
v -1.057288 0.843364 -1.003867
v -1.032050 0.858962 -1.012296
v -1.057288 0.843364 -1.003867
v -1.061719 0.873796 -1.001518
v -1.032050 0.858962 -1.012296
v -1.061719 0.873796 -1.001518
v -1.032050 0.892132 -1.001518
v -1.032050 0.892132 -1.001518
v -1.061719 0.873796 -1.001518
v -1.057288 0.899797 -0.985531
v -1.032050 0.912633 -0.973301
v -1.057288 0.899797 -0.985531
v -1.061719 0.906967 -0.955862
v -1.032050 0.912633 -0.973301
v -1.061719 0.906967 -0.955862
v -1.032050 0.912633 -0.938424
v -1.032050 0.912633 -0.938424
v -1.061719 0.906967 -0.955862
v -1.057288 0.899797 -0.926194
v -1.032050 0.892132 -0.910207
v -1.057288 0.899797 -0.926194
v -1.061719 0.873796 -0.910207
v -1.032050 0.892132 -0.910207
v -1.061719 0.873796 -0.910207
v -1.032050 0.858961 -0.899429
v -1.032050 0.858961 -0.899429
v -1.061719 0.873796 -0.910207
v -1.057288 0.843364 -0.907857
v -1.032050 0.825791 -0.910207
v -1.057288 0.843364 -0.907857
v -1.061719 0.820125 -0.927646
v -1.032050 0.825791 -0.910207
v -1.061719 0.820125 -0.927646
v -1.032050 0.805290 -0.938424
v -1.032050 0.805290 -0.938424
v -1.061719 0.820125 -0.927646
v -1.057288 0.808486 -0.955862
v -1.032050 0.825791 -1.001518
v -1.057288 0.843364 -1.003867
v -1.032050 0.858962 -1.012296
v -1.032050 0.892132 -1.001518
v -1.057288 0.899797 -0.985531
v -1.032050 0.912633 -0.973301
v -1.032050 0.912633 -0.938424
v -1.057288 0.899797 -0.926194
v -1.032050 0.892132 -0.910207
v -1.032050 0.858961 -0.899429
v -1.057288 0.843364 -0.907857
v -1.032050 0.825791 -0.910207
v -1.032050 0.805290 -0.938424
v -1.057288 0.808486 -0.955862
v -1.032050 0.805290 -0.973301
v -1.166161 0.843364 -0.443145
v -1.188928 0.849794 -0.462933
v -1.170591 0.820125 -0.462933
v -1.166161 0.899797 -0.461481
v -1.188928 0.882964 -0.473711
v -1.170591 0.873796 -0.445494
v -1.166161 0.899797 -0.520818
v -1.188928 0.882964 -0.508588
v -1.170591 0.906967 -0.491150
v -1.166161 0.843364 -0.539155
v -1.188928 0.849794 -0.519366
v -1.170591 0.873796 -0.536805
v -1.166160 0.808486 -0.491150
v -1.188928 0.829293 -0.491150
v -1.170591 0.820125 -0.519366
v -1.188928 0.829293 -0.491150
v -1.197356 0.858962 -0.491150
v -1.188928 0.849794 -0.519366
v -1.188928 0.829293 -0.491150
v -1.188928 0.849794 -0.519366
v -1.170591 0.820125 -0.519366
v -1.170591 0.820125 -0.519366
v -1.188928 0.849794 -0.519366
v -1.166161 0.843364 -0.539155
v -1.188928 0.849794 -0.519366
v -1.197356 0.858962 -0.491150
v -1.188928 0.882964 -0.508588
v -1.188928 0.849794 -0.519366
v -1.188928 0.882964 -0.508588
v -1.170591 0.873796 -0.536805
v -1.170591 0.873796 -0.536805
v -1.188928 0.882964 -0.508588
v -1.166161 0.899797 -0.520818
v -1.188928 0.882964 -0.508588
v -1.197356 0.858962 -0.491150
v -1.188928 0.882964 -0.473711
v -1.188928 0.882964 -0.508588
v -1.188928 0.882964 -0.473711
v -1.170591 0.906967 -0.491150
v -1.170591 0.906967 -0.491150
v -1.188928 0.882964 -0.473711
v -1.166161 0.899797 -0.461481
v -1.188928 0.882964 -0.473711
v -1.197356 0.858962 -0.491150
v -1.188928 0.849794 -0.462933
v -1.188928 0.882964 -0.473711
v -1.188928 0.849794 -0.462933
v -1.170591 0.873796 -0.445494
v -1.170591 0.873796 -0.445494
v -1.188928 0.849794 -0.462933
v -1.166161 0.843364 -0.443145
v -1.188928 0.849794 -0.462933
v -1.197356 0.858962 -0.491150
v -1.188928 0.829293 -0.491150
v -1.188928 0.849794 -0.462933
v -1.188928 0.829293 -0.491150
v -1.170591 0.820125 -0.462933
v -1.170591 0.820125 -0.462933
v -1.188928 0.829293 -0.491150
v -1.166160 0.808486 -0.491150
v -1.140922 0.805290 -0.508588
v -1.166160 0.808486 -0.491150
v -1.170591 0.820125 -0.519366
v -1.140922 0.805290 -0.508588
v -1.170591 0.820125 -0.519366
v -1.140922 0.825791 -0.536805
v -1.140922 0.825791 -0.536805
v -1.170591 0.820125 -0.519366
v -1.166161 0.843364 -0.539155
v -1.140922 0.858962 -0.547583
v -1.166161 0.843364 -0.539155
v -1.170591 0.873796 -0.536805
v -1.140922 0.858962 -0.547583
v -1.170591 0.873796 -0.536805
v -1.140922 0.892132 -0.536805
v -1.140922 0.892132 -0.536805
v -1.170591 0.873796 -0.536805
v -1.166161 0.899797 -0.520818
v -1.140922 0.912633 -0.508588
v -1.166161 0.899797 -0.520818
v -1.170591 0.906967 -0.491150
v -1.140922 0.912633 -0.508588
v -1.170591 0.906967 -0.491150
v -1.140922 0.912633 -0.473711
v -1.140922 0.912633 -0.473711
v -1.170591 0.906967 -0.491150
v -1.166161 0.899797 -0.461481
v -1.140922 0.892132 -0.445494
v -1.166161 0.899797 -0.461481
v -1.170591 0.873796 -0.445494
v -1.140922 0.892132 -0.445494
v -1.170591 0.873796 -0.445494
v -1.140922 0.858962 -0.434716
v -1.140922 0.858962 -0.434716
v -1.170591 0.873796 -0.445494
v -1.166161 0.843364 -0.443145
v -1.140922 0.825791 -0.445494
v -1.166161 0.843364 -0.443145
v -1.170591 0.820125 -0.462933
v -1.140922 0.825791 -0.445494
v -1.170591 0.820125 -0.462933
v -1.140922 0.805290 -0.473711
v -1.140922 0.805290 -0.473711
v -1.170591 0.820125 -0.462933
v -1.166160 0.808486 -0.491150
v -1.140922 0.825791 -0.536805
v -1.166161 0.843364 -0.539155
v -1.140922 0.858962 -0.547583
v -1.140922 0.892132 -0.536805
v -1.166161 0.899797 -0.520818
v -1.140922 0.912633 -0.508588
v -1.140922 0.912633 -0.473711
v -1.166161 0.899797 -0.461481
v -1.140922 0.892132 -0.445494
v -1.140922 0.858962 -0.434716
v -1.166161 0.843364 -0.443145
v -1.140922 0.825791 -0.445494
v -1.140922 0.805290 -0.473711
v -1.166160 0.808486 -0.491150
v -1.140922 0.805290 -0.508588
v -1.166160 0.843364 0.225983
v -1.188927 0.849794 0.206195
v -1.170591 0.820125 0.206195
v -1.166160 0.899797 0.207647
v -1.188927 0.882964 0.195417
v -1.170591 0.873796 0.223634
v -1.166160 0.899797 0.148310
v -1.188927 0.882964 0.160540
v -1.170591 0.906967 0.177978
v -1.166160 0.843364 0.129973
v -1.188927 0.849794 0.149762
v -1.170591 0.873796 0.132323
v -1.166160 0.808486 0.177978
v -1.188927 0.829293 0.177978
v -1.170591 0.820125 0.149762
v -1.188927 0.829293 0.177978
v -1.197355 0.858962 0.177978
v -1.188927 0.849794 0.149762
v -1.188927 0.829293 0.177978
v -1.188927 0.849794 0.149762
v -1.170591 0.820125 0.149762
v -1.170591 0.820125 0.149762
v -1.188927 0.849794 0.149762
v -1.166160 0.843364 0.129973
v -1.188927 0.849794 0.149762
v -1.197355 0.858962 0.177978
v -1.188927 0.882964 0.160540
v -1.188927 0.849794 0.149762
v -1.188927 0.882964 0.160540
v -1.170591 0.873796 0.132323
v -1.170591 0.873796 0.132323
v -1.188927 0.882964 0.160540
v -1.166160 0.899797 0.148310
v -1.188927 0.882964 0.160540
v -1.197355 0.858962 0.177978
v -1.188927 0.882964 0.195417
v -1.188927 0.882964 0.160540
v -1.188927 0.882964 0.195417
v -1.170591 0.906967 0.177978
v -1.170591 0.906967 0.177978
v -1.188927 0.882964 0.195417
v -1.166160 0.899797 0.207647
v -1.188927 0.882964 0.195417
v -1.197355 0.858962 0.177978
v -1.188927 0.849794 0.206195
v -1.188927 0.882964 0.195417
v -1.188927 0.849794 0.206195
v -1.170591 0.873796 0.223634
v -1.170591 0.873796 0.223634
v -1.188927 0.849794 0.206195
v -1.166160 0.843364 0.225983
v -1.188927 0.849794 0.206195
v -1.197355 0.858962 0.177978
v -1.188927 0.829293 0.177978
v -1.188927 0.849794 0.206195
v -1.188927 0.829293 0.177978
v -1.170591 0.820125 0.206195
v -1.170591 0.820125 0.206195
v -1.188927 0.829293 0.177978
v -1.166160 0.808486 0.177978
v -1.140922 0.805290 0.160540
v -1.166160 0.808486 0.177978
v -1.170591 0.820125 0.149762
v -1.140922 0.805290 0.160540
v -1.170591 0.820125 0.149762
v -1.140922 0.825791 0.132323
v -1.140922 0.825791 0.132323
v -1.170591 0.820125 0.149762
v -1.166160 0.843364 0.129973
v -1.140922 0.858962 0.121545
v -1.166160 0.843364 0.129973
v -1.170591 0.873796 0.132323
v -1.140922 0.858962 0.121545
v -1.170591 0.873796 0.132323
v -1.140922 0.892132 0.132323
v -1.140922 0.892132 0.132323
v -1.170591 0.873796 0.132323
v -1.166160 0.899797 0.148310
v -1.140922 0.912633 0.160540
v -1.166160 0.899797 0.148310
v -1.170591 0.906967 0.177978
v -1.140922 0.912633 0.160540
v -1.170591 0.906967 0.177978
v -1.140922 0.912633 0.195417
v -1.140922 0.912633 0.195417
v -1.170591 0.906967 0.177978
v -1.166160 0.899797 0.207647
v -1.140922 0.892132 0.223634
v -1.166160 0.899797 0.207647
v -1.170591 0.873796 0.223634
v -1.140922 0.892132 0.223634
v -1.170591 0.873796 0.223634
v -1.140922 0.858962 0.234412
v -1.140922 0.858962 0.234412
v -1.170591 0.873796 0.223634
v -1.166160 0.843364 0.225983
v -1.140922 0.825791 0.223634
v -1.166160 0.843364 0.225983
v -1.170591 0.820125 0.206195
v -1.140922 0.825791 0.223634
v -1.170591 0.820125 0.206195
v -1.140922 0.805290 0.195417
v -1.140922 0.805290 0.195417
v -1.170591 0.820125 0.206195
v -1.166160 0.808486 0.177978
v -1.140922 0.825791 0.132323
v -1.166160 0.843364 0.129973
v -1.140922 0.858962 0.121545
v -1.140922 0.892132 0.132323
v -1.166160 0.899797 0.148310
v -1.140922 0.912633 0.160540
v -1.140922 0.912633 0.195417
v -1.166160 0.899797 0.207647
v -1.140922 0.892132 0.223634
v -1.140922 0.858962 0.234412
v -1.166160 0.843364 0.225983
v -1.140922 0.825791 0.223634
v -1.140922 0.805290 0.195417
v -1.166160 0.808486 0.177978
v -1.140922 0.805290 0.160540
v -1.057287 0.843364 0.850509
v -1.080054 0.849794 0.830720
v -1.061718 0.820125 0.830721
v -1.057287 0.899797 0.832172
v -1.080054 0.882964 0.819943
v -1.061718 0.873796 0.848159
v -1.057287 0.899797 0.772836
v -1.080054 0.882964 0.785065
v -1.061718 0.906967 0.802504
v -1.057287 0.843364 0.754499
v -1.080054 0.849794 0.774287
v -1.061718 0.873796 0.756849
v -1.057286 0.808486 0.802504
v -1.080054 0.829293 0.802504
v -1.061718 0.820125 0.774287
v -1.080054 0.829293 0.802504
v -1.088482 0.858962 0.802504
v -1.080054 0.849794 0.774287
v -1.080054 0.829293 0.802504
v -1.080054 0.849794 0.774287
v -1.061718 0.820125 0.774287
v -1.061718 0.820125 0.774287
v -1.080054 0.849794 0.774287
v -1.057287 0.843364 0.754499
v -1.080054 0.849794 0.774287
v -1.088482 0.858962 0.802504
v -1.080054 0.882964 0.785065
v -1.080054 0.849794 0.774287
v -1.080054 0.882964 0.785065
v -1.061718 0.873796 0.756849
v -1.061718 0.873796 0.756849
v -1.080054 0.882964 0.785065
v -1.057287 0.899797 0.772836
v -1.080054 0.882964 0.785065
v -1.088482 0.858962 0.802504
v -1.080054 0.882964 0.819943
v -1.080054 0.882964 0.785065
v -1.080054 0.882964 0.819943
v -1.061718 0.906967 0.802504
v -1.061718 0.906967 0.802504
v -1.080054 0.882964 0.819943
v -1.057287 0.899797 0.832172
v -1.080054 0.882964 0.819943
v -1.088482 0.858962 0.802504
v -1.080054 0.849794 0.830720
v -1.080054 0.882964 0.819943
v -1.080054 0.849794 0.830720
v -1.061718 0.873796 0.848159
v -1.061718 0.873796 0.848159
v -1.080054 0.849794 0.830720
v -1.057287 0.843364 0.850509
v -1.080054 0.849794 0.830720
v -1.088482 0.858962 0.802504
v -1.080054 0.829293 0.802504
v -1.080054 0.849794 0.830720
v -1.080054 0.829293 0.802504
v -1.061718 0.820125 0.830721
v -1.061718 0.820125 0.830721
v -1.080054 0.829293 0.802504
v -1.057286 0.808486 0.802504
v -1.032048 0.805290 0.785065
v -1.057286 0.808486 0.802504
v -1.061718 0.820125 0.774287
v -1.032048 0.805290 0.785065
v -1.061718 0.820125 0.774287
v -1.032048 0.825791 0.756848
v -1.032048 0.825791 0.756848
v -1.061718 0.820125 0.774287
v -1.057287 0.843364 0.754499
v -1.032048 0.858962 0.746071
v -1.057287 0.843364 0.754499
v -1.061718 0.873796 0.756849
v -1.032048 0.858962 0.746071
v -1.061718 0.873796 0.756849
v -1.032048 0.892132 0.756848
v -1.032048 0.892132 0.756848
v -1.061718 0.873796 0.756849
v -1.057287 0.899797 0.772836
v -1.032048 0.912633 0.785065
v -1.057287 0.899797 0.772836
v -1.061718 0.906967 0.802504
v -1.032048 0.912633 0.785065
v -1.061718 0.906967 0.802504
v -1.032048 0.912633 0.819943
v -1.032048 0.912633 0.819943
v -1.061718 0.906967 0.802504
v -1.057287 0.899797 0.832172
v -1.032048 0.892133 0.848160
v -1.057287 0.899797 0.832172
v -1.061718 0.873796 0.848159
v -1.032048 0.892133 0.848160
v -1.061718 0.873796 0.848159
v -1.032048 0.858962 0.858937
v -1.032048 0.858962 0.858937
v -1.061718 0.873796 0.848159
v -1.057287 0.843364 0.850509
v -1.032048 0.825791 0.848160
v -1.057287 0.843364 0.850509
v -1.061718 0.820125 0.830721
v -1.032048 0.825791 0.848160
v -1.061718 0.820125 0.830721
v -1.032048 0.805290 0.819943
v -1.032048 0.805290 0.819943
v -1.061718 0.820125 0.830721
v -1.057286 0.808486 0.802504
v -1.032048 0.825791 0.756848
v -1.057287 0.843364 0.754499
v -1.032048 0.858962 0.746071
v -1.032048 0.892132 0.756848
v -1.057287 0.899797 0.772836
v -1.032048 0.912633 0.785065
v -1.032048 0.912633 0.819943
v -1.057287 0.899797 0.832172
v -1.032048 0.892133 0.848160
v -1.032048 0.858962 0.858937
v -1.057287 0.843364 0.850509
v -1.032048 0.825791 0.848160
v -1.032048 0.805290 0.819943
v -1.057286 0.808486 0.802504
v -1.032048 0.805290 0.785065
vt 0.499539 0.250000
vt 0.624575 0.250786
vt 0.501132 0.250000
vt 0.500145 0.187500
vt 0.386188 0.187500
vt 0.500007 0.187500
vt 0.688852 0.374987
vt 0.689002 0.312996
vt 0.688977 0.375585
vt 0.624575 0.250786
vt 0.499967 0.250859
vt 0.500987 0.311652
vt 0.624365 0.311374
vt 0.624672 0.498686
vt 0.625000 0.438601
vt 0.624394 0.438651
vt 0.376182 0.500000
vt 0.491194 0.500000
vt 0.504707 0.500000
vt 0.500027 0.508747
vt 0.374551 0.507592
vt 0.500032 0.511141
vt 0.559326 0.491631
vt 0.559326 0.008369
vt 0.500631 0.000000
vt 0.500000 0.008369
vt 0.500000 0.491631
vt 0.500631 0.500000
vt 1.000000 0.491631
vt 1.000000 0.008369
vt 0.999369 0.000000
vt 0.940674 0.008369
vt 0.940674 0.491631
vt 0.999369 0.500000
vt 0.373087 0.496033
vt 0.373760 0.498172
vt 0.373087 0.390625
vt 0.315384 0.495357
vt 0.315398 0.254659
vt 0.315374 0.254633
vt 0.489707 0.500000
vt 0.376182 0.500000
vt 0.504834 0.500000
vt 0.315398 0.495341
vt 0.315381 0.495361
vt 0.315377 0.254636
vt 0.375676 0.126477
vt 0.499324 0.186024
vt 0.375676 0.186023
vt 0.375682 0.563977
vt 0.623614 0.563977
vt 0.623608 0.563958
vt 0.375682 0.563977
vt 0.375682 0.623523
vt 0.315381 0.495361
vt 0.312537 0.498773
vt 0.315377 0.254636
vt 0.625000 0.438601
vt 0.624672 0.498686
vt 0.624394 0.438651
vt 0.499890 0.498818
vt 0.376182 0.498818
vt 0.376182 0.438682
vt 0.500928 0.438682
vt 0.500145 0.187500
vt 0.386188 0.187500
vt 0.385607 0.187500
vt 0.625000 0.311470
vt 0.624396 0.250550
vt 0.624241 0.250402
vt 0.629718 0.437506
vt 0.627623 0.437531
vt 0.625698 0.437504
vt 0.625698 0.437504
vt 0.625000 0.437519
vt 0.625000 0.437501
vt 0.500056 0.500000
vt 0.375980 0.500000
vt 0.498777 0.500000
vt 0.625000 0.437501
vt 0.625000 0.437500
vt 0.625000 0.437500
vt 0.625000 0.374895
vt 0.625000 0.313610
vt 0.625000 0.375037
vt 0.500000 0.008369
vt 0.500000 0.491631
vt 0.438010 0.491631
vt 0.436990 0.008369
vt 0.623315 0.500000
vt 0.489707 0.500000
vt 0.504834 0.500000
vt 0.374015 0.497131
vt 0.373087 0.496034
vt 0.373087 0.390625
vt 0.373087 0.253966
vt 0.374015 0.252940
vt 0.373087 0.390625
vt 0.371118 0.253477
vt 0.373087 0.253966
vt 0.371739 0.253397
vt 0.371118 0.496523
vt 0.373087 0.496033
vt 0.372102 0.495341
vt 0.687500 0.499339
vt 0.688958 0.500000
vt 0.688977 0.498868
vt 0.316345 0.253414
vt 0.315374 0.254633
vt 0.316382 0.253477
vt 0.688977 0.250000
vt 0.687500 0.250116
vt 0.688977 0.251066
vt 0.499324 0.186023
vt 0.500145 0.187500
vt 0.501150 0.186023
vt 0.688977 0.375585
vt 0.687500 0.373865
vt 0.687500 0.376117
vt 0.687500 0.313659
vt 0.689002 0.312996
vt 0.687500 0.311455
vt 0.687500 0.499025
vt 0.687500 0.500000
vt 0.687500 0.498878
vt 0.625000 0.188446
vt 0.623869 0.187500
vt 0.623947 0.188446
vt 0.501053 0.188447
vt 0.500007 0.187500
vt 0.498885 0.188446
vt 0.687500 0.313546
vt 0.687500 0.312406
vt 0.686554 0.311603
vt 0.686359 0.437500
vt 0.687500 0.438466
vt 0.687500 0.436407
vt 0.687500 0.376107
vt 0.687500 0.373960
vt 0.687500 0.376097
vt 0.376182 0.312500
vt 0.375000 0.313682
vt 0.376182 0.313682
vt 0.376182 0.437500
vt 0.376182 0.436318
vt 0.375000 0.436318
vt 0.686413 0.437500
vt 0.687500 0.436414
vt 0.686451 0.436418
vt 0.686448 0.375890
vt 0.687500 0.376091
vt 0.687500 0.373954
vt 0.686034 0.312500
vt 0.686440 0.313540
vt 0.687500 0.313541
vt 0.625000 0.500000
vt 0.625000 0.499387
vt 0.625000 0.498729
vt 0.363198 0.500338
vt 0.361535 0.500000
vt 0.369067 0.503290
vt 0.376182 0.500000
vt 0.374370 0.500026
vt 0.376106 0.500000
vt 0.371696 0.504429
vt 0.369067 0.503290
vt 0.372799 0.503811
vt 0.621928 0.250000
vt 0.623565 0.249434
vt 0.622664 0.248140
vt 0.624240 0.250401
vt 0.625000 0.251318
vt 0.623472 0.250000
vt 0.501055 0.241319
vt 0.498853 0.244353
vt 0.501065 0.244339
vt 0.374572 0.249992
vt 0.376144 0.250000
vt 0.376062 0.250000
vt 0.625000 0.438601
vt 0.625000 0.437500
vt 0.625000 0.437500
vt 0.625000 0.438556
vt 0.625000 0.437510
vt 0.625000 0.437500
vt 0.839989 0.532748
vt 0.837180 0.527341
vt 0.845798 0.530911
vt 0.339989 0.532748
vt 0.345798 0.530911
vt 0.337180 0.527341
vt 0.967252 0.839989
vt 0.972659 0.837180
vt 0.969089 0.845798
vt 0.416277 0.916277
vt 0.415752 0.922347
vt 0.422347 0.915752
vt 0.839989 0.967252
vt 0.845798 0.969089
vt 0.837180 0.972659
vt 0.339989 0.967252
vt 0.337180 0.972659
vt 0.345798 0.969089
vt 0.660011 0.532748
vt 0.654202 0.530911
vt 0.662820 0.527341
vt 0.376182 0.498818
vt 0.373760 0.498172
vt 0.374289 0.500015
vt 0.371118 0.496523
vt 0.372102 0.495341
vt 0.371118 0.495341
vt 0.316382 0.253477
vt 0.315398 0.254659
vt 0.316382 0.254659
vt 0.371118 0.253477
vt 0.371118 0.254659
vt 0.372102 0.254659
vt 0.315398 0.495341
vt 0.316382 0.496523
vt 0.316382 0.495341
vt 0.371118 0.253477
vt 0.373087 0.253966
vt 0.372102 0.254659
vt 0.372102 0.495341
vt 0.371739 0.496603
vt 0.371118 0.496523
vt 0.688977 0.500000
vt 0.687500 0.499339
vt 0.688966 0.498868
vt 0.315377 0.254636
vt 0.316345 0.253414
vt 0.316382 0.253477
vt 0.687500 0.250116
vt 0.688977 0.250000
vt 0.688977 0.251066
vt 0.500145 0.187500
vt 0.499324 0.186024
vt 0.501151 0.186020
vt 0.687500 0.373865
vt 0.688852 0.374987
vt 0.687500 0.376117
vt 0.623944 0.312500
vt 0.623905 0.311349
vt 0.625000 0.311422
vt 0.688977 0.312292
vt 0.687500 0.313659
vt 0.687500 0.311455
vt 0.687500 0.500000
vt 0.687500 0.499025
vt 0.687500 0.498878
vt 0.376182 0.561318
vt 0.375140 0.562500
vt 0.375000 0.561466
vt 0.623869 0.187500
vt 0.625000 0.188446
vt 0.623947 0.188446
vt 0.500007 0.187500
vt 0.501053 0.188447
vt 0.498885 0.188447
vt 0.687500 0.436407
vt 0.687500 0.438463
vt 0.686359 0.437500
vt 0.687500 0.376107
vt 0.687500 0.373960
vt 0.687500 0.373918
vt 0.376182 0.312500
vt 0.376182 0.313682
vt 0.375000 0.313682
vt 0.376182 0.437500
vt 0.375000 0.436318
vt 0.376182 0.436318
vt 0.686413 0.437500
vt 0.686451 0.436418
vt 0.687500 0.436414
vt 0.686035 0.312500
vt 0.687500 0.313541
vt 0.686440 0.313540
vt 0.623984 0.499517
vt 0.623315 0.500000
vt 0.624672 0.498686
vt 0.625000 0.499387
vt 0.625000 0.500000
vt 0.625000 0.498729
vt 0.363198 0.500338
vt 0.365122 0.501246
vt 0.361535 0.500000
vt 0.376182 0.500000
vt 0.375980 0.500000
vt 0.374193 0.500027
vt 0.371696 0.504429
vt 0.372799 0.503811
vt 0.370067 0.503809
vt 0.374193 0.500027
vt 0.375980 0.500000
vt 0.375658 0.500000
vt 0.625000 0.312500
vt 0.625000 0.311422
vt 0.625000 0.311470
vt 0.625000 0.311470
vt 0.625000 0.312411
vt 0.625000 0.312500
vt 0.623564 0.249437
vt 0.621928 0.250000
vt 0.622664 0.248140
vt 0.625000 0.251318
vt 0.624241 0.250402
vt 0.623471 0.250000
vt 0.501066 0.248139
vt 0.499944 0.250000
vt 0.498854 0.248150
vt 0.501055 0.241319
vt 0.498853 0.244353
vt 0.498869 0.241334
vt 0.374572 0.249992
vt 0.376062 0.250000
vt 0.376144 0.250000
vt 0.625000 0.437500
vt 0.625000 0.438601
vt 0.625000 0.437500
vt 0.625000 0.312505
vt 0.625000 0.313610
vt 0.625000 0.313634
vt 0.625000 0.312505
vt 0.625000 0.313658
vt 0.625000 0.313610
vt 0.000000 1.000000
vt 0.000000 1.000000
vt 0.000000 1.000000
vt 0.000000 1.000000
vt 0.000000 1.000000
vt 0.000000 1.000000
vt 0.839989 0.532748
vt 0.845798 0.530911
vt 0.837180 0.527341
vt 0.339989 0.532748
vt 0.337180 0.527341
vt 0.345798 0.530911
vt 0.916277 0.583723
vt 0.922347 0.584248
vt 0.915752 0.577653
vt 0.839989 0.967252
vt 0.837180 0.972659
vt 0.845798 0.969089
vt 0.339989 0.967252
vt 0.345798 0.969089
vt 0.337180 0.972659
vt 0.000000 1.000000
vt 0.000000 1.000000
vt 0.000000 1.000000
vt 0.000000 1.000000
vt 0.000000 1.000000
vt 0.000000 1.000000
vt 0.160011 0.532748
vt 0.154202 0.530911
vt 0.162820 0.527341
vt 0.312537 0.498773
vt 0.312500 0.499926
vt 0.312500 0.500000
vt 0.312500 0.500000
vt 0.311023 0.500000
vt 0.311023 0.498818
vt 0.371118 0.496523
vt 0.371118 0.495341
vt 0.372102 0.495341
vt 0.316382 0.253477
vt 0.316382 0.254659
vt 0.315398 0.254659
vt 0.371118 0.253477
vt 0.372102 0.254659
vt 0.371118 0.254659
vt 0.315398 0.495341
vt 0.316382 0.495341
vt 0.316382 0.496523
vt 0.688977 0.498868
vt 0.688958 0.500000
vt 0.688966 0.498868
vt 0.312537 0.251227
vt 0.311023 0.251182
vt 0.312537 0.499038
vt 0.551006 0.562499
vt 0.623608 0.563958
vt 0.623487 0.562500
vt 0.374015 0.252783
vt 0.376182 0.311374
vt 0.376182 0.251137
vt 0.686359 0.437500
vt 0.687500 0.436414
vt 0.686413 0.437500
vt 0.687500 0.311455
vt 0.687500 0.312406
vt 0.687500 0.313659
vt 0.625000 0.311441
vt 0.625000 0.312500
vt 0.625000 0.311456
vt 0.625000 0.312500
vt 0.625000 0.312503
vt 0.625000 0.312500
vt 0.625000 0.313623
vt 0.625000 0.312503
vt 0.625000 0.313628
vt 0.625000 0.311456
vt 0.625000 0.312348
vt 0.625734 0.311216
vt 0.625453 0.313797
vt 0.625000 0.312537
vt 0.625000 0.313623
vt 0.625734 0.311216
vt 0.632371 0.312394
vt 0.631967 0.311449
vt 0.630699 0.313654
vt 0.625803 0.312676
vt 0.625453 0.313797
vt 0.625588 0.436410
vt 0.625000 0.437502
vt 0.625698 0.437504
vt 0.625000 0.438556
vt 0.625556 0.437533
vt 0.625000 0.437510
vt 0.630789 0.436417
vt 0.625698 0.437504
vt 0.629718 0.437506
vt 0.625732 0.438527
vt 0.632272 0.437513
vt 0.625556 0.437533
vt 0.632021 0.438490
vt 0.638114 0.437501
vt 0.632272 0.437513
vt 0.375603 0.500005
vt 0.376106 0.500000
vt 0.374370 0.500026
vt 0.373348 0.500619
vt 0.375658 0.500000
vt 0.375603 0.500005
vt 0.371696 0.504429
vt 0.374936 0.500637
vt 0.373348 0.500619
vt 0.622664 0.248140
vt 0.624644 0.241980
vt 0.623420 0.241926
vt 0.623472 0.250000
vt 0.623565 0.249434
vt 0.622706 0.250000
vt 0.624240 0.250401
vt 0.625000 0.311456
vt 0.625000 0.251318
vt 0.624575 0.250786
vt 0.625000 0.311441
vt 0.624394 0.250548
vt 0.501054 0.237918
vt 0.498869 0.241334
vt 0.501055 0.241319
vt 0.501065 0.244339
vt 0.498854 0.248150
vt 0.501066 0.248139
vt 0.373513 0.249305
vt 0.375784 0.250000
vt 0.374950 0.249498
vt 0.374300 0.249993
vt 0.376062 0.250000
vt 0.375784 0.250000
vt 0.625000 0.498729
vt 0.623984 0.499518
vt 0.623388 0.500000
vt 0.625000 0.497296
vt 0.625000 0.499751
vt 0.625000 0.498701
vt 0.631633 0.498314
vt 0.626188 0.498186
vt 0.630091 0.498962
vt 0.636803 0.498957
vt 0.633637 0.499580
vt 0.636807 0.499937
vt 0.500035 0.513486
vt 0.623661 0.512552
vt 0.500032 0.511141
vt 0.501065 0.244339
vt 0.623420 0.241926
vt 0.501055 0.241319
vt 0.625000 0.436404
vt 0.625000 0.375010
vt 0.625000 0.375037
vt 0.625000 0.437500
vt 0.624394 0.438651
vt 0.625000 0.438601
vt 0.313670 0.500000
vt 0.361535 0.500000
vt 0.363198 0.500338
vt 0.624365 0.311374
vt 0.625000 0.312500
vt 0.625000 0.311441
vt 0.374314 0.249992
vt 0.376144 0.250000
vt 0.374572 0.249992
vt 0.000000 1.000000
vt 0.000000 1.000000
vt 0.000000 1.000000
vt 0.940674 0.008369
vt 0.999369 0.000000
vt 0.938131 0.000000
vt 0.625000 0.491631
vt 0.628174 0.008369
vt 0.621826 0.008369
vt 0.559326 0.491631
vt 0.500631 0.500000
vt 0.561869 0.500000
vt 0.000000 1.000000
vt 0.000000 1.000000
vt 0.000000 1.000000
vt 0.371118 0.496523
vt 0.316358 0.496563
vt 0.371739 0.496603
vt 0.372102 0.495341
vt 0.373087 0.390625
vt 0.372102 0.254659
vt 0.372102 0.254659
vt 0.373087 0.390625
vt 0.373087 0.253966
vt 0.373087 0.390625
vt 0.373760 0.498172
vt 0.374097 0.436318
vt 0.371739 0.496603
vt 0.373760 0.498172
vt 0.373087 0.496033
vt 0.374015 0.252783
vt 0.371739 0.253397
vt 0.373087 0.253966
vt 0.373087 0.390625
vt 0.374015 0.313682
vt 0.374015 0.252783
vt 0.316382 0.254659
vt 0.315398 0.254659
vt 0.316382 0.495341
vt 0.623901 0.250235
vt 0.625000 0.311422
vt 0.623905 0.311349
vt 0.375682 0.623523
vt 0.375000 0.563977
vt 0.375682 0.563977
vt 0.623614 0.563977
vt 0.625000 0.563966
vt 0.623608 0.563958
vt 0.375676 0.186023
vt 0.375000 0.186023
vt 0.375676 0.126477
vt 0.311023 0.251182
vt 0.312537 0.251227
vt 0.312537 0.498773
vt 0.623614 0.563977
vt 0.551021 0.562499
vt 0.623487 0.562500
vt 0.311023 0.251182
vt 0.312537 0.498773
vt 0.311023 0.498818
vt 0.376182 0.437500
vt 0.375000 0.436318
vt 0.376182 0.437500
vt 0.376182 0.311374
vt 0.374015 0.252940
vt 0.376182 0.251137
vt 0.687500 0.436414
vt 0.686359 0.437500
vt 0.686413 0.437500
vt 0.687500 0.376097
vt 0.687500 0.374563
vt 0.687500 0.373960
vt 0.687500 0.312547
vt 0.687500 0.311455
vt 0.687500 0.313659
vt 0.625000 0.312505
vt 0.625000 0.312500
vt 0.625000 0.312500
vt 0.625731 0.312200
vt 0.625000 0.311422
vt 0.625733 0.311216
vt 0.625000 0.312550
vt 0.625453 0.313797
vt 0.625000 0.313658
vt 0.632143 0.312388
vt 0.625733 0.311216
vt 0.631940 0.311448
vt 0.625519 0.312674
vt 0.630700 0.313654
vt 0.625453 0.313797
vt 0.625000 0.437500
vt 0.625000 0.436404
vt 0.625000 0.437501
vt 0.625000 0.437500
vt 0.625000 0.437501
vt 0.625000 0.437519
vt 0.625000 0.437501
vt 0.625588 0.436410
vt 0.625698 0.437504
vt 0.625000 0.437519
vt 0.625698 0.437504
vt 0.627623 0.437531
vt 0.625698 0.437504
vt 0.630789 0.436417
vt 0.629718 0.437506
vt 0.375658 0.500000
vt 0.373348 0.500619
vt 0.374193 0.500027
vt 0.374936 0.500637
vt 0.371696 0.504429
vt 0.373348 0.500619
vt 0.632027 0.251346
vt 0.626387 0.251112
vt 0.630220 0.250629
vt 0.623564 0.249437
vt 0.623471 0.250000
vt 0.622706 0.250000
vt 0.498869 0.241334
vt 0.501054 0.237919
vt 0.501055 0.241319
vt 0.498854 0.248150
vt 0.501065 0.244339
vt 0.501066 0.248139
vt 0.375610 0.250000
vt 0.373513 0.249305
vt 0.374950 0.249498
vt 0.623984 0.499517
vt 0.625000 0.498729
vt 0.623388 0.500000
vt 0.622848 0.500000
vt 0.623264 0.500000
vt 0.621475 0.500000
vt 0.621422 0.501866
vt 0.623631 0.505119
vt 0.622450 0.505769
vt 0.623195 0.508794
vt 0.624805 0.511059
vt 0.623661 0.512551
vt 0.623661 0.512551
vt 0.500035 0.513486
vt 0.500032 0.511141
vt 0.623420 0.241927
vt 0.501065 0.244339
vt 0.501055 0.241319
vt 0.625000 0.375010
vt 0.625000 0.436404
vt 0.625000 0.375037
vt 0.625000 0.313610
vt 0.625000 0.374895
vt 0.625000 0.313634
vt 0.624394 0.438651
vt 0.625000 0.437500
vt 0.625000 0.438601
vt 0.376144 0.250000
vt 0.374314 0.249992
vt 0.374572 0.249992
vt 0.750000 0.514848
vt 0.837180 0.527341
vt 0.750000 0.510000
vt 0.250000 0.514848
vt 0.337180 0.527341
vt 0.339989 0.532748
vt 0.750000 0.985152
vt 0.837180 0.972659
vt 0.839989 0.967252
vt 0.250000 0.985152
vt 0.337180 0.972659
vt 0.250000 0.990000
vt 0.062987 0.491631
vt 0.059326 0.008369
vt 0.065674 0.008369
vt 0.373087 0.390625
vt 0.372102 0.254659
vt 0.373087 0.253966
vt 0.373087 0.390625
vt 0.374015 0.436318
vt 0.374015 0.497131
vt 0.374015 0.497131
vt 0.371739 0.496603
vt 0.373087 0.496034
vt 0.371739 0.253397
vt 0.374015 0.252940
vt 0.373087 0.253966
vt 0.373087 0.390625
vt 0.374015 0.252940
vt 0.374015 0.313682
vt 0.687500 0.312406
vt 0.687500 0.311455
vt 0.687500 0.250116
vt 0.687500 0.250322
vt 0.623869 0.187500
vt 0.623777 0.187500
vt 0.500145 0.187500
vt 0.500007 0.187500
vt 0.688977 0.437504
vt 0.688977 0.498868
vt 0.688966 0.498868
vt 0.688977 0.437435
vt 0.500145 0.187500
vt 0.385607 0.187500
vt 0.386188 0.187500
vt 0.378182 0.562500
vt 0.377936 0.562500
vt 0.551006 0.562499
vt 0.498576 0.562500
vt 0.315384 0.495357
vt 0.315398 0.495341
vt 0.315398 0.254659
vt 0.687500 0.313541
vt 0.687500 0.373954
vt 0.687500 0.373960
vt 0.687500 0.313546
vt 0.372102 0.495341
vt 0.372102 0.495341
vt 0.372102 0.254659
vt 0.372102 0.254659
vt 0.498576 0.562500
vt 0.551006 0.562499
vt 0.623487 0.562500
vt 0.623550 0.562500
vt 0.687500 0.438466
vt 0.687500 0.498878
vt 0.687500 0.498796
vt 0.687500 0.438029
vt 0.316382 0.254659
vt 0.316382 0.495341
vt 0.371118 0.495341
vt 0.371118 0.254659
vt 0.624285 0.437500
vt 0.624293 0.437500
vt 0.625000 0.437500
vt 0.625000 0.437500
vt 0.624463 0.312500
vt 0.623944 0.312500
vt 0.499908 0.312500
vt 0.499894 0.312500
vt 0.376182 0.313682
vt 0.376182 0.436318
vt 0.497936 0.436328
vt 0.499754 0.313682
vt 0.311023 0.251182
vt 0.311023 0.498818
vt 0.311023 0.498818
vt 0.311023 0.251182
vt 0.363198 0.500338
vt 0.371696 0.504429
vt 0.373348 0.500619
vt 0.375603 0.500005
vt 0.374370 0.500026
vt 0.374289 0.500015
vt 0.313643 0.500001
vt 0.313670 0.500000
vt 0.687500 0.373918
vt 0.687500 0.373865
vt 0.687500 0.313659
vt 0.687500 0.312406
vt 0.623661 0.512552
vt 0.500035 0.513486
vt 0.500062 0.561318
vt 0.623740 0.561318
vt 0.315384 0.495357
vt 0.315374 0.254633
vt 0.312537 0.499038
vt 0.501053 0.188447
vt 0.501054 0.237918
vt 0.623896 0.237870
vt 0.623947 0.188446
vt 0.623315 0.500000
vt 0.504707 0.500000
vt 0.491194 0.500000
vt 0.499539 0.250000
vt 0.501132 0.250000
vt 0.376144 0.250000
vt 0.315374 0.254633
vt 0.312537 0.251227
vt 0.312537 0.499038
vt 0.500035 0.513486
vt 0.376182 0.513465
vt 0.375651 0.561385
vt 0.500062 0.561318
vt 0.376182 0.251137
vt 0.376182 0.311374
vt 0.500987 0.311652
vt 0.499967 0.250859
vt 0.624285 0.437500
vt 0.499981 0.437500
vt 0.500017 0.437500
vt 0.624293 0.437500
vt 0.637573 0.438476
vt 0.636803 0.498957
vt 0.686318 0.499025
vt 0.686318 0.438475
vt 0.376182 0.438682
vt 0.376182 0.498818
vt 0.499904 0.498818
vt 0.500927 0.438682
vt 0.374572 0.249992
vt 0.374300 0.249993
vt 0.373513 0.249305
vt 0.371945 0.245348
vt 0.363195 0.249793
vt 0.313442 0.250000
vt 0.313459 0.249999
vt 0.374314 0.249992
vt 0.688977 0.251066
vt 0.689002 0.312996
vt 0.688977 0.312292
vt 0.688977 0.251066
vt 0.376182 0.437500
vt 0.376182 0.437500
vt 0.500017 0.437500
vt 0.499981 0.437500
vt 0.686554 0.250897
vt 0.637712 0.250940
vt 0.637296 0.311589
vt 0.686554 0.311603
vt 0.375676 0.126477
vt 0.375676 0.186023
vt 0.499324 0.186023
vt 0.499324 0.186024
vt 0.500927 0.438682
vt 0.499904 0.498818
vt 0.624672 0.498686
vt 0.624394 0.438651
vt 0.376182 0.312500
vt 0.499894 0.312500
vt 0.499908 0.312500
vt 0.376182 0.312500
vt 0.688977 0.375585
vt 0.688977 0.437504
vt 0.688977 0.437435
vt 0.688852 0.374987
vt 0.686413 0.437500
vt 0.634345 0.437502
vt 0.638114 0.437501
vt 0.686359 0.437500
vt 0.686440 0.313540
vt 0.635323 0.313557
vt 0.635682 0.375051
vt 0.686448 0.375890
vt 0.686448 0.375890
vt 0.635682 0.375051
vt 0.635602 0.436416
vt 0.686451 0.436418
vt 0.499754 0.313682
vt 0.497936 0.436328
vt 0.625949 0.372330
vt 0.624203 0.313679
vt 0.625000 0.313628
vt 0.624203 0.313679
vt 0.625949 0.372330
vt 0.625000 0.374896
vt 0.374097 0.436318
vt 0.375000 0.436318
vt 0.375000 0.313682
vt 0.631633 0.498314
vt 0.636803 0.498957
vt 0.637573 0.438476
vt 0.632021 0.438490
vt 0.687500 0.376091
vt 0.687500 0.436414
vt 0.687500 0.436407
vt 0.687500 0.376097
vt 0.624144 0.436337
vt 0.625949 0.372330
vt 0.497936 0.436328
vt 0.625000 0.312503
vt 0.625000 0.312500
vt 0.623944 0.312500
vt 0.624463 0.312500
vt 0.625000 0.374896
vt 0.625949 0.372330
vt 0.624144 0.436337
vt 0.625000 0.436397
vt 0.686034 0.312500
vt 0.686068 0.312500
vt 0.637598 0.312491
vt 0.635371 0.312507
vt 0.625756 0.251968
vt 0.625734 0.311216
vt 0.631967 0.311449
vt 0.632030 0.251346
vt 0.501055 0.241319
vt 0.623420 0.241926
vt 0.623896 0.237870
vt 0.501054 0.237918
vt 0.625000 0.251318
vt 0.625000 0.311456
vt 0.625734 0.311216
vt 0.623565 0.249434
vt 0.624394 0.250548
vt 0.625000 0.311441
vt 0.625000 0.311456
vt 0.624240 0.250401
vt 0.629718 0.437506
vt 0.625698 0.437504
vt 0.625556 0.437533
vt 0.632272 0.437513
vt 0.632272 0.437513
vt 0.638114 0.437501
vt 0.634345 0.437502
vt 0.630789 0.436417
vt 0.635602 0.436416
vt 0.635682 0.375051
vt 0.631121 0.375057
vt 0.625698 0.437504
vt 0.625000 0.437502
vt 0.625000 0.437510
vt 0.625556 0.437533
vt 0.374001 0.503826
vt 0.500029 0.505721
vt 0.499971 0.501862
vt 0.374936 0.500637
vt 0.632030 0.251346
vt 0.631967 0.311449
vt 0.637296 0.311589
vt 0.637712 0.250940
vt 0.500085 0.500000
vt 0.500064 0.500000
vt 0.375658 0.500000
vt 0.374936 0.500637
vt 0.500055 0.500000
vt 0.498788 0.500000
vt 0.376106 0.500000
vt 0.375603 0.500005
vt 0.635371 0.312507
vt 0.637598 0.312491
vt 0.632371 0.312394
vt 0.630733 0.312571
vt 0.630733 0.312571
vt 0.632371 0.312394
vt 0.626722 0.312190
vt 0.625803 0.312676
vt 0.499957 0.250000
vt 0.499944 0.250000
vt 0.374950 0.249498
vt 0.375784 0.250000
vt 0.625000 0.312348
vt 0.625000 0.312537
vt 0.625803 0.312676
vt 0.625000 0.312500
vt 0.625000 0.312503
vt 0.625000 0.312537
vt 0.498854 0.248150
vt 0.498853 0.244353
vt 0.371725 0.246235
vt 0.374950 0.249498
vt 0.498869 0.241334
vt 0.498881 0.237834
vt 0.376115 0.237538
vt 0.374078 0.244999
vt 0.625000 0.497296
vt 0.631633 0.498314
vt 0.632021 0.438490
vt 0.625732 0.438527
vt 0.625000 0.498346
vt 0.625000 0.497296
vt 0.625732 0.438527
vt 0.625000 0.438556
vt 0.623984 0.499518
vt 0.625000 0.498729
vt 0.625000 0.438556
vt 0.625000 0.438601
vt 0.499914 0.250000
vt 0.624394 0.250548
vt 0.624240 0.250401
vt 0.499962 0.250000
vt 0.499957 0.250000
vt 0.623472 0.250000
vt 0.622706 0.250000
vt 0.499944 0.250000
vt 0.499914 0.250000
vt 0.499962 0.250000
vt 0.375784 0.250000
vt 0.376062 0.250000
vt 0.501066 0.248139
vt 0.622664 0.248140
vt 0.623420 0.241926
vt 0.501065 0.244339
vt 0.500032 0.511141
vt 0.623661 0.512552
vt 0.623195 0.508794
vt 0.500027 0.508747
vt 0.500029 0.505721
vt 0.622450 0.505769
vt 0.621422 0.501866
vt 0.499971 0.501862
vt 0.500085 0.500000
vt 0.621475 0.500000
vt 0.622848 0.500000
vt 0.500064 0.500000
vt 0.500055 0.500000
vt 0.623388 0.500000
vt 0.623984 0.499518
vt 0.498788 0.500000
vt 0.631121 0.375057
vt 0.635682 0.375051
vt 0.635323 0.313557
vt 0.630699 0.313654
vt 0.625633 0.375051
vt 0.631121 0.375057
vt 0.630699 0.313654
vt 0.625453 0.313797
vt 0.625000 0.375010
vt 0.625633 0.375051
vt 0.625453 0.313797
vt 0.625000 0.313623
vt 0.625588 0.436410
vt 0.630789 0.436417
vt 0.631121 0.375057
vt 0.625633 0.375051
vt 0.625000 0.374896
vt 0.625000 0.375037
vt 0.625000 0.313623
vt 0.625000 0.313628
vt 0.625000 0.436404
vt 0.625588 0.436410
vt 0.625633 0.375051
vt 0.625000 0.375010
vt 0.839989 0.967252
vt 0.750000 0.985152
vt 0.660011 0.967252
vt 0.583723 0.916278
vt 0.532748 0.839989
vt 0.514848 0.750000
vt 0.532748 0.660011
vt 0.583723 0.583722
vt 0.660011 0.532748
vt 0.750000 0.514848
vt 0.839989 0.532748
vt 0.916278 0.583723
vt 0.967252 0.660011
vt 0.985152 0.750000
vt 0.967252 0.839989
vt 0.916278 0.916277
vt 0.625000 0.436397
vt 0.625000 0.436404
vt 0.625000 0.375037
vt 0.625000 0.374896
vt 0.375112 0.188447
vt 0.376115 0.237538
vt 0.498881 0.237834
vt 0.498885 0.188446
vt 0.875510 0.491631
vt 0.934326 0.491631
vt 0.934326 0.008369
vt 0.874432 0.008369
vt 0.083723 0.916278
vt 0.160011 0.967252
vt 0.250000 0.985152
vt 0.339989 0.967252
vt 0.416277 0.916277
vt 0.467252 0.839989
vt 0.485152 0.750000
vt 0.467252 0.660011
vt 0.416277 0.583723
vt 0.339989 0.532748
vt 0.250000 0.514848
vt 0.160011 0.532748
vt 0.083723 0.583722
vt 0.032748 0.660011
vt 0.014848 0.750000
vt 0.032748 0.839989
vt 0.750510 0.491631
vt 0.813040 0.491631
vt 0.811960 0.008369
vt 0.749490 0.008369
vt 0.690674 0.491631
vt 0.750510 0.491631
vt 0.749490 0.008369
vt 0.687445 0.008369
vt 0.628174 0.008369
vt 0.625000 0.491631
vt 0.684326 0.491631
vt 0.687445 0.008369
vt 0.565674 0.491631
vt 0.625000 0.491631
vt 0.621826 0.008369
vt 0.565674 0.008369
vt 0.438068 0.491631
vt 0.500000 0.491631
vt 0.500000 0.008369
vt 0.437013 0.008369
vt 0.375510 0.491631
vt 0.438068 0.491631
vt 0.437013 0.008369
vt 0.374513 0.008369
vt 0.313040 0.491631
vt 0.375510 0.491631
vt 0.374513 0.008369
vt 0.311990 0.008369
vt 0.250568 0.491631
vt 0.313040 0.491631
vt 0.311990 0.008369
vt 0.249460 0.008369
vt 0.188068 0.491631
vt 0.250568 0.491631
vt 0.249460 0.008369
vt 0.187013 0.008369
vt 0.125568 0.491631
vt 0.188068 0.491631
vt 0.187013 0.008369
vt 0.124513 0.008369
vt 0.065674 0.491631
vt 0.125568 0.491631
vt 0.124513 0.008369
vt 0.061990 0.008369
vt 0.813040 0.491631
vt 0.875510 0.491631
vt 0.874432 0.008369
vt 0.811960 0.008369
vt 0.000000 0.491631
vt 0.059326 0.491631
vt 0.061990 0.008369
vt 0.000000 0.008369
vt 0.316382 0.496523
vt 0.316358 0.496563
vt 0.371118 0.496523
vt 0.371118 0.496523
vt 0.313594 0.250077
vt 0.316345 0.253414
vt 0.371739 0.253397
vt 0.373516 0.250770
vt 0.501151 0.186020
vt 0.501150 0.186023
vt 0.623849 0.186023
vt 0.623849 0.186023
vt 0.373087 0.390625
vt 0.375000 0.313682
vt 0.374015 0.313682
vt 0.316382 0.253477
vt 0.371118 0.253477
vt 0.371118 0.253477
vt 0.316382 0.253477
vt 0.313594 0.499923
vt 0.373760 0.498172
vt 0.371739 0.496603
vt 0.316358 0.496563
vt 0.687500 0.376107
vt 0.687500 0.438466
vt 0.687500 0.438029
vt 0.687500 0.376117
vt 0.624575 0.250786
vt 0.624365 0.311374
vt 0.625000 0.311441
vt 0.373087 0.390625
vt 0.374097 0.436318
vt 0.375000 0.313682
vt 0.373087 0.253966
vt 0.373087 0.390625
vt 0.374015 0.252783
vt 0.551021 0.562499
vt 0.377936 0.562500
vt 0.378182 0.562500
vt 0.498577 0.562500
vt 0.623487 0.562500
vt 0.551021 0.562499
vt 0.498577 0.562500
vt 0.623550 0.562500
vt 0.500017 0.250000
vt 0.499932 0.250000
vt 0.623901 0.250235
vt 0.687500 0.313541
vt 0.687500 0.313546
vt 0.687500 0.373960
vt 0.687500 0.374563
vt 0.372102 0.254659
vt 0.372102 0.495341
vt 0.372102 0.495341
vt 0.372102 0.254659
vt 0.625000 0.437500
vt 0.624293 0.437500
vt 0.624293 0.437500
vt 0.625000 0.437500
vt 0.312537 0.498773
vt 0.312537 0.251227
vt 0.315377 0.254636
vt 0.687500 0.376107
vt 0.687500 0.376117
vt 0.687500 0.434327
vt 0.687500 0.438463
vt 0.688977 0.312292
vt 0.689002 0.312996
vt 0.688852 0.374987
vt 0.623901 0.250235
vt 0.623905 0.311349
vt 0.500941 0.311652
vt 0.500506 0.250859
vt 0.363198 0.500338
vt 0.313657 0.500000
vt 0.313643 0.500001
vt 0.374289 0.500014
vt 0.374193 0.500027
vt 0.373348 0.500619
vt 0.371696 0.504429
vt 0.623661 0.512551
vt 0.623740 0.561318
vt 0.500062 0.561318
vt 0.500035 0.513486
vt 0.313594 0.499923
vt 0.316345 0.496586
vt 0.371739 0.496603
vt 0.373516 0.499230
vt 0.687500 0.438463
vt 0.687500 0.434327
vt 0.687500 0.498796
vt 0.687500 0.498878
vt 0.376144 0.250000
vt 0.499932 0.250000
vt 0.500017 0.250000
vt 0.623896 0.237872
vt 0.501054 0.237919
vt 0.501053 0.188447
vt 0.623947 0.188446
vt 0.500035 0.513486
vt 0.500062 0.561318
vt 0.376182 0.561318
vt 0.376182 0.513465
vt 0.500941 0.311652
vt 0.376182 0.311374
vt 0.376182 0.251137
vt 0.500506 0.250859
vt 0.624293 0.437500
vt 0.624293 0.437500
vt 0.500017 0.437500
vt 0.499981 0.437500
vt 0.686318 0.499025
vt 0.636803 0.498957
vt 0.637586 0.438476
vt 0.686318 0.438475
vt 0.374572 0.249992
vt 0.374314 0.249992
vt 0.313459 0.249999
vt 0.313442 0.250000
vt 0.363195 0.249793
vt 0.371945 0.245348
vt 0.373513 0.249305
vt 0.375782 0.250000
vt 0.687500 0.250116
vt 0.687500 0.311455
vt 0.687500 0.312547
vt 0.687500 0.251017
vt 0.500017 0.437500
vt 0.376182 0.437500
vt 0.376182 0.437500
vt 0.499981 0.437500
vt 0.686554 0.250897
vt 0.686554 0.311603
vt 0.637279 0.311589
vt 0.637712 0.250940
vt 0.624672 0.498686
vt 0.499890 0.498818
vt 0.500928 0.438682
vt 0.624394 0.438651
vt 0.500145 0.187500
vt 0.500007 0.187500
vt 0.386188 0.187500
vt 0.376182 0.312500
vt 0.376182 0.312500
vt 0.499908 0.312500
vt 0.499894 0.312500
vt 0.687500 0.313659
vt 0.687500 0.373865
vt 0.687500 0.373918
vt 0.687500 0.312547
vt 0.686413 0.437500
vt 0.686359 0.437500
vt 0.634887 0.437506
vt 0.634345 0.437502
vt 0.686440 0.313540
vt 0.686448 0.376142
vt 0.635767 0.375047
vt 0.635550 0.313555
vt 0.686448 0.376142
vt 0.686451 0.436418
vt 0.635608 0.436416
vt 0.635767 0.375047
vt 0.498141 0.436332
vt 0.376182 0.436318
vt 0.376182 0.313682
vt 0.499913 0.313682
vt 0.625948 0.372329
vt 0.624203 0.313679
vt 0.625000 0.313634
vt 0.625000 0.374895
vt 0.637586 0.438476
vt 0.636803 0.498957
vt 0.631633 0.498314
vt 0.632064 0.438490
vt 0.687500 0.374563
vt 0.687500 0.376097
vt 0.687500 0.436407
vt 0.687500 0.436414
vt 0.623944 0.312500
vt 0.625000 0.312500
vt 0.625000 0.312505
vt 0.624464 0.312500
vt 0.624160 0.436338
vt 0.625948 0.372329
vt 0.625000 0.374895
vt 0.625000 0.436398
vt 0.637435 0.312490
vt 0.686068 0.312500
vt 0.686035 0.312500
vt 0.635311 0.312507
vt 0.625753 0.251968
vt 0.632027 0.251346
vt 0.631940 0.311448
vt 0.625733 0.311216
vt 0.501055 0.241319
vt 0.501054 0.237919
vt 0.623896 0.237872
vt 0.623420 0.241927
vt 0.625000 0.251318
vt 0.623564 0.249437
vt 0.625733 0.311216
vt 0.625000 0.311422
vt 0.635767 0.375047
vt 0.635608 0.436416
vt 0.630789 0.436417
vt 0.631122 0.375057
vt 0.374001 0.503826
vt 0.374936 0.500637
vt 0.499965 0.501862
vt 0.500027 0.505721
vt 0.632027 0.251346
vt 0.637712 0.250940
vt 0.637279 0.311589
vt 0.631940 0.311448
vt 0.375658 0.500000
vt 0.500054 0.500000
vt 0.500084 0.500000
vt 0.374936 0.500637
vt 0.635311 0.312507
vt 0.630472 0.312576
vt 0.632143 0.312388
vt 0.637435 0.312490
vt 0.630472 0.312576
vt 0.625519 0.312674
vt 0.625731 0.312200
vt 0.632143 0.312388
vt 0.625519 0.312674
vt 0.625000 0.312550
vt 0.625000 0.312411
vt 0.625731 0.312200
vt 0.374950 0.249498
vt 0.499944 0.250000
vt 0.499957 0.250000
vt 0.375610 0.250000
vt 0.371725 0.246235
vt 0.498853 0.244353
vt 0.498854 0.248150
vt 0.374950 0.249498
vt 0.376115 0.237538
vt 0.498881 0.237834
vt 0.498869 0.241334
vt 0.374078 0.244999
vt 0.632064 0.438490
vt 0.631633 0.498314
vt 0.625000 0.497296
vt 0.625732 0.438527
vt 0.625732 0.438527
vt 0.625000 0.497296
vt 0.625000 0.498346
vt 0.625000 0.438557
vt 0.500026 0.508747
vt 0.500032 0.511141
vt 0.374550 0.507592
vt 0.625000 0.438557
vt 0.625000 0.498729
vt 0.623984 0.499517
vt 0.625000 0.438601
vt 0.499914 0.250000
vt 0.499962 0.250000
vt 0.624241 0.250402
vt 0.624396 0.250550
vt 0.499957 0.250000
vt 0.499944 0.250000
vt 0.622706 0.250000
vt 0.623471 0.250000
vt 0.375782 0.250000
vt 0.499962 0.250000
vt 0.499914 0.250000
vt 0.376062 0.250000
vt 0.501066 0.248139
vt 0.501065 0.244339
vt 0.623420 0.241927
vt 0.622664 0.248140
vt 0.500032 0.511141
vt 0.500026 0.508747
vt 0.623195 0.508794
vt 0.623661 0.512551
vt 0.500027 0.505721
vt 0.499965 0.501862
vt 0.621422 0.501866
vt 0.622450 0.505769
vt 0.500084 0.500000
vt 0.500054 0.500000
vt 0.622848 0.500000
vt 0.621475 0.500000
vt 0.500056 0.500000
vt 0.498777 0.500000
vt 0.623984 0.499517
vt 0.623388 0.500000
vt 0.635550 0.313555
vt 0.635767 0.375047
vt 0.631122 0.375057
vt 0.630700 0.313654
vt 0.630700 0.313654
vt 0.631122 0.375057
vt 0.625633 0.375052
vt 0.625453 0.313797
vt 0.625453 0.313797
vt 0.625633 0.375052
vt 0.625000 0.375010
vt 0.625000 0.313658
vt 0.631122 0.375057
vt 0.630789 0.436417
vt 0.625588 0.436410
vt 0.625633 0.375052
vt 0.625633 0.375052
vt 0.625588 0.436410
vt 0.625000 0.436404
vt 0.625000 0.375010
vt 0.059326 0.008369
vt 0.062987 0.491631
vt 0.000000 0.491631
vt 0.000000 0.008369
vt 0.625000 0.375037
vt 0.625000 0.436404
vt 0.625000 0.436398
vt 0.625000 0.374895
vt 0.498881 0.237834
vt 0.376115 0.237538
vt 0.375112 0.188447
vt 0.498885 0.188447
vt 0.967252 0.839989
vt 0.985152 0.750000
vt 0.967252 0.660011
vt 0.916277 0.583723
vt 0.839989 0.532748
vt 0.750000 0.514848
vt 0.660011 0.532748
vt 0.583723 0.583722
vt 0.532748 0.660011
vt 0.514848 0.750000
vt 0.532748 0.839989
vt 0.583723 0.916278
vt 0.660011 0.967252
vt 0.750000 0.985152
vt 0.839989 0.967252
vt 0.916278 0.916277
vt 0.874432 0.008369
vt 0.871826 0.491631
vt 0.812987 0.491631
vt 0.811960 0.008369
vt 0.811960 0.008369
vt 0.812987 0.491631
vt 0.750487 0.491631
vt 0.749490 0.008369
vt 0.749490 0.008369
vt 0.750487 0.491631
vt 0.687987 0.491631
vt 0.686932 0.008369
vt 0.686932 0.008369
vt 0.687987 0.491631
vt 0.625487 0.491631
vt 0.624432 0.008369
vt 0.624432 0.008369
vt 0.625487 0.491631
vt 0.565674 0.491631
vt 0.565674 0.008369
vt 0.500000 0.491631
vt 0.500000 0.008369
vt 0.500631 0.000000
vt 0.559326 0.008369
vt 0.559326 0.491631
vt 0.500631 0.500000
vt 0.436990 0.008369
vt 0.438010 0.491631
vt 0.375487 0.491631
vt 0.374432 0.008369
vt 0.374432 0.008369
vt 0.375487 0.491631
vt 0.312987 0.491631
vt 0.311960 0.008369
vt 0.311960 0.008369
vt 0.312987 0.491631
vt 0.250487 0.491631
vt 0.249490 0.008369
vt 0.249490 0.008369
vt 0.250487 0.491631
vt 0.187987 0.491631
vt 0.186932 0.008369
vt 0.186932 0.008369
vt 0.187987 0.491631
vt 0.125487 0.491631
vt 0.124460 0.008369
vt 0.124460 0.008369
vt 0.125487 0.491631
vt 0.062987 0.491631
vt 0.065674 0.008369
vt 0.934326 0.008369
vt 0.934326 0.491631
vt 0.878174 0.491631
vt 0.874432 0.008369
vt 0.371118 0.495341
vt 0.316382 0.495341
vt 0.316382 0.254659
vt 0.371118 0.254659
vt 0.940674 0.008369
vt 0.999369 0.000000
vt 1.000000 0.008369
vt 1.000000 0.491631
vt 0.999369 0.500000
vt 0.940674 0.491631
vt 0.371118 0.496523
vt 0.316382 0.496523
vt 0.316382 0.496523
vt 0.371118 0.496523
vt 0.250000 0.985152
vt 0.160011 0.967252
vt 0.083723 0.916278
vt 0.032748 0.839989
vt 0.014848 0.750000
vt 0.032748 0.660011
vt 0.083723 0.583722
vt 0.160011 0.532748
vt 0.250000 0.514848
vt 0.339989 0.532748
vt 0.416277 0.583723
vt 0.467252 0.660011
vt 0.485152 0.750000
vt 0.467252 0.839989
vt 0.416277 0.916277
vt 0.339989 0.967252
vt 0.499908 0.312500
vt 0.623944 0.312500
vt 0.624464 0.312500
vt 0.499894 0.312500
vt 0.315398 0.254659
vt 0.315398 0.495341
vt 0.315377 0.254636
vt 0.500145 0.187500
vt 0.623989 0.187500
vt 0.623869 0.187500
vt 0.500007 0.187500
vt 0.371739 0.253397
vt 0.316345 0.253414
vt 0.313594 0.250077
vt 0.373516 0.250770
vt 0.374015 0.313682
vt 0.375000 0.313682
vt 0.373087 0.390625
vt 0.374015 0.436318
vt 0.371118 0.253477
vt 0.372102 0.254659
vt 0.373087 0.253966
vt 0.371118 0.496523
vt 0.371739 0.496603
vt 0.373087 0.496033
vt 0.687500 0.499339
vt 0.687500 0.500000
vt 0.688958 0.500000
vt 0.687500 0.499025
vt 0.687500 0.500000
vt 0.687500 0.500000
vt 0.686554 0.311603
vt 0.686068 0.312500
vt 0.687500 0.313546
vt 0.686318 0.438475
vt 0.687500 0.438466
vt 0.686359 0.437500
vt 0.687500 0.376107
vt 0.687500 0.373918
vt 0.687500 0.373960
vt 0.623984 0.499518
vt 0.624672 0.498686
vt 0.623315 0.500000
vt 0.630091 0.498962
vt 0.632636 0.499467
vt 0.631633 0.498314
vt 0.625000 0.498701
vt 0.625000 0.497950
vt 0.625000 0.497296
vt 0.625000 0.500000
vt 0.625000 0.500000
vt 0.625000 0.499387
vt 0.625000 0.311441
vt 0.625000 0.312500
vt 0.625000 0.312500
vt 0.625734 0.311216
vt 0.625000 0.312348
vt 0.626722 0.312190
vt 0.625000 0.311456
vt 0.625000 0.312500
vt 0.625000 0.312348
vt 0.501066 0.248139
vt 0.498854 0.248150
vt 0.499944 0.250000
vt 0.501055 0.241319
vt 0.498869 0.241334
vt 0.498853 0.244353
vt 0.629718 0.437506
vt 0.634345 0.437502
vt 0.630789 0.436417
vt 0.625000 0.437500
vt 0.625000 0.437502
vt 0.625000 0.436404
vt 0.374097 0.436318
vt 0.373760 0.498172
vt 0.376182 0.438682
vt 0.376182 0.438682
vt 0.376182 0.437500
vt 0.374097 0.436318
vt 0.374289 0.500015
vt 0.376182 0.500000
vt 0.376182 0.498818
vt 0.312539 0.250047
vt 0.313594 0.250077
vt 0.312601 0.250122
vt 0.313645 0.251374
vt 0.312535 0.250042
vt 0.311023 0.251182
vt 0.374314 0.249992
vt 0.373516 0.250770
vt 0.374015 0.252783
vt 0.376182 0.251137
vt 0.376144 0.250000
vt 0.312500 0.499926
vt 0.312537 0.499038
vt 0.311023 0.498818
vt 0.311023 0.500000
vt 0.312500 0.500000
vt 0.312500 0.500000
vt 0.376182 0.312500
vt 0.376182 0.311374
vt 0.374015 0.252783
vt 0.374015 0.313682
vt 0.375000 0.313682
vt 0.371118 0.253477
vt 0.371739 0.253397
vt 0.373087 0.253966
vt 0.372102 0.495341
vt 0.373087 0.496034
vt 0.371739 0.496603
vt 0.688977 0.500000
vt 0.687500 0.500000
vt 0.687500 0.499339
vt 0.316382 0.496523
vt 0.316345 0.496586
vt 0.315381 0.495361
vt 0.687500 0.500000
vt 0.687500 0.500000
vt 0.687500 0.499025
vt 0.687500 0.313546
vt 0.686068 0.312500
vt 0.686554 0.311603
vt 0.686554 0.311603
vt 0.687500 0.312547
vt 0.687500 0.313546
vt 0.687500 0.438463
vt 0.686318 0.438475
vt 0.686359 0.437500
vt 0.687500 0.376107
vt 0.687500 0.376097
vt 0.687500 0.373960
vt 0.631633 0.498314
vt 0.632636 0.499467
vt 0.630091 0.498962
vt 0.625000 0.497296
vt 0.625000 0.497950
vt 0.625000 0.498701
vt 0.625000 0.499387
vt 0.625000 0.500000
vt 0.625000 0.500000
vt 0.625000 0.312500
vt 0.625000 0.312500
vt 0.625000 0.311422
vt 0.625000 0.311470
vt 0.625000 0.311422
vt 0.625000 0.312411
vt 0.501055 0.241319
vt 0.501065 0.244339
vt 0.498853 0.244353
vt 0.625000 0.438557
vt 0.625000 0.437500
vt 0.625000 0.437519
vt 0.625732 0.438527
vt 0.625000 0.437519
vt 0.627623 0.437531
vt 0.632064 0.438490
vt 0.627623 0.437531
vt 0.634887 0.437506
vt 0.630789 0.436417
vt 0.634345 0.437502
vt 0.629718 0.437506
vt 0.625000 0.312505
vt 0.625000 0.312550
vt 0.625000 0.313658
vt 0.000000 1.000000
vt 0.000000 1.000000
vt 0.000000 1.000000
vt 0.000000 1.000000
vt 0.000000 1.000000
vt 0.000000 1.000000
vt 0.000000 1.000000
vt 0.000000 1.000000
vt 0.000000 1.000000
vt 0.000000 1.000000
vt 0.000000 1.000000
vt 0.000000 1.000000
vt 0.376182 0.437500
vt 0.376182 0.438682
vt 0.374015 0.497131
vt 0.374015 0.436318
vt 0.375000 0.436318
vt 0.374289 0.500014
vt 0.373516 0.499230
vt 0.374015 0.497131
vt 0.376182 0.498818
vt 0.376182 0.500000
vt 0.312601 0.250122
vt 0.313594 0.250077
vt 0.312539 0.250047
vt 0.311023 0.251182
vt 0.312535 0.250042
vt 0.313645 0.251374
vt 0.373516 0.250770
vt 0.374314 0.249992
vt 0.376144 0.250000
vt 0.376182 0.251137
vt 0.374015 0.252940
vt 0.376182 0.311374
vt 0.376182 0.312500
vt 0.375000 0.313682
vt 0.374015 0.313682
vt 0.374015 0.252940
vt 0.504707 0.500000
vt 0.499904 0.498818
vt 0.376182 0.498818
vt 0.376182 0.500000
vt 0.499967 0.250859
vt 0.499539 0.250000
vt 0.376144 0.250000
vt 0.376182 0.251137
vt 0.373760 0.498172
vt 0.376182 0.498818
vt 0.376182 0.438682
vt 0.374314 0.249992
vt 0.313459 0.249999
vt 0.313594 0.250077
vt 0.373516 0.250770
vt 0.311023 0.500000
vt 0.311023 0.498818
vt 0.311023 0.498818
vt 0.250739 0.500000
vt 0.688977 0.250000
vt 0.688977 0.251066
vt 0.688977 0.251066
vt 0.748523 0.250000
vt 0.504707 0.500000
vt 0.623315 0.500000
vt 0.624672 0.498686
vt 0.499904 0.498818
vt 0.499324 0.186023
vt 0.501150 0.186023
vt 0.501151 0.186020
vt 0.499324 0.186024
vt 0.624575 0.250786
vt 0.499539 0.250000
vt 0.499967 0.250859
vt 0.250739 0.250000
vt 0.311023 0.251182
vt 0.311023 0.251182
vt 0.311023 0.250000
vt 0.313643 0.500001
vt 0.374289 0.500015
vt 0.373760 0.498172
vt 0.313594 0.499923
vt 0.623608 0.563958
vt 0.551006 0.562499
vt 0.377936 0.562500
vt 0.375682 0.563977
vt 0.385607 0.187500
vt 0.500145 0.187500
vt 0.499324 0.186023
vt 0.375676 0.186023
vt 0.623777 0.187500
vt 0.623849 0.186023
vt 0.501150 0.186023
vt 0.500145 0.187500
vt 0.687500 0.311455
vt 0.689002 0.312996
vt 0.688977 0.251066
vt 0.687500 0.250116
vt 0.686068 0.312500
vt 0.686034 0.312500
vt 0.687500 0.313541
vt 0.687500 0.313546
vt 0.687500 0.376117
vt 0.687500 0.438029
vt 0.688977 0.437504
vt 0.688977 0.375585
vt 0.376182 0.437500
vt 0.376182 0.437500
vt 0.375000 0.436318
vt 0.374097 0.436318
vt 0.312537 0.499038
vt 0.311023 0.251182
vt 0.311023 0.498818
vt 0.687500 0.373865
vt 0.688977 0.375585
vt 0.689002 0.312996
vt 0.687500 0.313659
vt 0.499908 0.312500
vt 0.500987 0.311652
vt 0.376182 0.311374
vt 0.376182 0.312500
vt 0.316382 0.496523
vt 0.315398 0.495341
vt 0.315384 0.495357
vt 0.316358 0.496563
vt 0.499908 0.312500
vt 0.623944 0.312500
vt 0.624365 0.311374
vt 0.500987 0.311652
vt 0.687500 0.438029
vt 0.687500 0.498796
vt 0.688977 0.498868
vt 0.688977 0.437504
vt 0.624394 0.438651
vt 0.624293 0.437500
vt 0.500017 0.437500
vt 0.500927 0.438682
vt 0.371118 0.496523
vt 0.372102 0.495341
vt 0.372102 0.495341
vt 0.371118 0.496523
vt 0.376182 0.438682
vt 0.500927 0.438682
vt 0.500017 0.437500
vt 0.376182 0.437500
vt 0.687500 0.500000
vt 0.687500 0.498796
vt 0.687500 0.498878
vt 0.687500 0.500000
vt 0.498576 0.562500
vt 0.500062 0.561318
vt 0.375651 0.561385
vt 0.378182 0.562500
vt 0.375112 0.188447
vt 0.498885 0.188446
vt 0.500007 0.187500
vt 0.386188 0.187500
vt 0.623947 0.188446
vt 0.623869 0.187500
vt 0.500007 0.187500
vt 0.501053 0.188447
vt 0.686554 0.311603
vt 0.687500 0.312406
vt 0.687500 0.250322
vt 0.686554 0.250897
vt 0.623550 0.562500
vt 0.623740 0.561318
vt 0.500062 0.561318
vt 0.498576 0.562500
vt 0.687500 0.376097
vt 0.687500 0.436407
vt 0.687500 0.438466
vt 0.687500 0.376107
vt 0.375000 0.313682
vt 0.376182 0.312500
vt 0.376182 0.312500
vt 0.687500 0.376097
vt 0.687500 0.373960
vt 0.687500 0.373954
vt 0.687500 0.376091
vt 0.686359 0.437500
vt 0.687500 0.436407
vt 0.687500 0.436414
vt 0.687500 0.313546
vt 0.687500 0.373960
vt 0.687500 0.373918
vt 0.687500 0.312406
vt 0.686318 0.438475
vt 0.686318 0.499025
vt 0.687500 0.498878
vt 0.687500 0.438466
vt 0.312500 0.500000
vt 0.312500 0.500000
vt 0.313670 0.500000
vt 0.313643 0.500001
vt 0.687500 0.373918
vt 0.687500 0.376107
vt 0.687500 0.376117
vt 0.687500 0.373865
vt 0.312500 0.250000
vt 0.313459 0.249999
vt 0.313442 0.250000
vt 0.312500 0.250000
vt 0.376182 0.313682
vt 0.499754 0.313682
vt 0.499894 0.312500
vt 0.376182 0.312500
vt 0.624203 0.313679
vt 0.624463 0.312500
vt 0.499894 0.312500
vt 0.499754 0.313682
vt 0.376182 0.313682
vt 0.375000 0.313682
vt 0.375000 0.436318
vt 0.376182 0.436318
vt 0.499981 0.437500
vt 0.624285 0.437500
vt 0.624144 0.436337
vt 0.497936 0.436328
vt 0.499981 0.437500
vt 0.497936 0.436328
vt 0.376182 0.436318
vt 0.376182 0.437500
vt 0.686448 0.375890
vt 0.686451 0.436418
vt 0.687500 0.436414
vt 0.687500 0.376091
vt 0.686440 0.313540
vt 0.686448 0.375890
vt 0.687500 0.373954
vt 0.687500 0.313541
vt 0.637598 0.312491
vt 0.637296 0.311589
vt 0.631967 0.311449
vt 0.632371 0.312394
vt 0.625000 0.313623
vt 0.625000 0.312537
vt 0.625000 0.312503
vt 0.625000 0.312537
vt 0.625000 0.312348
vt 0.625000 0.312500
vt 0.625453 0.313797
vt 0.625803 0.312676
vt 0.625000 0.312537
vt 0.625803 0.312676
vt 0.626722 0.312190
vt 0.625000 0.312348
vt 0.625734 0.311216
vt 0.626722 0.312190
vt 0.632371 0.312394
vt 0.630699 0.313654
vt 0.630733 0.312571
vt 0.625803 0.312676
vt 0.630733 0.312571
vt 0.630699 0.313654
vt 0.635323 0.313557
vt 0.635371 0.312507
vt 0.625000 0.437500
vt 0.625000 0.437510
vt 0.625000 0.437502
vt 0.625000 0.437500
vt 0.625000 0.436404
vt 0.625000 0.436397
vt 0.625000 0.437500
vt 0.625000 0.437500
vt 0.625000 0.437500
vt 0.625000 0.437500
vt 0.625000 0.438601
vt 0.625000 0.438556
vt 0.625000 0.437500
vt 0.498788 0.500000
vt 0.491194 0.500000
vt 0.376182 0.500000
vt 0.376106 0.500000
vt 0.625588 0.436410
vt 0.625000 0.436404
vt 0.625000 0.437502
vt 0.625000 0.438556
vt 0.625732 0.438527
vt 0.625556 0.437533
vt 0.630789 0.436417
vt 0.625588 0.436410
vt 0.625698 0.437504
vt 0.625732 0.438527
vt 0.632021 0.438490
vt 0.632272 0.437513
vt 0.634345 0.437502
vt 0.629718 0.437506
vt 0.632272 0.437513
vt 0.635602 0.436416
vt 0.630789 0.436417
vt 0.634345 0.437502
vt 0.632021 0.438490
vt 0.637573 0.438476
vt 0.638114 0.437501
vt 0.375603 0.500005
vt 0.375658 0.500000
vt 0.500064 0.500000
vt 0.500055 0.500000
vt 0.500029 0.505721
vt 0.374001 0.503826
vt 0.374551 0.507592
vt 0.500027 0.508747
vt 0.373348 0.500619
vt 0.374936 0.500637
vt 0.375658 0.500000
vt 0.499971 0.501862
vt 0.500085 0.500000
vt 0.374936 0.500637
vt 0.371696 0.504429
vt 0.374001 0.503826
vt 0.374936 0.500637
vt 0.500032 0.511141
vt 0.374551 0.507592
vt 0.376182 0.513465
vt 0.500035 0.513486
vt 0.371696 0.504429
vt 0.363198 0.500338
vt 0.369067 0.503290
vt 0.624893 0.239027
vt 0.623896 0.237870
vt 0.623420 0.241926
vt 0.624644 0.241980
vt 0.365237 0.248754
vt 0.363195 0.249793
vt 0.371945 0.245348
vt 0.371725 0.246235
vt 0.622664 0.248140
vt 0.623565 0.249434
vt 0.624644 0.241980
vt 0.623472 0.250000
vt 0.625000 0.251318
vt 0.623565 0.249434
vt 0.501054 0.237918
vt 0.498881 0.237834
vt 0.498869 0.241334
vt 0.374950 0.249498
vt 0.371725 0.246235
vt 0.371945 0.245348
vt 0.373513 0.249305
vt 0.498853 0.244353
vt 0.498869 0.241334
vt 0.374078 0.244999
vt 0.501065 0.244339
vt 0.498853 0.244353
vt 0.498854 0.248150
vt 0.376062 0.250000
vt 0.376144 0.250000
vt 0.501132 0.250000
vt 0.499914 0.250000
vt 0.499944 0.250000
vt 0.498854 0.248150
vt 0.374950 0.249498
vt 0.373513 0.249305
vt 0.374300 0.249993
vt 0.375784 0.250000
vt 0.499962 0.250000
vt 0.499957 0.250000
vt 0.375784 0.250000
vt 0.374300 0.249993
vt 0.374572 0.249992
vt 0.376062 0.250000
vt 0.498788 0.500000
vt 0.623984 0.499518
vt 0.623315 0.500000
vt 0.491194 0.500000
vt 0.623388 0.500000
vt 0.500055 0.500000
vt 0.500064 0.500000
vt 0.622848 0.500000
vt 0.621475 0.500000
vt 0.500085 0.500000
vt 0.499971 0.501862
vt 0.621422 0.501866
vt 0.625000 0.497296
vt 0.625000 0.498346
vt 0.625000 0.499751
vt 0.622450 0.505769
vt 0.500029 0.505721
vt 0.500027 0.508747
vt 0.623195 0.508794
vt 0.631633 0.498314
vt 0.625000 0.497296
vt 0.626188 0.498186
vt 0.622664 0.248140
vt 0.501066 0.248139
vt 0.499944 0.250000
vt 0.622706 0.250000
vt 0.636803 0.498957
vt 0.631633 0.498314
vt 0.633637 0.499580
vt 0.623472 0.250000
vt 0.499957 0.250000
vt 0.499962 0.250000
vt 0.624240 0.250401
vt 0.624394 0.250548
vt 0.499914 0.250000
vt 0.501132 0.250000
vt 0.624575 0.250786
vt 0.625000 0.513552
vt 0.623661 0.512552
vt 0.623740 0.561318
vt 0.625000 0.561318
vt 0.625000 0.498729
vt 0.625000 0.498346
vt 0.625000 0.438556
vt 0.624672 0.498686
vt 0.623984 0.499518
vt 0.625000 0.438601
vt 0.625000 0.375037
vt 0.625000 0.375010
vt 0.625000 0.313623
vt 0.637573 0.438476
vt 0.686318 0.438475
vt 0.686359 0.437500
vt 0.638114 0.437501
vt 0.624463 0.312500
vt 0.624203 0.313679
vt 0.625000 0.313628
vt 0.625000 0.312503
vt 0.625000 0.437500
vt 0.624293 0.437500
vt 0.624394 0.438651
vt 0.374289 0.500015
vt 0.374370 0.500026
vt 0.376182 0.500000
vt 0.624365 0.311374
vt 0.623944 0.312500
vt 0.625000 0.312500
vt 0.686068 0.312500
vt 0.686554 0.311603
vt 0.637296 0.311589
vt 0.637598 0.312491
vt 0.635371 0.312507
vt 0.635323 0.313557
vt 0.686440 0.313540
vt 0.686034 0.312500
vt 0.625000 0.236816
vt 0.625000 0.188446
vt 0.623947 0.188446
vt 0.623896 0.237870
vt 0.501054 0.237918
vt 0.501053 0.188447
vt 0.498885 0.188446
vt 0.498881 0.237834
vt 0.624285 0.437500
vt 0.625000 0.437500
vt 0.625000 0.436397
vt 0.624144 0.436337
vt 0.313442 0.250000
vt 0.363195 0.249793
vt 0.361884 0.250000
vt 0.634345 0.437502
vt 0.686413 0.437500
vt 0.686451 0.436418
vt 0.635602 0.436416
vt 0.940674 0.008369
vt 0.934326 0.008369
vt 0.934326 0.491631
vt 0.940674 0.491631
vt 0.000000 1.000000
vt 0.000000 1.000000
vt 0.000000 1.000000
vt 0.940674 0.008369
vt 1.000631 -0.000000
vt 0.999369 0.000000
vt 0.936869 0.500000
vt 0.934326 0.491631
vt 0.875510 0.491631
vt 0.875631 0.500000
vt 0.875631 0.000000
vt 0.874432 0.008369
vt 0.934326 0.008369
vt 0.936869 0.000000
vt 0.813131 0.500000
vt 0.874369 0.500000
vt 0.875510 0.491631
vt 0.813040 0.491631
vt 0.813131 0.000000
vt 0.811960 0.008369
vt 0.874432 0.008369
vt 0.874369 0.000000
vt 0.811869 0.500000
vt 0.813040 0.491631
vt 0.750510 0.491631
vt 0.750631 0.500000
vt 0.811869 0.000000
vt 0.750631 0.000000
vt 0.749490 0.008369
vt 0.811960 0.008369
vt 0.688131 0.500000
vt 0.749369 0.500000
vt 0.750510 0.491631
vt 0.690674 0.491631
vt 0.688131 0.000000
vt 0.687445 0.008369
vt 0.749490 0.008369
vt 0.749369 0.000000
vt 0.625631 0.500000
vt 0.686869 0.500000
vt 0.684326 0.491631
vt 0.625000 0.491631
vt 0.687445 0.008369
vt 0.684326 0.491631
vt 0.690674 0.491631
vt 0.625631 0.000000
vt 0.628174 0.008369
vt 0.687445 0.008369
vt 0.686869 0.000000
vt 0.624369 0.500000
vt 0.625000 0.491631
vt 0.565674 0.491631
vt 0.563131 0.500000
vt 0.563131 0.000000
vt 0.565674 0.008369
vt 0.621826 0.008369
vt 0.624369 0.000000
vt 0.565674 0.008369
vt 0.559326 0.008369
vt 0.559326 0.491631
vt 0.565674 0.491631
vt 0.499369 0.500000
vt 0.500000 0.491631
vt 0.438068 0.491631
vt 0.438131 0.500000
vt 0.559326 0.491631
vt 0.499369 0.500000
vt 0.500631 0.500000
vt 0.000000 1.000000
vt 0.000000 1.000000
vt 0.000000 1.000000
vt 0.499369 0.000000
vt 0.438131 0.000000
vt 0.437013 0.008369
vt 0.500000 0.008369
vt 0.436869 0.500000
vt 0.438068 0.491631
vt 0.375510 0.491631
vt 0.375631 0.500000
vt 0.436869 0.000000
vt 0.375631 0.000000
vt 0.374513 0.008369
vt 0.437013 0.008369
vt 0.313131 0.500000
vt 0.374369 0.500000
vt 0.375510 0.491631
vt 0.313040 0.491631
vt 0.374369 0.000000
vt 0.313131 0.000000
vt 0.311990 0.008369
vt 0.374513 0.008369
vt 0.311869 0.500000
vt 0.313040 0.491631
vt 0.250568 0.491631
vt 0.250631 0.500000
vt 0.250631 0.000000
vt 0.249460 0.008369
vt 0.311990 0.008369
vt 0.311869 0.000000
vt 0.249369 0.500000
vt 0.250568 0.491631
vt 0.188068 0.491631
vt 0.188131 0.500000
vt 0.249369 0.000000
vt 0.188131 0.000000
vt 0.187013 0.008369
vt 0.249460 0.008369
vt 0.186869 0.500000
vt 0.188068 0.491631
vt 0.125568 0.491631
vt 0.125631 0.500000
vt 0.186869 0.000000
vt 0.125631 0.000000
vt 0.124513 0.008369
vt 0.187013 0.008369
vt 0.124369 0.500000
vt 0.125568 0.491631
vt 0.065674 0.491631
vt 0.063131 0.500000
vt 0.124369 0.000000
vt 0.063131 0.000000
vt 0.061990 0.008369
vt 0.124513 0.008369
vt 0.000631 0.500000
vt 0.061869 0.500000
vt 0.059326 0.491631
vt 0.000000 0.491631
vt 0.059326 0.491631
vt 0.065674 0.491631
vt 0.061990 0.008369
vt 0.000631 0.000000
vt 0.000000 0.008369
vt 0.061990 0.008369
vt 0.061869 0.000000
vt 0.316345 0.253414
vt 0.316382 0.253477
vt 0.371118 0.253477
vt 0.371739 0.253397
vt 0.372102 0.495341
vt 0.373087 0.496033
vt 0.373087 0.390625
vt 0.313594 0.250077
vt 0.312537 0.251227
vt 0.315374 0.254633
vt 0.316345 0.253414
vt 0.313594 0.499923
vt 0.316358 0.496563
vt 0.315384 0.495357
vt 0.312537 0.499038
vt 0.374015 0.252783
vt 0.373516 0.250770
vt 0.371739 0.253397
vt 0.316382 0.253477
vt 0.316382 0.254659
vt 0.371118 0.254659
vt 0.371118 0.253477
vt 0.371118 0.496523
vt 0.371118 0.495341
vt 0.316382 0.495341
vt 0.316382 0.496523
vt 0.372102 0.254659
vt 0.371118 0.254659
vt 0.371118 0.495341
vt 0.372102 0.495341
vt 0.315398 0.254659
vt 0.316382 0.253477
vt 0.316382 0.253477
vt 0.315374 0.254633
vt 0.316382 0.495341
vt 0.315398 0.254659
vt 0.315398 0.495341
vt 0.372102 0.254659
vt 0.371118 0.253477
vt 0.371118 0.253477
vt 0.372102 0.254659
vt 0.376182 0.498818
vt 0.499890 0.498818
vt 0.504834 0.500000
vt 0.376182 0.500000
vt 0.376144 0.250000
vt 0.500017 0.250000
vt 0.500506 0.250859
vt 0.376182 0.251137
vt 0.376182 0.438682
vt 0.376182 0.498818
vt 0.374015 0.497131
vt 0.313594 0.250077
vt 0.313459 0.249999
vt 0.374314 0.249992
vt 0.373516 0.250770
vt 0.624672 0.498686
vt 0.623315 0.500000
vt 0.504834 0.500000
vt 0.499890 0.498818
vt 0.373516 0.499230
vt 0.374289 0.500014
vt 0.313643 0.500001
vt 0.313594 0.499923
vt 0.500506 0.250859
vt 0.500017 0.250000
vt 0.623901 0.250235
vt 0.377936 0.562500
vt 0.551021 0.562499
vt 0.623614 0.563977
vt 0.375682 0.563977
vt 0.499324 0.186024
vt 0.500145 0.187500
vt 0.385607 0.187500
vt 0.375676 0.186023
vt 0.501151 0.186020
vt 0.623849 0.186023
vt 0.623989 0.187500
vt 0.500145 0.187500
vt 0.688977 0.251066
vt 0.688977 0.312292
vt 0.687500 0.311455
vt 0.687500 0.250116
vt 0.687500 0.313541
vt 0.686035 0.312500
vt 0.686068 0.312500
vt 0.687500 0.313546
vt 0.688977 0.437435
vt 0.687500 0.434327
vt 0.687500 0.376117
vt 0.688852 0.374987
vt 0.688977 0.312292
vt 0.688852 0.374987
vt 0.687500 0.373865
vt 0.687500 0.313659
vt 0.376182 0.311374
vt 0.500941 0.311652
vt 0.499908 0.312500
vt 0.376182 0.312500
vt 0.315398 0.495341
vt 0.316382 0.496523
vt 0.316382 0.496523
vt 0.315381 0.495361
vt 0.623905 0.311349
vt 0.623944 0.312500
vt 0.499908 0.312500
vt 0.500941 0.311652
vt 0.688966 0.498868
vt 0.687500 0.498796
vt 0.687500 0.434327
vt 0.688977 0.437435
vt 0.375000 0.436318
vt 0.374015 0.436318
vt 0.375000 0.313682
vt 0.500017 0.437500
vt 0.624293 0.437500
vt 0.624394 0.438651
vt 0.500928 0.438682
vt 0.372102 0.495341
vt 0.371118 0.496523
vt 0.371118 0.496523
vt 0.372102 0.495341
vt 0.500017 0.437500
vt 0.500928 0.438682
vt 0.376182 0.438682
vt 0.376182 0.437500
vt 0.625000 0.562500
vt 0.625000 0.562500
vt 0.623487 0.562500
vt 0.623550 0.562500
vt 0.376182 0.561318
vt 0.500062 0.561318
vt 0.498577 0.562500
vt 0.378182 0.562500
vt 0.500007 0.187500
vt 0.498885 0.188447
vt 0.375112 0.188447
vt 0.386188 0.187500
vt 0.500007 0.187500
vt 0.623869 0.187500
vt 0.623947 0.188446
vt 0.501053 0.188447
vt 0.687500 0.251017
vt 0.687500 0.312547
vt 0.686554 0.311603
vt 0.686554 0.250897
vt 0.500062 0.561318
vt 0.623740 0.561318
vt 0.623550 0.562500
vt 0.498577 0.562500
vt 0.687500 0.438463
vt 0.687500 0.436407
vt 0.687500 0.376097
vt 0.687500 0.376107
vt 0.376182 0.312500
vt 0.376182 0.312500
vt 0.375000 0.313682
vt 0.687500 0.373918
vt 0.687500 0.373960
vt 0.687500 0.313546
vt 0.687500 0.312547
vt 0.687500 0.436414
vt 0.687500 0.436407
vt 0.686359 0.437500
vt 0.687500 0.498878
vt 0.686318 0.499025
vt 0.686318 0.438475
vt 0.687500 0.438463
vt 0.375000 0.562500
vt 0.378182 0.562500
vt 0.377936 0.562500
vt 0.375000 0.562500
vt 0.687500 0.376117
vt 0.687500 0.376107
vt 0.687500 0.373918
vt 0.687500 0.373865
vt 0.375112 0.188447
vt 0.375000 0.187500
vt 0.385607 0.187500
vt 0.386188 0.187500
vt 0.499894 0.312500
vt 0.499913 0.313682
vt 0.376182 0.313682
vt 0.376182 0.312500
vt 0.499894 0.312500
vt 0.624464 0.312500
vt 0.624203 0.313679
vt 0.499913 0.313682
vt 0.375000 0.313682
vt 0.376182 0.313682
vt 0.376182 0.436318
vt 0.375000 0.436318
vt 0.624160 0.436338
vt 0.624293 0.437500
vt 0.499981 0.437500
vt 0.498141 0.436332
vt 0.376182 0.436318
vt 0.498141 0.436332
vt 0.499981 0.437500
vt 0.376182 0.437500
vt 0.687500 0.436414
vt 0.686451 0.436418
vt 0.686448 0.376142
vt 0.687500 0.374563
vt 0.687500 0.374563
vt 0.686448 0.376142
vt 0.686440 0.313540
vt 0.687500 0.313541
vt 0.625000 0.312550
vt 0.625000 0.312505
vt 0.625000 0.312500
vt 0.625000 0.312411
vt 0.631940 0.311448
vt 0.637279 0.311589
vt 0.637435 0.312490
vt 0.632143 0.312388
vt 0.625731 0.312200
vt 0.625000 0.312411
vt 0.625000 0.311422
vt 0.625000 0.312550
vt 0.625519 0.312674
vt 0.625453 0.313797
vt 0.632143 0.312388
vt 0.625731 0.312200
vt 0.625733 0.311216
vt 0.625519 0.312674
vt 0.630472 0.312576
vt 0.630700 0.313654
vt 0.635550 0.313555
vt 0.630700 0.313654
vt 0.630472 0.312576
vt 0.635311 0.312507
vt 0.634345 0.437502
vt 0.634887 0.437506
vt 0.627623 0.437531
vt 0.629718 0.437506
vt 0.625000 0.437500
vt 0.625000 0.436398
vt 0.625000 0.436404
vt 0.625000 0.437500
vt 0.625000 0.437500
vt 0.625000 0.437500
vt 0.625000 0.437500
vt 0.625000 0.438557
vt 0.625000 0.438601
vt 0.625000 0.437501
vt 0.625000 0.436404
vt 0.625588 0.436410
vt 0.625000 0.437519
vt 0.625732 0.438527
vt 0.625000 0.438557
vt 0.625698 0.437504
vt 0.625588 0.436410
vt 0.630789 0.436417
vt 0.627623 0.437531
vt 0.632064 0.438490
vt 0.625732 0.438527
vt 0.376182 0.500000
vt 0.489707 0.500000
vt 0.498777 0.500000
vt 0.375980 0.500000
vt 0.634345 0.437502
vt 0.630789 0.436417
vt 0.635608 0.436416
vt 0.634887 0.437506
vt 0.637586 0.438476
vt 0.632064 0.438490
vt 0.500054 0.500000
vt 0.375658 0.500000
vt 0.375980 0.500000
vt 0.500056 0.500000
vt 0.374550 0.507592
vt 0.374001 0.503826
vt 0.500027 0.505721
vt 0.500026 0.508747
vt 0.375658 0.500000
vt 0.374936 0.500637
vt 0.373348 0.500619
vt 0.374936 0.500637
vt 0.500084 0.500000
vt 0.499965 0.501862
vt 0.374936 0.500637
vt 0.374001 0.503826
vt 0.371696 0.504429
vt 0.376182 0.513465
vt 0.374550 0.507592
vt 0.500032 0.511141
vt 0.500035 0.513486
vt 0.374550 0.507592
vt 0.374938 0.512106
vt 0.372597 0.505411
vt 0.633605 0.250259
vt 0.637709 0.250000
vt 0.637712 0.250940
vt 0.632027 0.251346
vt 0.624241 0.250402
vt 0.625000 0.251318
vt 0.625000 0.311422
vt 0.625000 0.311470
vt 0.632027 0.251346
vt 0.625753 0.251968
vt 0.626387 0.251112
vt 0.623564 0.249437
vt 0.625000 0.251318
vt 0.623471 0.250000
vt 0.623901 0.250235
vt 0.624396 0.250550
vt 0.625000 0.311470
vt 0.625000 0.311422
vt 0.372623 0.244634
vt 0.374938 0.238010
vt 0.376115 0.237538
vt 0.374078 0.244999
vt 0.498869 0.241334
vt 0.498881 0.237834
vt 0.501054 0.237919
vt 0.371945 0.245348
vt 0.371725 0.246235
vt 0.374950 0.249498
vt 0.373513 0.249305
vt 0.374078 0.244999
vt 0.498869 0.241334
vt 0.498853 0.244353
vt 0.498854 0.248150
vt 0.498853 0.244353
vt 0.501065 0.244339
vt 0.499962 0.250000
vt 0.375782 0.250000
vt 0.375610 0.250000
vt 0.499957 0.250000
vt 0.374950 0.249498
vt 0.498854 0.248150
vt 0.499944 0.250000
vt 0.375610 0.250000
vt 0.375782 0.250000
vt 0.373513 0.249305
vt 0.499932 0.250000
vt 0.376144 0.250000
vt 0.376062 0.250000
vt 0.499914 0.250000
vt 0.376062 0.250000
vt 0.374572 0.249992
vt 0.375782 0.250000
vt 0.623315 0.500000
vt 0.623984 0.499517
vt 0.498777 0.500000
vt 0.489707 0.500000
vt 0.500054 0.500000
vt 0.500056 0.500000
vt 0.623388 0.500000
vt 0.622848 0.500000
vt 0.499965 0.501862
vt 0.500084 0.500000
vt 0.621475 0.500000
vt 0.621422 0.501866
vt 0.622848 0.500000
vt 0.624666 0.500000
vt 0.623264 0.500000
vt 0.500026 0.508747
vt 0.500027 0.505721
vt 0.622450 0.505769
vt 0.623195 0.508794
vt 0.621422 0.501866
vt 0.622600 0.501200
vt 0.623631 0.505119
vt 0.499944 0.250000
vt 0.501066 0.248139
vt 0.622664 0.248140
vt 0.622706 0.250000
vt 0.623195 0.508794
vt 0.624444 0.508641
vt 0.624805 0.511059
vt 0.499962 0.250000
vt 0.499957 0.250000
vt 0.623471 0.250000
vt 0.624241 0.250402
vt 0.499932 0.250000
vt 0.499914 0.250000
vt 0.624396 0.250550
vt 0.623901 0.250235
vt 0.625000 0.375037
vt 0.625000 0.313610
vt 0.625000 0.313658
vt 0.625000 0.375010
vt 0.625000 0.438557
vt 0.625000 0.498346
vt 0.625000 0.498729
vt 0.625000 0.438601
vt 0.623984 0.499517
vt 0.624672 0.498686
vt 0.686318 0.500000
vt 0.636807 0.499937
vt 0.636803 0.498957
vt 0.686318 0.499025
vt 0.686359 0.437500
vt 0.686318 0.438475
vt 0.637586 0.438476
vt 0.634887 0.437506
vt 0.375000 0.561466
vt 0.375000 0.512400
vt 0.376182 0.513465
vt 0.376182 0.561318
vt 0.624394 0.438651
vt 0.624293 0.437500
vt 0.625000 0.437500
vt 0.376182 0.500000
vt 0.374193 0.500027
vt 0.374289 0.500014
vt 0.625000 0.313634
vt 0.624203 0.313679
vt 0.624464 0.312500
vt 0.625000 0.312505
vt 0.625000 0.312500
vt 0.623944 0.312500
vt 0.625000 0.311422
vt 0.637279 0.311589
vt 0.686554 0.311603
vt 0.686068 0.312500
vt 0.637435 0.312490
vt 0.686440 0.313540
vt 0.635550 0.313555
vt 0.635311 0.312507
vt 0.686035 0.312500
vt 0.686554 0.250000
vt 0.686554 0.250897
vt 0.637712 0.250940
vt 0.637709 0.250000
vt 0.498885 0.188447
vt 0.501053 0.188447
vt 0.501054 0.237919
vt 0.498881 0.237834
vt 0.625000 0.436398
vt 0.625000 0.437500
vt 0.624293 0.437500
vt 0.624160 0.436338
vt 0.376115 0.237538
vt 0.375000 0.237736
vt 0.375112 0.188447
vt 0.686451 0.436418
vt 0.686413 0.437500
vt 0.634345 0.437502
vt 0.635608 0.436416
vt 0.934326 0.008369
vt 0.940674 0.008369
vt 0.940674 0.491631
vt 0.934326 0.491631
vt 0.750000 0.514848
vt 0.839989 0.532748
vt 0.837180 0.527341
vt 0.250000 0.514848
vt 0.250000 0.510000
vt 0.337180 0.527341
vt 0.915752 0.577653
vt 0.845798 0.530911
vt 0.839989 0.532748
vt 0.916277 0.583723
vt 0.345798 0.530911
vt 0.419640 0.581541
vt 0.416277 0.583723
vt 0.339989 0.532748
vt 0.922347 0.584248
vt 0.916277 0.583723
vt 0.967252 0.660011
vt 0.970600 0.657850
vt 0.878174 0.491631
vt 0.871826 0.491631
vt 0.874432 0.008369
vt 0.419640 0.581541
vt 0.471177 0.659244
vt 0.467252 0.660011
vt 0.416277 0.583723
vt 0.970600 0.657850
vt 0.967252 0.660011
vt 0.985152 0.750000
vt 0.989072 0.749284
vt 0.489072 0.750749
vt 0.485152 0.750000
vt 0.467252 0.660011
vt 0.471177 0.659244
vt 0.989072 0.749284
vt 0.985152 0.750000
vt 0.967252 0.839989
vt 0.971148 0.840828
vt 0.489072 0.750749
vt 0.470555 0.842260
vt 0.467252 0.839989
vt 0.485152 0.750000
vt 0.971148 0.840828
vt 0.967252 0.839989
vt 0.916278 0.916277
vt 0.919556 0.918544
vt 0.470555 0.842260
vt 0.418459 0.919640
vt 0.416277 0.916277
vt 0.467252 0.839989
vt 0.919556 0.918544
vt 0.916278 0.916277
vt 0.839989 0.967252
vt 0.845798 0.969089
vt 0.418459 0.919640
vt 0.345798 0.969089
vt 0.339989 0.967252
vt 0.416277 0.916277
vt 0.559326 0.008369
vt 0.565674 0.008369
vt 0.565674 0.491631
vt 0.559326 0.491631
vt 0.659203 0.971161
vt 0.750000 0.990000
vt 0.750000 0.985152
vt 0.660011 0.967252
vt 0.750000 0.985152
vt 0.750000 0.990000
vt 0.837180 0.972659
vt 0.250000 0.985152
vt 0.339989 0.967252
vt 0.337180 0.972659
vt 0.157819 0.970587
vt 0.160011 0.967252
vt 0.250000 0.985152
vt 0.250000 0.990000
vt 0.659203 0.971161
vt 0.660011 0.967252
vt 0.583723 0.916278
vt 0.581457 0.919556
vt 0.157819 0.970587
vt 0.080360 0.918459
vt 0.083723 0.916278
vt 0.160011 0.967252
vt 0.581457 0.919556
vt 0.583723 0.916278
vt 0.532748 0.839989
vt 0.529400 0.842150
vt 0.080360 0.918459
vt 0.028823 0.840756
vt 0.032748 0.839989
vt 0.083723 0.916278
vt 0.529400 0.842150
vt 0.532748 0.839989
vt 0.514848 0.750000
vt 0.510928 0.750716
vt 0.010928 0.749251
vt 0.014848 0.750000
vt 0.032748 0.839989
vt 0.028823 0.840756
vt 0.510928 0.750716
vt 0.514848 0.750000
vt 0.532748 0.660011
vt 0.528852 0.659172
vt 0.010928 0.749251
vt 0.029445 0.657740
vt 0.032748 0.660011
vt 0.014848 0.750000
vt 0.528852 0.659172
vt 0.532748 0.660011
vt 0.583723 0.583722
vt 0.580444 0.581456
vt 0.029445 0.657740
vt 0.081511 0.580390
vt 0.083723 0.583722
vt 0.032748 0.660011
vt 0.580444 0.581456
vt 0.583723 0.583722
vt 0.660011 0.532748
vt 0.657850 0.529400
vt 0.154202 0.530911
vt 0.160011 0.532748
vt 0.083723 0.583722
vt 0.081511 0.580390
vt 0.657850 0.529400
vt 0.660011 0.532748
vt 0.750000 0.514848
vt 0.750000 0.510000
vt 0.162820 0.527341
vt 0.250000 0.510000
vt 0.250000 0.514848
vt 0.160011 0.532748
vt 0.371118 0.253477
vt 0.316382 0.253477
vt 0.316345 0.253414
vt 0.371739 0.253397
vt 0.373087 0.390625
vt 0.373087 0.496034
vt 0.372102 0.495341
vt 0.371118 0.496523
vt 0.371739 0.496603
vt 0.316345 0.496586
vt 0.316382 0.496523
vt 0.315377 0.254636
vt 0.312537 0.251227
vt 0.313594 0.250077
vt 0.316345 0.253414
vt 0.373087 0.390625
vt 0.372102 0.495341
vt 0.372102 0.254659
vt 0.374015 0.497131
vt 0.373516 0.499230
vt 0.371739 0.496603
vt 0.315381 0.495361
vt 0.316345 0.496586
vt 0.313594 0.499923
vt 0.312537 0.498773
vt 0.371739 0.253397
vt 0.373516 0.250770
vt 0.374015 0.252940
vt 0.316382 0.254659
vt 0.316382 0.253477
vt 0.371118 0.253477
vt 0.371118 0.254659
vt 0.371118 0.495341
vt 0.371118 0.496523
vt 0.316382 0.496523
vt 0.316382 0.495341
vt 0.371118 0.254659
vt 0.372102 0.254659
vt 0.372102 0.495341
vt 0.371118 0.495341
vt 0.316382 0.495341
vt 0.315398 0.495341
vt 0.315398 0.254659
vt 0.316382 0.254659
vt 0.316382 0.253477
vt 0.315398 0.254659
vt 0.315377 0.254636
vt 0.316382 0.253477
vt 0.371118 0.253477
vt 0.372102 0.254659
vt 0.372102 0.254659
vt 0.371118 0.253477
vt 0.371118 0.253477
vt 0.371118 0.253477
vt 0.316382 0.253477
vt 0.316382 0.253477
vt 0.498141 0.436332
vt 0.499913 0.313682
vt 0.624203 0.313679
vt 0.625948 0.372329
vt 0.624160 0.436338
vt 0.818181 0.685079
vt 0.727272 0.685079
vt 0.772726 0.606349
vt 1.000000 0.685079
vt 0.909091 0.685079
vt 0.954545 0.606349
vt 0.272727 0.685079
vt 0.181818 0.685079
vt 0.227273 0.606349
vt 0.454545 0.685079
vt 0.363636 0.685079
vt 0.409090 0.606349
vt 0.636363 0.685079
vt 0.545454 0.685079
vt 0.590909 0.606349
vt 0.590909 0.606349
vt 0.500000 0.606349
vt 0.545454 0.527618
vt 0.590909 0.606349
vt 0.545454 0.685079
vt 0.500000 0.606349
vt 0.545454 0.685079
vt 0.454545 0.685079
vt 0.500000 0.606349
vt 0.409090 0.606349
vt 0.318182 0.606349
vt 0.363636 0.527618
vt 0.409090 0.606349
vt 0.363636 0.685079
vt 0.318182 0.606349
vt 0.363636 0.685079
vt 0.272727 0.685079
vt 0.318182 0.606349
vt 0.227273 0.606349
vt 0.136363 0.606349
vt 0.181818 0.527618
vt 0.227273 0.606349
vt 0.181818 0.685079
vt 0.136363 0.606349
vt 0.181818 0.685079
vt 0.090909 0.685079
vt 0.136363 0.606349
vt 0.954545 0.606349
vt 0.863635 0.606349
vt 0.909090 0.527618
vt 0.954545 0.606349
vt 0.909091 0.685079
vt 0.863635 0.606349
vt 0.909091 0.685079
vt 0.818181 0.685079
vt 0.863635 0.606349
vt 0.772726 0.606349
vt 0.681818 0.606349
vt 0.727272 0.527618
vt 0.772726 0.606349
vt 0.727272 0.685079
vt 0.681818 0.606349
vt 0.727272 0.685079
vt 0.636363 0.685079
vt 0.681818 0.606349
vt 0.590909 0.763809
vt 0.545454 0.685079
vt 0.636363 0.685079
vt 0.590909 0.763809
vt 0.500000 0.763809
vt 0.545454 0.685079
vt 0.500000 0.763809
vt 0.454545 0.685079
vt 0.545454 0.685079
vt 0.409090 0.763809
vt 0.363636 0.685079
vt 0.454545 0.685079
vt 0.409090 0.763809
vt 0.318182 0.763809
vt 0.363636 0.685079
vt 0.318182 0.763809
vt 0.272727 0.685079
vt 0.363636 0.685079
vt 0.227273 0.763809
vt 0.181818 0.685079
vt 0.272727 0.685079
vt 0.227273 0.763809
vt 0.136363 0.763809
vt 0.181818 0.685079
vt 0.136363 0.763809
vt 0.090909 0.685079
vt 0.181818 0.685079
vt 0.954545 0.763809
vt 0.909091 0.685079
vt 1.000000 0.685079
vt 0.954545 0.763809
vt 0.863635 0.763809
vt 0.909091 0.685079
vt 0.863635 0.763809
vt 0.818181 0.685079
vt 0.909091 0.685079
vt 0.772726 0.763809
vt 0.727272 0.685079
vt 0.818181 0.685079
vt 0.772726 0.763809
vt 0.681818 0.763809
vt 0.727272 0.685079
vt 0.681818 0.763809
vt 0.636363 0.685079
vt 0.727272 0.685079
vt 0.500000 0.763809
vt 0.409090 0.763809
vt 0.454545 0.685079
vt 0.318182 0.763809
vt 0.227273 0.763809
vt 0.272727 0.685079
vt 0.136363 0.763809
vt 0.045454 0.763809
vt 0.090909 0.685079
vt 0.863635 0.763809
vt 0.772726 0.763809
vt 0.818181 0.685079
vt 0.681818 0.763809
vt 0.590909 0.763809
vt 0.636363 0.685079
vt 0.818181 0.685079
vt 0.727272 0.685079
vt 0.772726 0.606349
vt 1.000000 0.685079
vt 0.909091 0.685079
vt 0.954545 0.606349
vt 0.272727 0.685079
vt 0.181818 0.685079
vt 0.227273 0.606349
vt 0.454545 0.685079
vt 0.363636 0.685079
vt 0.409090 0.606349
vt 0.636363 0.685079
vt 0.545454 0.685079
vt 0.590909 0.606349
vt 0.590909 0.606349
vt 0.500000 0.606349
vt 0.545454 0.527618
vt 0.590909 0.606349
vt 0.545454 0.685079
vt 0.500000 0.606349
vt 0.545454 0.685079
vt 0.454545 0.685079
vt 0.500000 0.606349
vt 0.409090 0.606349
vt 0.318182 0.606349
vt 0.363636 0.527618
vt 0.409090 0.606349
vt 0.363636 0.685079
vt 0.318182 0.606349
vt 0.363636 0.685079
vt 0.272727 0.685079
vt 0.318182 0.606349
vt 0.227273 0.606349
vt 0.136363 0.606349
vt 0.181818 0.527618
vt 0.227273 0.606349
vt 0.181818 0.685079
vt 0.136363 0.606349
vt 0.181818 0.685079
vt 0.090909 0.685079
vt 0.136363 0.606349
vt 0.954545 0.606349
vt 0.863635 0.606349
vt 0.909090 0.527618
vt 0.954545 0.606349
vt 0.909091 0.685079
vt 0.863635 0.606349
vt 0.909091 0.685079
vt 0.818181 0.685079
vt 0.863635 0.606349
vt 0.772726 0.606349
vt 0.681818 0.606349
vt 0.727272 0.527618
vt 0.772726 0.606349
vt 0.727272 0.685079
vt 0.681818 0.606349
vt 0.727272 0.685079
vt 0.636363 0.685079
vt 0.681818 0.606349
vt 0.590909 0.763809
vt 0.545454 0.685079
vt 0.636363 0.685079
vt 0.590909 0.763809
vt 0.500000 0.763809
vt 0.545454 0.685079
vt 0.500000 0.763809
vt 0.454545 0.685079
vt 0.545454 0.685079
vt 0.409090 0.763809
vt 0.363636 0.685079
vt 0.454545 0.685079
vt 0.409090 0.763809
vt 0.318182 0.763809
vt 0.363636 0.685079
vt 0.318182 0.763809
vt 0.272727 0.685079
vt 0.363636 0.685079
vt 0.227273 0.763809
vt 0.181818 0.685079
vt 0.272727 0.685079
vt 0.227273 0.763809
vt 0.136363 0.763809
vt 0.181818 0.685079
vt 0.136363 0.763809
vt 0.090909 0.685079
vt 0.181818 0.685079
vt 0.954545 0.763809
vt 0.909091 0.685079
vt 1.000000 0.685079
vt 0.954545 0.763809
vt 0.863635 0.763809
vt 0.909091 0.685079
vt 0.863635 0.763809
vt 0.818181 0.685079
vt 0.909091 0.685079
vt 0.772726 0.763809
vt 0.727272 0.685079
vt 0.818181 0.685079
vt 0.772726 0.763809
vt 0.681818 0.763809
vt 0.727272 0.685079
vt 0.681818 0.763809
vt 0.636363 0.685079
vt 0.727272 0.685079
vt 0.500000 0.763809
vt 0.409090 0.763809
vt 0.454545 0.685079
vt 0.318182 0.763809
vt 0.227273 0.763809
vt 0.272727 0.685079
vt 0.136363 0.763809
vt 0.045454 0.763809
vt 0.090909 0.685079
vt 0.863635 0.763809
vt 0.772726 0.763809
vt 0.818181 0.685079
vt 0.681818 0.763809
vt 0.590909 0.763809
vt 0.636363 0.685079
vt 0.818181 0.685079
vt 0.727272 0.685079
vt 0.772726 0.606349
vt 1.000000 0.685079
vt 0.909091 0.685079
vt 0.954545 0.606349
vt 0.272727 0.685079
vt 0.181818 0.685079
vt 0.227273 0.606349
vt 0.454545 0.685079
vt 0.363636 0.685079
vt 0.409090 0.606349
vt 0.636363 0.685079
vt 0.545454 0.685079
vt 0.590909 0.606349
vt 0.590909 0.606349
vt 0.500000 0.606349
vt 0.545454 0.527618
vt 0.590909 0.606349
vt 0.545454 0.685079
vt 0.500000 0.606349
vt 0.545454 0.685079
vt 0.454545 0.685079
vt 0.500000 0.606349
vt 0.409090 0.606349
vt 0.318182 0.606349
vt 0.363636 0.527618
vt 0.409090 0.606349
vt 0.363636 0.685079
vt 0.318182 0.606349
vt 0.363636 0.685079
vt 0.272727 0.685079
vt 0.318182 0.606349
vt 0.227273 0.606349
vt 0.136363 0.606349
vt 0.181818 0.527618
vt 0.227273 0.606349
vt 0.181818 0.685079
vt 0.136363 0.606349
vt 0.181818 0.685079
vt 0.090909 0.685079
vt 0.136363 0.606349
vt 0.954545 0.606349
vt 0.863635 0.606349
vt 0.909090 0.527618
vt 0.954545 0.606349
vt 0.909091 0.685079
vt 0.863635 0.606349
vt 0.909091 0.685079
vt 0.818181 0.685079
vt 0.863635 0.606349
vt 0.772726 0.606349
vt 0.681818 0.606349
vt 0.727272 0.527618
vt 0.772726 0.606349
vt 0.727272 0.685079
vt 0.681818 0.606349
vt 0.727272 0.685079
vt 0.636363 0.685079
vt 0.681818 0.606349
vt 0.590909 0.763809
vt 0.545454 0.685079
vt 0.636363 0.685079
vt 0.590909 0.763809
vt 0.500000 0.763809
vt 0.545454 0.685079
vt 0.500000 0.763809
vt 0.454545 0.685079
vt 0.545454 0.685079
vt 0.409090 0.763809
vt 0.363636 0.685079
vt 0.454545 0.685079
vt 0.409090 0.763809
vt 0.318182 0.763809
vt 0.363636 0.685079
vt 0.318182 0.763809
vt 0.272727 0.685079
vt 0.363636 0.685079
vt 0.227273 0.763809
vt 0.181818 0.685079
vt 0.272727 0.685079
vt 0.227273 0.763809
vt 0.136363 0.763809
vt 0.181818 0.685079
vt 0.136363 0.763809
vt 0.090909 0.685079
vt 0.181818 0.685079
vt 0.954545 0.763809
vt 0.909091 0.685079
vt 1.000000 0.685079
vt 0.954545 0.763809
vt 0.863635 0.763809
vt 0.909091 0.685079
vt 0.863635 0.763809
vt 0.818181 0.685079
vt 0.909091 0.685079
vt 0.772726 0.763809
vt 0.727272 0.685079
vt 0.818181 0.685079
vt 0.772726 0.763809
vt 0.681818 0.763809
vt 0.727272 0.685079
vt 0.681818 0.763809
vt 0.636363 0.685079
vt 0.727272 0.685079
vt 0.500000 0.763809
vt 0.409090 0.763809
vt 0.454545 0.685079
vt 0.318182 0.763809
vt 0.227273 0.763809
vt 0.272727 0.685079
vt 0.136363 0.763809
vt 0.045454 0.763809
vt 0.090909 0.685079
vt 0.863635 0.763809
vt 0.772726 0.763809
vt 0.818181 0.685079
vt 0.681818 0.763809
vt 0.590909 0.763809
vt 0.636363 0.685079
vt 0.818181 0.685079
vt 0.727272 0.685079
vt 0.772726 0.606349
vt 1.000000 0.685079
vt 0.909091 0.685079
vt 0.954545 0.606349
vt 0.272727 0.685079
vt 0.181818 0.685079
vt 0.227273 0.606349
vt 0.454545 0.685079
vt 0.363636 0.685079
vt 0.409090 0.606349
vt 0.636363 0.685079
vt 0.545454 0.685079
vt 0.590909 0.606349
vt 0.590909 0.606349
vt 0.500000 0.606349
vt 0.545454 0.527618
vt 0.590909 0.606349
vt 0.545454 0.685079
vt 0.500000 0.606349
vt 0.545454 0.685079
vt 0.454545 0.685079
vt 0.500000 0.606349
vt 0.409090 0.606349
vt 0.318182 0.606349
vt 0.363636 0.527618
vt 0.409090 0.606349
vt 0.363636 0.685079
vt 0.318182 0.606349
vt 0.363636 0.685079
vt 0.272727 0.685079
vt 0.318182 0.606349
vt 0.227273 0.606349
vt 0.136363 0.606349
vt 0.181818 0.527618
vt 0.227273 0.606349
vt 0.181818 0.685079
vt 0.136363 0.606349
vt 0.181818 0.685079
vt 0.090909 0.685079
vt 0.136363 0.606349
vt 0.954545 0.606349
vt 0.863635 0.606349
vt 0.909090 0.527618
vt 0.954545 0.606349
vt 0.909091 0.685079
vt 0.863635 0.606349
vt 0.909091 0.685079
vt 0.818181 0.685079
vt 0.863635 0.606349
vt 0.772726 0.606349
vt 0.681818 0.606349
vt 0.727272 0.527618
vt 0.772726 0.606349
vt 0.727272 0.685079
vt 0.681818 0.606349
vt 0.727272 0.685079
vt 0.636363 0.685079
vt 0.681818 0.606349
vt 0.590909 0.763809
vt 0.545454 0.685079
vt 0.636363 0.685079
vt 0.590909 0.763809
vt 0.500000 0.763809
vt 0.545454 0.685079
vt 0.500000 0.763809
vt 0.454545 0.685079
vt 0.545454 0.685079
vt 0.409090 0.763809
vt 0.363636 0.685079
vt 0.454545 0.685079
vt 0.409090 0.763809
vt 0.318182 0.763809
vt 0.363636 0.685079
vt 0.318182 0.763809
vt 0.272727 0.685079
vt 0.363636 0.685079
vt 0.227273 0.763809
vt 0.181818 0.685079
vt 0.272727 0.685079
vt 0.227273 0.763809
vt 0.136363 0.763809
vt 0.181818 0.685079
vt 0.136363 0.763809
vt 0.090909 0.685079
vt 0.181818 0.685079
vt 0.954545 0.763809
vt 0.909091 0.685079
vt 1.000000 0.685079
vt 0.954545 0.763809
vt 0.863635 0.763809
vt 0.909091 0.685079
vt 0.863635 0.763809
vt 0.818181 0.685079
vt 0.909091 0.685079
vt 0.772726 0.763809
vt 0.727272 0.685079
vt 0.818181 0.685079
vt 0.772726 0.763809
vt 0.681818 0.763809
vt 0.727272 0.685079
vt 0.681818 0.763809
vt 0.636363 0.685079
vt 0.727272 0.685079
vt 0.500000 0.763809
vt 0.409090 0.763809
vt 0.454545 0.685079
vt 0.318182 0.763809
vt 0.227273 0.763809
vt 0.272727 0.685079
vt 0.136363 0.763809
vt 0.045454 0.763809
vt 0.090909 0.685079
vt 0.863635 0.763809
vt 0.772726 0.763809
vt 0.818181 0.685079
vt 0.681818 0.763809
vt 0.590909 0.763809
vt 0.636363 0.685079
vt 0.818181 0.685079
vt 0.727272 0.685079
vt 0.772726 0.606349
vt 1.000000 0.685079
vt 0.909091 0.685079
vt 0.954545 0.606349
vt 0.272727 0.685079
vt 0.181818 0.685079
vt 0.227273 0.606349
vt 0.454545 0.685079
vt 0.363636 0.685079
vt 0.409090 0.606349
vt 0.636363 0.685079
vt 0.545454 0.685079
vt 0.590909 0.606349
vt 0.590909 0.606349
vt 0.500000 0.606349
vt 0.545454 0.527618
vt 0.590909 0.606349
vt 0.545454 0.685079
vt 0.500000 0.606349
vt 0.545454 0.685079
vt 0.454545 0.685079
vt 0.500000 0.606349
vt 0.409090 0.606349
vt 0.318182 0.606349
vt 0.363636 0.527618
vt 0.409090 0.606349
vt 0.363636 0.685079
vt 0.318182 0.606349
vt 0.363636 0.685079
vt 0.272727 0.685079
vt 0.318182 0.606349
vt 0.227273 0.606349
vt 0.136363 0.606349
vt 0.181818 0.527618
vt 0.227273 0.606349
vt 0.181818 0.685079
vt 0.136363 0.606349
vt 0.181818 0.685079
vt 0.090909 0.685079
vt 0.136363 0.606349
vt 0.954545 0.606349
vt 0.863635 0.606349
vt 0.909090 0.527618
vt 0.954545 0.606349
vt 0.909091 0.685079
vt 0.863635 0.606349
vt 0.909091 0.685079
vt 0.818181 0.685079
vt 0.863635 0.606349
vt 0.772726 0.606349
vt 0.681818 0.606349
vt 0.727272 0.527618
vt 0.772726 0.606349
vt 0.727272 0.685079
vt 0.681818 0.606349
vt 0.727272 0.685079
vt 0.636363 0.685079
vt 0.681818 0.606349
vt 0.590909 0.763809
vt 0.545454 0.685079
vt 0.636363 0.685079
vt 0.590909 0.763809
vt 0.500000 0.763809
vt 0.545454 0.685079
vt 0.500000 0.763809
vt 0.454545 0.685079
vt 0.545454 0.685079
vt 0.409090 0.763809
vt 0.363636 0.685079
vt 0.454545 0.685079
vt 0.409090 0.763809
vt 0.318182 0.763809
vt 0.363636 0.685079
vt 0.318182 0.763809
vt 0.272727 0.685079
vt 0.363636 0.685079
vt 0.227273 0.763809
vt 0.181818 0.685079
vt 0.272727 0.685079
vt 0.227273 0.763809
vt 0.136363 0.763809
vt 0.181818 0.685079
vt 0.136363 0.763809
vt 0.090909 0.685079
vt 0.181818 0.685079
vt 0.954545 0.763809
vt 0.909091 0.685079
vt 1.000000 0.685079
vt 0.954545 0.763809
vt 0.863635 0.763809
vt 0.909091 0.685079
vt 0.863635 0.763809
vt 0.818181 0.685079
vt 0.909091 0.685079
vt 0.772726 0.763809
vt 0.727272 0.685079
vt 0.818181 0.685079
vt 0.772726 0.763809
vt 0.681818 0.763809
vt 0.727272 0.685079
vt 0.681818 0.763809
vt 0.636363 0.685079
vt 0.727272 0.685079
vt 0.500000 0.763809
vt 0.409090 0.763809
vt 0.454545 0.685079
vt 0.318182 0.763809
vt 0.227273 0.763809
vt 0.272727 0.685079
vt 0.136363 0.763809
vt 0.045454 0.763809
vt 0.090909 0.685079
vt 0.863635 0.763809
vt 0.772726 0.763809
vt 0.818181 0.685079
vt 0.681818 0.763809
vt 0.590909 0.763809
vt 0.636363 0.685079
vt 0.818181 0.685079
vt 0.727272 0.685079
vt 0.772726 0.606349
vt 1.000000 0.685079
vt 0.909091 0.685079
vt 0.954545 0.606349
vt 0.272727 0.685079
vt 0.181818 0.685079
vt 0.227273 0.606349
vt 0.454545 0.685079
vt 0.363636 0.685079
vt 0.409090 0.606349
vt 0.636363 0.685079
vt 0.545454 0.685079
vt 0.590909 0.606349
vt 0.590909 0.606349
vt 0.500000 0.606349
vt 0.545454 0.527618
vt 0.590909 0.606349
vt 0.545454 0.685079
vt 0.500000 0.606349
vt 0.545454 0.685079
vt 0.454545 0.685079
vt 0.500000 0.606349
vt 0.409090 0.606349
vt 0.318182 0.606349
vt 0.363636 0.527618
vt 0.409090 0.606349
vt 0.363636 0.685079
vt 0.318182 0.606349
vt 0.363636 0.685079
vt 0.272727 0.685079
vt 0.318182 0.606349
vt 0.227273 0.606349
vt 0.136363 0.606349
vt 0.181818 0.527618
vt 0.227273 0.606349
vt 0.181818 0.685079
vt 0.136363 0.606349
vt 0.181818 0.685079
vt 0.090909 0.685079
vt 0.136363 0.606349
vt 0.954545 0.606349
vt 0.863635 0.606349
vt 0.909090 0.527618
vt 0.954545 0.606349
vt 0.909091 0.685079
vt 0.863635 0.606349
vt 0.909091 0.685079
vt 0.818181 0.685079
vt 0.863635 0.606349
vt 0.772726 0.606349
vt 0.681818 0.606349
vt 0.727272 0.527618
vt 0.772726 0.606349
vt 0.727272 0.685079
vt 0.681818 0.606349
vt 0.727272 0.685079
vt 0.636363 0.685079
vt 0.681818 0.606349
vt 0.590909 0.763809
vt 0.545454 0.685079
vt 0.636363 0.685079
vt 0.590909 0.763809
vt 0.500000 0.763809
vt 0.545454 0.685079
vt 0.500000 0.763809
vt 0.454545 0.685079
vt 0.545454 0.685079
vt 0.409090 0.763809
vt 0.363636 0.685079
vt 0.454545 0.685079
vt 0.409090 0.763809
vt 0.318182 0.763809
vt 0.363636 0.685079
vt 0.318182 0.763809
vt 0.272727 0.685079
vt 0.363636 0.685079
vt 0.227273 0.763809
vt 0.181818 0.685079
vt 0.272727 0.685079
vt 0.227273 0.763809
vt 0.136363 0.763809
vt 0.181818 0.685079
vt 0.136363 0.763809
vt 0.090909 0.685079
vt 0.181818 0.685079
vt 0.954545 0.763809
vt 0.909091 0.685079
vt 1.000000 0.685079
vt 0.954545 0.763809
vt 0.863635 0.763809
vt 0.909091 0.685079
vt 0.863635 0.763809
vt 0.818181 0.685079
vt 0.909091 0.685079
vt 0.772726 0.763809
vt 0.727272 0.685079
vt 0.818181 0.685079
vt 0.772726 0.763809
vt 0.681818 0.763809
vt 0.727272 0.685079
vt 0.681818 0.763809
vt 0.636363 0.685079
vt 0.727272 0.685079
vt 0.500000 0.763809
vt 0.409090 0.763809
vt 0.454545 0.685079
vt 0.318182 0.763809
vt 0.227273 0.763809
vt 0.272727 0.685079
vt 0.136363 0.763809
vt 0.045454 0.763809
vt 0.090909 0.685079
vt 0.863635 0.763809
vt 0.772726 0.763809
vt 0.818181 0.685079
vt 0.681818 0.763809
vt 0.590909 0.763809
vt 0.636363 0.685079
vt 0.818181 0.685079
vt 0.727272 0.685079
vt 0.772726 0.606349
vt 1.000000 0.685079
vt 0.909091 0.685079
vt 0.954545 0.606349
vt 0.272727 0.685079
vt 0.181818 0.685079
vt 0.227273 0.606349
vt 0.454545 0.685079
vt 0.363636 0.685079
vt 0.409090 0.606349
vt 0.636363 0.685079
vt 0.545454 0.685079
vt 0.590909 0.606349
vt 0.590909 0.606349
vt 0.500000 0.606349
vt 0.545454 0.527618
vt 0.590909 0.606349
vt 0.545454 0.685079
vt 0.500000 0.606349
vt 0.545454 0.685079
vt 0.454545 0.685079
vt 0.500000 0.606349
vt 0.409090 0.606349
vt 0.318182 0.606349
vt 0.363636 0.527618
vt 0.409090 0.606349
vt 0.363636 0.685079
vt 0.318182 0.606349
vt 0.363636 0.685079
vt 0.272727 0.685079
vt 0.318182 0.606349
vt 0.227273 0.606349
vt 0.136363 0.606349
vt 0.181818 0.527618
vt 0.227273 0.606349
vt 0.181818 0.685079
vt 0.136363 0.606349
vt 0.181818 0.685079
vt 0.090909 0.685079
vt 0.136363 0.606349
vt 0.954545 0.606349
vt 0.863635 0.606349
vt 0.909090 0.527618
vt 0.954545 0.606349
vt 0.909091 0.685079
vt 0.863635 0.606349
vt 0.909091 0.685079
vt 0.818181 0.685079
vt 0.863635 0.606349
vt 0.772726 0.606349
vt 0.681818 0.606349
vt 0.727272 0.527618
vt 0.772726 0.606349
vt 0.727272 0.685079
vt 0.681818 0.606349
vt 0.727272 0.685079
vt 0.636363 0.685079
vt 0.681818 0.606349
vt 0.590909 0.763809
vt 0.545454 0.685079
vt 0.636363 0.685079
vt 0.590909 0.763809
vt 0.500000 0.763809
vt 0.545454 0.685079
vt 0.500000 0.763809
vt 0.454545 0.685079
vt 0.545454 0.685079
vt 0.409090 0.763809
vt 0.363636 0.685079
vt 0.454545 0.685079
vt 0.409090 0.763809
vt 0.318182 0.763809
vt 0.363636 0.685079
vt 0.318182 0.763809
vt 0.272727 0.685079
vt 0.363636 0.685079
vt 0.227273 0.763809
vt 0.181818 0.685079
vt 0.272727 0.685079
vt 0.227273 0.763809
vt 0.136363 0.763809
vt 0.181818 0.685079
vt 0.136363 0.763809
vt 0.090909 0.685079
vt 0.181818 0.685079
vt 0.954545 0.763809
vt 0.909091 0.685079
vt 1.000000 0.685079
vt 0.954545 0.763809
vt 0.863635 0.763809
vt 0.909091 0.685079
vt 0.863635 0.763809
vt 0.818181 0.685079
vt 0.909091 0.685079
vt 0.772726 0.763809
vt 0.727272 0.685079
vt 0.818181 0.685079
vt 0.772726 0.763809
vt 0.681818 0.763809
vt 0.727272 0.685079
vt 0.681818 0.763809
vt 0.636363 0.685079
vt 0.727272 0.685079
vt 0.500000 0.763809
vt 0.409090 0.763809
vt 0.454545 0.685079
vt 0.318182 0.763809
vt 0.227273 0.763809
vt 0.272727 0.685079
vt 0.136363 0.763809
vt 0.045454 0.763809
vt 0.090909 0.685079
vt 0.863635 0.763809
vt 0.772726 0.763809
vt 0.818181 0.685079
vt 0.681818 0.763809
vt 0.590909 0.763809
vt 0.636363 0.685079
vt 0.818181 0.685079
vt 0.727272 0.685079
vt 0.772726 0.606349
vt 1.000000 0.685079
vt 0.909091 0.685079
vt 0.954545 0.606349
vt 0.272727 0.685079
vt 0.181818 0.685079
vt 0.227273 0.606349
vt 0.454545 0.685079
vt 0.363636 0.685079
vt 0.409090 0.606349
vt 0.636363 0.685079
vt 0.545454 0.685079
vt 0.590909 0.606349
vt 0.590909 0.606349
vt 0.500000 0.606349
vt 0.545454 0.527618
vt 0.590909 0.606349
vt 0.545454 0.685079
vt 0.500000 0.606349
vt 0.545454 0.685079
vt 0.454545 0.685079
vt 0.500000 0.606349
vt 0.409090 0.606349
vt 0.318182 0.606349
vt 0.363636 0.527618
vt 0.409090 0.606349
vt 0.363636 0.685079
vt 0.318182 0.606349
vt 0.363636 0.685079
vt 0.272727 0.685079
vt 0.318182 0.606349
vt 0.227273 0.606349
vt 0.136363 0.606349
vt 0.181818 0.527618
vt 0.227273 0.606349
vt 0.181818 0.685079
vt 0.136363 0.606349
vt 0.181818 0.685079
vt 0.090909 0.685079
vt 0.136363 0.606349
vt 0.954545 0.606349
vt 0.863635 0.606349
vt 0.909090 0.527618
vt 0.954545 0.606349
vt 0.909091 0.685079
vt 0.863635 0.606349
vt 0.909091 0.685079
vt 0.818181 0.685079
vt 0.863635 0.606349
vt 0.772726 0.606349
vt 0.681818 0.606349
vt 0.727272 0.527618
vt 0.772726 0.606349
vt 0.727272 0.685079
vt 0.681818 0.606349
vt 0.727272 0.685079
vt 0.636363 0.685079
vt 0.681818 0.606349
vt 0.590909 0.763809
vt 0.545454 0.685079
vt 0.636363 0.685079
vt 0.590909 0.763809
vt 0.500000 0.763809
vt 0.545454 0.685079
vt 0.500000 0.763809
vt 0.454545 0.685079
vt 0.545454 0.685079
vt 0.409090 0.763809
vt 0.363636 0.685079
vt 0.454545 0.685079
vt 0.409090 0.763809
vt 0.318182 0.763809
vt 0.363636 0.685079
vt 0.318182 0.763809
vt 0.272727 0.685079
vt 0.363636 0.685079
vt 0.227273 0.763809
vt 0.181818 0.685079
vt 0.272727 0.685079
vt 0.227273 0.763809
vt 0.136363 0.763809
vt 0.181818 0.685079
vt 0.136363 0.763809
vt 0.090909 0.685079
vt 0.181818 0.685079
vt 0.954545 0.763809
vt 0.909091 0.685079
vt 1.000000 0.685079
vt 0.954545 0.763809
vt 0.863635 0.763809
vt 0.909091 0.685079
vt 0.863635 0.763809
vt 0.818181 0.685079
vt 0.909091 0.685079
vt 0.772726 0.763809
vt 0.727272 0.685079
vt 0.818181 0.685079
vt 0.772726 0.763809
vt 0.681818 0.763809
vt 0.727272 0.685079
vt 0.681818 0.763809
vt 0.636363 0.685079
vt 0.727272 0.685079
vt 0.500000 0.763809
vt 0.409090 0.763809
vt 0.454545 0.685079
vt 0.318182 0.763809
vt 0.227273 0.763809
vt 0.272727 0.685079
vt 0.136363 0.763809
vt 0.045454 0.763809
vt 0.090909 0.685079
vt 0.863635 0.763809
vt 0.772726 0.763809
vt 0.818181 0.685079
vt 0.681818 0.763809
vt 0.590909 0.763809
vt 0.636363 0.685079
vt 0.818181 0.685079
vt 0.727272 0.685079
vt 0.772726 0.606349
vt 1.000000 0.685079
vt 0.909091 0.685079
vt 0.954545 0.606349
vt 0.272727 0.685079
vt 0.181818 0.685079
vt 0.227273 0.606349
vt 0.454545 0.685079
vt 0.363636 0.685079
vt 0.409090 0.606349
vt 0.636363 0.685079
vt 0.545454 0.685079
vt 0.590909 0.606349
vt 0.590909 0.606349
vt 0.500000 0.606349
vt 0.545454 0.527618
vt 0.590909 0.606349
vt 0.545454 0.685079
vt 0.500000 0.606349
vt 0.545454 0.685079
vt 0.454545 0.685079
vt 0.500000 0.606349
vt 0.409090 0.606349
vt 0.318182 0.606349
vt 0.363636 0.527618
vt 0.409090 0.606349
vt 0.363636 0.685079
vt 0.318182 0.606349
vt 0.363636 0.685079
vt 0.272727 0.685079
vt 0.318182 0.606349
vt 0.227273 0.606349
vt 0.136363 0.606349
vt 0.181818 0.527618
vt 0.227273 0.606349
vt 0.181818 0.685079
vt 0.136363 0.606349
vt 0.181818 0.685079
vt 0.090909 0.685079
vt 0.136363 0.606349
vt 0.954545 0.606349
vt 0.863635 0.606349
vt 0.909090 0.527618
vt 0.954545 0.606349
vt 0.909091 0.685079
vt 0.863635 0.606349
vt 0.909091 0.685079
vt 0.818181 0.685079
vt 0.863635 0.606349
vt 0.772726 0.606349
vt 0.681818 0.606349
vt 0.727272 0.527618
vt 0.772726 0.606349
vt 0.727272 0.685079
vt 0.681818 0.606349
vt 0.727272 0.685079
vt 0.636363 0.685079
vt 0.681818 0.606349
vt 0.590909 0.763809
vt 0.545454 0.685079
vt 0.636363 0.685079
vt 0.590909 0.763809
vt 0.500000 0.763809
vt 0.545454 0.685079
vt 0.500000 0.763809
vt 0.454545 0.685079
vt 0.545454 0.685079
vt 0.409090 0.763809
vt 0.363636 0.685079
vt 0.454545 0.685079
vt 0.409090 0.763809
vt 0.318182 0.763809
vt 0.363636 0.685079
vt 0.318182 0.763809
vt 0.272727 0.685079
vt 0.363636 0.685079
vt 0.227273 0.763809
vt 0.181818 0.685079
vt 0.272727 0.685079
vt 0.227273 0.763809
vt 0.136363 0.763809
vt 0.181818 0.685079
vt 0.136363 0.763809
vt 0.090909 0.685079
vt 0.181818 0.685079
vt 0.954545 0.763809
vt 0.909091 0.685079
vt 1.000000 0.685079
vt 0.954545 0.763809
vt 0.863635 0.763809
vt 0.909091 0.685079
vt 0.863635 0.763809
vt 0.818181 0.685079
vt 0.909091 0.685079
vt 0.772726 0.763809
vt 0.727272 0.685079
vt 0.818181 0.685079
vt 0.772726 0.763809
vt 0.681818 0.763809
vt 0.727272 0.685079
vt 0.681818 0.763809
vt 0.636363 0.685079
vt 0.727272 0.685079
vt 0.500000 0.763809
vt 0.409090 0.763809
vt 0.454545 0.685079
vt 0.318182 0.763809
vt 0.227273 0.763809
vt 0.272727 0.685079
vt 0.136363 0.763809
vt 0.045454 0.763809
vt 0.090909 0.685079
vt 0.863635 0.763809
vt 0.772726 0.763809
vt 0.818181 0.685079
vt 0.681818 0.763809
vt 0.590909 0.763809
vt 0.636363 0.685079
vt 0.818181 0.685079
vt 0.727272 0.685079
vt 0.772726 0.606349
vt 1.000000 0.685079
vt 0.909091 0.685079
vt 0.954545 0.606349
vt 0.272727 0.685079
vt 0.181818 0.685079
vt 0.227273 0.606349
vt 0.454545 0.685079
vt 0.363636 0.685079
vt 0.409090 0.606349
vt 0.636363 0.685079
vt 0.545454 0.685079
vt 0.590909 0.606349
vt 0.590909 0.606349
vt 0.500000 0.606349
vt 0.545454 0.527618
vt 0.590909 0.606349
vt 0.545454 0.685079
vt 0.500000 0.606349
vt 0.545454 0.685079
vt 0.454545 0.685079
vt 0.500000 0.606349
vt 0.409090 0.606349
vt 0.318182 0.606349
vt 0.363636 0.527618
vt 0.409090 0.606349
vt 0.363636 0.685079
vt 0.318182 0.606349
vt 0.363636 0.685079
vt 0.272727 0.685079
vt 0.318182 0.606349
vt 0.227273 0.606349
vt 0.136363 0.606349
vt 0.181818 0.527618
vt 0.227273 0.606349
vt 0.181818 0.685079
vt 0.136363 0.606349
vt 0.181818 0.685079
vt 0.090909 0.685079
vt 0.136363 0.606349
vt 0.954545 0.606349
vt 0.863635 0.606349
vt 0.909090 0.527618
vt 0.954545 0.606349
vt 0.909091 0.685079
vt 0.863635 0.606349
vt 0.909091 0.685079
vt 0.818181 0.685079
vt 0.863635 0.606349
vt 0.772726 0.606349
vt 0.681818 0.606349
vt 0.727272 0.527618
vt 0.772726 0.606349
vt 0.727272 0.685079
vt 0.681818 0.606349
vt 0.727272 0.685079
vt 0.636363 0.685079
vt 0.681818 0.606349
vt 0.590909 0.763809
vt 0.545454 0.685079
vt 0.636363 0.685079
vt 0.590909 0.763809
vt 0.500000 0.763809
vt 0.545454 0.685079
vt 0.500000 0.763809
vt 0.454545 0.685079
vt 0.545454 0.685079
vt 0.409090 0.763809
vt 0.363636 0.685079
vt 0.454545 0.685079
vt 0.409090 0.763809
vt 0.318182 0.763809
vt 0.363636 0.685079
vt 0.318182 0.763809
vt 0.272727 0.685079
vt 0.363636 0.685079
vt 0.227273 0.763809
vt 0.181818 0.685079
vt 0.272727 0.685079
vt 0.227273 0.763809
vt 0.136363 0.763809
vt 0.181818 0.685079
vt 0.136363 0.763809
vt 0.090909 0.685079
vt 0.181818 0.685079
vt 0.954545 0.763809
vt 0.909091 0.685079
vt 1.000000 0.685079
vt 0.954545 0.763809
vt 0.863635 0.763809
vt 0.909091 0.685079
vt 0.863635 0.763809
vt 0.818181 0.685079
vt 0.909091 0.685079
vt 0.772726 0.763809
vt 0.727272 0.685079
vt 0.818181 0.685079
vt 0.772726 0.763809
vt 0.681818 0.763809
vt 0.727272 0.685079
vt 0.681818 0.763809
vt 0.636363 0.685079
vt 0.727272 0.685079
vt 0.500000 0.763809
vt 0.409090 0.763809
vt 0.454545 0.685079
vt 0.318182 0.763809
vt 0.227273 0.763809
vt 0.272727 0.685079
vt 0.136363 0.763809
vt 0.045454 0.763809
vt 0.090909 0.685079
vt 0.863635 0.763809
vt 0.772726 0.763809
vt 0.818181 0.685079
vt 0.681818 0.763809
vt 0.590909 0.763809
vt 0.636363 0.685079
vt 0.818181 0.685079
vt 0.727272 0.685079
vt 0.772726 0.606349
vt 1.000000 0.685079
vt 0.909091 0.685079
vt 0.954545 0.606349
vt 0.272727 0.685079
vt 0.181818 0.685079
vt 0.227273 0.606349
vt 0.454545 0.685079
vt 0.363636 0.685079
vt 0.409090 0.606349
vt 0.636363 0.685079
vt 0.545454 0.685079
vt 0.590909 0.606349
vt 0.590909 0.606349
vt 0.500000 0.606349
vt 0.545454 0.527618
vt 0.590909 0.606349
vt 0.545454 0.685079
vt 0.500000 0.606349
vt 0.545454 0.685079
vt 0.454545 0.685079
vt 0.500000 0.606349
vt 0.409090 0.606349
vt 0.318182 0.606349
vt 0.363636 0.527618
vt 0.409090 0.606349
vt 0.363636 0.685079
vt 0.318182 0.606349
vt 0.363636 0.685079
vt 0.272727 0.685079
vt 0.318182 0.606349
vt 0.227273 0.606349
vt 0.136363 0.606349
vt 0.181818 0.527618
vt 0.227273 0.606349
vt 0.181818 0.685079
vt 0.136363 0.606349
vt 0.181818 0.685079
vt 0.090909 0.685079
vt 0.136363 0.606349
vt 0.954545 0.606349
vt 0.863635 0.606349
vt 0.909090 0.527618
vt 0.954545 0.606349
vt 0.909091 0.685079
vt 0.863635 0.606349
vt 0.909091 0.685079
vt 0.818181 0.685079
vt 0.863635 0.606349
vt 0.772726 0.606349
vt 0.681818 0.606349
vt 0.727272 0.527618
vt 0.772726 0.606349
vt 0.727272 0.685079
vt 0.681818 0.606349
vt 0.727272 0.685079
vt 0.636363 0.685079
vt 0.681818 0.606349
vt 0.590909 0.763809
vt 0.545454 0.685079
vt 0.636363 0.685079
vt 0.590909 0.763809
vt 0.500000 0.763809
vt 0.545454 0.685079
vt 0.500000 0.763809
vt 0.454545 0.685079
vt 0.545454 0.685079
vt 0.409090 0.763809
vt 0.363636 0.685079
vt 0.454545 0.685079
vt 0.409090 0.763809
vt 0.318182 0.763809
vt 0.363636 0.685079
vt 0.318182 0.763809
vt 0.272727 0.685079
vt 0.363636 0.685079
vt 0.227273 0.763809
vt 0.181818 0.685079
vt 0.272727 0.685079
vt 0.227273 0.763809
vt 0.136363 0.763809
vt 0.181818 0.685079
vt 0.136363 0.763809
vt 0.090909 0.685079
vt 0.181818 0.685079
vt 0.954545 0.763809
vt 0.909091 0.685079
vt 1.000000 0.685079
vt 0.954545 0.763809
vt 0.863635 0.763809
vt 0.909091 0.685079
vt 0.863635 0.763809
vt 0.818181 0.685079
vt 0.909091 0.685079
vt 0.772726 0.763809
vt 0.727272 0.685079
vt 0.818181 0.685079
vt 0.772726 0.763809
vt 0.681818 0.763809
vt 0.727272 0.685079
vt 0.681818 0.763809
vt 0.636363 0.685079
vt 0.727272 0.685079
vt 0.500000 0.763809
vt 0.409090 0.763809
vt 0.454545 0.685079
vt 0.318182 0.763809
vt 0.227273 0.763809
vt 0.272727 0.685079
vt 0.136363 0.763809
vt 0.045454 0.763809
vt 0.090909 0.685079
vt 0.863635 0.763809
vt 0.772726 0.763809
vt 0.818181 0.685079
vt 0.681818 0.763809
vt 0.590909 0.763809
vt 0.636363 0.685079
vt 0.818181 0.685079
vt 0.772726 0.606349
vt 0.727272 0.685079
vt 1.000000 0.685079
vt 0.954545 0.606349
vt 0.909091 0.685079
vt 0.272727 0.685079
vt 0.227273 0.606349
vt 0.181818 0.685079
vt 0.454545 0.685079
vt 0.409090 0.606349
vt 0.363636 0.685079
vt 0.636363 0.685079
vt 0.590909 0.606349
vt 0.545454 0.685079
vt 0.590909 0.606349
vt 0.545454 0.527618
vt 0.500000 0.606349
vt 0.590909 0.606349
vt 0.500000 0.606349
vt 0.545454 0.685079
vt 0.545454 0.685079
vt 0.500000 0.606349
vt 0.454545 0.685079
vt 0.409090 0.606349
vt 0.363636 0.527618
vt 0.318182 0.606349
vt 0.409090 0.606349
vt 0.318182 0.606349
vt 0.363636 0.685079
vt 0.363636 0.685079
vt 0.318182 0.606349
vt 0.272727 0.685079
vt 0.227273 0.606349
vt 0.181818 0.527618
vt 0.136363 0.606349
vt 0.227273 0.606349
vt 0.136363 0.606349
vt 0.181818 0.685079
vt 0.181818 0.685079
vt 0.136363 0.606349
vt 0.090909 0.685079
vt 0.954545 0.606349
vt 0.909090 0.527618
vt 0.863635 0.606349
vt 0.954545 0.606349
vt 0.863635 0.606349
vt 0.909091 0.685079
vt 0.909091 0.685079
vt 0.863635 0.606349
vt 0.818181 0.685079
vt 0.772726 0.606349
vt 0.727272 0.527618
vt 0.681818 0.606349
vt 0.772726 0.606349
vt 0.681818 0.606349
vt 0.727272 0.685079
vt 0.727272 0.685079
vt 0.681818 0.606349
vt 0.636363 0.685079
vt 0.590909 0.763809
vt 0.636363 0.685079
vt 0.545454 0.685079
vt 0.590909 0.763809
vt 0.545454 0.685079
vt 0.500000 0.763809
vt 0.500000 0.763809
vt 0.545454 0.685079
vt 0.454545 0.685079
vt 0.409090 0.763809
vt 0.454545 0.685079
vt 0.363636 0.685079
vt 0.409090 0.763809
vt 0.363636 0.685079
vt 0.318182 0.763809
vt 0.318182 0.763809
vt 0.363636 0.685079
vt 0.272727 0.685079
vt 0.227273 0.763809
vt 0.272727 0.685079
vt 0.181818 0.685079
vt 0.227273 0.763809
vt 0.181818 0.685079
vt 0.136363 0.763809
vt 0.136363 0.763809
vt 0.181818 0.685079
vt 0.090909 0.685079
vt 0.954545 0.763809
vt 1.000000 0.685079
vt 0.909091 0.685079
vt 0.954545 0.763809
vt 0.909091 0.685079
vt 0.863635 0.763809
vt 0.863635 0.763809
vt 0.909091 0.685079
vt 0.818181 0.685079
vt 0.772726 0.763809
vt 0.818181 0.685079
vt 0.727272 0.685079
vt 0.772726 0.763809
vt 0.727272 0.685079
vt 0.681818 0.763809
vt 0.681818 0.763809
vt 0.727272 0.685079
vt 0.636363 0.685079
vt 0.500000 0.763809
vt 0.454545 0.685079
vt 0.409090 0.763809
vt 0.318182 0.763809
vt 0.272727 0.685079
vt 0.227273 0.763809
vt 0.136363 0.763809
vt 0.090909 0.685079
vt 0.045454 0.763809
vt 0.863635 0.763809
vt 0.818181 0.685079
vt 0.772726 0.763809
vt 0.681818 0.763809
vt 0.636363 0.685079
vt 0.590909 0.763809
vt 0.818181 0.685079
vt 0.772726 0.606349
vt 0.727272 0.685079
vt 1.000000 0.685079
vt 0.954545 0.606349
vt 0.909091 0.685079
vt 0.272727 0.685079
vt 0.227273 0.606349
vt 0.181818 0.685079
vt 0.454545 0.685079
vt 0.409090 0.606349
vt 0.363636 0.685079
vt 0.636363 0.685079
vt 0.590909 0.606349
vt 0.545454 0.685079
vt 0.590909 0.606349
vt 0.545454 0.527618
vt 0.500000 0.606349
vt 0.590909 0.606349
vt 0.500000 0.606349
vt 0.545454 0.685079
vt 0.545454 0.685079
vt 0.500000 0.606349
vt 0.454545 0.685079
vt 0.409090 0.606349
vt 0.363636 0.527618
vt 0.318182 0.606349
vt 0.409090 0.606349
vt 0.318182 0.606349
vt 0.363636 0.685079
vt 0.363636 0.685079
vt 0.318182 0.606349
vt 0.272727 0.685079
vt 0.227273 0.606349
vt 0.181818 0.527618
vt 0.136363 0.606349
vt 0.227273 0.606349
vt 0.136363 0.606349
vt 0.181818 0.685079
vt 0.181818 0.685079
vt 0.136363 0.606349
vt 0.090909 0.685079
vt 0.954545 0.606349
vt 0.909090 0.527618
vt 0.863635 0.606349
vt 0.954545 0.606349
vt 0.863635 0.606349
vt 0.909091 0.685079
vt 0.909091 0.685079
vt 0.863635 0.606349
vt 0.818181 0.685079
vt 0.772726 0.606349
vt 0.727272 0.527618
vt 0.681818 0.606349
vt 0.772726 0.606349
vt 0.681818 0.606349
vt 0.727272 0.685079
vt 0.727272 0.685079
vt 0.681818 0.606349
vt 0.636363 0.685079
vt 0.590909 0.763809
vt 0.636363 0.685079
vt 0.545454 0.685079
vt 0.590909 0.763809
vt 0.545454 0.685079
vt 0.500000 0.763809
vt 0.500000 0.763809
vt 0.545454 0.685079
vt 0.454545 0.685079
vt 0.409090 0.763809
vt 0.454545 0.685079
vt 0.363636 0.685079
vt 0.409090 0.763809
vt 0.363636 0.685079
vt 0.318182 0.763809
vt 0.318182 0.763809
vt 0.363636 0.685079
vt 0.272727 0.685079
vt 0.227273 0.763809
vt 0.272727 0.685079
vt 0.181818 0.685079
vt 0.227273 0.763809
vt 0.181818 0.685079
vt 0.136363 0.763809
vt 0.136363 0.763809
vt 0.181818 0.685079
vt 0.090909 0.685079
vt 0.954545 0.763809
vt 1.000000 0.685079
vt 0.909091 0.685079
vt 0.954545 0.763809
vt 0.909091 0.685079
vt 0.863635 0.763809
vt 0.863635 0.763809
vt 0.909091 0.685079
vt 0.818181 0.685079
vt 0.772726 0.763809
vt 0.818181 0.685079
vt 0.727272 0.685079
vt 0.772726 0.763809
vt 0.727272 0.685079
vt 0.681818 0.763809
vt 0.681818 0.763809
vt 0.727272 0.685079
vt 0.636363 0.685079
vt 0.500000 0.763809
vt 0.454545 0.685079
vt 0.409090 0.763809
vt 0.318182 0.763809
vt 0.272727 0.685079
vt 0.227273 0.763809
vt 0.136363 0.763809
vt 0.090909 0.685079
vt 0.045454 0.763809
vt 0.863635 0.763809
vt 0.818181 0.685079
vt 0.772726 0.763809
vt 0.681818 0.763809
vt 0.636363 0.685079
vt 0.590909 0.763809
vt 0.818181 0.685079
vt 0.772726 0.606349
vt 0.727272 0.685079
vt 1.000000 0.685079
vt 0.954545 0.606349
vt 0.909091 0.685079
vt 0.272727 0.685079
vt 0.227273 0.606349
vt 0.181818 0.685079
vt 0.454545 0.685079
vt 0.409090 0.606349
vt 0.363636 0.685079
vt 0.636363 0.685079
vt 0.590909 0.606349
vt 0.545454 0.685079
vt 0.590909 0.606349
vt 0.545454 0.527618
vt 0.500000 0.606349
vt 0.590909 0.606349
vt 0.500000 0.606349
vt 0.545454 0.685079
vt 0.545454 0.685079
vt 0.500000 0.606349
vt 0.454545 0.685079
vt 0.409090 0.606349
vt 0.363636 0.527618
vt 0.318182 0.606349
vt 0.409090 0.606349
vt 0.318182 0.606349
vt 0.363636 0.685079
vt 0.363636 0.685079
vt 0.318182 0.606349
vt 0.272727 0.685079
vt 0.227273 0.606349
vt 0.181818 0.527618
vt 0.136363 0.606349
vt 0.227273 0.606349
vt 0.136363 0.606349
vt 0.181818 0.685079
vt 0.181818 0.685079
vt 0.136363 0.606349
vt 0.090909 0.685079
vt 0.954545 0.606349
vt 0.909090 0.527618
vt 0.863635 0.606349
vt 0.954545 0.606349
vt 0.863635 0.606349
vt 0.909091 0.685079
vt 0.909091 0.685079
vt 0.863635 0.606349
vt 0.818181 0.685079
vt 0.772726 0.606349
vt 0.727272 0.527618
vt 0.681818 0.606349
vt 0.772726 0.606349
vt 0.681818 0.606349
vt 0.727272 0.685079
vt 0.727272 0.685079
vt 0.681818 0.606349
vt 0.636363 0.685079
vt 0.590909 0.763809
vt 0.636363 0.685079
vt 0.545454 0.685079
vt 0.590909 0.763809
vt 0.545454 0.685079
vt 0.500000 0.763809
vt 0.500000 0.763809
vt 0.545454 0.685079
vt 0.454545 0.685079
vt 0.409090 0.763809
vt 0.454545 0.685079
vt 0.363636 0.685079
vt 0.409090 0.763809
vt 0.363636 0.685079
vt 0.318182 0.763809
vt 0.318182 0.763809
vt 0.363636 0.685079
vt 0.272727 0.685079
vt 0.227273 0.763809
vt 0.272727 0.685079
vt 0.181818 0.685079
vt 0.227273 0.763809
vt 0.181818 0.685079
vt 0.136363 0.763809
vt 0.136363 0.763809
vt 0.181818 0.685079
vt 0.090909 0.685079
vt 0.954545 0.763809
vt 1.000000 0.685079
vt 0.909091 0.685079
vt 0.954545 0.763809
vt 0.909091 0.685079
vt 0.863635 0.763809
vt 0.863635 0.763809
vt 0.909091 0.685079
vt 0.818181 0.685079
vt 0.772726 0.763809
vt 0.818181 0.685079
vt 0.727272 0.685079
vt 0.772726 0.763809
vt 0.727272 0.685079
vt 0.681818 0.763809
vt 0.681818 0.763809
vt 0.727272 0.685079
vt 0.636363 0.685079
vt 0.500000 0.763809
vt 0.454545 0.685079
vt 0.409090 0.763809
vt 0.318182 0.763809
vt 0.272727 0.685079
vt 0.227273 0.763809
vt 0.136363 0.763809
vt 0.090909 0.685079
vt 0.045454 0.763809
vt 0.863635 0.763809
vt 0.818181 0.685079
vt 0.772726 0.763809
vt 0.681818 0.763809
vt 0.636363 0.685079
vt 0.590909 0.763809
vt 0.818181 0.685079
vt 0.772726 0.606349
vt 0.727272 0.685079
vt 1.000000 0.685079
vt 0.954545 0.606349
vt 0.909091 0.685079
vt 0.272727 0.685079
vt 0.227273 0.606349
vt 0.181818 0.685079
vt 0.454545 0.685079
vt 0.409090 0.606349
vt 0.363636 0.685079
vt 0.636363 0.685079
vt 0.590909 0.606349
vt 0.545454 0.685079
vt 0.590909 0.606349
vt 0.545454 0.527618
vt 0.500000 0.606349
vt 0.590909 0.606349
vt 0.500000 0.606349
vt 0.545454 0.685079
vt 0.545454 0.685079
vt 0.500000 0.606349
vt 0.454545 0.685079
vt 0.409090 0.606349
vt 0.363636 0.527618
vt 0.318182 0.606349
vt 0.409090 0.606349
vt 0.318182 0.606349
vt 0.363636 0.685079
vt 0.363636 0.685079
vt 0.318182 0.606349
vt 0.272727 0.685079
vt 0.227273 0.606349
vt 0.181818 0.527618
vt 0.136363 0.606349
vt 0.227273 0.606349
vt 0.136363 0.606349
vt 0.181818 0.685079
vt 0.181818 0.685079
vt 0.136363 0.606349
vt 0.090909 0.685079
vt 0.954545 0.606349
vt 0.909090 0.527618
vt 0.863635 0.606349
vt 0.954545 0.606349
vt 0.863635 0.606349
vt 0.909091 0.685079
vt 0.909091 0.685079
vt 0.863635 0.606349
vt 0.818181 0.685079
vt 0.772726 0.606349
vt 0.727272 0.527618
vt 0.681818 0.606349
vt 0.772726 0.606349
vt 0.681818 0.606349
vt 0.727272 0.685079
vt 0.727272 0.685079
vt 0.681818 0.606349
vt 0.636363 0.685079
vt 0.590909 0.763809
vt 0.636363 0.685079
vt 0.545454 0.685079
vt 0.590909 0.763809
vt 0.545454 0.685079
vt 0.500000 0.763809
vt 0.500000 0.763809
vt 0.545454 0.685079
vt 0.454545 0.685079
vt 0.409090 0.763809
vt 0.454545 0.685079
vt 0.363636 0.685079
vt 0.409090 0.763809
vt 0.363636 0.685079
vt 0.318182 0.763809
vt 0.318182 0.763809
vt 0.363636 0.685079
vt 0.272727 0.685079
vt 0.227273 0.763809
vt 0.272727 0.685079
vt 0.181818 0.685079
vt 0.227273 0.763809
vt 0.181818 0.685079
vt 0.136363 0.763809
vt 0.136363 0.763809
vt 0.181818 0.685079
vt 0.090909 0.685079
vt 0.954545 0.763809
vt 1.000000 0.685079
vt 0.909091 0.685079
vt 0.954545 0.763809
vt 0.909091 0.685079
vt 0.863635 0.763809
vt 0.863635 0.763809
vt 0.909091 0.685079
vt 0.818181 0.685079
vt 0.772726 0.763809
vt 0.818181 0.685079
vt 0.727272 0.685079
vt 0.772726 0.763809
vt 0.727272 0.685079
vt 0.681818 0.763809
vt 0.681818 0.763809
vt 0.727272 0.685079
vt 0.636363 0.685079
vt 0.500000 0.763809
vt 0.454545 0.685079
vt 0.409090 0.763809
vt 0.318182 0.763809
vt 0.272727 0.685079
vt 0.227273 0.763809
vt 0.136363 0.763809
vt 0.090909 0.685079
vt 0.045454 0.763809
vt 0.863635 0.763809
vt 0.818181 0.685079
vt 0.772726 0.763809
vt 0.681818 0.763809
vt 0.636363 0.685079
vt 0.590909 0.763809
vt 0.818181 0.685079
vt 0.772726 0.606349
vt 0.727272 0.685079
vt 1.000000 0.685079
vt 0.954545 0.606349
vt 0.909091 0.685079
vt 0.272727 0.685079
vt 0.227273 0.606349
vt 0.181818 0.685079
vt 0.454545 0.685079
vt 0.409090 0.606349
vt 0.363636 0.685079
vt 0.636363 0.685079
vt 0.590909 0.606349
vt 0.545454 0.685079
vt 0.590909 0.606349
vt 0.545454 0.527618
vt 0.500000 0.606349
vt 0.590909 0.606349
vt 0.500000 0.606349
vt 0.545454 0.685079
vt 0.545454 0.685079
vt 0.500000 0.606349
vt 0.454545 0.685079
vt 0.409090 0.606349
vt 0.363636 0.527618
vt 0.318182 0.606349
vt 0.409090 0.606349
vt 0.318182 0.606349
vt 0.363636 0.685079
vt 0.363636 0.685079
vt 0.318182 0.606349
vt 0.272727 0.685079
vt 0.227273 0.606349
vt 0.181818 0.527618
vt 0.136363 0.606349
vt 0.227273 0.606349
vt 0.136363 0.606349
vt 0.181818 0.685079
vt 0.181818 0.685079
vt 0.136363 0.606349
vt 0.090909 0.685079
vt 0.954545 0.606349
vt 0.909090 0.527618
vt 0.863635 0.606349
vt 0.954545 0.606349
vt 0.863635 0.606349
vt 0.909091 0.685079
vt 0.909091 0.685079
vt 0.863635 0.606349
vt 0.818181 0.685079
vt 0.772726 0.606349
vt 0.727272 0.527618
vt 0.681818 0.606349
vt 0.772726 0.606349
vt 0.681818 0.606349
vt 0.727272 0.685079
vt 0.727272 0.685079
vt 0.681818 0.606349
vt 0.636363 0.685079
vt 0.590909 0.763809
vt 0.636363 0.685079
vt 0.545454 0.685079
vt 0.590909 0.763809
vt 0.545454 0.685079
vt 0.500000 0.763809
vt 0.500000 0.763809
vt 0.545454 0.685079
vt 0.454545 0.685079
vt 0.409090 0.763809
vt 0.454545 0.685079
vt 0.363636 0.685079
vt 0.409090 0.763809
vt 0.363636 0.685079
vt 0.318182 0.763809
vt 0.318182 0.763809
vt 0.363636 0.685079
vt 0.272727 0.685079
vt 0.227273 0.763809
vt 0.272727 0.685079
vt 0.181818 0.685079
vt 0.227273 0.763809
vt 0.181818 0.685079
vt 0.136363 0.763809
vt 0.136363 0.763809
vt 0.181818 0.685079
vt 0.090909 0.685079
vt 0.954545 0.763809
vt 1.000000 0.685079
vt 0.909091 0.685079
vt 0.954545 0.763809
vt 0.909091 0.685079
vt 0.863635 0.763809
vt 0.863635 0.763809
vt 0.909091 0.685079
vt 0.818181 0.685079
vt 0.772726 0.763809
vt 0.818181 0.685079
vt 0.727272 0.685079
vt 0.772726 0.763809
vt 0.727272 0.685079
vt 0.681818 0.763809
vt 0.681818 0.763809
vt 0.727272 0.685079
vt 0.636363 0.685079
vt 0.500000 0.763809
vt 0.454545 0.685079
vt 0.409090 0.763809
vt 0.318182 0.763809
vt 0.272727 0.685079
vt 0.227273 0.763809
vt 0.136363 0.763809
vt 0.090909 0.685079
vt 0.045454 0.763809
vt 0.863635 0.763809
vt 0.818181 0.685079
vt 0.772726 0.763809
vt 0.681818 0.763809
vt 0.636363 0.685079
vt 0.590909 0.763809
vt 0.818181 0.685079
vt 0.772726 0.606349
vt 0.727272 0.685079
vt 1.000000 0.685079
vt 0.954545 0.606349
vt 0.909091 0.685079
vt 0.272727 0.685079
vt 0.227273 0.606349
vt 0.181818 0.685079
vt 0.454545 0.685079
vt 0.409090 0.606349
vt 0.363636 0.685079
vt 0.636363 0.685079
vt 0.590909 0.606349
vt 0.545454 0.685079
vt 0.590909 0.606349
vt 0.545454 0.527618
vt 0.500000 0.606349
vt 0.590909 0.606349
vt 0.500000 0.606349
vt 0.545454 0.685079
vt 0.545454 0.685079
vt 0.500000 0.606349
vt 0.454545 0.685079
vt 0.409090 0.606349
vt 0.363636 0.527618
vt 0.318182 0.606349
vt 0.409090 0.606349
vt 0.318182 0.606349
vt 0.363636 0.685079
vt 0.363636 0.685079
vt 0.318182 0.606349
vt 0.272727 0.685079
vt 0.227273 0.606349
vt 0.181818 0.527618
vt 0.136363 0.606349
vt 0.227273 0.606349
vt 0.136363 0.606349
vt 0.181818 0.685079
vt 0.181818 0.685079
vt 0.136363 0.606349
vt 0.090909 0.685079
vt 0.954545 0.606349
vt 0.909090 0.527618
vt 0.863635 0.606349
vt 0.954545 0.606349
vt 0.863635 0.606349
vt 0.909091 0.685079
vt 0.909091 0.685079
vt 0.863635 0.606349
vt 0.818181 0.685079
vt 0.772726 0.606349
vt 0.727272 0.527618
vt 0.681818 0.606349
vt 0.772726 0.606349
vt 0.681818 0.606349
vt 0.727272 0.685079
vt 0.727272 0.685079
vt 0.681818 0.606349
vt 0.636363 0.685079
vt 0.590909 0.763809
vt 0.636363 0.685079
vt 0.545454 0.685079
vt 0.590909 0.763809
vt 0.545454 0.685079
vt 0.500000 0.763809
vt 0.500000 0.763809
vt 0.545454 0.685079
vt 0.454545 0.685079
vt 0.409090 0.763809
vt 0.454545 0.685079
vt 0.363636 0.685079
vt 0.409090 0.763809
vt 0.363636 0.685079
vt 0.318182 0.763809
vt 0.318182 0.763809
vt 0.363636 0.685079
vt 0.272727 0.685079
vt 0.227273 0.763809
vt 0.272727 0.685079
vt 0.181818 0.685079
vt 0.227273 0.763809
vt 0.181818 0.685079
vt 0.136363 0.763809
vt 0.136363 0.763809
vt 0.181818 0.685079
vt 0.090909 0.685079
vt 0.954545 0.763809
vt 1.000000 0.685079
vt 0.909091 0.685079
vt 0.954545 0.763809
vt 0.909091 0.685079
vt 0.863635 0.763809
vt 0.863635 0.763809
vt 0.909091 0.685079
vt 0.818181 0.685079
vt 0.772726 0.763809
vt 0.818181 0.685079
vt 0.727272 0.685079
vt 0.772726 0.763809
vt 0.727272 0.685079
vt 0.681818 0.763809
vt 0.681818 0.763809
vt 0.727272 0.685079
vt 0.636363 0.685079
vt 0.500000 0.763809
vt 0.454545 0.685079
vt 0.409090 0.763809
vt 0.318182 0.763809
vt 0.272727 0.685079
vt 0.227273 0.763809
vt 0.136363 0.763809
vt 0.090909 0.685079
vt 0.045454 0.763809
vt 0.863635 0.763809
vt 0.818181 0.685079
vt 0.772726 0.763809
vt 0.681818 0.763809
vt 0.636363 0.685079
vt 0.590909 0.763809
vt 0.818181 0.685079
vt 0.772726 0.606349
vt 0.727272 0.685079
vt 1.000000 0.685079
vt 0.954545 0.606349
vt 0.909091 0.685079
vt 0.272727 0.685079
vt 0.227273 0.606349
vt 0.181818 0.685079
vt 0.454545 0.685079
vt 0.409090 0.606349
vt 0.363636 0.685079
vt 0.636363 0.685079
vt 0.590909 0.606349
vt 0.545454 0.685079
vt 0.590909 0.606349
vt 0.545454 0.527618
vt 0.500000 0.606349
vt 0.590909 0.606349
vt 0.500000 0.606349
vt 0.545454 0.685079
vt 0.545454 0.685079
vt 0.500000 0.606349
vt 0.454545 0.685079
vt 0.409090 0.606349
vt 0.363636 0.527618
vt 0.318182 0.606349
vt 0.409090 0.606349
vt 0.318182 0.606349
vt 0.363636 0.685079
vt 0.363636 0.685079
vt 0.318182 0.606349
vt 0.272727 0.685079
vt 0.227273 0.606349
vt 0.181818 0.527618
vt 0.136363 0.606349
vt 0.227273 0.606349
vt 0.136363 0.606349
vt 0.181818 0.685079
vt 0.181818 0.685079
vt 0.136363 0.606349
vt 0.090909 0.685079
vt 0.954545 0.606349
vt 0.909090 0.527618
vt 0.863635 0.606349
vt 0.954545 0.606349
vt 0.863635 0.606349
vt 0.909091 0.685079
vt 0.909091 0.685079
vt 0.863635 0.606349
vt 0.818181 0.685079
vt 0.772726 0.606349
vt 0.727272 0.527618
vt 0.681818 0.606349
vt 0.772726 0.606349
vt 0.681818 0.606349
vt 0.727272 0.685079
vt 0.727272 0.685079
vt 0.681818 0.606349
vt 0.636363 0.685079
vt 0.590909 0.763809
vt 0.636363 0.685079
vt 0.545454 0.685079
vt 0.590909 0.763809
vt 0.545454 0.685079
vt 0.500000 0.763809
vt 0.500000 0.763809
vt 0.545454 0.685079
vt 0.454545 0.685079
vt 0.409090 0.763809
vt 0.454545 0.685079
vt 0.363636 0.685079
vt 0.409090 0.763809
vt 0.363636 0.685079
vt 0.318182 0.763809
vt 0.318182 0.763809
vt 0.363636 0.685079
vt 0.272727 0.685079
vt 0.227273 0.763809
vt 0.272727 0.685079
vt 0.181818 0.685079
vt 0.227273 0.763809
vt 0.181818 0.685079
vt 0.136363 0.763809
vt 0.136363 0.763809
vt 0.181818 0.685079
vt 0.090909 0.685079
vt 0.954545 0.763809
vt 1.000000 0.685079
vt 0.909091 0.685079
vt 0.954545 0.763809
vt 0.909091 0.685079
vt 0.863635 0.763809
vt 0.863635 0.763809
vt 0.909091 0.685079
vt 0.818181 0.685079
vt 0.772726 0.763809
vt 0.818181 0.685079
vt 0.727272 0.685079
vt 0.772726 0.763809
vt 0.727272 0.685079
vt 0.681818 0.763809
vt 0.681818 0.763809
vt 0.727272 0.685079
vt 0.636363 0.685079
vt 0.500000 0.763809
vt 0.454545 0.685079
vt 0.409090 0.763809
vt 0.318182 0.763809
vt 0.272727 0.685079
vt 0.227273 0.763809
vt 0.136363 0.763809
vt 0.090909 0.685079
vt 0.045454 0.763809
vt 0.863635 0.763809
vt 0.818181 0.685079
vt 0.772726 0.763809
vt 0.681818 0.763809
vt 0.636363 0.685079
vt 0.590909 0.763809
vt 0.818181 0.685079
vt 0.772726 0.606349
vt 0.727272 0.685079
vt 1.000000 0.685079
vt 0.954545 0.606349
vt 0.909091 0.685079
vt 0.272727 0.685079
vt 0.227273 0.606349
vt 0.181818 0.685079
vt 0.454545 0.685079
vt 0.409090 0.606349
vt 0.363636 0.685079
vt 0.636363 0.685079
vt 0.590909 0.606349
vt 0.545454 0.685079
vt 0.590909 0.606349
vt 0.545454 0.527618
vt 0.500000 0.606349
vt 0.590909 0.606349
vt 0.500000 0.606349
vt 0.545454 0.685079
vt 0.545454 0.685079
vt 0.500000 0.606349
vt 0.454545 0.685079
vt 0.409090 0.606349
vt 0.363636 0.527618
vt 0.318182 0.606349
vt 0.409090 0.606349
vt 0.318182 0.606349
vt 0.363636 0.685079
vt 0.363636 0.685079
vt 0.318182 0.606349
vt 0.272727 0.685079
vt 0.227273 0.606349
vt 0.181818 0.527618
vt 0.136363 0.606349
vt 0.227273 0.606349
vt 0.136363 0.606349
vt 0.181818 0.685079
vt 0.181818 0.685079
vt 0.136363 0.606349
vt 0.090909 0.685079
vt 0.954545 0.606349
vt 0.909090 0.527618
vt 0.863635 0.606349
vt 0.954545 0.606349
vt 0.863635 0.606349
vt 0.909091 0.685079
vt 0.909091 0.685079
vt 0.863635 0.606349
vt 0.818181 0.685079
vt 0.772726 0.606349
vt 0.727272 0.527618
vt 0.681818 0.606349
vt 0.772726 0.606349
vt 0.681818 0.606349
vt 0.727272 0.685079
vt 0.727272 0.685079
vt 0.681818 0.606349
vt 0.636363 0.685079
vt 0.590909 0.763809
vt 0.636363 0.685079
vt 0.545454 0.685079
vt 0.590909 0.763809
vt 0.545454 0.685079
vt 0.500000 0.763809
vt 0.500000 0.763809
vt 0.545454 0.685079
vt 0.454545 0.685079
vt 0.409090 0.763809
vt 0.454545 0.685079
vt 0.363636 0.685079
vt 0.409090 0.763809
vt 0.363636 0.685079
vt 0.318182 0.763809
vt 0.318182 0.763809
vt 0.363636 0.685079
vt 0.272727 0.685079
vt 0.227273 0.763809
vt 0.272727 0.685079
vt 0.181818 0.685079
vt 0.227273 0.763809
vt 0.181818 0.685079
vt 0.136363 0.763809
vt 0.136363 0.763809
vt 0.181818 0.685079
vt 0.090909 0.685079
vt 0.954545 0.763809
vt 1.000000 0.685079
vt 0.909091 0.685079
vt 0.954545 0.763809
vt 0.909091 0.685079
vt 0.863635 0.763809
vt 0.863635 0.763809
vt 0.909091 0.685079
vt 0.818181 0.685079
vt 0.772726 0.763809
vt 0.818181 0.685079
vt 0.727272 0.685079
vt 0.772726 0.763809
vt 0.727272 0.685079
vt 0.681818 0.763809
vt 0.681818 0.763809
vt 0.727272 0.685079
vt 0.636363 0.685079
vt 0.500000 0.763809
vt 0.454545 0.685079
vt 0.409090 0.763809
vt 0.318182 0.763809
vt 0.272727 0.685079
vt 0.227273 0.763809
vt 0.136363 0.763809
vt 0.090909 0.685079
vt 0.045454 0.763809
vt 0.863635 0.763809
vt 0.818181 0.685079
vt 0.772726 0.763809
vt 0.681818 0.763809
vt 0.636363 0.685079
vt 0.590909 0.763809
vt 0.818181 0.685079
vt 0.772726 0.606349
vt 0.727272 0.685079
vt 1.000000 0.685079
vt 0.954545 0.606349
vt 0.909091 0.685079
vt 0.272727 0.685079
vt 0.227273 0.606349
vt 0.181818 0.685079
vt 0.454545 0.685079
vt 0.409090 0.606349
vt 0.363636 0.685079
vt 0.636363 0.685079
vt 0.590909 0.606349
vt 0.545454 0.685079
vt 0.590909 0.606349
vt 0.545454 0.527618
vt 0.500000 0.606349
vt 0.590909 0.606349
vt 0.500000 0.606349
vt 0.545454 0.685079
vt 0.545454 0.685079
vt 0.500000 0.606349
vt 0.454545 0.685079
vt 0.409090 0.606349
vt 0.363636 0.527618
vt 0.318182 0.606349
vt 0.409090 0.606349
vt 0.318182 0.606349
vt 0.363636 0.685079
vt 0.363636 0.685079
vt 0.318182 0.606349
vt 0.272727 0.685079
vt 0.227273 0.606349
vt 0.181818 0.527618
vt 0.136363 0.606349
vt 0.227273 0.606349
vt 0.136363 0.606349
vt 0.181818 0.685079
vt 0.181818 0.685079
vt 0.136363 0.606349
vt 0.090909 0.685079
vt 0.954545 0.606349
vt 0.909090 0.527618
vt 0.863635 0.606349
vt 0.954545 0.606349
vt 0.863635 0.606349
vt 0.909091 0.685079
vt 0.909091 0.685079
vt 0.863635 0.606349
vt 0.818181 0.685079
vt 0.772726 0.606349
vt 0.727272 0.527618
vt 0.681818 0.606349
vt 0.772726 0.606349
vt 0.681818 0.606349
vt 0.727272 0.685079
vt 0.727272 0.685079
vt 0.681818 0.606349
vt 0.636363 0.685079
vt 0.590909 0.763809
vt 0.636363 0.685079
vt 0.545454 0.685079
vt 0.590909 0.763809
vt 0.545454 0.685079
vt 0.500000 0.763809
vt 0.500000 0.763809
vt 0.545454 0.685079
vt 0.454545 0.685079
vt 0.409090 0.763809
vt 0.454545 0.685079
vt 0.363636 0.685079
vt 0.409090 0.763809
vt 0.363636 0.685079
vt 0.318182 0.763809
vt 0.318182 0.763809
vt 0.363636 0.685079
vt 0.272727 0.685079
vt 0.227273 0.763809
vt 0.272727 0.685079
vt 0.181818 0.685079
vt 0.227273 0.763809
vt 0.181818 0.685079
vt 0.136363 0.763809
vt 0.136363 0.763809
vt 0.181818 0.685079
vt 0.090909 0.685079
vt 0.954545 0.763809
vt 1.000000 0.685079
vt 0.909091 0.685079
vt 0.954545 0.763809
vt 0.909091 0.685079
vt 0.863635 0.763809
vt 0.863635 0.763809
vt 0.909091 0.685079
vt 0.818181 0.685079
vt 0.772726 0.763809
vt 0.818181 0.685079
vt 0.727272 0.685079
vt 0.772726 0.763809
vt 0.727272 0.685079
vt 0.681818 0.763809
vt 0.681818 0.763809
vt 0.727272 0.685079
vt 0.636363 0.685079
vt 0.500000 0.763809
vt 0.454545 0.685079
vt 0.409090 0.763809
vt 0.318182 0.763809
vt 0.272727 0.685079
vt 0.227273 0.763809
vt 0.136363 0.763809
vt 0.090909 0.685079
vt 0.045454 0.763809
vt 0.863635 0.763809
vt 0.818181 0.685079
vt 0.772726 0.763809
vt 0.681818 0.763809
vt 0.636363 0.685079
vt 0.590909 0.763809
vt 0.818181 0.685079
vt 0.772726 0.606349
vt 0.727272 0.685079
vt 1.000000 0.685079
vt 0.954545 0.606349
vt 0.909091 0.685079
vt 0.272727 0.685079
vt 0.227273 0.606349
vt 0.181818 0.685079
vt 0.454545 0.685079
vt 0.409090 0.606349
vt 0.363636 0.685079
vt 0.636363 0.685079
vt 0.590909 0.606349
vt 0.545454 0.685079
vt 0.590909 0.606349
vt 0.545454 0.527618
vt 0.500000 0.606349
vt 0.590909 0.606349
vt 0.500000 0.606349
vt 0.545454 0.685079
vt 0.545454 0.685079
vt 0.500000 0.606349
vt 0.454545 0.685079
vt 0.409090 0.606349
vt 0.363636 0.527618
vt 0.318182 0.606349
vt 0.409090 0.606349
vt 0.318182 0.606349
vt 0.363636 0.685079
vt 0.363636 0.685079
vt 0.318182 0.606349
vt 0.272727 0.685079
vt 0.227273 0.606349
vt 0.181818 0.527618
vt 0.136363 0.606349
vt 0.227273 0.606349
vt 0.136363 0.606349
vt 0.181818 0.685079
vt 0.181818 0.685079
vt 0.136363 0.606349
vt 0.090909 0.685079
vt 0.954545 0.606349
vt 0.909090 0.527618
vt 0.863635 0.606349
vt 0.954545 0.606349
vt 0.863635 0.606349
vt 0.909091 0.685079
vt 0.909091 0.685079
vt 0.863635 0.606349
vt 0.818181 0.685079
vt 0.772726 0.606349
vt 0.727272 0.527618
vt 0.681818 0.606349
vt 0.772726 0.606349
vt 0.681818 0.606349
vt 0.727272 0.685079
vt 0.727272 0.685079
vt 0.681818 0.606349
vt 0.636363 0.685079
vt 0.590909 0.763809
vt 0.636363 0.685079
vt 0.545454 0.685079
vt 0.590909 0.763809
vt 0.545454 0.685079
vt 0.500000 0.763809
vt 0.500000 0.763809
vt 0.545454 0.685079
vt 0.454545 0.685079
vt 0.409090 0.763809
vt 0.454545 0.685079
vt 0.363636 0.685079
vt 0.409090 0.763809
vt 0.363636 0.685079
vt 0.318182 0.763809
vt 0.318182 0.763809
vt 0.363636 0.685079
vt 0.272727 0.685079
vt 0.227273 0.763809
vt 0.272727 0.685079
vt 0.181818 0.685079
vt 0.227273 0.763809
vt 0.181818 0.685079
vt 0.136363 0.763809
vt 0.136363 0.763809
vt 0.181818 0.685079
vt 0.090909 0.685079
vt 0.954545 0.763809
vt 1.000000 0.685079
vt 0.909091 0.685079
vt 0.954545 0.763809
vt 0.909091 0.685079
vt 0.863635 0.763809
vt 0.863635 0.763809
vt 0.909091 0.685079
vt 0.818181 0.685079
vt 0.772726 0.763809
vt 0.818181 0.685079
vt 0.727272 0.685079
vt 0.772726 0.763809
vt 0.727272 0.685079
vt 0.681818 0.763809
vt 0.681818 0.763809
vt 0.727272 0.685079
vt 0.636363 0.685079
vt 0.500000 0.763809
vt 0.454545 0.685079
vt 0.409090 0.763809
vt 0.318182 0.763809
vt 0.272727 0.685079
vt 0.227273 0.763809
vt 0.136363 0.763809
vt 0.090909 0.685079
vt 0.045454 0.763809
vt 0.863635 0.763809
vt 0.818181 0.685079
vt 0.772726 0.763809
vt 0.681818 0.763809
vt 0.636363 0.685079
vt 0.590909 0.763809
vt 0.818181 0.685079
vt 0.772726 0.606349
vt 0.727272 0.685079
vt 1.000000 0.685079
vt 0.954545 0.606349
vt 0.909091 0.685079
vt 0.272727 0.685079
vt 0.227273 0.606349
vt 0.181818 0.685079
vt 0.454545 0.685079
vt 0.409090 0.606349
vt 0.363636 0.685079
vt 0.636363 0.685079
vt 0.590909 0.606349
vt 0.545454 0.685079
vt 0.590909 0.606349
vt 0.545454 0.527618
vt 0.500000 0.606349
vt 0.590909 0.606349
vt 0.500000 0.606349
vt 0.545454 0.685079
vt 0.545454 0.685079
vt 0.500000 0.606349
vt 0.454545 0.685079
vt 0.409090 0.606349
vt 0.363636 0.527618
vt 0.318182 0.606349
vt 0.409090 0.606349
vt 0.318182 0.606349
vt 0.363636 0.685079
vt 0.363636 0.685079
vt 0.318182 0.606349
vt 0.272727 0.685079
vt 0.227273 0.606349
vt 0.181818 0.527618
vt 0.136363 0.606349
vt 0.227273 0.606349
vt 0.136363 0.606349
vt 0.181818 0.685079
vt 0.181818 0.685079
vt 0.136363 0.606349
vt 0.090909 0.685079
vt 0.954545 0.606349
vt 0.909090 0.527618
vt 0.863635 0.606349
vt 0.954545 0.606349
vt 0.863635 0.606349
vt 0.909091 0.685079
vt 0.909091 0.685079
vt 0.863635 0.606349
vt 0.818181 0.685079
vt 0.772726 0.606349
vt 0.727272 0.527618
vt 0.681818 0.606349
vt 0.772726 0.606349
vt 0.681818 0.606349
vt 0.727272 0.685079
vt 0.727272 0.685079
vt 0.681818 0.606349
vt 0.636363 0.685079
vt 0.590909 0.763809
vt 0.636363 0.685079
vt 0.545454 0.685079
vt 0.590909 0.763809
vt 0.545454 0.685079
vt 0.500000 0.763809
vt 0.500000 0.763809
vt 0.545454 0.685079
vt 0.454545 0.685079
vt 0.409090 0.763809
vt 0.454545 0.685079
vt 0.363636 0.685079
vt 0.409090 0.763809
vt 0.363636 0.685079
vt 0.318182 0.763809
vt 0.318182 0.763809
vt 0.363636 0.685079
vt 0.272727 0.685079
vt 0.227273 0.763809
vt 0.272727 0.685079
vt 0.181818 0.685079
vt 0.227273 0.763809
vt 0.181818 0.685079
vt 0.136363 0.763809
vt 0.136363 0.763809
vt 0.181818 0.685079
vt 0.090909 0.685079
vt 0.954545 0.763809
vt 1.000000 0.685079
vt 0.909091 0.685079
vt 0.954545 0.763809
vt 0.909091 0.685079
vt 0.863635 0.763809
vt 0.863635 0.763809
vt 0.909091 0.685079
vt 0.818181 0.685079
vt 0.772726 0.763809
vt 0.818181 0.685079
vt 0.727272 0.685079
vt 0.772726 0.763809
vt 0.727272 0.685079
vt 0.681818 0.763809
vt 0.681818 0.763809
vt 0.727272 0.685079
vt 0.636363 0.685079
vt 0.500000 0.763809
vt 0.454545 0.685079
vt 0.409090 0.763809
vt 0.318182 0.763809
vt 0.272727 0.685079
vt 0.227273 0.763809
vt 0.136363 0.763809
vt 0.090909 0.685079
vt 0.045454 0.763809
vt 0.863635 0.763809
vt 0.818181 0.685079
vt 0.772726 0.763809
vt 0.681818 0.763809
vt 0.636363 0.685079
vt 0.590909 0.763809
vn 0.965738 -0.166565 -0.199014
vn 0.965738 -0.166565 -0.199014
vn 0.965738 -0.166565 -0.199014
vn -1.000000 -0.000013 0.000030
vn -1.000000 -0.000013 0.000030
vn -1.000000 -0.000013 0.000030
vn 0.000173 0.998956 -0.045690
vn 0.000173 0.998956 -0.045690
vn 0.000173 0.998956 -0.045690
vn 0.999319 -0.036523 -0.005322
vn 0.999480 -0.032109 -0.002896
vn 0.999616 -0.027694 -0.000469
vn 0.999480 -0.032109 -0.002896
vn 0.999633 0.026994 -0.002270
vn 0.999633 0.026994 -0.002270
vn 0.999633 0.026994 -0.002270
vn 0.981603 0.015074 0.190340
vn 0.981603 0.015074 0.190340
vn 0.981603 0.015074 0.190340
vn 0.196099 0.001963 -0.980582
vn 0.196099 0.001963 -0.980582
vn 0.196099 0.001963 -0.980582
vn 0.141855 0.000000 0.989887
vn 0.168533 0.000000 0.985696
vn 0.195091 0.000000 0.980785
vn 0.195089 0.000000 0.980786
vn 0.195089 0.000000 0.980786
vn 0.141855 0.000000 0.989887
vn 0.195090 -0.000000 -0.980785
vn 0.194810 -0.053456 -0.979383
vn 0.195090 -0.000000 -0.980785
vn 0.168451 -0.026747 -0.985347
vn 0.141849 0.000000 -0.989888
vn 0.168451 -0.026747 -0.985347
vn -0.059934 -0.998202 0.000000
vn -0.059934 -0.998202 0.000000
vn -0.059934 -0.998202 0.000000
vn 0.999999 -0.001557 0.000047
vn 0.999999 -0.001557 0.000047
vn 0.999999 -0.001557 0.000047
vn -0.981890 0.015198 0.188841
vn -0.981890 0.015198 0.188841
vn -0.981890 0.015198 0.188841
vn -1.000000 -0.000753 0.000019
vn -1.000000 -0.000753 0.000019
vn -1.000000 -0.000753 0.000019
vn 0.000002 -0.391205 0.920304
vn 0.000002 -0.391205 0.920304
vn 0.000002 -0.391205 0.920304
vn 0.000000 0.000000 -1.000000
vn 0.000000 0.000000 -1.000000
vn 0.000000 0.000000 -1.000000
vn 0.000000 0.000000 -1.000000
vn 0.000000 0.000000 -1.000000
vn -0.992998 -0.118131 -0.000016
vn -0.992998 -0.118131 -0.000016
vn -0.992998 -0.118131 -0.000016
vn -0.999633 0.026994 -0.002270
vn -0.999633 0.026994 -0.002270
vn -0.999633 0.026994 -0.002270
vn -0.999444 0.033335 0.000190
vn -0.999439 0.033479 0.000095
vn -0.999435 0.033623 0.000000
vn -0.999439 0.033479 0.000095
vn 1.000000 -0.000006 0.000010
vn 1.000000 -0.000006 0.000010
vn 1.000000 -0.000006 0.000010
vn -0.872778 0.481969 0.077236
vn -0.872778 0.481969 0.077236
vn -0.872778 0.481969 0.077236
vn 0.002691 -0.718377 -0.695649
vn 0.002691 -0.718377 -0.695649
vn 0.002691 -0.718377 -0.695649
vn 0.002909 -0.714959 -0.699161
vn 0.002909 -0.714959 -0.699161
vn 0.002909 -0.714959 -0.699161
vn -0.981062 0.001791 -0.193684
vn -0.981062 0.001791 -0.193684
vn -0.981062 0.001791 -0.193684
vn 0.002178 -0.713177 -0.700980
vn 0.002178 -0.713177 -0.700980
vn 0.002178 -0.713177 -0.700980
vn -0.705668 0.707942 -0.029189
vn -0.705668 0.707942 -0.029189
vn -0.705668 0.707942 -0.029189
vn 0.201729 0.000000 0.979441
vn 0.200237 0.001644 0.979746
vn 0.198743 0.003287 0.980046
vn 0.200237 0.001644 0.979746
vn -0.970674 -0.030477 0.238462
vn -0.970674 -0.030477 0.238462
vn -0.970674 -0.030477 0.238462
vn 0.007434 -0.999972 -0.000000
vn 0.007434 -0.999972 -0.000000
vn 0.007434 -0.999972 -0.000000
vn 0.002796 -0.999996 0.000001
vn 0.002796 -0.999996 0.000001
vn 0.002796 -0.999996 0.000001
vn -0.192915 -0.962062 -0.192928
vn -0.192915 -0.962062 -0.192928
vn -0.192915 -0.962062 -0.192928
vn -0.192975 -0.962044 0.192956
vn -0.192975 -0.962044 0.192956
vn -0.192975 -0.962044 0.192956
vn -0.245514 0.891377 -0.381012
vn -0.245514 0.891377 -0.381012
vn -0.245514 0.891377 -0.381012
vn 0.711209 -0.083431 -0.698013
vn 0.711209 -0.083431 -0.698013
vn 0.711209 -0.083431 -0.698013
vn -0.504673 0.802781 0.317566
vn -0.504673 0.802781 0.317566
vn -0.504673 0.802781 0.317566
vn -0.730617 0.101624 0.675182
vn -0.730617 0.101624 0.675182
vn -0.730617 0.101624 0.675182
vn -0.169198 0.982787 -0.074172
vn -0.169198 0.982787 -0.074172
vn -0.169198 0.982787 -0.074172
vn -0.277030 0.959722 0.046769
vn -0.277030 0.959722 0.046769
vn -0.277030 0.959722 0.046769
vn -0.288410 0.877070 -0.384145
vn -0.288410 0.877070 -0.384145
vn -0.288410 0.877070 -0.384145
vn -0.401184 0.851445 0.337777
vn -0.401184 0.851445 0.337777
vn -0.401184 0.851445 0.337777
vn -0.673815 0.014959 0.738749
vn -0.673815 0.014959 0.738749
vn -0.673815 0.014959 0.738749
vn -0.369814 0.915729 0.157090
vn -0.369814 0.915729 0.157090
vn -0.369814 0.915729 0.157090
vn -0.289208 0.870827 -0.397516
vn -0.289208 0.870827 -0.397516
vn -0.289208 0.870827 -0.397516
vn -0.740936 0.661403 -0.116447
vn -0.740936 0.661403 -0.116447
vn -0.740936 0.661403 -0.116447
vn 0.286513 -0.914203 0.286605
vn 0.286513 -0.914203 0.286605
vn 0.286513 -0.914203 0.286605
vn 0.286560 -0.914156 -0.286709
vn 0.286560 -0.914156 -0.286709
vn 0.286560 -0.914156 -0.286709
vn -0.375694 0.781148 -0.498660
vn -0.375694 0.781148 -0.498660
vn -0.375694 0.781148 -0.498660
vn -0.297450 0.952161 -0.070100
vn -0.297450 0.952161 -0.070100
vn -0.297450 0.952161 -0.070100
vn -0.102707 0.979306 0.174387
vn -0.102707 0.979306 0.174387
vn -0.102707 0.979306 0.174387
vn 0.830065 0.510583 -0.224269
vn 0.830065 0.510583 -0.224269
vn 0.830065 0.510583 -0.224269
vn 0.043922 -0.939948 -0.338479
vn 0.043922 -0.939948 -0.338479
vn 0.043922 -0.939948 -0.338479
vn 0.332451 -0.942659 -0.029509
vn 0.332451 -0.942659 -0.029509
vn 0.332451 -0.942659 -0.029509
vn 0.135898 -0.931027 -0.338703
vn 0.135898 -0.931027 -0.338703
vn 0.135898 -0.931027 -0.338703
vn 0.498199 0.787043 0.363814
vn 0.498199 0.787043 0.363814
vn 0.498199 0.787043 0.363814
vn 0.753318 0.611420 0.242234
vn 0.753318 0.611420 0.242234
vn 0.753318 0.611420 0.242234
vn 0.397331 0.019485 0.917469
vn 0.397331 0.019485 0.917469
vn 0.397331 0.019485 0.917469
vn 0.351574 -0.934661 -0.052959
vn 0.351574 -0.934661 -0.052959
vn 0.351574 -0.934661 -0.052959
vn 0.667891 -0.328171 -0.668001
vn 0.667891 -0.328171 -0.668001
vn 0.667891 -0.328171 -0.668001
vn 0.661063 0.246207 -0.708786
vn 0.661063 0.246207 -0.708786
vn 0.661063 0.246207 -0.708786
vn 0.137701 -0.933022 -0.332429
vn 0.137701 -0.933022 -0.332429
vn 0.137701 -0.933022 -0.332429
vn 0.137701 0.933022 -0.332429
vn 0.137701 0.933022 -0.332429
vn 0.137701 0.933022 -0.332429
vn 0.332471 -0.933005 0.137711
vn 0.332471 -0.933005 0.137711
vn 0.332471 -0.933005 0.137711
vn 0.254450 0.933011 0.254450
vn 0.254450 0.933011 0.254450
vn 0.254450 0.933011 0.254450
vn 0.137698 -0.933019 0.332439
vn 0.137698 -0.933019 0.332439
vn 0.137698 -0.933019 0.332439
vn 0.137698 0.933019 0.332439
vn 0.137698 0.933019 0.332439
vn 0.137698 0.933019 0.332439
vn -0.137692 -0.933024 -0.332425
vn -0.137692 -0.933024 -0.332425
vn -0.137692 -0.933024 -0.332425
vn 0.384419 -0.912837 0.137660
vn 0.384419 -0.912837 0.137660
vn 0.384419 -0.912837 0.137660
vn -0.290020 -0.912027 0.289991
vn -0.290020 -0.912027 0.289991
vn -0.290020 -0.912027 0.289991
vn 0.290018 -0.912019 -0.290018
vn 0.290018 -0.912019 -0.290018
vn 0.290018 -0.912019 -0.290018
vn -0.290018 -0.912019 -0.290018
vn -0.290018 -0.912019 -0.290018
vn -0.290018 -0.912019 -0.290018
vn 0.289991 -0.912027 0.290020
vn 0.289991 -0.912027 0.290020
vn 0.289991 -0.912027 0.290020
vn 0.192912 -0.962066 -0.192912
vn 0.192912 -0.962066 -0.192912
vn 0.192912 -0.962066 -0.192912
vn 0.193005 -0.962044 0.192928
vn 0.193005 -0.962044 0.192928
vn 0.193005 -0.962044 0.192928
vn 0.245944 0.891980 -0.379320
vn 0.245944 0.891980 -0.379320
vn 0.245944 0.891980 -0.379320
vn -0.712654 -0.083318 -0.696550
vn -0.712654 -0.083318 -0.696550
vn -0.712654 -0.083318 -0.696550
vn 0.504684 0.802766 0.317588
vn 0.504684 0.802766 0.317588
vn 0.504684 0.802766 0.317588
vn 0.730549 0.098397 0.675734
vn 0.730549 0.098397 0.675734
vn 0.730549 0.098397 0.675734
vn 0.169349 0.982762 -0.074166
vn 0.169349 0.982762 -0.074166
vn 0.169349 0.982762 -0.074166
vn -0.710551 -0.180903 0.679994
vn -0.710551 -0.180903 0.679994
vn -0.710551 -0.180903 0.679994
vn 0.270716 0.961518 0.046857
vn 0.270716 0.961518 0.046857
vn 0.270716 0.961518 0.046857
vn 0.288418 0.877081 -0.384114
vn 0.288418 0.877081 -0.384114
vn 0.288418 0.877081 -0.384114
vn 0.429531 -0.185896 -0.883711
vn 0.429531 -0.185896 -0.883711
vn 0.429531 -0.185896 -0.883711
vn 0.401186 0.851454 0.337751
vn 0.401186 0.851454 0.337751
vn 0.401186 0.851454 0.337751
vn 0.673815 0.014959 0.738749
vn 0.673815 0.014959 0.738749
vn 0.673815 0.014959 0.738749
vn 0.288941 0.871034 -0.397257
vn 0.288941 0.871034 -0.397257
vn 0.288941 0.871034 -0.397257
vn 0.738190 0.664114 -0.118440
vn 0.738190 0.664114 -0.118440
vn 0.738190 0.664114 -0.118440
vn -0.286487 -0.914211 0.286607
vn -0.286487 -0.914211 0.286607
vn -0.286487 -0.914211 0.286607
vn -0.286586 -0.914149 -0.286707
vn -0.286586 -0.914149 -0.286707
vn -0.286586 -0.914149 -0.286707
vn 0.375780 0.781055 -0.498741
vn 0.375780 0.781055 -0.498741
vn 0.375780 0.781055 -0.498741
vn 0.102707 0.979306 0.174387
vn 0.102707 0.979306 0.174387
vn 0.102707 0.979306 0.174387
vn -0.991797 0.117154 -0.051123
vn -0.991797 0.117154 -0.051123
vn -0.991797 0.117154 -0.051123
vn -0.830064 0.510592 -0.224254
vn -0.830064 0.510592 -0.224254
vn -0.830064 0.510592 -0.224254
vn -0.043918 -0.939961 -0.338445
vn -0.043918 -0.939961 -0.338445
vn -0.043918 -0.939961 -0.338445
vn -0.294696 -0.954961 -0.034702
vn -0.294696 -0.954961 -0.034702
vn -0.294696 -0.954961 -0.034702
vn -0.135919 -0.931019 -0.338717
vn -0.135919 -0.931019 -0.338717
vn -0.135919 -0.931019 -0.338717
vn -0.303705 -0.945102 -0.120606
vn -0.303705 -0.945102 -0.120606
vn -0.303705 -0.945102 -0.120606
vn -0.748560 -0.046777 0.661416
vn -0.748560 -0.046777 0.661416
vn -0.748560 -0.046777 0.661416
vn -0.583149 0.442648 0.681175
vn -0.583149 0.442648 0.681175
vn -0.583149 0.442648 0.681175
vn -0.498126 0.787103 0.363785
vn -0.498126 0.787103 0.363785
vn -0.498126 0.787103 0.363785
vn -0.753372 0.611363 0.242212
vn -0.753372 0.611363 0.242212
vn -0.753372 0.611363 0.242212
vn -0.689591 0.015639 0.724030
vn -0.689591 0.015639 0.724030
vn -0.689591 0.015639 0.724030
vn -0.397202 0.018964 0.917535
vn -0.397202 0.018964 0.917535
vn -0.397202 0.018964 0.917535
vn -0.351591 -0.934655 -0.052943
vn -0.351591 -0.934655 -0.052943
vn -0.351591 -0.934655 -0.052943
vn -0.668096 -0.327445 -0.668153
vn -0.668096 -0.327445 -0.668153
vn -0.668096 -0.327445 -0.668153
vn -0.676325 0.438646 0.591755
vn -0.676325 0.438646 0.591755
vn -0.676325 0.438646 0.591755
vn -0.502869 0.693247 0.516267
vn -0.502869 0.693247 0.516267
vn -0.502869 0.693247 0.516267
vn 1.000000 0.000000 0.000000
vn 1.000000 0.000000 0.000000
vn 1.000000 0.000000 0.000000
vn -1.000000 0.000000 0.000000
vn -1.000000 0.000000 0.000000
vn -1.000000 0.000000 0.000000
vn -0.137711 -0.933005 -0.332471
vn -0.137711 -0.933005 -0.332471
vn -0.137711 -0.933005 -0.332471
vn -0.137711 0.933005 -0.332471
vn -0.137711 0.933005 -0.332471
vn -0.137711 0.933005 -0.332471
vn -0.254431 -0.933022 -0.254431
vn -0.254431 -0.933022 -0.254431
vn -0.254431 -0.933022 -0.254431
vn -0.137715 -0.933008 0.332462
vn -0.137715 -0.933008 0.332462
vn -0.137715 -0.933008 0.332462
vn -0.137715 0.933008 0.332462
vn -0.137715 0.933008 0.332462
vn -0.137715 0.933008 0.332462
vn -1.000000 0.000000 0.000000
vn -1.000000 0.000000 0.000000
vn -1.000000 0.000000 0.000000
vn 1.000000 0.000000 0.000000
vn 1.000000 0.000000 0.000000
vn 1.000000 0.000000 0.000000
vn 0.137698 0.933019 -0.332439
vn 0.137698 0.933019 -0.332439
vn 0.137698 0.933019 -0.332439
vn -0.291554 -0.920838 -0.258946
vn 0.210292 -0.731189 -0.648953
vn 0.667966 -0.488070 -0.561791
vn 0.021152 -0.695855 -0.717871
vn -0.788512 -0.586105 -0.186360
vn -0.357896 -0.781038 -0.511752
vn 0.289991 -0.912027 0.290020
vn 0.289991 -0.912027 0.290020
vn 0.289991 -0.912027 0.290020
vn -0.289991 -0.912027 -0.290020
vn -0.289991 -0.912027 -0.290020
vn -0.289991 -0.912027 -0.290020
vn 0.290018 -0.912019 -0.290018
vn 0.290018 -0.912019 -0.290018
vn 0.290018 -0.912019 -0.290018
vn -0.290020 -0.912027 0.289991
vn -0.290020 -0.912027 0.289991
vn -0.290020 -0.912027 0.289991
vn 0.000003 0.919865 -0.392235
vn 0.000003 0.919865 -0.392235
vn 0.000003 0.919865 -0.392235
vn 0.292749 -0.956189 0.000019
vn 0.292749 -0.956189 0.000019
vn 0.292749 -0.956189 0.000019
vn -0.417220 0.006681 -0.908781
vn -0.417220 0.006681 -0.908781
vn -0.417220 0.006681 -0.908781
vn 0.297183 -0.954821 -0.000001
vn 0.297183 -0.954821 -0.000001
vn 0.297183 -0.954821 -0.000001
vn -0.587877 -0.586134 -0.557537
vn -0.587877 -0.586134 -0.557537
vn -0.587877 -0.586134 -0.557537
vn -0.999943 0.010619 0.000517
vn -0.999943 0.010619 0.000517
vn -0.999943 0.010619 0.000517
vn 0.688111 0.069796 0.722241
vn 0.688111 0.069796 0.722241
vn 0.688111 0.069796 0.722241
vn 0.113865 -0.358622 0.926512
vn 0.113865 -0.358622 0.926512
vn 0.113865 -0.358622 0.926512
vn 0.610818 0.547179 0.572273
vn 0.610818 0.547179 0.572273
vn 0.610818 0.547179 0.572273
vn 0.463859 0.573920 0.674871
vn 0.463859 0.573920 0.674871
vn 0.463859 0.573920 0.674871
vn 0.381159 0.848118 0.367985
vn 0.381159 0.848118 0.367985
vn 0.381159 0.848118 0.367985
vn 0.243859 0.846967 0.472419
vn 0.243859 0.846967 0.472419
vn 0.243859 0.846967 0.472419
vn 0.206615 0.937175 0.281092
vn 0.206615 0.937175 0.281092
vn 0.206615 0.937175 0.281092
vn 0.450624 0.548111 -0.704636
vn 0.450624 0.548111 -0.704636
vn 0.450624 0.548111 -0.704636
vn 0.505400 0.347786 -0.789694
vn 0.505400 0.347786 -0.789694
vn 0.505400 0.347786 -0.789694
vn 0.273951 0.773066 -0.572119
vn 0.273951 0.773066 -0.572119
vn 0.273951 0.773066 -0.572119
vn 0.291245 0.748411 -0.595867
vn 0.291245 0.748411 -0.595867
vn 0.291245 0.748411 -0.595867
vn 0.093268 0.834181 -0.543547
vn 0.093268 0.834181 -0.543547
vn 0.093268 0.834181 -0.543547
vn 0.299889 -0.952289 -0.056672
vn 0.299889 -0.952289 -0.056672
vn 0.299889 -0.952289 -0.056672
vn 0.205214 -0.973382 -0.102052
vn 0.205214 -0.973382 -0.102052
vn 0.205214 -0.973382 -0.102052
vn 0.182493 -0.944929 -0.271671
vn 0.182493 -0.944929 -0.271671
vn 0.182493 -0.944929 -0.271671
vn 0.317541 0.882253 0.347559
vn 0.317541 0.882253 0.347559
vn 0.317541 0.882253 0.347559
vn 0.596286 0.758984 0.261508
vn 0.596286 0.758984 0.261508
vn 0.596286 0.758984 0.261508
vn 0.698244 0.706962 0.112514
vn 0.698244 0.706962 0.112514
vn 0.698244 0.706962 0.112514
vn 0.964119 0.262121 0.042029
vn 0.964119 0.262121 0.042029
vn 0.964119 0.262121 0.042029
vn 0.189143 0.019980 0.981746
vn 0.189143 0.019980 0.981746
vn 0.189143 0.019980 0.981746
vn 0.572168 0.017284 0.819954
vn 0.572168 0.017284 0.819954
vn 0.572168 0.017284 0.819954
vn 0.246072 -0.965263 0.087836
vn 0.246072 -0.965263 0.087836
vn 0.246072 -0.965263 0.087836
vn 0.302893 -0.953009 -0.005433
vn 0.302893 -0.953009 -0.005433
vn 0.302893 -0.953009 -0.005433
vn 0.936547 0.321221 -0.140343
vn 0.936547 0.321221 -0.140343
vn 0.936547 0.321221 -0.140343
vn 0.642178 0.719019 -0.265745
vn 0.642178 0.719019 -0.265745
vn 0.642178 0.719019 -0.265745
vn 0.355122 0.873425 -0.333192
vn 0.355122 0.873425 -0.333192
vn 0.355122 0.873425 -0.333192
vn 0.108330 0.905681 -0.409887
vn 0.108330 0.905681 -0.409887
vn 0.108330 0.905681 -0.409887
vn 0.098117 0.093515 -0.990771
vn 0.098117 0.093515 -0.990771
vn 0.098117 0.093515 -0.990771
vn 0.324615 0.574543 0.751349
vn 0.324615 0.574543 0.751349
vn 0.324615 0.574543 0.751349
vn 0.517102 0.851312 -0.088727
vn 0.517102 0.851312 -0.088727
vn 0.517102 0.851312 -0.088727
vn 0.597528 -0.538272 -0.594326
vn 0.597528 -0.538272 -0.594326
vn 0.597528 -0.538272 -0.594326
vn 0.007012 -0.951112 -0.308768
vn 0.007012 -0.951112 -0.308768
vn 0.007012 -0.951112 -0.308768
vn 0.718007 -0.227226 0.657902
vn 0.718007 -0.227226 0.657902
vn 0.718007 -0.227226 0.657902
vn 0.421868 -0.905872 0.037732
vn 0.421868 -0.905872 0.037732
vn 0.421868 -0.905872 0.037732
vn 0.017341 -0.999850 0.000000
vn 0.017341 -0.999850 0.000000
vn 0.017341 -0.999850 0.000000
vn 0.059116 0.952984 -0.297198
vn 0.059116 0.952984 -0.297198
vn 0.059116 0.952984 -0.297198
vn 0.707101 0.004106 0.707101
vn 0.707101 0.004106 0.707101
vn 0.707101 0.004106 0.707101
vn 0.059119 -0.952982 0.297204
vn 0.059119 -0.952982 0.297204
vn 0.059119 -0.952982 0.297204
vn 0.017341 0.999850 0.000000
vn 0.017341 0.999850 0.000000
vn 0.017341 0.999850 0.000000
vn 0.006907 -0.951751 0.306793
vn 0.006907 -0.951751 0.306793
vn 0.006907 -0.951751 0.306793
vn -0.303113 -0.952955 0.000000
vn -0.303113 -0.952955 0.000000
vn -0.303113 -0.952955 0.000000
vn -0.303015 -0.952986 0.000001
vn -0.303015 -0.952986 0.000001
vn -0.303015 -0.952986 0.000001
vn 0.027921 -0.999610 0.000828
vn 0.027921 -0.999610 0.000828
vn 0.027921 -0.999610 0.000828
vn -0.019326 -0.999626 0.019326
vn -0.019326 -0.999626 0.019326
vn -0.019326 -0.999626 0.019326
vn -0.005932 -0.999965 -0.005932
vn -0.005932 -0.999965 -0.005932
vn -0.005932 -0.999965 -0.005932
vn 0.013764 -0.999905 -0.000198
vn 0.013764 -0.999905 -0.000198
vn 0.013764 -0.999905 -0.000198
vn 0.303042 -0.952977 -0.000000
vn 0.303042 -0.952977 -0.000000
vn 0.303042 -0.952977 -0.000000
vn -0.999966 -0.008156 -0.001473
vn -0.999966 -0.008156 -0.001473
vn -0.999966 -0.008156 -0.001473
vn 0.000000 -0.952986 -0.303014
vn 0.000000 -0.952986 -0.303014
vn 0.000000 -0.952986 -0.303014
vn 0.000003 0.919891 -0.392173
vn 0.000003 0.919891 -0.392173
vn 0.000003 0.919891 -0.392173
vn 0.000001 -0.963479 0.267784
vn 0.000001 -0.963479 0.267784
vn 0.000001 -0.963479 0.267784
vn -0.292749 -0.956189 0.000000
vn -0.292749 -0.956189 0.000000
vn -0.292749 -0.956189 0.000000
vn 0.417236 0.006683 -0.908773
vn 0.417236 0.006683 -0.908773
vn 0.417236 0.006683 -0.908773
vn -0.292749 -0.956189 0.000000
vn -0.292749 -0.956189 0.000000
vn -0.292749 -0.956189 0.000000
vn 0.000000 -0.952950 -0.303129
vn 0.000000 -0.952950 -0.303129
vn 0.000000 -0.952950 -0.303129
vn -0.305490 -0.952195 0.000000
vn -0.305490 -0.952195 0.000000
vn -0.305490 -0.952195 0.000000
vn 0.587877 -0.586134 -0.557537
vn 0.587877 -0.586134 -0.557537
vn 0.587877 -0.586134 -0.557537
vn 0.995873 -0.009771 -0.090235
vn 0.995873 -0.009771 -0.090235
vn 0.995873 -0.009771 -0.090235
vn 0.999933 0.011534 0.000562
vn 0.999933 0.011534 0.000562
vn 0.999933 0.011534 0.000562
vn -0.134813 -0.361816 0.922450
vn -0.134813 -0.361816 0.922450
vn -0.134813 -0.361816 0.922450
vn -0.453307 0.680215 0.576038
vn -0.453307 0.680215 0.576038
vn -0.453307 0.680215 0.576038
vn -0.348087 0.852139 0.390762
vn -0.348087 0.852139 0.390762
vn -0.348087 0.852139 0.390762
vn -0.243094 0.841068 0.483228
vn -0.243094 0.841068 0.483228
vn -0.243094 0.841068 0.483228
vn -0.206241 0.932330 0.297027
vn -0.206241 0.932330 0.297027
vn -0.206241 0.932330 0.297027
vn -0.650454 0.020908 -0.759258
vn -0.650454 0.020908 -0.759258
vn -0.650454 0.020908 -0.759258
vn 0.004946 -0.710155 -0.704028
vn 0.004946 -0.710155 -0.704028
vn 0.004946 -0.710155 -0.704028
vn -0.463183 0.529469 -0.710721
vn -0.463183 0.529469 -0.710721
vn -0.463183 0.529469 -0.710721
vn 0.004944 -0.712997 -0.701150
vn 0.004944 -0.712997 -0.701150
vn 0.004944 -0.712997 -0.701150
vn -0.273951 0.773066 -0.572119
vn -0.273951 0.773066 -0.572119
vn -0.273951 0.773066 -0.572119
vn -0.223449 -0.966368 -0.127295
vn -0.223449 -0.966368 -0.127295
vn -0.223449 -0.966368 -0.127295
vn -0.182506 -0.944923 -0.271682
vn -0.182506 -0.944923 -0.271682
vn -0.182506 -0.944923 -0.271682
vn -0.317601 0.882270 0.347462
vn -0.317601 0.882270 0.347462
vn -0.317601 0.882270 0.347462
vn -0.596499 0.758746 0.261714
vn -0.596499 0.758746 0.261714
vn -0.596499 0.758746 0.261714
vn -0.189185 0.020138 0.981735
vn -0.189185 0.020138 0.981735
vn -0.189185 0.020138 0.981735
vn -0.572190 0.017375 0.819937
vn -0.572190 0.017375 0.819937
vn -0.572190 0.017375 0.819937
vn -0.239896 -0.966150 0.094895
vn -0.239896 -0.966150 0.094895
vn -0.239896 -0.966150 0.094895
vn -0.936560 0.321194 -0.140318
vn -0.936560 0.321194 -0.140318
vn -0.936560 0.321194 -0.140318
vn -0.642150 0.719047 -0.265735
vn -0.642150 0.719047 -0.265735
vn -0.642150 0.719047 -0.265735
vn -0.355136 0.873409 -0.333219
vn -0.355136 0.873409 -0.333219
vn -0.355136 0.873409 -0.333219
vn -0.108337 0.905694 -0.409855
vn -0.108337 0.905694 -0.409855
vn -0.108337 0.905694 -0.409855
vn -0.098162 0.093512 -0.990767
vn -0.098162 0.093512 -0.990767
vn -0.098162 0.093512 -0.990767
vn -0.324615 0.574543 0.751349
vn -0.324615 0.574543 0.751349
vn -0.324615 0.574543 0.751349
vn -0.516970 0.851392 -0.088735
vn -0.516970 0.851392 -0.088735
vn -0.516970 0.851392 -0.088735
vn -0.772864 0.634112 -0.024140
vn -0.772864 0.634112 -0.024140
vn -0.772864 0.634112 -0.024140
vn -0.597580 -0.538219 -0.594321
vn -0.597580 -0.538219 -0.594321
vn -0.597580 -0.538219 -0.594321
vn -0.421865 -0.905873 0.037733
vn -0.421865 -0.905873 0.037733
vn -0.421865 -0.905873 0.037733
vn -0.017341 -0.999850 0.000000
vn -0.017341 -0.999850 0.000000
vn -0.017341 -0.999850 0.000000
vn -0.059122 0.952974 -0.297230
vn -0.059122 0.952974 -0.297230
vn -0.059122 0.952974 -0.297230
vn -0.059122 -0.952975 0.297225
vn -0.059122 -0.952975 0.297225
vn -0.059122 -0.952975 0.297225
vn -0.017341 0.999850 0.000000
vn -0.017341 0.999850 0.000000
vn -0.017341 0.999850 0.000000
vn 0.382672 0.004888 -0.923871
vn 0.382672 0.004888 -0.923871
vn 0.382672 0.004888 -0.923871
vn 0.303015 -0.952986 0.000001
vn 0.303015 -0.952986 0.000001
vn 0.303015 -0.952986 0.000001
vn -0.005193 -0.999987 0.000127
vn -0.005193 -0.999987 0.000127
vn -0.005193 -0.999987 0.000127
vn 0.003666 -0.999987 0.003666
vn 0.003666 -0.999987 0.003666
vn 0.003666 -0.999987 0.003666
vn 0.001447 -0.999998 -0.001447
vn 0.001447 -0.999998 -0.001447
vn 0.001447 -0.999998 -0.001447
vn -0.003562 -0.999994 -0.000050
vn -0.003562 -0.999994 -0.000050
vn -0.003562 -0.999994 -0.000050
vn -0.999944 0.010504 0.000936
vn -0.999985 0.005456 0.000493
vn -1.000000 0.000409 0.000050
vn -0.999985 0.005456 0.000493
vn -1.000000 0.000116 0.000129
vn -1.000000 0.000060 0.000080
vn -1.000000 0.000004 0.000030
vn -1.000000 0.000060 0.000080
vn 0.000005 0.995530 -0.094442
vn 0.000000 0.995530 -0.094448
vn -0.000004 0.995529 -0.094455
vn 0.000000 0.995530 -0.094448
vn -1.000000 -0.000006 0.000010
vn -1.000000 -0.000006 0.000010
vn -1.000000 -0.000006 0.000010
vn -0.822905 0.001286 -0.568178
vn -0.822034 0.000823 -0.569438
vn -0.821161 0.000361 -0.570696
vn -0.822034 0.000823 -0.569438
vn 1.000000 -0.000577 -0.000001
vn 1.000000 -0.000577 -0.000001
vn 1.000000 -0.000577 -0.000001
vn -0.279251 0.959105 -0.046230
vn -0.279251 0.959105 -0.046230
vn -0.486767 0.869825 -0.080393
vn -0.279251 0.959105 -0.046230
vn -1.000000 0.000000 0.000000
vn -1.000000 0.000000 0.000000
vn -1.000000 0.000000 0.000000
vn -1.000000 0.000000 0.000000
vn -0.791215 0.053437 -0.609198
vn -0.775268 0.029857 -0.630926
vn -0.758327 0.006240 -0.651845
vn -0.775268 0.029857 -0.630926
vn -0.432437 0.896244 -0.098719
vn -0.396308 0.913297 -0.093959
vn -0.359538 0.928872 -0.089046
vn -0.396308 0.913297 -0.093959
vn 0.000000 -1.000000 0.000000
vn 0.000000 -1.000000 0.000000
vn 0.000000 -1.000000 0.000000
vn 0.000000 -1.000000 0.000000
vn 0.002915 -0.702202 -0.711972
vn -0.018118 -0.687169 -0.726272
vn -0.039135 -0.671536 -0.739938
vn -0.018118 -0.687169 -0.726272
vn -0.000692 -0.000274 1.000000
vn -0.000346 -0.000199 1.000000
vn -0.000000 -0.000124 1.000000
vn -0.000346 -0.000199 1.000000
vn 0.998984 -0.045075 0.000000
vn 0.998971 -0.045352 0.000089
vn 0.998958 -0.045630 0.000178
vn 0.998971 -0.045352 0.000089
vn 0.000000 -1.000000 0.000000
vn 0.000000 -1.000000 0.000000
vn 0.000000 -1.000000 0.000000
vn 0.000000 -1.000000 0.000000
vn -0.000241 -0.999999 0.001206
vn -0.000224 -1.000000 0.000757
vn 0.057216 -0.998089 -0.023319
vn 0.171383 -0.982709 -0.070073
vn 0.061872 -0.997025 -0.045971
vn 0.125929 -0.873998 -0.469329
vn 0.214252 -0.584834 -0.782346
vn 0.048731 -0.982130 -0.181784
vn -0.442502 0.889825 -0.111367
vn -0.843515 0.532230 -0.072206
vn -0.999723 0.020172 -0.012090
vn -0.843515 0.532230 -0.072206
vn 0.000898 0.096435 -0.995339
vn 0.000451 0.095861 -0.995395
vn 0.000004 0.095287 -0.995450
vn 0.000451 0.095861 -0.995395
vn 0.993040 -0.117774 -0.000049
vn 0.993040 -0.117774 -0.000049
vn 0.993040 -0.117774 -0.000049
vn 0.000932 0.608664 0.793427
vn 0.000801 0.608545 0.793519
vn 0.000669 0.608426 0.793611
vn 0.000801 0.608545 0.793519
vn 0.971711 -0.030271 0.234227
vn 0.971711 -0.030271 0.234227
vn 0.971711 -0.030271 0.234227
vn 0.949068 0.190254 -0.251143
vn 0.949068 0.190254 -0.251143
vn 0.949068 0.190254 -0.251143
vn 0.992972 -0.118352 0.000020
vn 0.992972 -0.118352 0.000020
vn 0.992972 -0.118352 0.000020
vn -0.000012 0.000229 -1.000000
vn -0.000404 -0.000248 -1.000000
vn -0.000796 -0.000724 -0.999999
vn -0.000404 -0.000248 -1.000000
vn 0.999448 0.033220 -0.000002
vn 0.999440 0.033458 -0.000107
vn 0.999432 0.033696 -0.000212
vn 0.999440 0.033458 -0.000107
vn 0.002516 -0.001562 -0.999996
vn 0.001252 -0.001897 -0.999997
vn -0.000012 -0.002232 -0.999998
vn 0.001252 -0.001897 -0.999997
vn 0.000252 0.993837 -0.110854
vn 0.000360 0.993845 -0.110778
vn 0.000468 0.993853 -0.110703
vn 0.000360 0.993845 -0.110778
vn 0.999435 0.033623 0.000000
vn 0.999439 0.033485 0.000091
vn 0.999444 0.033347 0.000183
vn 0.999439 0.033485 0.000091
vn 0.566177 -0.822611 0.052478
vn 0.149785 -0.988145 -0.033687
vn -0.000050 -0.997235 -0.074318
vn 0.003196 -0.997933 -0.064189
vn 0.005111 -0.998809 -0.048514
vn 0.058194 -0.980771 0.186285
vn 0.191650 -0.529555 0.826342
vn 0.293173 -0.900302 0.321723
vn 0.000000 0.988910 0.148514
vn 0.000468 0.988802 0.149234
vn 0.000936 0.988693 0.149954
vn 0.000468 0.988802 0.149234
vn 0.000000 -0.000003 -1.000000
vn -0.000005 -0.000002 -1.000000
vn -0.000010 -0.000000 -1.000000
vn -0.000005 -0.000002 -1.000000
vn 0.000400 0.987896 0.155118
vn 0.000309 0.987884 0.155194
vn 0.000218 0.987872 0.155270
vn 0.000309 0.987884 0.155194
vn 0.000000 -0.391206 0.920303
vn 0.000001 -0.391205 0.920304
vn 0.000003 -0.391203 0.920304
vn 0.000001 -0.391205 0.920304
vn 0.999418 -0.034099 0.000557
vn 0.999342 -0.036226 0.001965
vn 0.999259 -0.038353 0.003373
vn 0.999342 -0.036226 0.001965
vn 0.000000 0.000000 1.000000
vn 0.000000 0.000000 1.000000
vn 0.000000 0.000000 1.000000
vn 0.000000 0.000000 1.000000
vn -0.000126 0.994364 -0.106019
vn -0.000065 0.994374 -0.105924
vn -0.000003 0.994384 -0.105829
vn -0.000065 0.994374 -0.105924
vn -0.000029 -0.724561 -0.689210
vn -0.000017 -0.724743 -0.689020
vn -0.000006 -0.724924 -0.688829
vn -0.000017 -0.724743 -0.689020
vn 0.012336 0.998986 -0.043292
vn 0.012896 0.998960 -0.043742
vn 0.013455 0.998932 -0.044192
vn 0.012896 0.998960 -0.043742
vn 0.015114 0.994298 -0.105559
vn 0.015495 0.994257 -0.105893
vn 0.015876 0.994215 -0.106226
vn 0.015495 0.994257 -0.105893
vn 0.999324 0.036757 -0.000506
vn 0.999257 0.038513 -0.001223
vn 0.999187 0.040269 -0.001941
vn 0.999257 0.038513 -0.001223
vn 0.907365 0.420073 -0.015068
vn 0.913760 0.405952 -0.015682
vn 0.919935 0.391733 -0.016292
vn 0.913760 0.405952 -0.015682
vn 0.000130 -1.000000 0.000001
vn 0.000130 -1.000000 0.000001
vn 0.000130 -1.000000 0.000001
vn 0.071659 0.991303 -0.110380
vn 0.071486 0.991316 -0.110370
vn 0.071312 0.991330 -0.110360
vn 0.071486 0.991316 -0.110370
vn -1.000000 0.000000 0.000000
vn -1.000000 0.000000 0.000000
vn -1.000000 0.000000 0.000000
vn -1.000000 0.000000 0.000000
vn 0.999066 0.043017 -0.003969
vn 0.999066 0.043017 -0.003969
vn 0.999066 0.043017 -0.003969
vn 0.023562 -0.184832 0.982488
vn 0.017630 -0.218913 0.975585
vn 0.011675 -0.252721 0.967469
vn 0.017630 -0.218913 0.975585
vn 0.929944 0.365826 -0.037101
vn 0.932725 0.358692 -0.036929
vn 0.935452 0.351537 -0.036754
vn 0.932725 0.358692 -0.036929
vn 0.000440 0.384626 0.923072
vn 0.000316 0.387985 0.921666
vn 0.000191 0.391339 0.920247
vn 0.000316 0.387985 0.921666
vn 0.237346 0.959698 0.150487
vn 0.236099 0.960009 0.150464
vn 0.234853 0.960319 0.150441
vn 0.236099 0.960009 0.150464
vn 0.146216 0.604275 0.783245
vn 0.162197 0.601628 0.782135
vn 0.178135 0.598823 0.780819
vn 0.162197 0.601628 0.782135
vn 0.451761 0.881636 0.136492
vn 0.467225 0.873620 0.135974
vn 0.482548 0.865338 0.135415
vn 0.467225 0.873620 0.135974
vn 0.870715 0.485885 0.075965
vn 0.868815 0.489205 0.076410
vn 0.866902 0.492518 0.076853
vn 0.868815 0.489205 0.076410
vn -0.002853 -0.718769 -0.695243
vn -0.003217 -0.717067 -0.696997
vn -0.003581 -0.715361 -0.698746
vn -0.003217 -0.717067 -0.696997
vn -0.001621 -0.721165 -0.692762
vn -0.001621 -0.721165 -0.692762
vn -0.001621 -0.721165 -0.692762
vn 0.082285 0.990973 -0.105835
vn 0.080602 0.991123 -0.105733
vn 0.078918 0.991269 -0.105631
vn 0.080602 0.991123 -0.105733
vn -0.003532 -0.715434 -0.698671
vn -0.004062 -0.713595 -0.700547
vn -0.004591 -0.711750 -0.702418
vn -0.004062 -0.713595 -0.700547
vn 0.588571 0.000410 -0.808446
vn 0.573080 -0.001318 -0.819498
vn 0.557380 -0.003047 -0.830252
vn 0.573080 -0.001318 -0.819498
vn 0.075604 0.985071 0.154656
vn 0.075253 0.985101 0.154638
vn 0.074902 0.985131 0.154620
vn 0.075253 0.985101 0.154638
vn 0.833255 -0.003313 -0.552879
vn 0.821972 -0.001450 -0.569525
vn 0.810355 0.000413 -0.585939
vn 0.821972 -0.001450 -0.569525
vn 0.980972 -0.001256 -0.194146
vn 0.979058 -0.000558 -0.203582
vn 0.977052 0.000141 -0.212999
vn 0.979058 -0.000558 -0.203582
vn 0.036787 0.289111 0.956588
vn 0.039558 0.273928 0.960936
vn 0.042319 0.258675 0.965037
vn 0.039558 0.273928 0.960936
vn 0.072149 0.174485 0.982013
vn 0.081411 0.110292 0.990559
vn 0.090325 0.045626 0.994867
vn 0.081411 0.110292 0.990559
vn 0.777296 -0.370617 0.508383
vn 0.786620 -0.362965 0.499485
vn 0.795767 -0.355232 0.490474
vn 0.786620 -0.362965 0.499485
vn 0.071619 -0.006673 0.997410
vn 0.071619 -0.006673 0.997410
vn 0.071619 -0.006673 0.997410
vn 0.063246 -0.147900 0.986978
vn 0.063246 -0.147900 0.986978
vn 0.063246 -0.147900 0.986978
vn 0.491105 -0.513320 0.703789
vn 0.498451 -0.510385 0.700752
vn 0.505761 -0.507414 0.697665
vn 0.498451 -0.510385 0.700752
vn 0.149594 -0.582683 0.798813
vn 0.170662 -0.578958 0.797297
vn 0.191651 -0.574967 0.795414
vn 0.170662 -0.578958 0.797297
vn 0.225755 0.968226 -0.107576
vn 0.225343 0.968324 -0.107562
vn 0.224930 0.968421 -0.107548
vn 0.225343 0.968324 -0.107562
vn 0.433584 0.895787 -0.097833
vn 0.449206 0.888066 -0.097737
vn 0.464691 0.880076 -0.097612
vn 0.449206 0.888066 -0.097737
vn 0.890996 0.451225 -0.050219
vn 0.877036 0.477552 -0.052464
vn 0.862293 0.503452 -0.054663
vn 0.877036 0.477552 -0.052464
vn 0.971894 0.144022 0.186226
vn 0.973103 0.140764 0.182363
vn 0.974286 0.137503 0.178495
vn 0.973103 0.140764 0.182363
vn 0.771703 0.386503 0.505064
vn 0.775476 0.383507 0.501557
vn 0.779221 0.380497 0.498032
vn 0.775476 0.383507 0.501557
vn 0.972651 -0.135811 0.188428
vn 0.969659 -0.143363 0.198012
vn 0.966513 -0.150893 0.207565
vn 0.969659 -0.143363 0.198012
vn 0.484240 0.532868 0.693947
vn 0.473196 0.536957 0.698400
vn 0.462076 0.540960 0.702743
vn 0.473196 0.536957 0.698400
vn 0.195295 0.095875 -0.976047
vn 0.185314 0.095006 -0.978076
vn 0.175315 0.094127 -0.980003
vn 0.185314 0.095006 -0.978076
vn 0.556306 0.079898 -0.827127
vn 0.556245 0.079897 -0.827169
vn 0.556184 0.079896 -0.827210
vn 0.556245 0.079897 -0.827169
vn 0.832062 0.053630 -0.552084
vn 0.831983 0.053632 -0.552202
vn 0.831905 0.053634 -0.552320
vn 0.831983 0.053632 -0.552202
vn 0.981404 0.018679 -0.191044
vn 0.982885 0.018474 -0.183292
vn 0.984305 0.018267 -0.175528
vn 0.982885 0.018474 -0.183292
vn 0.077345 0.996040 -0.043838
vn 0.078258 0.995966 -0.043894
vn 0.079170 0.995892 -0.043949
vn 0.078258 0.995966 -0.043894
vn 0.199413 0.979001 -0.042318
vn 0.200849 0.978705 -0.042391
vn 0.202285 0.978406 -0.042465
vn 0.200849 0.978705 -0.042391
vn 0.353989 0.934463 -0.038360
vn 0.366345 0.929672 -0.038749
vn 0.378637 0.924718 -0.039131
vn 0.366345 0.929672 -0.038749
vn 0.211325 0.971931 -0.103403
vn 0.209360 0.972365 -0.103323
vn 0.207394 0.972794 -0.103243
vn 0.209360 0.972365 -0.103323
vn 0.705160 0.708486 -0.028243
vn 0.692860 0.720513 -0.028398
vn 0.680356 0.732326 -0.028544
vn 0.692860 0.720513 -0.028398
vn 0.393139 0.914287 -0.097578
vn 0.380042 0.919799 -0.097663
vn 0.366868 0.925126 -0.097727
vn 0.380042 0.919799 -0.097663
vn 0.000000 -1.000000 0.000000
vn 0.000000 -1.000000 0.000000
vn 0.000000 -1.000000 0.000000
vn 0.000000 -1.000000 0.000000
vn 0.000000 -1.000000 0.000000
vn 0.000000 -1.000000 0.000000
vn 0.000000 -1.000000 0.000000
vn 0.000000 -1.000000 0.000000
vn 0.000000 -1.000000 0.000000
vn 0.000000 -1.000000 0.000000
vn 0.000000 -1.000000 0.000000
vn 0.000000 -1.000000 0.000000
vn 0.000000 -1.000000 0.000000
vn 0.000000 -1.000000 0.000000
vn 0.000000 -1.000000 0.000000
vn 0.000000 -1.000000 0.000000
vn 0.699666 0.710620 -0.074080
vn 0.713491 0.696829 -0.073217
vn 0.727043 0.682772 -0.072326
vn 0.713491 0.696829 -0.073217
vn 0.001421 -0.586860 0.809687
vn 0.001051 -0.587233 0.809417
vn 0.000681 -0.587606 0.809147
vn 0.001051 -0.587233 0.809417
vn 0.558832 0.003494 -0.829274
vn 0.560245 0.001747 -0.828325
vn 0.561656 0.000000 -0.827371
vn 0.560245 0.001747 -0.828325
vn 0.000000 1.000000 0.000000
vn 0.000000 1.000000 0.000000
vn 0.000000 1.000000 0.000000
vn 0.000000 1.000000 0.000000
vn 0.000000 1.000000 0.000000
vn 0.000000 1.000000 0.000000
vn 0.000000 1.000000 0.000000
vn 0.000000 1.000000 0.000000
vn 0.000000 1.000000 0.000000
vn 0.000000 1.000000 0.000000
vn 0.000000 1.000000 0.000000
vn 0.000000 1.000000 0.000000
vn 0.000000 1.000000 0.000000
vn 0.000000 1.000000 0.000000
vn 0.000000 1.000000 0.000000
vn 0.000000 1.000000 0.000000
vn 0.980146 0.003399 -0.198249
vn 0.980785 -0.000100 -0.195094
vn 0.981401 -0.003599 -0.191934
vn 0.980785 -0.000100 -0.195094
vn 0.982128 0.006966 0.188086
vn 0.981236 0.001790 0.192803
vn 0.980295 -0.003386 0.197511
vn 0.981236 0.001790 0.192803
vn 0.834841 -0.006716 0.550449
vn 0.831426 -0.000084 0.555635
vn 0.827943 0.006548 0.560775
vn 0.831426 -0.000084 0.555635
vn 0.560789 0.000000 0.827959
vn 0.558181 -0.003195 0.829713
vn 0.555562 -0.006390 0.831451
vn 0.558181 -0.003195 0.829713
vn -0.198595 0.003360 0.980076
vn -0.200121 0.001680 0.979770
vn -0.201647 0.000000 0.979458
vn -0.200121 0.001680 0.979770
vn -0.552797 0.003309 0.833309
vn -0.555428 -0.000122 0.831565
vn -0.558047 -0.003553 0.829802
vn -0.555428 -0.000122 0.831565
vn -0.829673 0.003495 0.558239
vn -0.831429 0.000080 0.555630
vn -0.833168 -0.003335 0.553009
vn -0.831429 0.000080 0.555630
vn -0.980114 0.003677 0.198403
vn -0.980770 0.000086 0.195169
vn -0.981402 -0.003504 0.191930
vn -0.980770 0.000086 0.195169
vn -0.981454 0.003489 -0.191666
vn -0.980819 -0.000113 -0.194919
vn -0.980161 -0.003715 -0.198167
vn -0.980819 -0.000113 -0.194919
vn -0.833396 0.003485 -0.552666
vn -0.831608 -0.000032 -0.555363
vn -0.829802 -0.003549 -0.558047
vn -0.831608 -0.000032 -0.555363
vn -0.561640 0.007765 -0.827345
vn -0.557341 0.002106 -0.830281
vn -0.553009 -0.003553 -0.833168
vn -0.557341 0.002106 -0.830281
vn 0.829670 0.003602 -0.558243
vn 0.831513 0.000016 -0.555506
vn 0.833336 -0.003571 -0.552755
vn 0.831513 0.000016 -0.555506
vn -0.195089 0.000000 -0.980786
vn -0.196918 0.001899 -0.980418
vn -0.198745 0.003798 -0.980044
vn -0.196918 0.001899 -0.980418
vn 0.000002 -0.001370 0.999999
vn -0.000124 -0.000685 1.000000
vn -0.000251 0.000000 1.000000
vn -0.000124 -0.000685 1.000000
vn 0.036183 -0.124808 -0.991521
vn 0.036183 -0.124808 -0.991521
vn 0.035984 -0.167694 -0.985182
vn 0.036183 -0.124808 -0.991521
vn -0.000001 0.592958 0.805233
vn -0.000001 0.592959 0.805233
vn 0.000000 0.592960 0.805232
vn -0.000001 0.592959 0.805233
vn 0.000000 -1.000000 0.000002
vn 0.000000 -1.000000 0.000002
vn 0.000000 -1.000000 0.000002
vn 0.000000 0.000000 -1.000000
vn 0.000000 0.000000 -1.000000
vn 0.000000 0.000000 -1.000000
vn 0.000000 0.000000 -1.000000
vn 0.023422 -0.123186 0.992107
vn 0.023422 -0.123186 0.992107
vn 0.023388 -0.136747 0.990330
vn 0.023422 -0.123186 0.992107
vn -0.432291 0.896637 -0.095744
vn -0.431801 0.896881 -0.095670
vn -0.431311 0.897124 -0.095595
vn -0.431801 0.896881 -0.095670
vn 0.999403 0.034259 0.004396
vn 0.999403 0.034259 0.004396
vn 0.999403 0.034259 0.004396
vn -0.000157 -1.000000 0.000026
vn -0.000157 -1.000000 0.000026
vn -0.000157 -1.000000 0.000026
vn -0.012728 -0.999919 0.000001
vn -0.012728 -0.999919 0.000001
vn -0.012728 -0.999919 0.000001
vn 0.821161 0.000363 -0.570697
vn 0.822034 0.000826 -0.569438
vn 0.822905 0.001289 -0.568178
vn 0.822034 0.000826 -0.569438
vn 0.758326 0.006236 -0.651846
vn 0.775264 0.029855 -0.630932
vn 0.791208 0.053436 -0.609209
vn 0.775264 0.029855 -0.630932
vn -0.953265 -0.189964 -0.234946
vn -0.953265 -0.189964 -0.234946
vn -0.953265 -0.189964 -0.234946
vn 0.279241 0.959112 -0.046139
vn 0.279241 0.959112 -0.046139
vn 0.488959 0.868602 -0.080310
vn 0.279241 0.959112 -0.046139
vn 1.000000 0.000000 -0.000001
vn 1.000000 0.000000 -0.000001
vn 1.000000 0.000000 -0.000001
vn 1.000000 0.000000 -0.000001
vn 0.034039 -0.671638 -0.740097
vn 0.015497 -0.687008 -0.726485
vn -0.003058 -0.701853 -0.712316
vn 0.015497 -0.687008 -0.726485
vn -0.992982 -0.118267 0.000000
vn -0.992982 -0.118267 0.000000
vn -0.992982 -0.118267 0.000000
vn 0.432286 0.896641 -0.095725
vn 0.430130 0.897712 -0.095398
vn 0.427972 0.898778 -0.095070
vn 0.430130 0.897712 -0.095398
vn -0.000522 0.999005 -0.044599
vn -0.000522 0.999005 -0.044599
vn -0.000522 0.999005 -0.044599
vn -0.999296 -0.037143 -0.005322
vn -0.999469 -0.032452 -0.002765
vn -0.999615 -0.027759 -0.000207
vn -0.999469 -0.032452 -0.002765
vn -0.008314 -0.999101 -0.041582
vn -0.022910 -0.868312 -0.495490
vn -0.255553 -0.862647 -0.436500
vn -0.353698 -0.931803 -0.081488
vn -0.226990 -0.966319 -0.121260
vn 0.006383 -0.999934 0.009502
vn -0.096704 -0.943765 -0.316159
vn -0.000901 0.096435 -0.995339
vn -0.000454 0.095861 -0.995395
vn -0.000007 0.095287 -0.995450
vn -0.000454 0.095861 -0.995395
vn -0.036183 -0.124808 0.991521
vn -0.036183 -0.124808 0.991521
vn -0.035984 -0.167692 0.985183
vn -0.036183 -0.124808 0.991521
vn 0.430400 0.897210 -0.098847
vn 0.395730 0.913495 -0.094474
vn 0.360472 0.928422 -0.089961
vn 0.395730 0.913495 -0.094474
vn -0.955944 0.178352 -0.233157
vn -0.955944 0.178352 -0.233157
vn -0.955944 0.178352 -0.233157
vn -0.000669 0.608427 0.793610
vn -0.000800 0.608546 0.793519
vn -0.000931 0.608664 0.793427
vn -0.000800 0.608546 0.793519
vn 0.000010 0.000229 -1.000000
vn 0.000005 0.000235 -1.000000
vn 0.000000 0.000241 -1.000000
vn 0.000005 0.000235 -1.000000
vn -0.999431 0.033721 -0.000081
vn -0.999434 0.033630 -0.000040
vn -0.999437 0.033539 0.000000
vn -0.999434 0.033630 -0.000040
vn -0.002260 -0.001632 -0.999996
vn -0.001129 -0.001932 -0.999997
vn 0.000002 -0.002232 -0.999998
vn -0.001129 -0.001932 -0.999997
vn -0.000468 0.993853 -0.110703
vn -0.000361 0.993845 -0.110778
vn -0.000253 0.993837 -0.110853
vn -0.000361 0.993845 -0.110778
vn -0.217500 -0.974486 0.055409
vn -0.354127 -0.934688 0.030860
vn -0.255671 -0.872635 0.416102
vn -0.016003 -0.539448 0.841867
vn -0.095780 -0.959062 0.266506
vn -0.000027 -0.997243 -0.074206
vn -0.057511 -0.997074 -0.050367
vn -0.171831 -0.985124 -0.002043
vn 1.000000 0.000385 0.000047
vn 0.999982 0.005904 0.000531
vn 0.999934 0.011424 0.001015
vn 0.999982 0.005904 0.000531
vn 0.000000 0.000000 -1.000000
vn 0.000000 0.000000 -1.000000
vn 0.000000 0.000000 -1.000000
vn 0.000000 0.000000 -1.000000
vn -0.000400 0.987896 0.155118
vn -0.000311 0.987884 0.155192
vn -0.000223 0.987873 0.155266
vn -0.000311 0.987884 0.155192
vn -0.999259 -0.038332 0.003371
vn -0.999342 -0.036216 0.001970
vn -0.999418 -0.034100 0.000570
vn -0.999342 -0.036216 0.001970
vn 1.000000 -0.000011 0.000023
vn 1.000000 -0.000011 0.000023
vn 1.000000 -0.000011 0.000023
vn 0.000000 0.000000 1.000000
vn 0.000000 0.000000 1.000000
vn 0.000000 0.000000 1.000000
vn 0.000000 0.000000 1.000000
vn 0.999713 0.020671 -0.012115
vn 0.843428 0.532311 -0.072620
vn 0.442667 0.889654 -0.112076
vn 0.843428 0.532311 -0.072620
vn 0.000029 -0.724561 -0.689210
vn 0.000050 -0.724236 -0.689552
vn 0.000071 -0.723911 -0.689893
vn 0.000050 -0.724236 -0.689552
vn -0.012073 0.998980 -0.043517
vn -0.012619 0.998954 -0.043953
vn -0.013166 0.998928 -0.044389
vn -0.012619 0.998954 -0.043953
vn -0.015021 0.994298 -0.105577
vn -0.015445 0.994252 -0.105948
vn -0.015870 0.994205 -0.106319
vn -0.015445 0.994252 -0.105948
vn -0.998961 -0.045566 0.000157
vn -0.998972 -0.045321 0.000079
vn -0.998984 -0.045077 0.000000
vn -0.998972 -0.045321 0.000079
vn -0.919940 0.391721 -0.016290
vn -0.914457 0.404377 -0.015747
vn -0.908800 0.416956 -0.015201
vn -0.914457 0.404377 -0.015747
vn -0.070904 0.991360 -0.110351
vn -0.071282 0.991331 -0.110373
vn -0.071659 0.991301 -0.110395
vn -0.071282 0.991331 -0.110373
vn 1.000000 0.000455 -0.000028
vn 1.000000 0.000227 -0.000014
vn 1.000000 0.000000 0.000000
vn 1.000000 0.000227 -0.000014
vn -0.011696 -0.252647 0.967488
vn -0.017932 -0.217210 0.975960
vn -0.024144 -0.181476 0.983099
vn -0.017932 -0.217210 0.975960
vn -0.934670 0.353590 -0.036962
vn -0.932361 0.359619 -0.037106
vn -0.930013 0.365634 -0.037248
vn -0.932361 0.359619 -0.037106
vn -0.000195 0.391320 0.920255
vn -0.000319 0.387953 0.921679
vn -0.000444 0.384581 0.923091
vn -0.000319 0.387953 0.921679
vn -0.237435 0.959677 0.150484
vn -0.236421 0.959930 0.150465
vn -0.235408 0.960182 0.150446
vn -0.236421 0.959930 0.150465
vn -0.146269 0.604275 0.783235
vn -0.162284 0.601622 0.782122
vn -0.178255 0.598810 0.780802
vn -0.162284 0.601622 0.782122
vn -0.453391 0.880583 0.137874
vn -0.452823 0.880872 0.137899
vn -0.452255 0.881160 0.137924
vn -0.452823 0.880872 0.137899
vn -0.079024 0.991260 -0.105637
vn -0.080651 0.991118 -0.105736
vn -0.082277 0.990974 -0.105835
vn -0.080651 0.991118 -0.105736
vn -0.588577 0.000406 -0.808441
vn -0.573115 -0.001319 -0.819474
vn -0.557445 -0.003044 -0.830208
vn -0.573115 -0.001319 -0.819474
vn -0.075623 0.985071 0.154646
vn -0.075455 0.985086 0.154638
vn -0.075286 0.985100 0.154629
vn -0.075455 0.985086 0.154638
vn -0.810363 0.000412 -0.585927
vn -0.821979 -0.001451 -0.569515
vn -0.833260 -0.003314 -0.552871
vn -0.821979 -0.001451 -0.569515
vn -0.038802 0.285266 0.957663
vn -0.041118 0.272411 0.961302
vn -0.043427 0.259506 0.964765
vn -0.041118 0.272411 0.961302
vn -0.077180 0.163546 0.983512
vn -0.087571 0.086924 0.992359
vn -0.097432 0.009776 0.995194
vn -0.087571 0.086924 0.992359
vn -0.089066 0.033004 0.995479
vn -0.105957 -0.071488 0.991798
vn -0.121659 -0.175178 0.976991
vn -0.105957 -0.071488 0.991798
vn -0.768854 -0.374486 0.518289
vn -0.773706 -0.370772 0.513719
vn -0.778513 -0.367037 0.509119
vn -0.773706 -0.370772 0.513719
vn -0.505761 -0.507413 0.697666
vn -0.498440 -0.510389 0.700757
vn -0.491083 -0.513328 0.703799
vn -0.498440 -0.510389 0.700757
vn -0.191656 -0.574967 0.795412
vn -0.170664 -0.578959 0.797295
vn -0.149594 -0.582685 0.798812
vn -0.170664 -0.578959 0.797295
vn -0.224141 0.968607 -0.107521
vn -0.224952 0.968416 -0.107548
vn -0.225762 0.968225 -0.107576
vn -0.224952 0.968416 -0.107548
vn -0.465773 0.879511 -0.097549
vn -0.449704 0.887821 -0.097675
vn -0.433488 0.895840 -0.097770
vn -0.449704 0.887821 -0.097675
vn -0.196100 0.001966 -0.980582
vn -0.196100 0.001966 -0.980582
vn -0.196100 0.001966 -0.980582
vn -0.864511 0.499667 -0.054340
vn -0.878095 0.475620 -0.052298
vn -0.891005 0.451208 -0.050216
vn -0.878095 0.475620 -0.052298
vn -0.971900 0.144009 0.186201
vn -0.973121 0.140719 0.182300
vn -0.974315 0.137425 0.178394
vn -0.973121 0.140719 0.182300
vn -0.771794 0.386433 0.504978
vn -0.775530 0.383466 0.501505
vn -0.779238 0.380486 0.498015
vn -0.775530 0.383466 0.501505
vn -0.971973 -0.137561 0.190644
vn -0.972315 -0.136683 0.189530
vn -0.972654 -0.135805 0.188416
vn -0.972315 -0.136683 0.189530
vn -0.484262 0.532861 0.693938
vn -0.473259 0.536935 0.698375
vn -0.462182 0.540924 0.702702
vn -0.473259 0.536935 0.698375
vn -0.195322 0.095869 -0.976042
vn -0.185363 0.095002 -0.978067
vn -0.175385 0.094125 -0.979990
vn -0.185363 0.095002 -0.978067
vn -0.556405 0.079894 -0.827061
vn -0.556299 0.079892 -0.827132
vn -0.556194 0.079891 -0.827203
vn -0.556299 0.079892 -0.827132
vn -0.832104 0.053626 -0.552022
vn -0.831997 0.053628 -0.552182
vn -0.831890 0.053630 -0.552343
vn -0.831997 0.053628 -0.552182
vn -0.981407 0.018673 -0.191026
vn -0.982890 0.018468 -0.183265
vn -0.984311 0.018261 -0.175493
vn -0.982890 0.018468 -0.183265
vn -0.078882 0.995912 -0.044003
vn -0.077614 0.996015 -0.043925
vn -0.076347 0.996117 -0.043846
vn -0.077614 0.996015 -0.043925
vn -0.202285 0.978406 -0.042464
vn -0.200849 0.978705 -0.042391
vn -0.199412 0.979002 -0.042318
vn -0.200849 0.978705 -0.042391
vn -0.349525 0.936083 -0.039760
vn -0.351943 0.935175 -0.039800
vn -0.354358 0.934261 -0.039839
vn -0.351943 0.935175 -0.039800
vn -0.207391 0.972795 -0.103242
vn -0.209363 0.972364 -0.103323
vn -0.211334 0.971929 -0.103403
vn -0.209363 0.972364 -0.103323
vn -0.366909 0.925109 -0.097725
vn -0.380054 0.919794 -0.097661
vn -0.393122 0.914294 -0.097577
vn -0.380054 0.919794 -0.097661
vn 0.195085 -0.007219 -0.980760
vn 0.198369 -0.003610 -0.980121
vn 0.201648 0.000000 -0.979458
vn 0.198369 -0.003610 -0.980121
vn -0.727077 0.682736 -0.072322
vn -0.712477 0.697859 -0.073280
vn -0.697561 0.712672 -0.074206
vn -0.712477 0.697859 -0.073280
vn -0.000679 -0.587608 0.809146
vn -0.001050 -0.587235 0.809416
vn -0.001420 -0.586861 0.809686
vn -0.001050 -0.587235 0.809416
vn 0.000000 -1.000000 0.000000
vn 0.000000 -1.000000 0.000000
vn 0.000000 -1.000000 0.000000
vn 0.000000 -1.000000 0.000000
vn 0.000000 -1.000000 0.000000
vn 0.000000 -1.000000 0.000000
vn 0.000000 -1.000000 0.000000
vn 0.000000 -1.000000 0.000000
vn 0.000000 -1.000000 0.000000
vn 0.000000 -1.000000 0.000000
vn 0.000000 -1.000000 0.000000
vn 0.000000 -1.000000 0.000000
vn 0.000000 -1.000000 0.000000
vn 0.000000 -1.000000 0.000000
vn 0.000000 -1.000000 0.000000
vn 0.000000 -1.000000 0.000000
vn -0.833338 0.003943 -0.552750
vn -0.833507 0.003630 -0.552497
vn -0.833676 0.003317 -0.552243
vn -0.833507 0.003630 -0.552497
vn -0.981403 -0.003410 -0.191930
vn -0.980808 -0.000040 -0.194977
vn -0.980192 0.003330 -0.198020
vn -0.980808 -0.000040 -0.194977
vn -0.980125 -0.003314 0.198352
vn -0.980753 0.000120 0.195255
vn -0.981359 0.003555 0.192153
vn -0.980753 0.000120 0.195255
vn -0.829524 -0.003483 0.558460
vn -0.831331 0.000033 0.555777
vn -0.833119 0.003549 0.553082
vn -0.831331 0.000033 0.555777
vn -0.558693 -0.003363 0.829368
vn -0.560056 -0.001681 0.828453
vn -0.561415 0.000000 0.827534
vn -0.560056 -0.001681 0.828453
vn -0.195090 0.000000 0.980785
vn -0.194810 -0.053450 0.979384
vn -0.195090 0.000000 0.980785
vn -0.168454 -0.026745 0.985347
vn -0.141855 0.000000 0.989887
vn -0.168454 -0.026745 0.985347
vn 0.558325 -0.003394 0.829615
vn 0.555674 0.000079 0.831400
vn 0.553011 0.003553 0.833166
vn 0.555674 0.000079 0.831400
vn 0.833338 -0.003483 0.552753
vn 0.831578 -0.000021 0.555408
vn 0.829800 0.003440 0.558051
vn 0.831578 -0.000021 0.555408
vn 0.981403 -0.003405 0.191929
vn 0.980809 -0.000037 0.194973
vn 0.980194 0.003330 0.198014
vn 0.980809 -0.000037 0.194973
vn 0.980125 -0.003314 -0.198352
vn 0.980753 0.000120 -0.195255
vn 0.981359 0.003555 -0.192153
vn 0.980753 0.000120 -0.195255
vn 0.829580 -0.003481 -0.558377
vn 0.831359 -0.000021 -0.555736
vn 0.833120 0.003440 -0.553082
vn 0.831359 -0.000021 -0.555736
vn 0.558755 -0.003286 -0.829326
vn 0.558401 -0.003722 -0.829563
vn 0.558047 -0.004158 -0.829799
vn 0.558401 -0.003722 -0.829563
vn -0.561652 0.000000 -0.827374
vn -0.558611 0.003762 -0.829422
vn -0.555554 0.007524 -0.831447
vn -0.558611 0.003762 -0.829422
vn 0.000000 -1.000000 0.000000
vn 0.000000 -1.000000 0.000000
vn 0.000000 -1.000000 0.000000
vn 0.000000 -1.000000 0.000000
vn -0.141855 0.000000 -0.989887
vn -0.141855 0.000000 -0.989887
vn -0.195094 0.000000 -0.980785
vn -0.195094 0.000000 -0.980785
vn -0.195091 -0.000000 -0.980785
vn -0.168536 0.000000 -0.985696
vn 0.000002 0.000000 1.000000
vn 0.000002 0.000000 1.000000
vn 0.000002 0.000000 1.000000
vn 0.000002 0.000000 1.000000
vn 0.000000 1.000000 0.000000
vn 0.000000 1.000000 0.000000
vn 0.000000 1.000000 0.000000
vn 0.000000 1.000000 0.000000
vn 0.000000 1.000000 0.000000
vn 0.000000 1.000000 0.000000
vn 0.000000 1.000000 0.000000
vn 0.000000 1.000000 0.000000
vn 0.000000 1.000000 0.000000
vn 0.000000 1.000000 0.000000
vn 0.000000 1.000000 0.000000
vn 0.000000 1.000000 0.000000
vn 0.000000 1.000000 0.000000
vn 0.000000 1.000000 0.000000
vn 0.000000 1.000000 0.000000
vn 0.000000 1.000000 0.000000
vn 0.000000 -0.000126 1.000000
vn 0.000346 -0.000201 1.000000
vn 0.000692 -0.000276 1.000000
vn 0.000346 -0.000201 1.000000
vn -0.999999 -0.001122 0.000001
vn -0.999999 -0.001122 0.000001
vn -0.999999 -0.001122 0.000001
vn 1.000000 -0.000001 0.000023
vn 1.000000 0.000054 0.000072
vn 1.000000 0.000109 0.000121
vn 1.000000 0.000054 0.000072
vn -0.035985 -0.167693 -0.985182
vn -0.036185 -0.124813 -0.991520
vn -0.036185 -0.124813 -0.991520
vn -0.036185 -0.124813 -0.991520
vn 0.000000 -1.000000 0.000002
vn -0.000004 -1.000000 0.000001
vn -0.000004 -1.000000 0.000001
vn -0.000008 -1.000000 0.000000
vn -0.192912 -0.962066 -0.192912
vn -0.192912 -0.962066 -0.192912
vn -0.192912 -0.962066 -0.192912
vn -0.192979 -0.962038 0.192979
vn -0.192979 -0.962038 0.192979
vn -0.192979 -0.962038 0.192979
vn -0.245729 0.891596 -0.380360
vn -0.245729 0.891596 -0.380360
vn -0.245729 0.891596 -0.380360
vn -0.289205 0.878068 -0.381258
vn -0.289205 0.878068 -0.381258
vn -0.289205 0.878068 -0.381258
vn -0.171324 0.972281 0.159118
vn -0.171324 0.972281 0.159118
vn -0.171324 0.972281 0.159118
vn -0.237858 0.814746 -0.528784
vn -0.237858 0.814746 -0.528784
vn -0.237858 0.814746 -0.528784
vn -0.738189 0.664117 -0.118434
vn -0.738189 0.664117 -0.118434
vn -0.738189 0.664117 -0.118434
vn 0.992066 0.114827 -0.051192
vn 0.992066 0.114827 -0.051192
vn 0.992066 0.114827 -0.051192
vn 0.269471 0.858953 -0.435415
vn 0.269471 0.858953 -0.435415
vn 0.269471 0.858953 -0.435415
vn 0.561966 0.732480 -0.384276
vn 0.561966 0.732480 -0.384276
vn 0.561966 0.732480 -0.384276
vn 0.829999 0.510962 -0.223650
vn 0.829999 0.510962 -0.223650
vn 0.829999 0.510962 -0.223650
vn 0.736587 0.027132 0.675799
vn 0.736587 0.027132 0.675799
vn 0.736587 0.027132 0.675799
vn 0.372888 0.789569 0.487376
vn 0.372888 0.789569 0.487376
vn 0.372888 0.789569 0.487376
vn 0.584459 0.544190 0.601884
vn 0.584459 0.544190 0.601884
vn 0.584459 0.544190 0.601884
vn 0.689571 0.015529 0.724052
vn 0.689571 0.015529 0.724052
vn 0.689571 0.015529 0.724052
vn 0.397142 0.018816 0.917564
vn 0.397142 0.018816 0.917564
vn 0.397142 0.018816 0.917564
vn 0.128199 0.788028 -0.602143
vn 0.128199 0.788028 -0.602143
vn 0.128199 0.788028 -0.602143
vn 0.611526 0.108561 -0.783741
vn 0.611526 0.108561 -0.783741
vn 0.611526 0.108561 -0.783741
vn 0.359769 -0.933041 -0.000838
vn 0.359769 -0.933041 -0.000838
vn 0.359769 -0.933041 -0.000838
vn 0.118608 -0.985844 -0.118509
vn 0.118608 -0.985844 -0.118509
vn 0.118608 -0.985844 -0.118509
vn 0.655274 -0.755339 0.008872
vn 0.655274 -0.755339 0.008872
vn 0.655274 -0.755339 0.008872
vn 0.346402 -0.924377 0.159789
vn 0.493035 -0.869992 0.005545
vn 0.296843 -0.861249 0.412473
vn 0.054664 -0.472884 0.879428
vn 0.212645 -0.846935 0.487322
vn 0.291678 -0.921583 0.256140
vn 0.513914 -0.848965 -0.123088
vn 0.366918 -0.921518 -0.127184
vn 0.369451 -0.927643 -0.054637
vn 0.466891 -0.878600 -0.100378
vn 0.648686 -0.759834 -0.043119
vn -0.241399 -0.679570 -0.692756
vn 0.181388 -0.870677 -0.457187
vn 0.310611 -0.751554 -0.581969
vn 0.788505 -0.586108 -0.186379
vn -0.021139 -0.695805 -0.717919
vn -0.667900 -0.488034 -0.561901
vn 0.052932 -0.977238 0.205434
vn 0.206797 -0.976945 0.053050
vn 0.305686 -0.952133 0.000199
vn 0.139210 -0.980547 0.138380
vn 0.000000 -0.952986 0.303014
vn 0.192912 -0.962066 -0.192912
vn 0.192912 -0.962066 -0.192912
vn 0.192912 -0.962066 -0.192912
vn 0.192928 -0.962062 0.192915
vn 0.192928 -0.962062 0.192915
vn 0.192928 -0.962062 0.192915
vn 0.245597 0.891627 -0.380373
vn 0.245597 0.891627 -0.380373
vn 0.245597 0.891627 -0.380373
vn -0.711965 -0.083307 0.697256
vn -0.711965 -0.083307 0.697256
vn -0.711965 -0.083307 0.697256
vn 0.289205 0.878068 -0.381258
vn 0.289205 0.878068 -0.381258
vn 0.289205 0.878068 -0.381258
vn 0.171328 0.972278 0.159127
vn 0.171328 0.972278 0.159127
vn 0.171328 0.972278 0.159127
vn 0.364833 0.917699 0.157246
vn 0.364833 0.917699 0.157246
vn 0.364833 0.917699 0.157246
vn 0.237671 0.814785 -0.528808
vn 0.237671 0.814785 -0.528808
vn 0.237671 0.814785 -0.528808
vn 0.740894 0.661444 -0.116485
vn 0.740894 0.661444 -0.116485
vn 0.740894 0.661444 -0.116485
vn -0.269472 0.858937 -0.435444
vn -0.269472 0.858937 -0.435444
vn -0.269472 0.858937 -0.435444
vn -0.561957 0.732492 -0.384264
vn -0.561957 0.732492 -0.384264
vn -0.561957 0.732492 -0.384264
vn -0.829999 0.510962 -0.223650
vn -0.829999 0.510962 -0.223650
vn -0.829999 0.510962 -0.223650
vn -0.694168 -0.013205 0.719692
vn -0.694168 -0.013205 0.719692
vn -0.694168 -0.013205 0.719692
vn -0.640303 0.432034 0.635105
vn -0.640303 0.432034 0.635105
vn -0.640303 0.432034 0.635105
vn -0.397331 0.019421 0.917470
vn -0.397331 0.019421 0.917470
vn -0.397331 0.019421 0.917470
vn -0.635006 0.293810 -0.714452
vn -0.635006 0.293810 -0.714452
vn -0.635006 0.293810 -0.714452
vn -0.418727 0.693012 -0.586857
vn -0.418727 0.693012 -0.586857
vn -0.418727 0.693012 -0.586857
vn -0.201024 0.859840 -0.469323
vn -0.201024 0.859840 -0.469323
vn -0.201024 0.859840 -0.469323
vn -0.128196 0.788029 -0.602144
vn -0.128196 0.788029 -0.602144
vn -0.128196 0.788029 -0.602144
vn -0.537313 0.691123 0.483367
vn -0.537313 0.691123 0.483367
vn -0.537313 0.691123 0.483367
vn -1.000000 0.000000 0.000000
vn -1.000000 0.000000 0.000000
vn -1.000000 0.000000 0.000000
vn 1.000000 0.000000 0.000000
vn 1.000000 0.000000 0.000000
vn 1.000000 0.000000 0.000000
vn 1.000000 0.000000 0.000000
vn 1.000000 0.000000 0.000000
vn 1.000000 0.000000 0.000000
vn -1.000000 0.000000 0.000000
vn -1.000000 0.000000 0.000000
vn -1.000000 0.000000 0.000000
vn -0.052969 -0.977228 -0.205476
vn -0.206905 -0.976925 -0.052986
vn -0.305826 -0.952087 -0.000107
vn -0.139285 -0.980536 -0.138378
vn 0.000000 -0.952950 -0.303129
vn -0.510525 -0.855910 0.082349
vn -0.355802 -0.929018 0.101637
vn -0.363508 -0.930238 0.050197
vn -0.462375 -0.883779 0.071726
vn -0.655297 -0.755319 0.008892
vn -0.296886 -0.861248 0.412445
vn -0.493130 -0.869939 0.005457
vn -0.346445 -0.924367 0.159754
vn -0.291701 -0.921577 0.256138
vn -0.212654 -0.846934 0.487319
vn -0.054662 -0.472876 0.879432
vn -0.169804 -0.979509 -0.108302
vn -0.563212 -0.815281 -0.134573
vn -0.650963 -0.752787 -0.097771
vn -0.379448 -0.923918 -0.048944
vn -0.501035 -0.859056 -0.104819
vn -0.206963 -0.976914 0.052955
vn -0.052936 -0.977236 0.205447
vn 0.000000 -0.952977 0.303042
vn -0.139324 -0.980538 0.138329
vn -0.306001 -0.952031 0.000011
vn 0.991025 0.018888 0.132337
vn 0.997134 0.026172 0.070987
vn 0.999400 0.033356 0.009364
vn 0.997134 0.026172 0.070987
vn 0.986961 0.115252 -0.112363
vn 0.995471 0.073917 -0.059774
vn 0.999456 0.032246 -0.006914
vn 0.995471 0.073917 -0.059774
vn 0.324917 -0.945742 0.000000
vn 0.324917 -0.945742 0.000000
vn 0.324917 -0.945742 0.000000
vn 0.349794 -0.916701 -0.193144
vn 0.354736 -0.926412 -0.126183
vn 0.358046 -0.931861 -0.058641
vn 0.354736 -0.926412 -0.126183
vn 0.000000 -0.952977 -0.303042
vn -0.000000 -0.952979 -0.303035
vn -0.000000 -0.952982 -0.303028
vn -0.000000 -0.952979 -0.303035
vn 0.000000 0.929887 0.367846
vn 0.000000 0.929881 0.367860
vn 0.000000 0.929875 0.367875
vn 0.000000 0.929881 0.367860
vn 0.994709 -0.032283 0.097532
vn 0.997805 -0.035277 0.056042
vn 0.999165 -0.038209 0.014455
vn 0.997805 -0.035277 0.056042
vn 0.000001 0.148837 0.988862
vn 0.000002 0.148651 0.988890
vn 0.000004 0.148465 0.988918
vn 0.000002 0.148651 0.988890
vn 0.984922 -0.116635 -0.127768
vn 0.984922 -0.116635 -0.127768
vn 0.984922 -0.116635 -0.127768
vn 0.000000 -0.963473 0.267806
vn 0.000000 -0.963476 0.267795
vn 0.000000 -0.963479 0.267784
vn 0.000000 -0.963476 0.267795
vn 0.355487 -0.932432 0.064807
vn 0.355001 -0.929599 0.099096
vn 0.354094 -0.925666 0.133267
vn 0.355001 -0.929599 0.099096
vn -0.461718 0.000019 -0.887027
vn -0.462862 0.000051 -0.886430
vn -0.464005 0.000084 -0.885833
vn -0.462862 0.000051 -0.886430
vn -0.688708 -0.282323 0.667813
vn -0.662976 -0.292213 0.689256
vn -0.636436 -0.301747 0.709858
vn -0.662976 -0.292213 0.689256
vn -0.612081 0.468221 0.637281
vn -0.600551 0.473778 0.644106
vn -0.588896 0.479235 0.650796
vn -0.600551 0.473778 0.644106
vn -0.403068 0.904305 0.140601
vn -0.290753 0.945819 0.144534
vn -0.174264 0.973756 0.146393
vn -0.290753 0.945819 0.144534
vn -0.229892 0.934776 0.270819
vn -0.228664 0.930024 0.287695
vn -0.227367 0.924984 0.304481
vn -0.228664 0.930024 0.287695
vn -0.181531 0.977846 -0.104227
vn -0.177394 0.978609 -0.104188
vn -0.173254 0.979355 -0.104148
vn -0.177394 0.978609 -0.104188
vn 0.000000 -0.933462 -0.358677
vn 0.002840 -0.943623 -0.331009
vn 0.005677 -0.952958 -0.303050
vn 0.002840 -0.943623 -0.331009
vn 0.289274 -0.957246 -0.000000
vn 0.289274 -0.957246 -0.000000
vn 0.289274 -0.957246 -0.000000
vn -0.191508 0.980322 -0.047900
vn -0.252106 0.966600 -0.046123
vn -0.311730 0.949144 -0.044168
vn -0.252106 0.966600 -0.046123
vn 0.710751 0.024033 0.703033
vn 0.708797 0.023850 0.705009
vn 0.706838 0.023666 0.706980
vn 0.708797 0.023850 0.705009
vn 0.707069 -0.002505 0.707140
vn 0.712584 -0.001429 0.701585
vn 0.718055 -0.000352 0.695986
vn 0.712584 -0.001429 0.701585
vn 0.704301 -0.019000 0.709647
vn 0.711520 -0.019551 0.702394
vn 0.718664 -0.020099 0.695067
vn 0.711520 -0.019551 0.702394
vn -0.168698 0.981204 -0.093704
vn -0.159078 0.982824 -0.093547
vn -0.149444 0.984351 -0.093381
vn -0.159078 0.982824 -0.093547
vn 0.704716 -0.025371 -0.709036
vn 0.704652 -0.025365 -0.709100
vn 0.704588 -0.025359 -0.709163
vn 0.704652 -0.025365 -0.709100
vn -0.707142 0.000000 0.707071
vn -0.707142 0.000000 0.707071
vn -0.707142 0.000000 0.707071
vn -0.707142 0.000000 0.707071
vn 0.706907 0.023687 -0.706910
vn 0.708639 0.023849 -0.705168
vn 0.710366 0.024011 -0.703422
vn 0.708639 0.023849 -0.705168
vn -0.577940 0.750628 -0.320222
vn -0.580317 0.747780 -0.322580
vn -0.582683 0.744917 -0.324930
vn -0.580317 0.747780 -0.322580
vn -0.455384 -0.000217 -0.890295
vn -0.453307 -0.000340 -0.891355
vn -0.451227 -0.000463 -0.892409
vn -0.453307 -0.000340 -0.891355
vn -0.643437 -0.448982 0.620004
vn -0.661063 -0.439513 0.608131
vn -0.678331 -0.429807 0.595930
vn -0.661063 -0.439513 0.608131
vn -0.687166 0.442195 0.576425
vn -0.680034 0.446492 0.581549
vn -0.672836 0.450747 0.586617
vn -0.680034 0.446492 0.581549
vn -0.359156 0.921981 0.144768
vn -0.385437 0.911493 0.143592
vn -0.411408 0.900274 0.142300
vn -0.385437 0.911493 0.143592
vn -0.419236 0.083264 -0.904051
vn -0.446248 0.083609 -0.890995
vn -0.472858 0.083879 -0.877137
vn -0.446248 0.083609 -0.890995
vn -0.728409 0.681303 -0.072438
vn -0.732391 0.677059 -0.072079
vn -0.736348 0.672791 -0.071718
vn -0.732391 0.677059 -0.072079
vn 0.000000 -0.952986 0.303014
vn 0.000000 -0.952986 0.303014
vn 0.000000 -0.952986 0.303014
vn -0.994309 -0.062694 -0.086135
vn -0.998933 0.005190 -0.045900
vn -0.997314 0.073042 -0.005378
vn -0.998933 0.005190 -0.045900
vn -0.587900 -0.586131 -0.557516
vn -0.587900 -0.586131 -0.557516
vn -0.587900 -0.586131 -0.557516
vn -0.621980 0.771361 -0.134699
vn -0.687251 0.711893 -0.144551
vn -0.747096 0.646806 -0.153262
vn -0.687251 0.711893 -0.144551
vn -0.187285 0.976268 -0.108744
vn -0.170785 0.979303 -0.108622
vn -0.154236 0.982062 -0.108470
vn -0.170785 0.979303 -0.108622
vn -0.315386 -0.398233 -0.861360
vn -0.372998 -0.370811 -0.850513
vn -0.429047 -0.341836 -0.836102
vn -0.372998 -0.370811 -0.850513
vn -0.441305 0.891050 -0.106202
vn -0.433563 0.896897 -0.087171
vn -0.425623 0.902334 -0.068100
vn -0.433563 0.896897 -0.087171
vn -0.562074 -0.441656 0.699294
vn -0.606265 -0.426704 0.671093
vn -0.648654 -0.410483 0.640898
vn -0.606265 -0.426704 0.671093
vn 0.706746 -0.031855 0.706750
vn 0.706829 -0.031863 0.706667
vn 0.706911 -0.031872 0.706584
vn 0.706829 -0.031863 0.706667
vn 0.700765 0.025515 0.712935
vn 0.704531 0.025836 0.709203
vn 0.708277 0.026156 0.705450
vn 0.704531 0.025836 0.709203
vn 0.299059 -0.954235 0.000000
vn 0.299088 -0.954225 0.000000
vn 0.299118 -0.954216 0.000001
vn 0.299088 -0.954225 0.000000
vn 0.722077 0.031714 -0.691085
vn 0.713822 0.030856 -0.699648
vn 0.705465 0.029994 -0.708110
vn 0.713822 0.030856 -0.699648
vn 0.693301 -0.031253 -0.719970
vn 0.700010 -0.031965 -0.713417
vn 0.706657 -0.032674 -0.706802
vn 0.700010 -0.031965 -0.713417
vn -0.297684 0.949352 -0.100577
vn -0.300415 0.948495 -0.100543
vn -0.303144 0.947630 -0.100507
vn -0.300415 0.948495 -0.100543
vn -0.114508 0.992488 -0.043086
vn -0.184713 0.981773 -0.044762
vn -0.253987 0.966103 -0.046212
vn -0.184713 0.981773 -0.044762
vn 0.073292 0.903828 0.421571
vn 0.075339 0.900130 0.429058
vn 0.077381 0.896364 0.436513
vn 0.075339 0.900130 0.429058
vn 0.593149 0.553602 0.584550
vn 0.593149 0.553602 0.584550
vn 0.593149 0.553602 0.584550
vn 0.143323 -0.289731 0.946316
vn 0.143323 -0.289731 0.946316
vn 0.143323 -0.289731 0.946316
vn 0.353398 0.841978 0.407656
vn 0.353398 0.841978 0.407656
vn 0.353398 0.841978 0.407656
vn 0.130445 -0.089759 0.987384
vn 0.130445 -0.089759 0.987384
vn 0.130445 -0.089759 0.987384
vn 0.217924 0.815459 0.536224
vn 0.217924 0.815459 0.536224
vn 0.217924 0.815459 0.536224
vn 0.195471 0.931394 0.307077
vn 0.195471 0.931394 0.307077
vn 0.195471 0.931394 0.307077
vn 0.074548 0.967742 0.240663
vn 0.077649 0.964296 0.253186
vn 0.080736 0.960679 0.265663
vn 0.077649 0.964296 0.253186
vn -0.004217 -0.708860 -0.705337
vn -0.003431 -0.711919 -0.702253
vn -0.002644 -0.714964 -0.699156
vn -0.003431 -0.711919 -0.702253
vn 0.707741 0.092317 -0.700414
vn 0.707741 0.092317 -0.700414
vn 0.707741 0.092317 -0.700414
vn -0.005275 -0.706918 -0.707276
vn -0.005275 -0.706918 -0.707276
vn -0.005275 -0.706918 -0.707276
vn 0.621172 -0.311011 -0.719318
vn 0.621172 -0.311011 -0.719318
vn 0.621172 -0.311011 -0.719318
vn 0.999955 0.000336 0.009460
vn 0.999454 0.002684 -0.032932
vn 0.997151 0.005028 -0.075264
vn 0.999454 0.002684 -0.032932
vn 0.485865 0.589230 -0.645557
vn 0.485865 0.589230 -0.645557
vn 0.485865 0.589230 -0.645557
vn 0.538579 0.392093 -0.745786
vn 0.538579 0.392093 -0.745786
vn 0.538579 0.392093 -0.745786
vn 0.269057 0.760001 -0.591614
vn 0.269057 0.760001 -0.591614
vn 0.269057 0.760001 -0.591614
vn 0.282132 0.722157 -0.631579
vn 0.282132 0.722157 -0.631579
vn 0.282132 0.722157 -0.631579
vn -0.001799 -0.721024 -0.692907
vn -0.001799 -0.721024 -0.692907
vn -0.001799 -0.721024 -0.692907
vn 0.102211 0.855077 -0.508327
vn 0.102211 0.855077 -0.508327
vn 0.102211 0.855077 -0.508327
vn 0.089319 0.821553 -0.563093
vn 0.089319 0.821553 -0.563093
vn 0.089319 0.821553 -0.563093
vn 0.919346 0.001082 -0.393448
vn 0.922074 0.000666 -0.387014
vn 0.924756 0.000250 -0.380562
vn 0.922074 0.000666 -0.387014
vn 0.384369 0.000379 -0.923179
vn 0.378877 0.000028 -0.925447
vn 0.373372 -0.000323 -0.927682
vn 0.378877 0.000028 -0.925447
vn 0.267618 -0.944759 -0.189236
vn 0.267618 -0.944759 -0.189236
vn 0.267618 -0.944759 -0.189236
vn 0.709928 0.002643 -0.704269
vn 0.709928 0.002643 -0.704269
vn 0.709928 0.002643 -0.704269
vn 0.172248 -0.954708 -0.242617
vn 0.172248 -0.954708 -0.242617
vn 0.172248 -0.954708 -0.242617
vn 0.098515 -0.002945 -0.995131
vn 0.113235 -0.001325 -0.993567
vn 0.127929 0.000295 -0.991783
vn 0.113235 -0.001325 -0.993567
vn 0.056781 -0.957160 -0.283937
vn 0.056781 -0.957160 -0.283937
vn 0.056781 -0.957160 -0.283937
vn 0.117190 0.920455 0.372865
vn 0.114551 0.922847 0.367737
vn 0.111907 0.925204 0.362595
vn 0.114551 0.922847 0.367737
vn 0.059809 -0.978177 0.198981
vn 0.058929 -0.975804 0.210556
vn 0.058041 -0.973294 0.222102
vn 0.058929 -0.975804 0.210556
vn 0.319316 0.899197 0.299134
vn 0.319316 0.899197 0.299134
vn 0.319316 0.899197 0.299134
vn 0.602375 0.742104 0.293983
vn 0.602375 0.742104 0.293983
vn 0.602375 0.742104 0.293983
vn 0.181427 -0.019877 0.983204
vn 0.181427 -0.019877 0.983204
vn 0.181427 -0.019877 0.983204
vn 0.167921 -0.970131 0.175064
vn 0.163327 -0.971593 0.171267
vn 0.158726 -0.973017 0.167463
vn 0.163327 -0.971593 0.171267
vn 0.330561 -0.552159 0.765408
vn 0.330561 -0.552159 0.765408
vn 0.330561 -0.552159 0.765408
vn 0.572166 0.017274 0.819956
vn 0.572166 0.017274 0.819956
vn 0.572166 0.017274 0.819956
vn 0.993534 -0.066286 0.092177
vn 0.999092 -0.022072 0.036444
vn 0.999563 0.022254 -0.019475
vn 0.999092 -0.022072 0.036444
vn 0.675482 -0.430119 0.598933
vn 0.675482 -0.430119 0.598933
vn 0.675482 -0.430119 0.598933
vn 0.258670 -0.960458 0.103009
vn 0.258670 -0.960458 0.103009
vn 0.258670 -0.960458 0.103009
vn 0.895095 -0.258999 0.362938
vn 0.895095 -0.258999 0.362938
vn 0.895095 -0.258999 0.362938
vn 0.293446 -0.955897 -0.012229
vn 0.293446 -0.955897 -0.012229
vn 0.293446 -0.955897 -0.012229
vn 0.999974 -0.002107 0.006831
vn 0.998785 0.000651 -0.049277
vn 0.994442 0.003408 -0.105229
vn 0.998785 0.000651 -0.049277
vn 0.924056 0.037009 -0.380462
vn 0.924103 0.037006 -0.380347
vn 0.924151 0.037003 -0.380231
vn 0.924103 0.037006 -0.380347
vn 0.707528 0.068078 -0.703399
vn 0.707595 0.068078 -0.703331
vn 0.707663 0.068077 -0.703263
vn 0.707595 0.068078 -0.703331
vn 0.653751 0.693800 -0.302078
vn 0.653751 0.693800 -0.302078
vn 0.653751 0.693800 -0.302078
vn 0.383073 0.088558 -0.919463
vn 0.383026 0.088556 -0.919483
vn 0.382980 0.088555 -0.919502
vn 0.383026 0.088556 -0.919483
vn 0.353260 0.882276 -0.311121
vn 0.353260 0.882276 -0.311121
vn 0.353260 0.882276 -0.311121
vn 0.638195 0.468927 0.610585
vn 0.653339 0.460508 0.600899
vn 0.668226 0.451908 0.590977
vn 0.653339 0.460508 0.600899
vn 0.121847 0.931269 -0.343352
vn 0.121847 0.931269 -0.343352
vn 0.121847 0.931269 -0.343352
vn 0.912217 0.248736 0.325561
vn 0.901489 0.263603 0.343264
vn 0.890176 0.278299 0.360744
vn 0.901489 0.263603 0.343264
vn 0.995584 0.057079 0.074532
vn 0.999643 0.013386 0.023115
vn 0.999135 -0.030369 -0.028407
vn 0.999643 0.013386 0.023115
vn 0.000616 0.916283 -0.400531
vn 0.000646 0.916775 -0.399404
vn 0.000677 0.917265 -0.398277
vn 0.000646 0.916775 -0.399404
vn 0.635839 0.766991 -0.086221
vn 0.635839 0.766991 -0.086221
vn 0.635839 0.766991 -0.086221
vn 0.920674 0.387896 -0.043535
vn 0.920674 0.387896 -0.043535
vn 0.920674 0.387896 -0.043535
vn 0.503526 0.863204 -0.036626
vn 0.503526 0.863204 -0.036626
vn 0.503526 0.863204 -0.036626
vn 0.000401 0.839159 -0.543887
vn 0.000407 0.838990 -0.544147
vn 0.000412 0.838820 -0.544408
vn 0.000407 0.838990 -0.544147
vn 0.705009 0.215391 0.675699
vn 0.698649 0.206843 0.684912
vn 0.692151 0.198254 0.693990
vn 0.698649 0.206843 0.684912
vn 0.599031 -0.539129 -0.592032
vn 0.599031 -0.539129 -0.592032
vn 0.599031 -0.539129 -0.592032
vn 0.447800 -0.888185 -0.102964
vn 0.447800 -0.888185 -0.102964
vn 0.447800 -0.888185 -0.102964
vn 0.690495 -0.189934 0.697956
vn 0.690495 -0.189934 0.697956
vn 0.690495 -0.189934 0.697956
vn 0.000319 0.913987 0.405743
vn 0.000277 0.914781 0.403951
vn 0.000235 0.915571 0.402157
vn 0.000277 0.914781 0.403951
vn 0.010301 0.974061 0.226051
vn 0.010386 0.972807 0.231384
vn 0.010472 0.971524 0.236710
vn 0.010386 0.972807 0.231384
vn 0.000432 0.926706 0.375787
vn 0.000520 0.928123 0.372272
vn 0.000607 0.929527 0.368753
vn 0.000520 0.928123 0.372272
vn 0.000835 0.005328 0.999985
vn 0.000925 0.012787 0.999918
vn 0.001015 0.020245 0.999795
vn 0.000925 0.012787 0.999918
vn 0.664721 -0.351599 -0.659184
vn 0.635437 -0.385017 -0.669314
vn 0.604833 -0.417635 -0.678054
vn 0.635437 -0.385017 -0.669314
vn 0.009070 -0.975465 0.219968
vn 0.009070 -0.975465 0.219968
vn 0.009070 -0.975465 0.219968
vn 0.020491 0.833113 -0.552723
vn 0.020309 0.838106 -0.545129
vn 0.020126 0.843031 -0.537489
vn 0.020309 0.838106 -0.545129
vn 0.382695 0.000000 -0.923875
vn 0.382695 0.000000 -0.923875
vn 0.382695 0.000000 -0.923875
vn 0.382695 0.000000 -0.923875
vn 0.059116 -0.952984 -0.297198
vn 0.059116 -0.952984 -0.297198
vn 0.059116 -0.952984 -0.297198
vn 0.017341 0.999850 0.000000
vn 0.017341 0.999850 0.000000
vn 0.017341 0.999850 0.000000
vn 0.168353 -0.952981 -0.251960
vn 0.171758 -0.951174 -0.256451
vn 0.175156 -0.949333 -0.260934
vn 0.171758 -0.951174 -0.256451
vn 0.189931 0.939748 -0.284254
vn 0.179607 0.946807 -0.267015
vn 0.169201 0.953438 -0.249655
vn 0.179607 0.946807 -0.267015
vn 0.269365 -0.946070 -0.179985
vn 0.273397 -0.944333 -0.183004
vn 0.277420 -0.942569 -0.186018
vn 0.273397 -0.944333 -0.183004
vn 0.287316 0.938399 -0.191979
vn 0.276814 0.943108 -0.184179
vn 0.266257 0.947634 -0.176342
vn 0.276814 0.943108 -0.184179
vn 0.338907 -0.938402 -0.067413
vn 0.323481 -0.943990 -0.065135
vn 0.307966 -0.949320 -0.062840
vn 0.323481 -0.943990 -0.065135
vn 0.317749 0.946066 -0.063204
vn 0.322718 0.944334 -0.063918
vn 0.327678 0.942576 -0.064629
vn 0.322718 0.944334 -0.063918
vn 0.297230 -0.952974 0.059122
vn 0.312404 -0.947975 0.061210
vn 0.327497 -0.942731 0.063282
vn 0.312404 -0.947975 0.061210
vn 0.323064 0.944193 0.064261
vn 0.315593 0.946790 0.063163
vn 0.308102 0.949327 0.062062
vn 0.315593 0.946790 0.063163
vn 0.278041 -0.942432 0.185782
vn 0.264090 -0.948033 0.177453
vn 0.250061 -0.953354 0.169072
vn 0.264090 -0.948033 0.177453
vn 0.923875 -0.004092 0.382674
vn 0.923875 -0.004092 0.382674
vn 0.923875 -0.004092 0.382674
vn 0.251967 0.952978 0.168360
vn 0.262330 0.949083 0.174424
vn 0.272652 0.945037 0.180461
vn 0.262330 0.949083 0.174424
vn 0.185786 -0.942429 0.278049
vn 0.177449 -0.948036 0.264084
vn 0.169059 -0.953362 0.250040
vn 0.177449 -0.948036 0.264084
vn 0.168354 0.952982 0.251959
vn 0.168359 0.952979 0.251966
vn 0.168365 0.952976 0.251973
vn 0.168359 0.952979 0.251966
vn 0.382677 0.000000 0.923882
vn 0.382677 0.000000 0.923882
vn 0.382677 0.000000 0.923882
vn 0.382677 0.000000 0.923882
vn -0.059123 -0.952974 0.297230
vn -0.061166 -0.950342 0.305138
vn -0.063205 -0.947640 0.313024
vn -0.061166 -0.950342 0.305138
vn 0.017341 -0.999850 0.000000
vn 0.017341 -0.999850 0.000000
vn 0.017341 -0.999850 0.000000
vn 0.059119 0.952982 0.297204
vn 0.059119 0.952982 0.297204
vn 0.059119 0.952982 0.297204
vn -0.059123 0.952974 0.297230
vn -0.063205 0.947639 0.313025
vn -0.067269 0.942026 0.328728
vn -0.063205 0.947639 0.313025
vn -0.189923 -0.939754 0.284240
vn -0.181723 -0.944639 0.273192
vn -0.173484 -0.949323 0.262087
vn -0.181723 -0.944639 0.273192
vn -0.176133 0.948415 0.263601
vn -0.181767 0.945224 0.271131
vn -0.187383 0.941940 0.278634
vn -0.181767 0.945224 0.271131
vn -0.269365 -0.946070 0.179985
vn -0.273385 -0.944337 0.182995
vn -0.277398 -0.942578 0.186001
vn -0.273385 -0.944337 0.182995
vn -0.263584 0.948422 0.176122
vn -0.270859 0.945556 0.180441
vn -0.278112 0.942615 0.184745
vn -0.270859 0.945556 0.180441
vn -0.338907 -0.938402 0.067413
vn -0.325962 -0.943111 0.065502
vn -0.312953 -0.947638 0.063578
vn -0.325962 -0.943111 0.065502
vn -0.338898 0.938405 0.067411
vn -0.323786 0.943989 0.063615
vn -0.308586 0.949315 0.059801
vn -0.323786 0.943989 0.063615
vn -0.335278 -0.939756 -0.066691
vn -0.324364 -0.943768 -0.063952
vn -0.313403 -0.947646 -0.061204
vn -0.324364 -0.943768 -0.063952
vn -0.317728 0.946073 -0.063200
vn -0.323548 0.943998 -0.064687
vn -0.329354 0.941885 -0.066171
vn -0.323548 0.943998 -0.064687
vn -0.284215 -0.939764 -0.189907
vn -0.275185 -0.943774 -0.183204
vn -0.266116 -0.947649 -0.176475
vn -0.275185 -0.943774 -0.183204
vn -0.263601 0.948415 -0.176133
vn -0.271131 0.945224 -0.181767
vn -0.278634 0.941940 -0.187383
vn -0.271131 0.945224 -0.181767
vn -0.189905 -0.939766 -0.284212
vn -0.179589 -0.946818 -0.266988
vn -0.169192 -0.953442 -0.249642
vn -0.179589 -0.946818 -0.266988
vn -0.176122 0.948422 -0.263584
vn -0.180441 0.945556 -0.270859
vn -0.184745 0.942615 -0.278112
vn -0.180441 0.945556 -0.270859
vn -0.059117 -0.952982 -0.297204
vn -0.059117 -0.952983 -0.297201
vn -0.059116 -0.952984 -0.297198
vn -0.059117 -0.952983 -0.297201
vn -0.382672 -0.004868 -0.923871
vn -0.382672 -0.004868 -0.923871
vn -0.382672 -0.004868 -0.923871
vn -0.059117 0.952982 -0.297204
vn -0.060528 0.951174 -0.302662
vn -0.061936 0.949332 -0.308110
vn -0.060528 0.951174 -0.302662
vn 0.017424 -0.060663 -0.998006
vn 0.010564 -0.614554 -0.788804
vn 0.000000 -0.952977 -0.303042
vn 0.010564 -0.614554 -0.788804
vn -0.303129 -0.952950 0.000000
vn -0.303129 -0.952950 0.000000
vn -0.303129 -0.952950 0.000000
vn 0.714218 -0.167908 -0.679485
vn 0.704179 -0.167114 -0.690076
vn 0.693991 -0.166284 -0.700519
vn 0.704179 -0.167114 -0.690076
vn 0.629617 -0.166988 0.758747
vn 0.661651 -0.169639 0.730370
vn 0.692468 -0.171978 0.700651
vn 0.661651 -0.169639 0.730370
vn -0.036547 -0.983687 -0.176135
vn -0.036547 -0.983687 -0.176135
vn -0.036547 -0.983687 -0.176135
vn 0.000000 -0.952977 -0.303042
vn 0.000000 -0.952977 -0.303042
vn 0.000000 -0.952977 -0.303042
vn 0.000000 -0.952977 -0.303042
vn 0.000001 -0.952986 0.303014
vn 0.000000 -0.952982 0.303028
vn 0.000000 -0.952977 0.303042
vn 0.000000 -0.952982 0.303028
vn -0.303042 -0.952977 0.000000
vn -0.303042 -0.952977 0.000000
vn -0.303042 -0.952977 0.000000
vn -0.303042 -0.952977 0.000000
vn 0.707105 -0.001987 -0.707105
vn 0.702010 -0.000994 -0.712166
vn 0.696878 0.000000 -0.717189
vn 0.702010 -0.000994 -0.712166
vn 0.303014 -0.952986 -0.000000
vn 0.303014 -0.952986 -0.000000
vn 0.303014 -0.952986 -0.000000
vn -0.707107 0.000000 -0.707107
vn -0.707107 0.000000 -0.707107
vn -0.707107 0.000000 -0.707107
vn -0.707107 0.000000 -0.707107
vn -0.999400 0.033346 0.009364
vn -0.997132 0.026165 0.071020
vn -0.991016 0.018884 0.132402
vn -0.997132 0.026165 0.071020
vn -0.999464 0.031989 -0.006927
vn -0.995712 0.072136 -0.057912
vn -0.987753 0.111978 -0.108653
vn -0.995712 0.072136 -0.057912
vn -0.301154 -0.953576 0.000000
vn -0.301154 -0.953576 0.000000
vn -0.301154 -0.953576 0.000000
vn -0.358043 -0.931856 -0.058739
vn -0.354733 -0.926406 -0.126236
vn -0.349793 -0.916699 -0.193152
vn -0.354733 -0.926406 -0.126236
vn -0.999151 -0.038175 0.015490
vn -0.997799 -0.035337 0.056110
vn -0.994791 -0.032439 0.096636
vn -0.997799 -0.035337 0.056110
vn -0.353263 -0.922457 0.155813
vn -0.354748 -0.928423 0.110383
vn -0.355488 -0.932438 0.064720
vn -0.354748 -0.928423 0.110383
vn -0.985846 -0.112995 -0.123852
vn -0.985846 -0.112995 -0.123852
vn -0.985846 -0.112995 -0.123852
vn 0.464006 0.000085 -0.885832
vn 0.462869 0.000053 -0.886427
vn 0.461730 0.000021 -0.887020
vn 0.462869 0.000053 -0.886427
vn 0.636569 -0.301699 0.709758
vn 0.663023 -0.292195 0.689219
vn 0.688673 -0.282336 0.667844
vn 0.663023 -0.292195 0.689219
vn 0.588158 0.479575 0.651212
vn 0.600187 0.473951 0.644319
vn 0.612081 0.468221 0.637281
vn 0.600187 0.473951 0.644319
vn 0.176646 0.973135 0.147667
vn 0.264329 0.953258 0.146388
vn 0.349875 0.925674 0.143925
vn 0.264329 0.953258 0.146388
vn 0.227369 0.924982 0.304484
vn 0.228667 0.930022 0.287698
vn 0.229894 0.934775 0.270823
vn 0.228667 0.930022 0.287698
vn 0.163053 0.981108 -0.104118
vn 0.176602 0.978749 -0.104224
vn 0.190118 0.976204 -0.104311
vn 0.176602 0.978749 -0.104224
vn 0.353929 0.934306 -0.042493
vn 0.270475 0.961658 -0.045365
vn 0.184932 0.981584 -0.047886
vn 0.270475 0.961658 -0.045365
vn -0.706873 0.023675 0.706944
vn -0.708770 0.023852 0.705036
vn -0.710662 0.024030 0.703123
vn -0.708770 0.023852 0.705036
vn -0.707142 -0.000904 0.707071
vn -0.704855 -0.000452 0.709351
vn -0.702561 0.000000 0.711624
vn -0.704855 -0.000452 0.709351
vn -0.712993 -0.019657 0.700895
vn -0.708758 -0.019333 0.705187
vn -0.704496 -0.019009 0.709453
vn -0.708758 -0.019333 0.705187
vn 0.150325 0.984214 -0.093405
vn 0.165339 0.981780 -0.093658
vn 0.180314 0.979118 -0.093889
vn 0.165339 0.981780 -0.093658
vn 0.000000 -1.000000 0.000001
vn 0.000000 -1.000000 0.000001
vn 0.000000 -1.000000 0.000001
vn -0.704548 -0.025356 -0.709204
vn -0.704650 -0.025365 -0.709102
vn -0.704752 -0.025375 -0.709000
vn -0.704650 -0.025365 -0.709102
vn 0.707071 0.000000 0.707142
vn 0.707071 0.000000 0.707142
vn 0.707071 0.000000 0.707142
vn 0.707071 0.000000 0.707142
vn -0.710336 0.024010 -0.703453
vn -0.708606 0.023848 -0.705201
vn -0.706872 0.023686 -0.706945
vn -0.708606 0.023848 -0.705201
vn 0.582661 0.744942 -0.324912
vn 0.580305 0.747793 -0.322570
vn 0.577938 0.750629 -0.320223
vn 0.580305 0.747793 -0.322570
vn 0.463923 0.000289 -0.885876
vn 0.459683 0.000036 -0.888083
vn 0.455432 -0.000216 -0.890270
vn 0.459683 0.000036 -0.888083
vn 0.678331 -0.429809 0.595929
vn 0.661063 -0.439516 0.608130
vn 0.643436 -0.448985 0.620002
vn 0.661063 -0.439516 0.608130
vn 0.672836 0.450748 0.586616
vn 0.680049 0.446484 0.581537
vn 0.687197 0.442178 0.576403
vn 0.680049 0.446484 0.581537
vn 0.411407 0.900258 0.142403
vn 0.382192 0.912817 0.143852
vn 0.352590 0.924452 0.145155
vn 0.382192 0.912817 0.143852
vn 0.472895 0.083878 -0.877117
vn 0.446267 0.083607 -0.890986
vn 0.419236 0.083261 -0.904051
vn 0.446267 0.083607 -0.890986
vn 0.736553 0.672569 -0.071701
vn 0.732467 0.676976 -0.072074
vn 0.728355 0.681360 -0.072444
vn 0.732467 0.676976 -0.072074
vn 0.000000 -0.952977 0.303042
vn 0.000000 -0.952977 0.303042
vn 0.000000 -0.952977 0.303042
vn 0.747251 0.646473 -0.153910
vn 0.672255 0.726385 -0.142965
vn 0.589104 0.797485 -0.130286
vn 0.672255 0.726385 -0.142965
vn 0.587900 -0.586131 -0.557516
vn 0.587900 -0.586131 -0.557516
vn 0.587900 -0.586131 -0.557516
vn 0.154260 0.982054 -0.108503
vn 0.170219 0.979398 -0.108650
vn 0.186132 0.976486 -0.108769
vn 0.170219 0.979398 -0.108650
vn 0.442901 -0.334301 -0.831914
vn 0.380125 -0.367256 -0.848898
vn 0.315329 -0.398259 -0.861369
vn 0.380125 -0.367256 -0.848898
vn 0.425622 0.902335 -0.068096
vn 0.433564 0.896897 -0.087172
vn 0.441308 0.891048 -0.106208
vn 0.433564 0.896897 -0.087172
vn 0.648655 -0.410481 0.640900
vn 0.606289 -0.426693 0.671079
vn 0.562123 -0.441638 0.699266
vn 0.606289 -0.426693 0.671079
vn -0.707554 -0.031901 0.705939
vn -0.707133 -0.031857 0.706363
vn -0.706712 -0.031812 0.706786
vn -0.707133 -0.031857 0.706363
vn -0.707554 0.026129 0.706176
vn -0.704245 0.025845 0.709487
vn -0.700920 0.025562 0.712782
vn -0.704245 0.025845 0.709487
vn -0.299032 -0.954243 0.000001
vn -0.299088 -0.954225 0.000001
vn -0.299145 -0.954208 0.000000
vn -0.299088 -0.954225 0.000001
vn -0.700980 0.029635 -0.712565
vn -0.711154 0.030685 -0.702367
vn -0.721179 0.031729 -0.692022
vn -0.711154 0.030685 -0.702367
vn -0.706693 -0.032625 -0.706767
vn -0.700408 -0.031955 -0.713027
vn -0.694067 -0.031283 -0.719230
vn -0.700408 -0.031955 -0.713027
vn 0.303072 0.947699 -0.100071
vn 0.313482 0.944322 -0.099924
vn 0.323853 0.940833 -0.099766
vn 0.313482 0.944322 -0.099924
vn 0.241348 0.969343 -0.046104
vn 0.178303 0.982956 -0.044784
vn 0.114516 0.992478 -0.043278
vn 0.178303 0.982956 -0.044784
vn -0.088910 -0.083303 0.992550
vn -0.106103 -0.203635 0.973280
vn -0.121688 -0.320883 0.939269
vn -0.106103 -0.203635 0.973280
vn -0.077723 0.899700 0.429533
vn -0.077718 0.899709 0.429516
vn -0.077714 0.899718 0.429498
vn -0.077718 0.899709 0.429516
vn -0.438524 0.675440 0.592855
vn -0.438524 0.675440 0.592855
vn -0.438524 0.675440 0.592855
vn -0.353663 0.852883 0.384075
vn -0.353663 0.852883 0.384075
vn -0.353663 0.852883 0.384075
vn -0.238204 0.835492 0.495189
vn -0.238204 0.835492 0.495189
vn -0.238204 0.835492 0.495189
vn -0.206091 0.932239 0.297416
vn -0.206091 0.932239 0.297416
vn -0.206091 0.932239 0.297416
vn -0.078671 0.963794 0.254779
vn -0.077931 0.964629 0.251830
vn -0.077190 0.965454 0.248878
vn -0.077931 0.964629 0.251830
vn 0.001867 -0.721383 -0.692534
vn 0.002384 -0.719771 -0.694208
vn 0.002901 -0.718154 -0.695878
vn 0.002384 -0.719771 -0.694208
vn -0.679610 0.029012 -0.733000
vn -0.679610 0.029012 -0.733000
vn -0.679610 0.029012 -0.733000
vn 0.004732 -0.707046 -0.707152
vn 0.004732 -0.707046 -0.707152
vn 0.004732 -0.707046 -0.707152
vn -0.617827 -0.313731 -0.721015
vn -0.617827 -0.313731 -0.721015
vn -0.617827 -0.313731 -0.721015
vn -0.485007 0.561569 -0.670379
vn -0.485007 0.561569 -0.670379
vn -0.485007 0.561569 -0.670379
vn -0.517117 0.272859 -0.811257
vn -0.517117 0.272859 -0.811257
vn -0.517117 0.272859 -0.811257
vn -0.269076 0.760052 -0.591539
vn -0.269076 0.760052 -0.591539
vn -0.269076 0.760052 -0.591539
vn -0.283974 0.653857 -0.701306
vn -0.283974 0.653857 -0.701306
vn -0.283974 0.653857 -0.701306
vn -0.994290 0.003800 -0.106640
vn -0.998533 -0.001968 -0.054105
vn -0.999969 -0.007730 -0.001418
vn -0.998533 -0.001968 -0.054105
vn -0.102137 0.855239 -0.508069
vn -0.102137 0.855239 -0.508069
vn -0.102137 0.855239 -0.508069
vn -0.089878 0.759495 -0.644274
vn -0.089878 0.759495 -0.644274
vn -0.089878 0.759495 -0.644274
vn -0.924784 0.000247 -0.380492
vn -0.926881 -0.000083 -0.375356
vn -0.928949 -0.000414 -0.370208
vn -0.926881 -0.000083 -0.375356
vn -0.373408 -0.000322 -0.927667
vn -0.378874 0.000026 -0.925448
vn -0.384326 0.000375 -0.923198
vn -0.378874 0.000026 -0.925448
vn -0.267609 -0.944765 -0.189223
vn -0.267609 -0.944765 -0.189223
vn -0.267609 -0.944765 -0.189223
vn -0.709902 0.002642 -0.704296
vn -0.709902 0.002642 -0.704296
vn -0.709902 0.002642 -0.704296
vn -0.172261 -0.954702 -0.242632
vn -0.172261 -0.954702 -0.242632
vn -0.172261 -0.954702 -0.242632
vn -0.127929 0.000295 -0.991783
vn -0.113257 -0.001322 -0.993565
vn -0.098560 -0.002940 -0.995127
vn -0.113257 -0.001322 -0.993565
vn -0.056772 -0.957163 -0.283931
vn -0.056772 -0.957163 -0.283931
vn -0.056772 -0.957163 -0.283931
vn -0.111960 0.925234 0.362500
vn -0.114600 0.922883 0.367632
vn -0.117235 0.920496 0.372750
vn -0.114600 0.922883 0.367632
vn -0.697814 0.707518 0.111690
vn -0.682019 0.722463 0.113563
vn -0.665900 0.737064 0.115383
vn -0.682019 0.722463 0.113563
vn -0.319398 0.899201 0.299036
vn -0.319398 0.899201 0.299036
vn -0.319398 0.899201 0.299036
vn -0.602511 0.742008 0.293946
vn -0.602511 0.742008 0.293946
vn -0.602511 0.742008 0.293946
vn -0.968370 0.246410 0.039258
vn -0.954869 0.293423 0.046128
vn -0.939038 0.339722 0.052885
vn -0.954869 0.293423 0.046128
vn -0.058039 -0.973294 0.222103
vn -0.058928 -0.975805 0.210552
vn -0.059809 -0.978179 0.198971
vn -0.058928 -0.975805 0.210552
vn -0.181427 -0.019921 0.983203
vn -0.181427 -0.019921 0.983203
vn -0.181427 -0.019921 0.983203
vn -0.158726 -0.973017 0.167463
vn -0.163327 -0.971592 0.171267
vn -0.167922 -0.970131 0.175064
vn -0.163327 -0.971592 0.171267
vn -0.330615 -0.552148 0.765393
vn -0.330615 -0.552148 0.765393
vn -0.330615 -0.552148 0.765393
vn -0.572144 0.017183 0.819973
vn -0.572144 0.017183 0.819973
vn -0.572144 0.017183 0.819973
vn -0.894639 -0.260860 0.362731
vn -0.893321 -0.262486 0.364799
vn -0.891996 -0.264109 0.366863
vn -0.893321 -0.262486 0.364799
vn -0.675509 -0.430104 0.598914
vn -0.675509 -0.430104 0.598914
vn -0.675509 -0.430104 0.598914
vn -0.193671 -0.980863 0.019954
vn -0.193671 -0.980863 0.019954
vn -0.193671 -0.980863 0.019954
vn -0.999641 0.020490 -0.017248
vn -0.999030 -0.022973 0.037579
vn -0.993527 -0.066322 0.092222
vn -0.999030 -0.022973 0.037579
vn -0.298973 -0.954127 -0.016033
vn -0.298973 -0.954127 -0.016033
vn -0.298973 -0.954127 -0.016033
vn -0.994426 0.003422 -0.105381
vn -0.998759 0.000705 -0.049791
vn -0.999980 -0.002013 0.005955
vn -0.998759 0.000705 -0.049791
vn -0.924158 0.036999 -0.380214
vn -0.924107 0.037002 -0.380339
vn -0.924056 0.037005 -0.380463
vn -0.924107 0.037002 -0.380339
vn -0.707608 0.068079 -0.703318
vn -0.707568 0.068080 -0.703358
vn -0.707528 0.068080 -0.703399
vn -0.707568 0.068080 -0.703358
vn -0.653729 0.693818 -0.302086
vn -0.653729 0.693818 -0.302086
vn -0.653729 0.693818 -0.302086
vn -0.382936 0.088556 -0.919520
vn -0.382992 0.088558 -0.919497
vn -0.383047 0.088560 -0.919474
vn -0.382992 0.088558 -0.919497
vn -0.353271 0.882271 -0.311123
vn -0.353271 0.882271 -0.311123
vn -0.353271 0.882271 -0.311123
vn -0.668187 0.451929 0.591005
vn -0.653293 0.460532 0.600931
vn -0.638141 0.468954 0.610620
vn -0.653293 0.460532 0.600931
vn -0.121843 0.931262 -0.343373
vn -0.121843 0.931262 -0.343373
vn -0.121843 0.931262 -0.343373
vn -0.890172 0.278307 0.360748
vn -0.901504 0.263585 0.343238
vn -0.912250 0.248692 0.325504
vn -0.901504 0.263585 0.343238
vn -0.999633 -0.020779 -0.017353
vn -0.999077 0.023753 0.035801
vn -0.993715 0.068172 0.088784
vn -0.999077 0.023753 0.035801
vn -0.502840 0.863685 -0.034638
vn -0.517855 0.854765 -0.034672
vn -0.532712 0.845585 -0.034696
vn -0.517855 0.854765 -0.034672
vn -0.635859 0.766973 -0.086228
vn -0.635859 0.766973 -0.086228
vn -0.635859 0.766973 -0.086228
vn -0.920705 0.387825 -0.043527
vn -0.920705 0.387825 -0.043527
vn -0.920705 0.387825 -0.043527
vn -0.000680 0.917265 -0.398277
vn -0.000649 0.916765 -0.399427
vn -0.000618 0.916263 -0.400576
vn -0.000649 0.916765 -0.399427
vn -0.003813 0.838814 -0.544404
vn -0.002045 0.888291 -0.459276
vn -0.000257 0.929153 -0.369694
vn -0.002045 0.888291 -0.459276
vn -0.020780 -0.297019 -0.954645
vn -0.011718 -0.704897 -0.709213
vn 0.000000 -0.952986 -0.303014
vn -0.011718 -0.704897 -0.709213
vn -0.599084 -0.539077 -0.592026
vn -0.599084 -0.539077 -0.592026
vn -0.599084 -0.539077 -0.592026
vn -0.467582 -0.879011 -0.093307
vn -0.467582 -0.879011 -0.093307
vn -0.467582 -0.879011 -0.093307
vn -0.666598 0.177219 0.724045
vn -0.686191 0.201458 0.698969
vn -0.704685 0.225375 0.672774
vn -0.686191 0.201458 0.698969
vn -0.707073 -0.185921 0.682262
vn -0.707073 -0.185921 0.682262
vn -0.707073 -0.185921 0.682262
vn -0.000294 0.916244 0.400620
vn -0.000355 0.915091 0.403248
vn -0.000417 0.913930 0.405872
vn -0.000355 0.915091 0.403248
vn -0.010339 0.971542 0.236640
vn -0.010307 0.972012 0.234705
vn -0.010275 0.972478 0.232769
vn -0.010307 0.972012 0.234705
vn -0.000607 0.929538 0.368725
vn -0.000520 0.928146 0.372215
vn -0.000433 0.926741 0.375700
vn -0.000520 0.928146 0.372215
vn -0.001013 0.020245 0.999795
vn -0.000924 0.012868 0.999917
vn -0.000835 0.005491 0.999985
vn -0.000924 0.012868 0.999917
vn -0.653420 -0.373997 -0.658155
vn -0.654467 -0.372803 -0.657792
vn -0.655512 -0.371608 -0.657428
vn -0.654467 -0.372803 -0.657792
vn -0.009070 -0.975465 0.219966
vn -0.009070 -0.975465 0.219966
vn -0.009070 -0.975465 0.219966
vn -0.020122 0.842994 -0.537547
vn -0.020308 0.838001 -0.545291
vn -0.020492 0.832937 -0.552988
vn -0.020308 0.838001 -0.545291
vn -0.382677 0.000000 -0.923882
vn -0.382677 0.000000 -0.923882
vn -0.382677 0.000000 -0.923882
vn -0.382677 0.000000 -0.923882
vn -0.059122 -0.952974 -0.297230
vn -0.059122 -0.952974 -0.297230
vn -0.059122 -0.952974 -0.297230
vn -0.017341 0.999850 0.000000
vn -0.017341 0.999850 0.000000
vn -0.017341 0.999850 0.000000
vn -0.168350 -0.952983 -0.251954
vn -0.168358 -0.952979 -0.251965
vn -0.168367 -0.952975 -0.251976
vn -0.168358 -0.952979 -0.251965
vn -0.169213 0.953430 -0.249675
vn -0.179600 0.946812 -0.267004
vn -0.189906 0.939766 -0.284211
vn -0.179600 0.946812 -0.267004
vn -0.251916 -0.953162 -0.167394
vn -0.257766 -0.950817 -0.171769
vn -0.263601 -0.948415 -0.176133
vn -0.257766 -0.950817 -0.171769
vn -0.707098 -0.004851 -0.707098
vn -0.707098 -0.004851 -0.707098
vn -0.707098 -0.004851 -0.707098
vn -0.266222 0.947649 -0.176318
vn -0.276784 0.943121 -0.184158
vn -0.287292 0.938410 -0.191963
vn -0.276784 0.943121 -0.184158
vn -0.329167 -0.941927 -0.066499
vn -0.320071 -0.945217 -0.064178
vn -0.310943 -0.948414 -0.061850
vn -0.320071 -0.945217 -0.064178
vn -0.327678 0.942577 -0.064627
vn -0.322703 0.944340 -0.063914
vn -0.317719 0.946076 -0.063198
vn -0.322703 0.944340 -0.063914
vn -0.329561 -0.941927 0.064529
vn -0.320260 -0.945220 0.063191
vn -0.310927 -0.948419 0.061847
vn -0.320260 -0.945220 0.063191
vn -0.307999 0.949322 0.062652
vn -0.321674 0.944639 0.064679
vn -0.335280 0.939755 0.066691
vn -0.321674 0.944639 0.064679
vn -0.279760 -0.941935 0.185724
vn -0.271693 -0.945222 0.180937
vn -0.263599 -0.948416 0.176132
vn -0.271693 -0.945222 0.180937
vn -0.264897 0.947642 0.178337
vn -0.274574 0.943771 0.184134
vn -0.284212 0.939766 0.189905
vn -0.274574 0.943771 0.184134
vn -0.188006 -0.942040 0.277874
vn -0.178212 -0.947647 0.264965
vn -0.168366 -0.952974 0.251977
vn -0.178212 -0.947647 0.264965
vn -0.178200 0.947653 0.264949
vn -0.173290 0.950349 0.258473
vn -0.168366 0.952974 0.251977
vn -0.173290 0.950349 0.258473
vn -0.382695 0.000000 0.923875
vn -0.382695 0.000000 0.923875
vn -0.382695 0.000000 0.923875
vn -0.382695 0.000000 0.923875
vn 0.061927 -0.949344 0.308075
vn 0.060527 -0.951175 0.302658
vn 0.059124 -0.952973 0.297230
vn 0.060527 -0.951175 0.302658
vn -0.017341 -0.999850 0.000000
vn -0.017341 -0.999850 0.000000
vn -0.017341 -0.999850 0.000000
vn -0.059122 0.952975 0.297225
vn -0.059122 0.952975 0.297225
vn -0.059122 0.952975 0.297225
vn 0.066782 0.942716 0.326842
vn 0.062961 0.947968 0.312077
vn 0.059124 0.952973 0.297230
vn 0.062961 0.947968 0.312077
vn 0.184720 -0.942632 0.278072
vn 0.180427 -0.945564 0.270839
vn 0.176121 -0.948422 0.263585
vn 0.180427 -0.945564 0.270839
vn 0.175749 0.949321 0.260582
vn 0.182846 0.944643 0.272426
vn 0.189904 0.939766 0.284213
vn 0.182846 0.944643 0.272426
vn 0.278632 -0.941940 0.187384
vn 0.271119 -0.945229 0.181760
vn 0.263579 -0.948424 0.176119
vn 0.271119 -0.945229 0.181760
vn 0.266222 0.947649 0.176318
vn 0.276784 0.943121 0.184158
vn 0.287292 0.938410 0.191963
vn 0.276784 0.943121 0.184158
vn 0.329135 -0.941939 0.066490
vn 0.320055 -0.945223 0.064173
vn 0.310943 -0.948414 0.061850
vn 0.320055 -0.945223 0.064173
vn 0.327678 0.942577 0.064627
vn 0.322703 0.944340 0.063913
vn 0.317719 0.946076 0.063198
vn 0.322703 0.944340 0.063913
vn 0.329561 -0.941927 -0.064529
vn 0.320260 -0.945220 -0.063191
vn 0.310927 -0.948419 -0.061847
vn 0.320260 -0.945220 -0.063191
vn 0.307999 0.949322 -0.062652
vn 0.321674 0.944639 -0.064679
vn 0.335280 0.939755 -0.066691
vn 0.321674 0.944639 -0.064679
vn 0.279760 -0.941935 -0.185724
vn 0.271693 -0.945222 -0.180937
vn 0.263599 -0.948416 -0.176132
vn 0.271693 -0.945222 -0.180937
vn 0.264792 0.947641 -0.178496
vn 0.276078 0.943113 -0.185253
vn 0.287310 0.938402 -0.191975
vn 0.276078 0.943113 -0.185253
vn 0.187399 -0.941930 -0.278657
vn 0.181772 -0.945221 -0.271139
vn 0.176127 -0.948418 -0.263594
vn 0.181772 -0.945221 -0.271139
vn 0.168851 0.953250 -0.250606
vn 0.174429 0.949723 -0.260003
vn 0.179983 0.946070 -0.269365
vn 0.174429 0.949723 -0.260003
vn 0.067264 -0.942036 -0.328701
vn 0.063200 -0.947648 -0.312999
vn 0.059117 -0.952982 -0.297204
vn 0.063200 -0.947648 -0.312999
vn 0.059117 0.952982 -0.297203
vn 0.059117 0.952982 -0.297204
vn 0.059117 0.952982 -0.297204
vn 0.059117 0.952982 -0.297204
vn 0.000000 -0.952986 -0.303014
vn -0.010566 -0.614503 -0.788844
vn -0.017427 -0.060507 -0.998016
vn -0.010566 -0.614503 -0.788844
vn 0.303042 -0.952977 -0.000000
vn 0.303042 -0.952977 -0.000000
vn 0.303042 -0.952977 -0.000000
vn 0.000001 -0.952958 0.303101
vn -0.010564 -0.614464 0.788874
vn -0.017425 -0.060497 0.998016
vn -0.010564 -0.614464 0.788874
vn -0.693139 -0.166213 -0.701378
vn -0.703794 -0.167083 -0.690476
vn -0.714285 -0.167913 -0.679413
vn -0.703794 -0.167083 -0.690476
vn 0.303083 -0.952964 0.000000
vn 0.303083 -0.952964 0.000000
vn 0.303083 -0.952964 0.000000
vn 0.038975 -0.984260 0.172375
vn 0.038975 -0.984260 0.172375
vn 0.038975 -0.984260 0.172375
vn -0.689926 -0.165947 0.704602
vn -0.702175 -0.166953 0.692154
vn -0.714210 -0.167908 0.679494
vn -0.702175 -0.166953 0.692154
vn 0.040589 -0.984632 -0.169861
vn 0.040589 -0.984632 -0.169861
vn 0.040589 -0.984632 -0.169861
vn 0.000000 -0.952977 -0.303042
vn 0.000000 -0.952977 -0.303042
vn 0.000000 -0.952977 -0.303042
vn 0.000000 -0.952977 -0.303042
vn 0.000000 -0.952977 0.303042
vn 0.000000 -0.952982 0.303028
vn 0.000001 -0.952986 0.303014
vn 0.000000 -0.952982 0.303028
vn 0.303042 -0.952977 -0.000000
vn 0.303028 -0.952982 -0.000000
vn 0.303014 -0.952986 -0.000000
vn 0.303028 -0.952982 -0.000000
vn -0.303042 -0.952977 0.000000
vn -0.303028 -0.952982 0.000000
vn -0.303014 -0.952986 0.000000
vn -0.303028 -0.952982 0.000000
vn -0.707071 0.000000 -0.707142
vn -0.704008 -0.000622 -0.710192
vn -0.700931 -0.001243 -0.713228
vn -0.704008 -0.000622 -0.710192
vn 0.707107 0.000000 -0.707107
vn 0.707107 0.000000 -0.707107
vn 0.707107 0.000000 -0.707107
vn 0.707107 0.000000 -0.707107
vn 0.000000 0.000000 -1.000000
vn 0.000000 0.000000 -1.000000
vn 0.000000 0.000000 -1.000000
vn 0.000000 0.000000 -1.000000
vn -0.999069 0.043131 -0.000575
vn -0.999199 0.039993 -0.001593
vn -0.999685 0.025041 -0.001722
vn -0.999912 0.013223 -0.000833
vn -0.999516 0.031072 -0.001340
vn 0.408949 0.566093 0.715751
vn 0.408949 0.566093 0.715751
vn 0.408949 0.566093 0.715751
vn -0.471266 0.572520 0.670917
vn -0.471266 0.572520 0.670917
vn -0.471266 0.572520 0.670917
vn -0.700234 0.692966 -0.171669
vn -0.700234 0.692966 -0.171669
vn -0.700234 0.692966 -0.171669
vn 0.038537 0.761008 -0.647597
vn 0.038537 0.761008 -0.647597
vn 0.038537 0.761008 -0.647597
vn 0.724037 0.682600 -0.099131
vn 0.724037 0.682600 -0.099131
vn 0.724037 0.682600 -0.099131
vn 0.268021 0.961591 -0.059219
vn 0.268021 0.961591 -0.059219
vn 0.268021 0.961591 -0.059219
vn 0.491122 0.837159 -0.240759
vn 0.491122 0.837159 -0.240759
vn 0.491122 0.837159 -0.240759
vn 0.408939 0.743978 -0.528457
vn 0.408939 0.743978 -0.528457
vn 0.408939 0.743978 -0.528457
vn -0.102391 0.978623 -0.178361
vn -0.102391 0.978623 -0.178361
vn -0.102391 0.978623 -0.178361
vn -0.187606 0.868368 -0.459065
vn -0.187606 0.868368 -0.459065
vn -0.187606 0.868368 -0.459065
vn -0.471302 0.737567 -0.483601
vn -0.471302 0.737567 -0.483601
vn -0.471302 0.737567 -0.483601
vn -0.331319 0.934018 0.133559
vn -0.331319 0.934018 0.133559
vn -0.331319 0.934018 0.133559
vn -0.607065 0.786650 0.112486
vn -0.607065 0.786650 0.112486
vn -0.607065 0.786650 0.112486
vn -0.700219 0.617118 0.358968
vn -0.700219 0.617118 0.358968
vn -0.700219 0.617118 0.358968
vn -0.102394 0.889420 0.445474
vn -0.102394 0.889420 0.445474
vn -0.102394 0.889420 0.445474
vn -0.187599 0.704938 0.684010
vn -0.187599 0.704938 0.684010
vn -0.187599 0.704938 0.684010
vn 0.038529 0.549055 0.834898
vn 0.038529 0.549055 0.834898
vn 0.038529 0.549055 0.834898
vn 0.268021 0.906461 0.326332
vn 0.268021 0.906461 0.326332
vn 0.268021 0.906461 0.326332
vn 0.491119 0.736142 0.465723
vn 0.491119 0.736142 0.465723
vn 0.491119 0.736142 0.465723
vn 0.724031 0.627471 0.286461
vn 0.724031 0.627471 0.286461
vn 0.724031 0.627471 0.286461
vn 0.889692 0.371665 -0.265164
vn 0.889692 0.371665 -0.265164
vn 0.889692 0.371665 -0.265164
vn 0.794652 0.267433 -0.544984
vn 0.794652 0.267433 -0.544984
vn 0.794652 0.267433 -0.544984
vn 0.574589 0.433057 -0.694485
vn 0.574589 0.433057 -0.694485
vn 0.574589 0.433057 -0.694485
vn -0.024736 0.460611 -0.887258
vn -0.024736 0.460611 -0.887258
vn -0.024736 0.460611 -0.887258
vn -0.303524 0.317941 -0.898213
vn -0.303524 0.317941 -0.898213
vn -0.303524 0.317941 -0.898213
vn -0.534579 0.437172 -0.723261
vn -0.534579 0.437172 -0.723261
vn -0.534579 0.437172 -0.723261
vn -0.904986 0.365009 -0.218559
vn -0.904986 0.365009 -0.218559
vn -0.904986 0.365009 -0.218559
vn -0.982243 0.185725 0.026557
vn -0.982243 0.185725 0.026557
vn -0.982243 0.185725 0.026557
vn -0.904993 0.289129 0.312078
vn -0.904993 0.289129 0.312078
vn -0.904993 0.289129 0.312078
vn -0.534551 0.216946 0.816817
vn -0.534551 0.216946 0.816817
vn -0.534551 0.216946 0.816817
vn -0.303553 0.053503 0.951311
vn -0.303553 0.053503 0.951311
vn -0.303553 0.053503 0.951311
vn -0.024745 0.193538 0.980781
vn -0.024745 0.193538 0.980781
vn -0.024745 0.193538 0.980781
vn 0.574605 0.221081 0.788005
vn 0.574605 0.221081 0.788005
vn 0.574605 0.221081 0.788005
vn 0.794642 0.104001 0.598104
vn 0.794642 0.104001 0.598104
vn 0.794642 0.104001 0.598104
vn 0.889687 0.282465 0.358708
vn 0.889687 0.282465 0.358708
vn 0.889687 0.282465 0.358708
vn 0.306554 0.257925 -0.916242
vn 0.306554 0.257925 -0.916242
vn 0.306554 0.257925 -0.916242
vn -0.802605 0.206913 -0.559474
vn -0.802605 0.206913 -0.559474
vn -0.802605 0.206913 -0.559474
vn -0.802598 0.041813 0.595053
vn -0.802598 0.041813 0.595053
vn -0.802598 0.041813 0.595053
vn 0.306584 -0.009173 0.951799
vn 0.306584 -0.009173 0.951799
vn 0.306584 -0.009173 0.951799
vn 0.992077 0.124363 0.017783
vn 0.992077 0.124363 0.017783
vn 0.992077 0.124363 0.017783
vn 0.408949 0.564236 0.717216
vn 0.408949 0.564236 0.717216
vn 0.408949 0.564236 0.717216
vn -0.471282 0.570743 0.672418
vn -0.471282 0.570743 0.672418
vn -0.471282 0.570743 0.672418
vn -0.700225 0.693426 -0.169838
vn -0.700225 0.693426 -0.169838
vn -0.700225 0.693426 -0.169838
vn 0.038529 0.762725 -0.645574
vn 0.038529 0.762725 -0.645574
vn 0.038529 0.762725 -0.645574
vn 0.724044 0.682851 -0.097338
vn 0.724044 0.682851 -0.097338
vn 0.724044 0.682851 -0.097338
vn 0.268026 0.961741 -0.056708
vn 0.268026 0.961741 -0.056708
vn 0.268026 0.961741 -0.056708
vn 0.491122 0.837786 -0.238565
vn 0.491122 0.837786 -0.238565
vn 0.491122 0.837786 -0.238565
vn 0.408958 0.745376 -0.526468
vn 0.408958 0.745376 -0.526468
vn 0.408958 0.745376 -0.526468
vn -0.102365 0.979089 -0.175801
vn -0.102365 0.979089 -0.175801
vn -0.102365 0.979089 -0.175801
vn -0.187581 0.869575 -0.456785
vn -0.187581 0.869575 -0.456785
vn -0.187581 0.869575 -0.456785
vn -0.471283 0.738843 -0.481667
vn -0.471283 0.738843 -0.481667
vn -0.471283 0.738843 -0.481667
vn -0.331305 0.933668 0.136021
vn -0.331305 0.933668 0.136021
vn -0.331305 0.933668 0.136021
vn -0.607057 0.786358 0.114560
vn -0.607057 0.786358 0.114560
vn -0.607057 0.786358 0.114560
vn -0.700213 0.616159 0.360623
vn -0.700213 0.616159 0.360623
vn -0.700213 0.616159 0.360623
vn -0.102371 0.888245 0.447818
vn -0.102371 0.888245 0.447818
vn -0.102371 0.888245 0.447818
vn -0.187580 0.703141 0.685862
vn -0.187580 0.703141 0.685862
vn -0.187580 0.703141 0.685862
vn 0.038514 0.546886 0.836321
vn 0.038514 0.546886 0.836321
vn 0.038514 0.546886 0.836321
vn 0.268015 0.905595 0.328733
vn 0.268015 0.905595 0.328733
vn 0.268015 0.905595 0.328733
vn 0.491100 0.734921 0.467666
vn 0.491100 0.734921 0.467666
vn 0.491100 0.734921 0.467666
vn 0.724046 0.626707 0.288091
vn 0.724046 0.626707 0.288091
vn 0.724046 0.626707 0.288091
vn 0.889690 0.372365 -0.264189
vn 0.889690 0.372365 -0.264189
vn 0.889690 0.372365 -0.264189
vn 0.794649 0.268876 -0.544277
vn 0.794649 0.268876 -0.544277
vn 0.794649 0.268876 -0.544277
vn 0.574615 0.434877 -0.693325
vn 0.574615 0.434877 -0.693325
vn 0.574615 0.434877 -0.693325
vn -0.024752 0.462929 -0.886050
vn -0.024752 0.462929 -0.886050
vn -0.024752 0.462929 -0.886050
vn -0.303517 0.320299 -0.897377
vn -0.303517 0.320299 -0.897377
vn -0.303517 0.320299 -0.897377
vn -0.534557 0.439071 -0.722126
vn -0.534557 0.439071 -0.722126
vn -0.534557 0.439071 -0.722126
vn -0.905002 0.365546 -0.217596
vn -0.905002 0.365546 -0.217596
vn -0.905002 0.365546 -0.217596
vn -0.982249 0.185622 0.027037
vn -0.982249 0.185622 0.027037
vn -0.982249 0.185622 0.027037
vn -0.904990 0.288281 0.312869
vn -0.904990 0.288281 0.312869
vn -0.904990 0.288281 0.312869
vn -0.534561 0.214829 0.817370
vn -0.534561 0.214829 0.817370
vn -0.534561 0.214829 0.817370
vn -0.303520 0.050997 0.951459
vn -0.303520 0.050997 0.951459
vn -0.303520 0.050997 0.951459
vn -0.024767 0.190926 0.981292
vn -0.024767 0.190926 0.981292
vn -0.024767 0.190926 0.981292
vn 0.574623 0.219013 0.788569
vn 0.574623 0.219013 0.788569
vn 0.574623 0.219013 0.788569
vn 0.794657 0.102429 0.598354
vn 0.794657 0.102429 0.598354
vn 0.794657 0.102429 0.598354
vn 0.889692 0.281516 0.359440
vn 0.889692 0.281516 0.359440
vn 0.889692 0.281516 0.359440
vn 0.306556 0.260311 -0.915566
vn 0.306556 0.260311 -0.915566
vn 0.306556 0.260311 -0.915566
vn -0.802620 0.208353 -0.558919
vn -0.802620 0.208353 -0.558919
vn -0.802620 0.208353 -0.558919
vn -0.802626 0.040267 0.595122
vn -0.802626 0.040267 0.595122
vn -0.802626 0.040267 0.595122
vn 0.306560 -0.011701 0.951779
vn 0.306560 -0.011701 0.951779
vn 0.306560 -0.011701 0.951779
vn 0.992077 0.124319 0.018108
vn 0.992077 0.124319 0.018108
vn 0.992077 0.124319 0.018108
vn 0.408948 0.691409 0.595580
vn 0.408948 0.691409 0.595580
vn 0.408948 0.691409 0.595580
vn -0.471310 0.689209 0.550325
vn -0.471310 0.689209 0.550325
vn -0.471310 0.689209 0.550325
vn -0.700243 0.647892 -0.299826
vn -0.700243 0.647892 -0.299826
vn -0.700243 0.647892 -0.299826
vn 0.038534 0.624588 -0.780003
vn 0.038534 0.624588 -0.780003
vn 0.038534 0.624588 -0.780003
vn 0.724051 0.651464 -0.226592
vn 0.724051 0.651464 -0.226592
vn 0.724051 0.651464 -0.226592
vn 0.268032 0.932965 -0.240283
vn 0.268032 0.932965 -0.240283
vn 0.268032 0.932965 -0.240283
vn 0.491121 0.776411 -0.394951
vn 0.491121 0.776411 -0.394951
vn 0.491121 0.776411 -0.394951
vn 0.408937 0.630422 -0.659802
vn 0.408937 0.630422 -0.659802
vn 0.408937 0.630422 -0.659802
vn -0.102373 0.927127 -0.360494
vn -0.102373 0.927127 -0.360494
vn -0.102373 0.927127 -0.360494
vn -0.187587 0.765707 -0.615226
vn -0.187587 0.765707 -0.615226
vn -0.187587 0.765707 -0.615226
vn -0.471321 0.632609 -0.614543
vn -0.471321 0.632609 -0.614543
vn -0.471321 0.632609 -0.614543
vn -0.331292 0.942417 -0.045774
vn -0.331292 0.942417 -0.045774
vn -0.331292 0.942417 -0.045774
vn -0.607077 0.793707 -0.038551
vn -0.607077 0.793707 -0.038551
vn -0.607077 0.793707 -0.038551
vn -0.700233 0.673918 0.235603
vn -0.700233 0.673918 0.235603
vn -0.700233 0.673918 0.235603
vn -0.102378 0.957701 0.268937
vn -0.102378 0.957701 0.268937
vn -0.102378 0.957701 0.268937
vn -0.187586 0.821741 0.538101
vn -0.187586 0.821741 0.538101
vn -0.187586 0.821741 0.538101
vn 0.038536 0.697255 0.715787
vn 0.038536 0.697255 0.715787
vn 0.038536 0.697255 0.715787
vn 0.268031 0.951861 0.148726
vn 0.268031 0.951861 0.148726
vn 0.268031 0.951861 0.148726
vn 0.491124 0.811032 0.317842
vn 0.491124 0.811032 0.317842
vn 0.491124 0.811032 0.317842
vn 0.724047 0.670362 0.162390
vn 0.724047 0.670362 0.162390
vn 0.724047 0.670362 0.162390
vn 0.889707 0.314705 -0.330729
vn 0.889707 0.314705 -0.330729
vn 0.889707 0.314705 -0.330729
vn 0.794647 0.159329 -0.585791
vn 0.794647 0.159329 -0.585791
vn 0.794647 0.159329 -0.585791
vn 0.574600 0.293629 -0.763948
vn 0.574600 0.293629 -0.763948
vn 0.574600 0.293629 -0.763948
vn -0.024751 0.284182 -0.958451
vn -0.024751 0.284182 -0.958451
vn -0.024751 0.284182 -0.958451
vn -0.303527 0.142019 -0.942179
vn -0.303527 0.142019 -0.942179
vn -0.303527 0.142019 -0.942179
vn -0.534585 0.292231 -0.792981
vn -0.534585 0.292231 -0.792981
vn -0.534585 0.292231 -0.792981
vn -0.904984 0.317010 -0.283742
vn -0.904984 0.317010 -0.283742
vn -0.904984 0.317010 -0.283742
vn -0.982242 0.187395 -0.009102
vn -0.982242 0.187395 -0.009102
vn -0.982242 0.187395 -0.009102
vn -0.904986 0.343014 0.251678
vn -0.904986 0.343014 0.251678
vn -0.904986 0.343014 0.251678
vn -0.534582 0.367735 0.760916
vn -0.534582 0.367735 0.760916
vn -0.534582 0.367735 0.760916
vn -0.303550 0.232711 0.923960
vn -0.303550 0.232711 0.923960
vn -0.303550 0.232711 0.923960
vn -0.024741 0.375799 0.926371
vn -0.024741 0.375799 0.926371
vn -0.024741 0.375799 0.926371
vn 0.574599 0.366317 0.731880
vn 0.574599 0.366317 0.731880
vn 0.574599 0.366317 0.731880
vn 0.794646 0.215375 0.567583
vn 0.794646 0.215375 0.567583
vn 0.794646 0.215375 0.567583
vn 0.889703 0.345282 0.298679
vn 0.889703 0.345282 0.298679
vn 0.889703 0.345282 0.298679
vn 0.306573 0.079671 -0.948507
vn 0.306573 0.079671 -0.948507
vn 0.306573 0.079671 -0.948507
vn -0.802597 0.097180 -0.588553
vn -0.802597 0.097180 -0.588553
vn -0.802597 0.097180 -0.588553
vn -0.802597 0.153785 0.576358
vn -0.802597 0.153785 0.576358
vn -0.802597 0.153785 0.576358
vn 0.306597 0.171279 0.936302
vn 0.306597 0.171279 0.936302
vn 0.306597 0.171279 0.936302
vn 0.992077 0.125485 -0.006095
vn 0.992077 0.125485 -0.006095
vn 0.992077 0.125485 -0.006095
vn 0.408943 0.700290 0.585115
vn 0.408943 0.700290 0.585115
vn 0.408943 0.700290 0.585115
vn -0.471313 0.697385 0.539924
vn -0.471313 0.697385 0.539924
vn -0.471313 0.697385 0.539924
vn -0.700214 0.643336 -0.309546
vn -0.700214 0.643336 -0.309546
vn -0.700214 0.643336 -0.309546
vn 0.038514 0.612812 -0.789289
vn 0.038514 0.612812 -0.789289
vn 0.038514 0.612812 -0.789289
vn 0.724051 0.647975 -0.236386
vn 0.724051 0.647975 -0.236386
vn 0.724051 0.647975 -0.236386
vn 0.268021 0.929245 -0.254300
vn 0.268021 0.929245 -0.254300
vn 0.268021 0.929245 -0.254300
vn 0.491113 0.770377 -0.406605
vn 0.491113 0.770377 -0.406605
vn 0.491113 0.770377 -0.406605
vn 0.408957 0.620459 -0.669167
vn 0.408957 0.620459 -0.669167
vn 0.408957 0.620459 -0.669167
vn -0.102376 0.921597 -0.374405
vn -0.102376 0.921597 -0.374405
vn -0.102376 0.921597 -0.374405
vn -0.187588 0.756373 -0.626666
vn -0.187588 0.756373 -0.626666
vn -0.187588 0.756373 -0.626666
vn -0.471292 0.623318 -0.623986
vn -0.471292 0.623318 -0.623986
vn -0.471292 0.623318 -0.623986
vn -0.331307 0.941617 -0.059948
vn -0.331307 0.941617 -0.059948
vn -0.331307 0.941617 -0.059948
vn -0.607049 0.793059 -0.050490
vn -0.607049 0.793059 -0.050490
vn -0.607049 0.793059 -0.050490
vn -0.700226 0.677377 0.225487
vn -0.700226 0.677377 0.225487
vn -0.700226 0.677377 0.225487
vn -0.102364 0.961634 0.254523
vn -0.102364 0.961634 0.254523
vn -0.102364 0.961634 0.254523
vn -0.187582 0.829723 0.525712
vn -0.187582 0.829723 0.525712
vn -0.187582 0.829723 0.525712
vn 0.038524 0.707932 0.705229
vn 0.038524 0.707932 0.705229
vn 0.038524 0.707932 0.705229
vn 0.268027 0.953988 0.134420
vn 0.268027 0.953988 0.134420
vn 0.268027 0.953988 0.134420
vn 0.491112 0.815720 0.305629
vn 0.491112 0.815720 0.305629
vn 0.491112 0.815720 0.305629
vn 0.724046 0.672724 0.152314
vn 0.724046 0.672724 0.152314
vn 0.724046 0.672724 0.152314
vn 0.889688 0.309724 -0.335449
vn 0.889688 0.309724 -0.335449
vn 0.889688 0.309724 -0.335449
vn 0.794647 0.150565 -0.588104
vn 0.794647 0.150565 -0.588104
vn 0.794647 0.150565 -0.588104
vn 0.574623 0.282165 -0.768239
vn 0.574623 0.282165 -0.768239
vn 0.574623 0.282165 -0.768239
vn -0.024764 0.269785 -0.962602
vn -0.024764 0.269785 -0.962602
vn -0.024764 0.269785 -0.962602
vn -0.303533 0.127891 -0.944199
vn -0.303533 0.127891 -0.944199
vn -0.303533 0.127891 -0.944199
vn -0.534572 0.280315 -0.797281
vn -0.534572 0.280315 -0.797281
vn -0.534572 0.280315 -0.797281
vn -0.904982 0.312689 -0.288500
vn -0.904982 0.312689 -0.288500
vn -0.904982 0.312689 -0.288500
vn -0.982249 0.187203 -0.011913
vn -0.982249 0.187203 -0.011913
vn -0.982249 0.187203 -0.011913
vn -0.904984 0.346737 0.246529
vn -0.904984 0.346737 0.246529
vn -0.904984 0.346737 0.246529
vn -0.534579 0.379134 0.755303
vn -0.534579 0.379134 0.755303
vn -0.534579 0.379134 0.755303
vn -0.303531 0.246561 0.920368
vn -0.303531 0.246561 0.920368
vn -0.303531 0.246561 0.920368
vn -0.024762 0.389642 0.920633
vn -0.024762 0.389642 0.920633
vn -0.024762 0.389642 0.920633
vn 0.574609 0.377278 0.726282
vn 0.574609 0.377278 0.726282
vn 0.574609 0.377278 0.726282
vn 0.794654 0.223890 0.564268
vn 0.794654 0.223890 0.564268
vn 0.794654 0.223890 0.564268
vn 0.889695 0.349736 0.293477
vn 0.889695 0.349736 0.293477
vn 0.889695 0.349736 0.293477
vn 0.306565 0.065430 -0.949598
vn 0.306565 0.065430 -0.949598
vn 0.306565 0.065430 -0.949598
vn -0.802604 0.088341 -0.589935
vn -0.802604 0.088341 -0.589935
vn -0.802604 0.088341 -0.589935
vn -0.802607 0.162418 0.573971
vn -0.802607 0.162418 0.573971
vn -0.802607 0.162418 0.573971
vn 0.306563 0.185288 0.933642
vn 0.306563 0.185288 0.933642
vn 0.306563 0.185288 0.933642
vn 0.992077 0.125380 -0.007979
vn 0.992077 0.125380 -0.007979
vn 0.992077 0.125380 -0.007979
vn 0.408942 0.743885 0.528584
vn 0.408942 0.743885 0.528584
vn 0.408942 0.743885 0.528584
vn -0.471294 0.737483 0.483736
vn -0.471294 0.737483 0.483736
vn -0.471294 0.737483 0.483736
vn -0.700246 0.617154 -0.358854
vn -0.700246 0.617154 -0.358854
vn -0.700246 0.617154 -0.358854
vn 0.038532 0.549216 -0.834792
vn 0.038532 0.549216 -0.834792
vn 0.038532 0.549216 -0.834792
vn 0.724046 0.627527 -0.286299
vn 0.724046 0.627527 -0.286299
vn 0.724046 0.627527 -0.286299
vn 0.268049 0.906517 -0.326154
vn 0.268049 0.906517 -0.326154
vn 0.268049 0.906517 -0.326154
vn 0.491109 0.736253 -0.465557
vn 0.491109 0.736253 -0.465557
vn 0.491109 0.736253 -0.465557
vn 0.408923 0.566222 -0.715663
vn 0.408923 0.566222 -0.715663
vn 0.408923 0.566222 -0.715663
vn -0.102358 0.889510 -0.445303
vn -0.102358 0.889510 -0.445303
vn -0.102358 0.889510 -0.445303
vn -0.187570 0.705062 -0.683889
vn -0.187570 0.705062 -0.683889
vn -0.187570 0.705062 -0.683889
vn -0.471297 0.572614 -0.670814
vn -0.471297 0.572614 -0.670814
vn -0.471297 0.572614 -0.670814
vn -0.331282 0.934058 -0.133371
vn -0.331282 0.934058 -0.133371
vn -0.331282 0.934058 -0.133371
vn -0.607089 0.786655 -0.112324
vn -0.607089 0.786655 -0.112324
vn -0.607089 0.786655 -0.112324
vn -0.700239 0.692932 0.171786
vn -0.700239 0.692932 0.171786
vn -0.700239 0.692932 0.171786
vn -0.102364 0.978592 0.178549
vn -0.102364 0.978592 0.178549
vn -0.102364 0.978592 0.178549
vn -0.187583 0.868290 0.459222
vn -0.187583 0.868290 0.459222
vn -0.187583 0.868290 0.459222
vn 0.038533 0.760902 0.647722
vn 0.038533 0.760902 0.647722
vn 0.038533 0.760902 0.647722
vn 0.268043 0.961574 0.059407
vn 0.268043 0.961574 0.059407
vn 0.268043 0.961574 0.059407
vn 0.491118 0.837120 0.240903
vn 0.491118 0.837120 0.240903
vn 0.491118 0.837120 0.240903
vn 0.724047 0.682575 0.099238
vn 0.724047 0.682575 0.099238
vn 0.724047 0.682575 0.099238
vn 0.889709 0.282516 -0.358613
vn 0.889709 0.282516 -0.358613
vn 0.889709 0.282516 -0.358613
vn 0.794672 0.104092 -0.598048
vn 0.794672 0.104092 -0.598048
vn 0.794672 0.104092 -0.598048
vn 0.574575 0.221240 -0.787982
vn 0.574575 0.221240 -0.787982
vn 0.574575 0.221240 -0.787982
vn -0.024751 0.193693 -0.980750
vn -0.024751 0.193693 -0.980750
vn -0.024751 0.193693 -0.980750
vn -0.303512 0.053670 -0.951315
vn -0.303512 0.053670 -0.951315
vn -0.303512 0.053670 -0.951315
vn -0.534564 0.217121 -0.816762
vn -0.534564 0.217121 -0.816762
vn -0.534564 0.217121 -0.816762
vn -0.904991 0.289193 -0.312025
vn -0.904991 0.289193 -0.312025
vn -0.904991 0.289193 -0.312025
vn -0.982242 0.185733 -0.026520
vn -0.982242 0.185733 -0.026520
vn -0.982242 0.185733 -0.026520
vn -0.904992 0.364957 0.218621
vn -0.904992 0.364957 0.218621
vn -0.904992 0.364957 0.218621
vn -0.534574 0.437020 0.723357
vn -0.534574 0.437020 0.723357
vn -0.534574 0.437020 0.723357
vn -0.303510 0.317748 0.898286
vn -0.303510 0.317748 0.898286
vn -0.303510 0.317748 0.898286
vn -0.024742 0.460419 0.887357
vn -0.024742 0.460419 0.887357
vn -0.024742 0.460419 0.887357
vn 0.574588 0.432929 0.694566
vn 0.574588 0.432929 0.694566
vn 0.574588 0.432929 0.694566
vn 0.794671 0.267313 0.545015
vn 0.794671 0.267313 0.545015
vn 0.794671 0.267313 0.545015
vn 0.889707 0.371593 0.265218
vn 0.889707 0.371593 0.265218
vn 0.889707 0.371593 0.265218
vn 0.306551 -0.008994 -0.951812
vn 0.306551 -0.008994 -0.951812
vn 0.306551 -0.008994 -0.951812
vn -0.802610 0.041934 -0.595029
vn -0.802610 0.041934 -0.595029
vn -0.802610 0.041934 -0.595029
vn -0.802611 0.206785 0.559514
vn -0.802611 0.206785 0.559514
vn -0.802611 0.206785 0.559514
vn 0.306548 0.257744 0.916295
vn 0.306548 0.257744 0.916295
vn 0.306548 0.257744 0.916295
vn 0.992077 0.124368 -0.017758
vn 0.992077 0.124368 -0.017758
vn 0.992077 0.124368 -0.017758
vn 0.408954 0.726791 0.551844
vn 0.408954 0.726791 0.551844
vn 0.408954 0.726791 0.551844
vn -0.471271 0.721828 0.506822
vn -0.471271 0.721828 0.506822
vn -0.471271 0.721828 0.506822
vn -0.700216 0.628224 -0.339164
vn -0.700216 0.628224 -0.339164
vn -0.700216 0.628224 -0.339164
vn 0.038528 0.575348 -0.817001
vn 0.038528 0.575348 -0.817001
vn 0.038528 0.575348 -0.817001
vn 0.724052 0.636257 -0.266318
vn 0.724052 0.636257 -0.266318
vn 0.724052 0.636257 -0.266318
vn 0.268029 0.916384 -0.297323
vn 0.268029 0.916384 -0.297323
vn 0.268029 0.916384 -0.297323
vn 0.491113 0.750598 -0.442054
vn 0.491113 0.750598 -0.442054
vn 0.491113 0.750598 -0.442054
vn 0.408937 0.588578 -0.697385
vn 0.408937 0.588578 -0.697385
vn 0.408937 0.588578 -0.697385
vn -0.102385 0.903146 -0.416947
vn -0.102385 0.903146 -0.416947
vn -0.102385 0.903146 -0.416947
vn -0.187593 0.726344 -0.661236
vn -0.187593 0.726344 -0.661236
vn -0.187593 0.726344 -0.661236
vn -0.471282 0.593565 -0.652360
vn -0.471282 0.593565 -0.652360
vn -0.471282 0.593565 -0.652360
vn -0.331328 0.937794 -0.103746
vn -0.331328 0.937794 -0.103746
vn -0.331328 0.937794 -0.103746
vn -0.607044 0.789850 -0.087379
vn -0.607044 0.789850 -0.087379
vn -0.607044 0.789850 -0.087379
vn -0.700204 0.687182 0.193639
vn -0.700204 0.687182 0.193639
vn -0.700204 0.687182 0.193639
vn -0.102407 0.972448 0.209421
vn -0.102407 0.972448 0.209421
vn -0.102407 0.972448 0.209421
vn -0.187624 0.853318 0.486462
vn -0.187624 0.853318 0.486462
vn -0.187624 0.853318 0.486462
vn 0.038505 0.740021 0.671480
vn 0.038505 0.740021 0.671480
vn 0.038505 0.740021 0.671480
vn 0.268028 0.959217 0.089795
vn 0.268028 0.959217 0.089795
vn 0.268028 0.959217 0.089795
vn 0.491122 0.829076 0.267270
vn 0.491122 0.829076 0.267270
vn 0.491122 0.829076 0.267270
vn 0.724051 0.679088 0.120786
vn 0.724051 0.679088 0.120786
vn 0.724051 0.679088 0.120786
vn 0.889693 0.293744 -0.349514
vn 0.889693 0.293744 -0.349514
vn 0.889693 0.293744 -0.349514
vn 0.794651 0.122980 -0.594479
vn 0.794651 0.122980 -0.594479
vn 0.794651 0.122980 -0.594479
vn 0.574582 0.246060 -0.780583
vn 0.574582 0.246060 -0.780583
vn 0.574582 0.246060 -0.780583
vn -0.024744 0.224627 -0.974131
vn -0.024744 0.224627 -0.974131
vn -0.024744 0.224627 -0.974131
vn -0.303516 0.083743 -0.949139
vn -0.303516 0.083743 -0.949139
vn -0.303516 0.083743 -0.949139
vn -0.534557 0.242858 -0.809487
vn -0.534557 0.242858 -0.809487
vn -0.534557 0.242858 -0.809487
vn -0.904987 0.298922 -0.302727
vn -0.904987 0.298922 -0.302727
vn -0.904987 0.298922 -0.302727
vn -0.982246 0.186463 -0.020600
vn -0.982246 0.186463 -0.020600
vn -0.982246 0.186463 -0.020600
vn -0.905001 0.357828 0.230070
vn -0.905001 0.357828 0.230070
vn -0.905001 0.357828 0.230070
vn -0.534548 0.413927 0.736833
vn -0.534548 0.413927 0.736833
vn -0.534548 0.413927 0.736833
vn -0.303515 0.289192 0.907880
vn -0.303515 0.289192 0.907880
vn -0.303515 0.289192 0.907880
vn -0.024768 0.432120 0.901476
vn -0.024768 0.432120 0.901476
vn -0.024768 0.432120 0.901476
vn 0.574615 0.410716 0.707906
vn 0.574615 0.410716 0.707906
vn 0.574615 0.410716 0.707906
vn 0.794653 0.249949 0.553219
vn 0.794653 0.249949 0.553219
vn 0.794653 0.249949 0.553219
vn 0.889696 0.363035 0.276853
vn 0.889696 0.363035 0.276853
vn 0.889696 0.363035 0.276853
vn 0.306554 0.021131 -0.951619
vn 0.306554 0.021131 -0.951619
vn 0.306554 0.021131 -0.951619
vn -0.802606 0.060745 -0.593408
vn -0.802606 0.060745 -0.593408
vn -0.802606 0.060745 -0.593408
vn -0.802623 0.188961 0.565765
vn -0.802623 0.188961 0.565765
vn -0.802623 0.188961 0.565765
vn 0.306555 0.228600 0.923995
vn 0.306555 0.228600 0.923995
vn 0.306555 0.228600 0.923995
vn 0.992077 0.124872 -0.013814
vn 0.992077 0.124872 -0.013814
vn 0.992077 0.124872 -0.013814
vn 0.408963 0.726170 0.552654
vn 0.408963 0.726170 0.552654
vn 0.408963 0.726170 0.552654
vn -0.471302 0.721256 0.507606
vn -0.471302 0.721256 0.507606
vn -0.471302 0.721256 0.507606
vn -0.700238 0.628581 -0.338456
vn -0.700238 0.628581 -0.338456
vn -0.700238 0.628581 -0.338456
vn 0.038519 0.576225 -0.816383
vn 0.038519 0.576225 -0.816383
vn 0.038519 0.576225 -0.816383
vn 0.724041 0.636561 -0.265623
vn 0.724041 0.636561 -0.265623
vn 0.724041 0.636561 -0.265623
vn 0.268031 0.916716 -0.296295
vn 0.268031 0.916716 -0.296295
vn 0.268031 0.916716 -0.296295
vn 0.491141 0.751072 -0.441216
vn 0.491141 0.751072 -0.441216
vn 0.491141 0.751072 -0.441216
vn 0.408965 0.589324 -0.696739
vn 0.408965 0.589324 -0.696739
vn 0.408965 0.589324 -0.696739
vn -0.102389 0.903613 -0.415932
vn -0.102389 0.903613 -0.415932
vn -0.102389 0.903613 -0.415932
vn -0.187606 0.727066 -0.660439
vn -0.187606 0.727066 -0.660439
vn -0.187606 0.727066 -0.660439
vn -0.471296 0.594272 -0.651706
vn -0.471296 0.594272 -0.651706
vn -0.471296 0.594272 -0.651706
vn -0.331313 0.937913 -0.102719
vn -0.331313 0.937913 -0.102719
vn -0.331313 0.937913 -0.102719
vn -0.607076 0.789921 -0.086511
vn -0.607076 0.789921 -0.086511
vn -0.607076 0.789921 -0.086511
vn -0.700229 0.686946 0.194382
vn -0.700229 0.686946 0.194382
vn -0.700229 0.686946 0.194382
vn -0.102399 0.972216 0.210501
vn -0.102399 0.972216 0.210501
vn -0.102399 0.972216 0.210501
vn -0.187605 0.852794 0.487388
vn -0.187605 0.852794 0.487388
vn -0.187605 0.852794 0.487388
vn 0.038537 0.739282 0.672292
vn 0.038537 0.739282 0.672292
vn 0.038537 0.739282 0.672292
vn 0.268038 0.959115 0.090854
vn 0.268038 0.959115 0.090854
vn 0.268038 0.959115 0.090854
vn 0.491137 0.828771 0.268185
vn 0.491137 0.828771 0.268185
vn 0.491137 0.828771 0.268185
vn 0.724039 0.678967 0.121541
vn 0.724039 0.678967 0.121541
vn 0.724039 0.678967 0.121541
vn 0.889703 0.294107 -0.349185
vn 0.889703 0.294107 -0.349185
vn 0.889703 0.294107 -0.349185
vn 0.794661 0.123613 -0.594335
vn 0.794661 0.123613 -0.594335
vn 0.794661 0.123613 -0.594335
vn 0.574601 0.246907 -0.780301
vn 0.574601 0.246907 -0.780301
vn 0.574601 0.246907 -0.780301
vn -0.024764 0.225695 -0.973883
vn -0.024764 0.225695 -0.973883
vn -0.024764 0.225695 -0.973883
vn -0.303536 0.084774 -0.949041
vn -0.303536 0.084774 -0.949041
vn -0.303536 0.084774 -0.949041
vn -0.534572 0.243723 -0.809217
vn -0.534572 0.243723 -0.809217
vn -0.534572 0.243723 -0.809217
vn -0.904991 0.299252 -0.302391
vn -0.904991 0.299252 -0.302391
vn -0.904991 0.299252 -0.302391
vn -0.982242 0.186501 -0.020425
vn -0.982242 0.186501 -0.020425
vn -0.982242 0.186501 -0.020425
vn -0.904989 0.357611 0.230456
vn -0.904989 0.357611 0.230456
vn -0.904989 0.357611 0.230456
vn -0.534587 0.413100 0.737268
vn -0.534587 0.413100 0.737268
vn -0.534587 0.413100 0.737268
vn -0.303540 0.288176 0.908195
vn -0.303540 0.288176 0.908195
vn -0.303540 0.288176 0.908195
vn -0.024738 0.431148 0.901942
vn -0.024738 0.431148 0.901942
vn -0.024738 0.431148 0.901942
vn 0.574610 0.409938 0.708360
vn 0.574610 0.409938 0.708360
vn 0.574610 0.409938 0.708360
vn 0.794650 0.249331 0.553502
vn 0.794650 0.249331 0.553502
vn 0.794650 0.249331 0.553502
vn 0.889701 0.362720 0.277249
vn 0.889701 0.362720 0.277249
vn 0.889701 0.362720 0.277249
vn 0.306556 0.022155 -0.951595
vn 0.306556 0.022155 -0.951595
vn 0.306556 0.022155 -0.951595
vn -0.802603 0.061388 -0.593346
vn -0.802603 0.061388 -0.593346
vn -0.802603 0.061388 -0.593346
vn -0.802602 0.188372 0.565991
vn -0.802602 0.188372 0.565991
vn -0.802602 0.188372 0.565991
vn 0.306585 0.227604 0.924231
vn 0.306585 0.227604 0.924231
vn 0.306585 0.227604 0.924231
vn 0.992077 0.124882 -0.013677
vn 0.992077 0.124882 -0.013677
vn 0.992077 0.124882 -0.013677
vn 0.661710 -0.408949 0.628410
vn 0.661710 -0.408949 0.628410
vn 0.661710 -0.408949 0.628410
vn 0.661701 0.471301 0.583118
vn 0.661701 0.471301 0.583118
vn 0.661701 0.471301 0.583118
vn 0.661701 0.700218 -0.268043
vn 0.661701 0.700218 -0.268043
vn 0.661701 0.700218 -0.268043
vn 0.661690 -0.038522 -0.748787
vn 0.661690 -0.038522 -0.748787
vn 0.661690 -0.038522 -0.748787
vn 0.661689 -0.724051 -0.194727
vn 0.661689 -0.724051 -0.194727
vn 0.661689 -0.724051 -0.194727
vn 0.943523 -0.268033 -0.194739
vn 0.943523 -0.268033 -0.194739
vn 0.943523 -0.268033 -0.194739
vn 0.794661 -0.491115 -0.356819
vn 0.794661 -0.491115 -0.356819
vn 0.794661 -0.491115 -0.356819
vn 0.661697 -0.408941 -0.628430
vn 0.661697 -0.408941 -0.628430
vn 0.661697 -0.408941 -0.628430
vn 0.943528 0.102379 -0.315078
vn 0.943528 0.102379 -0.315078
vn 0.943528 0.102379 -0.315078
vn 0.794650 0.187601 -0.577354
vn 0.794650 0.187601 -0.577354
vn 0.794650 0.187601 -0.577354
vn 0.661698 0.471287 -0.583132
vn 0.661698 0.471287 -0.583132
vn 0.661698 0.471287 -0.583132
vn 0.943528 0.331294 0.000000
vn 0.943528 0.331294 0.000000
vn 0.943528 0.331294 0.000000
vn 0.794665 0.607048 0.000000
vn 0.794665 0.607048 0.000000
vn 0.794665 0.607048 0.000000
vn 0.661702 0.700214 0.268051
vn 0.661702 0.700214 0.268051
vn 0.661702 0.700214 0.268051
vn 0.943523 0.102383 0.315089
vn 0.943523 0.102383 0.315089
vn 0.943523 0.102383 0.315089
vn 0.794661 0.187596 0.577340
vn 0.794661 0.187596 0.577340
vn 0.794661 0.187596 0.577340
vn 0.661709 -0.038526 0.748770
vn 0.661709 -0.038526 0.748770
vn 0.661709 -0.038526 0.748770
vn 0.943521 -0.268033 0.194746
vn 0.943521 -0.268033 0.194746
vn 0.943521 -0.268033 0.194746
vn 0.794657 -0.491113 0.356830
vn 0.794657 -0.491113 0.356830
vn 0.794657 -0.491113 0.356830
vn 0.661688 -0.724050 0.194734
vn 0.661688 -0.724050 0.194734
vn 0.661688 -0.724050 0.194734
vn 0.330388 -0.889697 -0.315091
vn 0.330388 -0.889697 -0.315091
vn 0.330388 -0.889697 -0.315091
vn 0.187595 -0.794652 -0.577353
vn 0.187595 -0.794652 -0.577353
vn 0.187595 -0.794652 -0.577353
vn 0.330382 -0.574599 -0.748788
vn 0.330382 -0.574599 -0.748788
vn 0.330382 -0.574599 -0.748788
vn 0.330400 0.024752 -0.943516
vn 0.330400 0.024752 -0.943516
vn 0.330400 0.024752 -0.943516
vn 0.187614 0.303532 -0.934168
vn 0.187614 0.303532 -0.934168
vn 0.187614 0.303532 -0.934168
vn 0.330383 0.534559 -0.777878
vn 0.330383 0.534559 -0.777878
vn 0.330383 0.534559 -0.777878
vn 0.330371 0.904990 -0.268046
vn 0.330371 0.904990 -0.268046
vn 0.330371 0.904990 -0.268046
vn 0.187578 0.982250 0.000000
vn 0.187578 0.982250 0.000000
vn 0.187578 0.982250 0.000000
vn 0.330367 0.904989 0.268054
vn 0.330367 0.904989 0.268054
vn 0.330367 0.904989 0.268054
vn 0.330370 0.534581 0.777868
vn 0.330370 0.534581 0.777868
vn 0.330370 0.534581 0.777868
vn 0.187583 0.303534 0.934173
vn 0.187583 0.303534 0.934173
vn 0.187583 0.303534 0.934173
vn 0.330369 0.024758 0.943527
vn 0.330369 0.024758 0.943527
vn 0.330369 0.024758 0.943527
vn 0.330370 -0.574622 0.748775
vn 0.330370 -0.574622 0.748775
vn 0.330370 -0.574622 0.748775
vn 0.187595 -0.794652 0.577353
vn 0.187595 -0.794652 0.577353
vn 0.187595 -0.794652 0.577353
vn 0.330383 -0.889695 0.315102
vn 0.330383 -0.889695 0.315102
vn 0.330383 -0.889695 0.315102
vn 0.125646 -0.306579 -0.943516
vn 0.125646 -0.306579 -0.943516
vn 0.125646 -0.306579 -0.943516
vn 0.125621 0.802606 -0.583132
vn 0.125621 0.802606 -0.583132
vn 0.125621 0.802606 -0.583132
vn 0.125621 0.802606 0.583132
vn 0.125621 0.802606 0.583132
vn 0.125621 0.802606 0.583132
vn 0.125610 -0.306580 0.943520
vn 0.125610 -0.306580 0.943520
vn 0.125610 -0.306580 0.943520
vn 0.125631 -0.992077 0.000000
vn 0.125631 -0.992077 0.000000
vn 0.125631 -0.992077 0.000000
vn 0.661697 -0.408941 0.628430
vn 0.661697 -0.408941 0.628430
vn 0.661697 -0.408941 0.628430
vn 0.661701 0.471301 0.583118
vn 0.661701 0.471301 0.583118
vn 0.661701 0.471301 0.583118
vn 0.661702 0.700214 -0.268051
vn 0.661702 0.700214 -0.268051
vn 0.661702 0.700214 -0.268051
vn 0.661709 -0.038526 -0.748770
vn 0.661709 -0.038526 -0.748770
vn 0.661709 -0.038526 -0.748770
vn 0.661702 -0.724033 -0.194748
vn 0.661702 -0.724033 -0.194748
vn 0.661702 -0.724033 -0.194748
vn 0.943525 -0.268025 -0.194740
vn 0.943525 -0.268025 -0.194740
vn 0.943525 -0.268025 -0.194740
vn 0.794657 -0.491113 -0.356830
vn 0.794657 -0.491113 -0.356830
vn 0.794657 -0.491113 -0.356830
vn 0.661710 -0.408949 -0.628410
vn 0.661710 -0.408949 -0.628410
vn 0.661710 -0.408949 -0.628410
vn 0.943522 0.102384 -0.315093
vn 0.943522 0.102384 -0.315093
vn 0.943522 0.102384 -0.315093
vn 0.794661 0.187596 -0.577340
vn 0.794661 0.187596 -0.577340
vn 0.794661 0.187596 -0.577340
vn 0.661701 0.471301 -0.583118
vn 0.661701 0.471301 -0.583118
vn 0.661701 0.471301 -0.583118
vn 0.943523 0.331306 0.000000
vn 0.943523 0.331306 0.000000
vn 0.943523 0.331306 0.000000
vn 0.794665 0.607048 0.000000
vn 0.794665 0.607048 0.000000
vn 0.794665 0.607048 0.000000
vn 0.661701 0.700218 0.268043
vn 0.661701 0.700218 0.268043
vn 0.661701 0.700218 0.268043
vn 0.943526 0.102380 0.315082
vn 0.943526 0.102380 0.315082
vn 0.943526 0.102380 0.315082
vn 0.794661 0.187596 0.577340
vn 0.794661 0.187596 0.577340
vn 0.794661 0.187596 0.577340
vn 0.661693 -0.038547 0.748783
vn 0.661693 -0.038547 0.748783
vn 0.661693 -0.038547 0.748783
vn 0.943526 -0.268025 0.194733
vn 0.943526 -0.268025 0.194733
vn 0.943526 -0.268025 0.194733
vn 0.794661 -0.491115 0.356819
vn 0.794661 -0.491115 0.356819
vn 0.794661 -0.491115 0.356819
vn 0.661702 -0.724034 0.194742
vn 0.661702 -0.724034 0.194742
vn 0.661702 -0.724034 0.194742
vn 0.330389 -0.889690 -0.315110
vn 0.330389 -0.889690 -0.315110
vn 0.330389 -0.889690 -0.315110
vn 0.187601 -0.794651 -0.577352
vn 0.187601 -0.794651 -0.577352
vn 0.187601 -0.794651 -0.577352
vn 0.330381 -0.574619 -0.748774
vn 0.330381 -0.574619 -0.748774
vn 0.330381 -0.574619 -0.748774
vn 0.330381 0.024756 -0.943523
vn 0.330381 0.024756 -0.943523
vn 0.330381 0.024756 -0.943523
vn 0.187594 0.303541 -0.934169
vn 0.187594 0.303541 -0.934169
vn 0.187594 0.303541 -0.934169
vn 0.330381 0.534580 -0.777864
vn 0.330381 0.534580 -0.777864
vn 0.330381 0.534580 -0.777864
vn 0.330378 0.904985 -0.268055
vn 0.330378 0.904985 -0.268055
vn 0.330378 0.904985 -0.268055
vn 0.187584 0.982249 0.000000
vn 0.187584 0.982249 0.000000
vn 0.187584 0.982249 0.000000
vn 0.330382 0.904985 0.268046
vn 0.330382 0.904985 0.268046
vn 0.330382 0.904985 0.268046
vn 0.330381 0.534580 0.777864
vn 0.330381 0.534580 0.777864
vn 0.330381 0.534580 0.777864
vn 0.187589 0.303533 0.934172
vn 0.187589 0.303533 0.934172
vn 0.187589 0.303533 0.934172
vn 0.330395 0.024722 0.943519
vn 0.330395 0.024722 0.943519
vn 0.330395 0.024722 0.943519
vn 0.330393 -0.574595 0.748786
vn 0.330393 -0.574595 0.748786
vn 0.330393 -0.574595 0.748786
vn 0.187601 -0.794651 0.577352
vn 0.187601 -0.794651 0.577352
vn 0.187601 -0.794651 0.577352
vn 0.330394 -0.889692 0.315099
vn 0.330394 -0.889692 0.315099
vn 0.330394 -0.889692 0.315099
vn 0.125608 -0.306572 -0.943523
vn 0.125608 -0.306572 -0.943523
vn 0.125608 -0.306572 -0.943523
vn 0.125626 0.802606 -0.583131
vn 0.125626 0.802606 -0.583131
vn 0.125626 0.802606 -0.583131
vn 0.125626 0.802606 0.583131
vn 0.125626 0.802606 0.583131
vn 0.125626 0.802606 0.583131
vn 0.125651 -0.306579 0.943515
vn 0.125651 -0.306579 0.943515
vn 0.125651 -0.306579 0.943515
vn 0.125631 -0.992077 0.000000
vn 0.125631 -0.992077 0.000000
vn 0.125631 -0.992077 0.000000
vn 0.661707 -0.408970 0.628400
vn 0.661707 -0.408970 0.628400
vn 0.661707 -0.408970 0.628400
vn 0.661698 0.471285 0.583134
vn 0.661698 0.471285 0.583134
vn 0.661698 0.471285 0.583134
vn 0.661685 0.700229 -0.268052
vn 0.661685 0.700229 -0.268052
vn 0.661685 0.700229 -0.268052
vn 0.661692 -0.038522 -0.748785
vn 0.661692 -0.038522 -0.748785
vn 0.661692 -0.038522 -0.748785
vn 0.661681 -0.724051 -0.194752
vn 0.661681 -0.724051 -0.194752
vn 0.661681 -0.724051 -0.194752
vn 0.943525 -0.268025 -0.194740
vn 0.943525 -0.268025 -0.194740
vn 0.943525 -0.268025 -0.194740
vn 0.794641 -0.491130 -0.356842
vn 0.794641 -0.491130 -0.356842
vn 0.794641 -0.491130 -0.356842
vn 0.661693 -0.408961 -0.628421
vn 0.661693 -0.408961 -0.628421
vn 0.661693 -0.408961 -0.628421
vn 0.943522 0.102384 -0.315093
vn 0.943522 0.102384 -0.315093
vn 0.943522 0.102384 -0.315093
vn 0.794645 0.187603 -0.577360
vn 0.794645 0.187603 -0.577360
vn 0.794645 0.187603 -0.577360
vn 0.661684 0.471307 -0.583132
vn 0.661684 0.471307 -0.583132
vn 0.661684 0.471307 -0.583132
vn 0.943523 0.331306 0.000000
vn 0.943523 0.331306 0.000000
vn 0.943523 0.331306 0.000000
vn 0.794649 0.607069 0.000000
vn 0.794649 0.607069 0.000000
vn 0.794649 0.607069 0.000000
vn 0.661697 0.700229 0.268023
vn 0.661697 0.700229 0.268023
vn 0.661697 0.700229 0.268023
vn 0.943526 0.102380 0.315082
vn 0.943526 0.102380 0.315082
vn 0.943526 0.102380 0.315082
vn 0.794645 0.187603 0.577360
vn 0.794645 0.187603 0.577360
vn 0.794645 0.187603 0.577360
vn 0.661706 -0.038504 0.748774
vn 0.661706 -0.038504 0.748774
vn 0.661706 -0.038504 0.748774
vn 0.943526 -0.268025 0.194733
vn 0.943526 -0.268025 0.194733
vn 0.943526 -0.268025 0.194733
vn 0.794645 -0.491132 0.356831
vn 0.794645 -0.491132 0.356831
vn 0.794645 -0.491132 0.356831
vn 0.661690 -0.724043 0.194754
vn 0.661690 -0.724043 0.194754
vn 0.661690 -0.724043 0.194754
vn 0.330394 -0.889692 -0.315099
vn 0.330394 -0.889692 -0.315099
vn 0.330394 -0.889692 -0.315099
vn 0.187601 -0.794651 -0.577352
vn 0.187601 -0.794651 -0.577352
vn 0.187601 -0.794651 -0.577352
vn 0.330381 -0.574619 -0.748774
vn 0.330381 -0.574619 -0.748774
vn 0.330381 -0.574619 -0.748774
vn 0.330381 0.024756 -0.943523
vn 0.330381 0.024756 -0.943523
vn 0.330381 0.024756 -0.943523
vn 0.187594 0.303541 -0.934169
vn 0.187594 0.303541 -0.934169
vn 0.187594 0.303541 -0.934169
vn 0.330381 0.534580 -0.777864
vn 0.330381 0.534580 -0.777864
vn 0.330381 0.534580 -0.777864
vn 0.330378 0.904985 -0.268055
vn 0.330378 0.904985 -0.268055
vn 0.330378 0.904985 -0.268055
vn 0.187584 0.982249 0.000000
vn 0.187584 0.982249 0.000000
vn 0.187584 0.982249 0.000000
vn 0.330377 0.904991 0.268036
vn 0.330377 0.904991 0.268036
vn 0.330377 0.904991 0.268036
vn 0.330375 0.534572 0.777872
vn 0.330375 0.534572 0.777872
vn 0.330375 0.534572 0.777872
vn 0.187594 0.303541 0.934169
vn 0.187594 0.303541 0.934169
vn 0.187594 0.303541 0.934169
vn 0.330375 0.024767 0.943525
vn 0.330375 0.024767 0.943525
vn 0.330375 0.024767 0.943525
vn 0.330376 -0.574629 0.748768
vn 0.330376 -0.574629 0.748768
vn 0.330376 -0.574629 0.748768
vn 0.187601 -0.794651 0.577352
vn 0.187601 -0.794651 0.577352
vn 0.187601 -0.794651 0.577352
vn 0.330389 -0.889690 0.315110
vn 0.330389 -0.889690 0.315110
vn 0.330389 -0.889690 0.315110
vn 0.125608 -0.306572 -0.943523
vn 0.125608 -0.306572 -0.943523
vn 0.125608 -0.306572 -0.943523
vn 0.125626 0.802606 -0.583131
vn 0.125626 0.802606 -0.583131
vn 0.125626 0.802606 -0.583131
vn 0.125621 0.802606 0.583132
vn 0.125621 0.802606 0.583132
vn 0.125621 0.802606 0.583132
vn 0.125604 -0.306572 0.943524
vn 0.125604 -0.306572 0.943524
vn 0.125604 -0.306572 0.943524
vn 0.125631 -0.992077 0.000000
vn 0.125631 -0.992077 0.000000
vn 0.125631 -0.992077 0.000000
vn 0.661697 -0.408941 0.628430
vn 0.661697 -0.408941 0.628430
vn 0.661697 -0.408941 0.628430
vn 0.661701 0.471301 0.583118
vn 0.661701 0.471301 0.583118
vn 0.661701 0.471301 0.583118
vn 0.661702 0.700214 -0.268051
vn 0.661702 0.700214 -0.268051
vn 0.661702 0.700214 -0.268051
vn 0.661709 -0.038526 -0.748770
vn 0.661709 -0.038526 -0.748770
vn 0.661709 -0.038526 -0.748770
vn 0.661702 -0.724033 -0.194748
vn 0.661702 -0.724033 -0.194748
vn 0.661702 -0.724033 -0.194748
vn 0.943525 -0.268025 -0.194740
vn 0.943525 -0.268025 -0.194740
vn 0.943525 -0.268025 -0.194740
vn 0.794657 -0.491113 -0.356830
vn 0.794657 -0.491113 -0.356830
vn 0.794657 -0.491113 -0.356830
vn 0.661710 -0.408949 -0.628410
vn 0.661710 -0.408949 -0.628410
vn 0.661710 -0.408949 -0.628410
vn 0.943522 0.102384 -0.315093
vn 0.943522 0.102384 -0.315093
vn 0.943522 0.102384 -0.315093
vn 0.794661 0.187596 -0.577340
vn 0.794661 0.187596 -0.577340
vn 0.794661 0.187596 -0.577340
vn 0.661701 0.471301 -0.583118
vn 0.661701 0.471301 -0.583118
vn 0.661701 0.471301 -0.583118
vn 0.943523 0.331306 0.000000
vn 0.943523 0.331306 0.000000
vn 0.943523 0.331306 0.000000
vn 0.794665 0.607048 0.000000
vn 0.794665 0.607048 0.000000
vn 0.794665 0.607048 0.000000
vn 0.661701 0.700218 0.268043
vn 0.661701 0.700218 0.268043
vn 0.661701 0.700218 0.268043
vn 0.943526 0.102380 0.315082
vn 0.943526 0.102380 0.315082
vn 0.943526 0.102380 0.315082
vn 0.794661 0.187596 0.577340
vn 0.794661 0.187596 0.577340
vn 0.794661 0.187596 0.577340
vn 0.661693 -0.038547 0.748783
vn 0.661693 -0.038547 0.748783
vn 0.661693 -0.038547 0.748783
vn 0.943526 -0.268025 0.194733
vn 0.943526 -0.268025 0.194733
vn 0.943526 -0.268025 0.194733
vn 0.794661 -0.491115 0.356819
vn 0.794661 -0.491115 0.356819
vn 0.794661 -0.491115 0.356819
vn 0.661702 -0.724034 0.194742
vn 0.661702 -0.724034 0.194742
vn 0.661702 -0.724034 0.194742
vn 0.330389 -0.889690 -0.315110
vn 0.330389 -0.889690 -0.315110
vn 0.330389 -0.889690 -0.315110
vn 0.187601 -0.794651 -0.577352
vn 0.187601 -0.794651 -0.577352
vn 0.187601 -0.794651 -0.577352
vn 0.330381 -0.574619 -0.748774
vn 0.330381 -0.574619 -0.748774
vn 0.330381 -0.574619 -0.748774
vn 0.330381 0.024756 -0.943523
vn 0.330381 0.024756 -0.943523
vn 0.330381 0.024756 -0.943523
vn 0.187594 0.303541 -0.934169
vn 0.187594 0.303541 -0.934169
vn 0.187594 0.303541 -0.934169
vn 0.330381 0.534580 -0.777864
vn 0.330381 0.534580 -0.777864
vn 0.330381 0.534580 -0.777864
vn 0.330378 0.904985 -0.268055
vn 0.330378 0.904985 -0.268055
vn 0.330378 0.904985 -0.268055
vn 0.187584 0.982249 0.000000
vn 0.187584 0.982249 0.000000
vn 0.187584 0.982249 0.000000
vn 0.330382 0.904985 0.268046
vn 0.330382 0.904985 0.268046
vn 0.330382 0.904985 0.268046
vn 0.330381 0.534580 0.777864
vn 0.330381 0.534580 0.777864
vn 0.330381 0.534580 0.777864
vn 0.187594 0.303541 0.934169
vn 0.187594 0.303541 0.934169
vn 0.187594 0.303541 0.934169
vn 0.330396 0.024722 0.943519
vn 0.330396 0.024722 0.943519
vn 0.330396 0.024722 0.943519
vn 0.330393 -0.574595 0.748786
vn 0.330393 -0.574595 0.748786
vn 0.330393 -0.574595 0.748786
vn 0.187601 -0.794651 0.577352
vn 0.187601 -0.794651 0.577352
vn 0.187601 -0.794651 0.577352
vn 0.330394 -0.889692 0.315099
vn 0.330394 -0.889692 0.315099
vn 0.330394 -0.889692 0.315099
vn 0.125608 -0.306572 -0.943523
vn 0.125608 -0.306572 -0.943523
vn 0.125608 -0.306572 -0.943523
vn 0.125626 0.802606 -0.583131
vn 0.125626 0.802606 -0.583131
vn 0.125626 0.802606 -0.583131
vn 0.125626 0.802606 0.583131
vn 0.125626 0.802606 0.583131
vn 0.125626 0.802606 0.583131
vn 0.125645 -0.306570 0.943519
vn 0.125645 -0.306570 0.943519
vn 0.125645 -0.306570 0.943519
vn 0.125631 -0.992077 0.000000
vn 0.125631 -0.992077 0.000000
vn 0.125631 -0.992077 0.000000
vn -0.408943 0.566083 0.715762
vn -0.408943 0.566083 0.715762
vn -0.408943 0.566083 0.715762
vn 0.471282 0.572525 0.670901
vn 0.471282 0.572525 0.670901
vn 0.471282 0.572525 0.670901
vn 0.700234 0.692966 -0.171669
vn 0.700234 0.692966 -0.171669
vn 0.700234 0.692966 -0.171669
vn -0.038537 0.761007 -0.647598
vn -0.038537 0.761007 -0.647598
vn -0.038537 0.761007 -0.647598
vn -0.724055 0.682583 -0.099121
vn -0.724055 0.682583 -0.099121
vn -0.724055 0.682583 -0.099121
vn -0.268021 0.961591 -0.059219
vn -0.268021 0.961591 -0.059219
vn -0.268021 0.961591 -0.059219
vn -0.491127 0.837154 -0.240763
vn -0.491127 0.837154 -0.240763
vn -0.491127 0.837154 -0.240763
vn -0.408950 0.743967 -0.528463
vn -0.408950 0.743967 -0.528463
vn -0.408950 0.743967 -0.528463
vn 0.102388 0.978624 -0.178360
vn 0.102388 0.978624 -0.178360
vn 0.102388 0.978624 -0.178360
vn 0.187600 0.868370 -0.459064
vn 0.187600 0.868370 -0.459064
vn 0.187600 0.868370 -0.459064
vn 0.471302 0.737567 -0.483601
vn 0.471302 0.737567 -0.483601
vn 0.471302 0.737567 -0.483601
vn 0.331307 0.934022 0.133559
vn 0.331307 0.934022 0.133559
vn 0.331307 0.934022 0.133559
vn 0.607065 0.786650 0.112486
vn 0.607065 0.786650 0.112486
vn 0.607065 0.786650 0.112486
vn 0.700219 0.617118 0.358968
vn 0.700219 0.617118 0.358968
vn 0.700219 0.617118 0.358968
vn 0.102400 0.889426 0.445462
vn 0.102400 0.889426 0.445462
vn 0.102400 0.889426 0.445462
vn 0.187609 0.704949 0.683996
vn 0.187609 0.704949 0.683996
vn 0.187609 0.704949 0.683996
vn -0.038528 0.549054 0.834898
vn -0.038528 0.549054 0.834898
vn -0.038528 0.549054 0.834898
vn -0.268022 0.906465 0.326321
vn -0.268022 0.906465 0.326321
vn -0.268022 0.906465 0.326321
vn -0.491121 0.736148 0.465709
vn -0.491121 0.736148 0.465709
vn -0.491121 0.736148 0.465709
vn -0.724051 0.627461 0.286433
vn -0.724051 0.627461 0.286433
vn -0.724051 0.627461 0.286433
vn -0.889705 0.371645 -0.265153
vn -0.889705 0.371645 -0.265153
vn -0.889705 0.371645 -0.265153
vn -0.794668 0.267418 -0.544969
vn -0.794668 0.267418 -0.544969
vn -0.794668 0.267418 -0.544969
vn -0.574593 0.433055 -0.694483
vn -0.574593 0.433055 -0.694483
vn -0.574593 0.433055 -0.694483
vn 0.024736 0.460610 -0.887258
vn 0.024736 0.460610 -0.887258
vn 0.024736 0.460610 -0.887258
vn 0.303516 0.317936 -0.898217
vn 0.303516 0.317936 -0.898217
vn 0.303516 0.317936 -0.898217
vn 0.534579 0.437172 -0.723261
vn 0.534579 0.437172 -0.723261
vn 0.534579 0.437172 -0.723261
vn 0.904986 0.365009 -0.218559
vn 0.904986 0.365009 -0.218559
vn 0.904986 0.365009 -0.218559
vn 0.982242 0.185729 0.026552
vn 0.982242 0.185729 0.026552
vn 0.982242 0.185729 0.026552
vn 0.904989 0.289138 0.312080
vn 0.904989 0.289138 0.312080
vn 0.904989 0.289138 0.312080
vn 0.534572 0.216962 0.816799
vn 0.534572 0.216962 0.816799
vn 0.534572 0.216962 0.816799
vn 0.303520 0.053481 0.951323
vn 0.303520 0.053481 0.951323
vn 0.303520 0.053481 0.951323
vn 0.024751 0.193505 0.980787
vn 0.024751 0.193505 0.980787
vn 0.024751 0.193505 0.980787
vn -0.574587 0.221089 0.788016
vn -0.574587 0.221089 0.788016
vn -0.574587 0.221089 0.788016
vn -0.794667 0.103984 0.598073
vn -0.794667 0.103984 0.598073
vn -0.794667 0.103984 0.598073
vn -0.889703 0.282459 0.358671
vn -0.889703 0.282459 0.358671
vn -0.889703 0.282459 0.358671
vn -0.306580 0.257918 -0.916235
vn -0.306580 0.257918 -0.916235
vn -0.306580 0.257918 -0.916235
vn 0.802605 0.206913 -0.559474
vn 0.802605 0.206913 -0.559474
vn 0.802605 0.206913 -0.559474
vn 0.802606 0.041827 0.595041
vn 0.802606 0.041827 0.595041
vn 0.802606 0.041827 0.595041
vn -0.306558 -0.009180 0.951808
vn -0.306558 -0.009180 0.951808
vn -0.306558 -0.009180 0.951808
vn -0.992077 0.124366 0.017780
vn -0.992077 0.124366 0.017780
vn -0.992077 0.124366 0.017780
vn -0.408934 0.564208 0.717247
vn -0.408934 0.564208 0.717247
vn -0.408934 0.564208 0.717247
vn 0.471282 0.570743 0.672418
vn 0.471282 0.570743 0.672418
vn 0.471282 0.570743 0.672418
vn 0.700225 0.693426 -0.169838
vn 0.700225 0.693426 -0.169838
vn 0.700225 0.693426 -0.169838
vn -0.038527 0.762725 -0.645574
vn -0.038527 0.762725 -0.645574
vn -0.038527 0.762725 -0.645574
vn -0.724044 0.682851 -0.097338
vn -0.724044 0.682851 -0.097338
vn -0.724044 0.682851 -0.097338
vn -0.268025 0.961742 -0.056707
vn -0.268025 0.961742 -0.056707
vn -0.268025 0.961742 -0.056707
vn -0.491122 0.837786 -0.238565
vn -0.491122 0.837786 -0.238565
vn -0.491122 0.837786 -0.238565
vn -0.408958 0.745376 -0.526468
vn -0.408958 0.745376 -0.526468
vn -0.408958 0.745376 -0.526468
vn 0.102392 0.979086 -0.175803
vn 0.102392 0.979086 -0.175803
vn 0.102392 0.979086 -0.175803
vn 0.187595 0.869583 -0.456764
vn 0.187595 0.869583 -0.456764
vn 0.187595 0.869583 -0.456764
vn 0.471292 0.738849 -0.481649
vn 0.471292 0.738849 -0.481649
vn 0.471292 0.738849 -0.481649
vn 0.331315 0.933668 0.135994
vn 0.331315 0.933668 0.135994
vn 0.331315 0.933668 0.135994
vn 0.607062 0.786357 0.114537
vn 0.607062 0.786357 0.114537
vn 0.607062 0.786357 0.114537
vn 0.700225 0.616159 0.360601
vn 0.700225 0.616159 0.360601
vn 0.700225 0.616159 0.360601
vn 0.102382 0.888242 0.447821
vn 0.102382 0.888242 0.447821
vn 0.102382 0.888242 0.447821
vn 0.187596 0.703136 0.685863
vn 0.187596 0.703136 0.685863
vn 0.187596 0.703136 0.685863
vn -0.038510 0.546861 0.836337
vn -0.038510 0.546861 0.836337
vn -0.038510 0.546861 0.836337
vn -0.268026 0.905594 0.328728
vn -0.268026 0.905594 0.328728
vn -0.268026 0.905594 0.328728
vn -0.491103 0.734928 0.467652
vn -0.491103 0.734928 0.467652
vn -0.491103 0.734928 0.467652
vn -0.724047 0.626710 0.288081
vn -0.724047 0.626710 0.288081
vn -0.724047 0.626710 0.288081
vn -0.889692 0.372357 -0.264193
vn -0.889692 0.372357 -0.264193
vn -0.889692 0.372357 -0.264193
vn -0.794660 0.268866 -0.544267
vn -0.794660 0.268866 -0.544267
vn -0.794660 0.268866 -0.544267
vn -0.574615 0.434877 -0.693325
vn -0.574615 0.434877 -0.693325
vn -0.574615 0.434877 -0.693325
vn 0.024751 0.462928 -0.886050
vn 0.024751 0.462928 -0.886050
vn 0.024751 0.462928 -0.886050
vn 0.303517 0.320290 -0.897380
vn 0.303517 0.320290 -0.897380
vn 0.303517 0.320290 -0.897380
vn 0.534572 0.439062 -0.722121
vn 0.534572 0.439062 -0.722121
vn 0.534572 0.439062 -0.722121
vn 0.904991 0.365575 -0.217593
vn 0.904991 0.365575 -0.217593
vn 0.904991 0.365575 -0.217593
vn 0.982243 0.185654 0.027041
vn 0.982243 0.185654 0.027041
vn 0.982243 0.185654 0.027041
vn 0.904989 0.288310 0.312845
vn 0.904989 0.288310 0.312845
vn 0.904989 0.288310 0.312845
vn 0.534562 0.214811 0.817374
vn 0.534562 0.214811 0.817374
vn 0.534562 0.214811 0.817374
vn 0.303521 0.050987 0.951460
vn 0.303521 0.050987 0.951460
vn 0.303521 0.050987 0.951460
vn 0.024767 0.190925 0.981292
vn 0.024767 0.190925 0.981292
vn 0.024767 0.190925 0.981292
vn -0.574589 0.219006 0.788597
vn -0.574589 0.219006 0.788597
vn -0.574589 0.219006 0.788597
vn -0.794649 0.102417 0.598368
vn -0.794649 0.102417 0.598368
vn -0.794649 0.102417 0.598368
vn -0.889694 0.281523 0.359428
vn -0.889694 0.281523 0.359428
vn -0.889694 0.281523 0.359428
vn -0.306556 0.260311 -0.915566
vn -0.306556 0.260311 -0.915566
vn -0.306556 0.260311 -0.915566
vn 0.802605 0.208371 -0.558934
vn 0.802605 0.208371 -0.558934
vn 0.802605 0.208371 -0.558934
vn 0.802603 0.040259 0.595154
vn 0.802603 0.040259 0.595154
vn 0.802603 0.040259 0.595154
vn -0.306560 -0.011689 0.951780
vn -0.306560 -0.011689 0.951780
vn -0.306560 -0.011689 0.951780
vn -0.992077 0.124319 0.018108
vn -0.992077 0.124319 0.018108
vn -0.992077 0.124319 0.018108
vn -0.408948 0.691409 0.595580
vn -0.408948 0.691409 0.595580
vn -0.408948 0.691409 0.595580
vn 0.471305 0.689222 0.550313
vn 0.471305 0.689222 0.550313
vn 0.471305 0.689222 0.550313
vn 0.700229 0.647903 -0.299835
vn 0.700229 0.647903 -0.299835
vn 0.700229 0.647903 -0.299835
vn -0.038529 0.624568 -0.780019
vn -0.038529 0.624568 -0.780019
vn -0.038529 0.624568 -0.780019
vn -0.724047 0.651458 -0.226624
vn -0.724047 0.651458 -0.226624
vn -0.724047 0.651458 -0.226624
vn -0.268023 0.932966 -0.240286
vn -0.268023 0.932966 -0.240286
vn -0.268023 0.932966 -0.240286
vn -0.491127 0.776397 -0.394971
vn -0.491127 0.776397 -0.394971
vn -0.491127 0.776397 -0.394971
vn -0.408954 0.630414 -0.659800
vn -0.408954 0.630414 -0.659800
vn -0.408954 0.630414 -0.659800
vn 0.102377 0.927126 -0.360494
vn 0.102377 0.927126 -0.360494
vn 0.102377 0.927126 -0.360494
vn 0.187596 0.765696 -0.615237
vn 0.187596 0.765696 -0.615237
vn 0.187596 0.765696 -0.615237
vn 0.471322 0.632605 -0.614546
vn 0.471322 0.632605 -0.614546
vn 0.471322 0.632605 -0.614546
vn 0.331298 0.942415 -0.045783
vn 0.331298 0.942415 -0.045783
vn 0.331298 0.942415 -0.045783
vn 0.607069 0.793713 -0.038568
vn 0.607069 0.793713 -0.038568
vn 0.607069 0.793713 -0.038568
vn 0.700231 0.673922 0.235595
vn 0.700231 0.673922 0.235595
vn 0.700231 0.673922 0.235595
vn 0.102384 0.957703 0.268930
vn 0.102384 0.957703 0.268930
vn 0.102384 0.957703 0.268930
vn 0.187599 0.821746 0.538089
vn 0.187599 0.821746 0.538089
vn 0.187599 0.821746 0.538089
vn -0.038536 0.697255 0.715787
vn -0.038536 0.697255 0.715787
vn -0.038536 0.697255 0.715787
vn -0.268023 0.951864 0.148724
vn -0.268023 0.951864 0.148724
vn -0.268023 0.951864 0.148724
vn -0.491123 0.811031 0.317848
vn -0.491123 0.811031 0.317848
vn -0.491123 0.811031 0.317848
vn -0.724045 0.670360 0.162409
vn -0.724045 0.670360 0.162409
vn -0.724045 0.670360 0.162409
vn -0.889699 0.314683 -0.330771
vn -0.889699 0.314683 -0.330771
vn -0.889699 0.314683 -0.330771
vn -0.794667 0.159353 -0.585757
vn -0.794667 0.159353 -0.585757
vn -0.794667 0.159353 -0.585757
vn -0.574603 0.293664 -0.763932
vn -0.574603 0.293664 -0.763932
vn -0.574603 0.293664 -0.763932
vn 0.024745 0.284214 -0.958441
vn 0.024745 0.284214 -0.958441
vn 0.024745 0.284214 -0.958441
vn 0.303525 0.142050 -0.942175
vn 0.303525 0.142050 -0.942175
vn 0.303525 0.142050 -0.942175
vn 0.534584 0.292257 -0.792973
vn 0.534584 0.292257 -0.792973
vn 0.534584 0.292257 -0.792973
vn 0.904983 0.317005 -0.283750
vn 0.904983 0.317005 -0.283750
vn 0.904983 0.317005 -0.283750
vn 0.982242 0.187395 -0.009102
vn 0.982242 0.187395 -0.009102
vn 0.982242 0.187395 -0.009102
vn 0.904990 0.343010 0.251670
vn 0.904990 0.343010 0.251670
vn 0.904990 0.343010 0.251670
vn 0.534581 0.367746 0.760911
vn 0.534581 0.367746 0.760911
vn 0.534581 0.367746 0.760911
vn 0.303519 0.232701 0.923973
vn 0.303519 0.232701 0.923973
vn 0.303519 0.232701 0.923973
vn 0.024746 0.375769 0.926383
vn 0.024746 0.375769 0.926383
vn 0.024746 0.375769 0.926383
vn -0.574588 0.366347 0.731873
vn -0.574588 0.366347 0.731873
vn -0.574588 0.366347 0.731873
vn -0.794672 0.215381 0.567545
vn -0.794672 0.215381 0.567545
vn -0.794672 0.215381 0.567545
vn -0.889702 0.345264 0.298703
vn -0.889702 0.345264 0.298703
vn -0.889702 0.345264 0.298703
vn -0.306563 0.079702 -0.948508
vn -0.306563 0.079702 -0.948508
vn -0.306563 0.079702 -0.948508
vn 0.802606 0.097192 -0.588539
vn 0.802606 0.097192 -0.588539
vn 0.802606 0.097192 -0.588539
vn 0.802610 0.153776 0.576342
vn 0.802610 0.153776 0.576342
vn 0.802610 0.153776 0.576342
vn -0.306558 0.171270 0.936316
vn -0.306558 0.171270 0.936316
vn -0.306558 0.171270 0.936316
vn -0.992082 0.125446 -0.006093
vn -0.992082 0.125446 -0.006093
vn -0.992082 0.125446 -0.006093
vn -0.408943 0.700290 0.585115
vn -0.408943 0.700290 0.585115
vn -0.408943 0.700290 0.585115
vn 0.471293 0.697408 0.539912
vn 0.471293 0.697408 0.539912
vn 0.471293 0.697408 0.539912
vn 0.700219 0.643335 -0.309537
vn 0.700219 0.643335 -0.309537
vn 0.700219 0.643335 -0.309537
vn -0.038537 0.612795 -0.789302
vn -0.038537 0.612795 -0.789302
vn -0.038537 0.612795 -0.789302
vn -0.724047 0.647981 -0.236384
vn -0.724047 0.647981 -0.236384
vn -0.724047 0.647981 -0.236384
vn -0.268030 0.929243 -0.254297
vn -0.268030 0.929243 -0.254297
vn -0.268030 0.929243 -0.254297
vn -0.491115 0.770382 -0.406593
vn -0.491115 0.770382 -0.406593
vn -0.491115 0.770382 -0.406593
vn -0.408949 0.620444 -0.669187
vn -0.408949 0.620444 -0.669187
vn -0.408949 0.620444 -0.669187
vn 0.102376 0.921597 -0.374405
vn 0.102376 0.921597 -0.374405
vn 0.102376 0.921597 -0.374405
vn 0.187588 0.756373 -0.626666
vn 0.187588 0.756373 -0.626666
vn 0.187588 0.756373 -0.626666
vn 0.471292 0.623318 -0.623986
vn 0.471292 0.623318 -0.623986
vn 0.471292 0.623318 -0.623986
vn 0.331307 0.941617 -0.059948
vn 0.331307 0.941617 -0.059948
vn 0.331307 0.941617 -0.059948
vn 0.607050 0.793058 -0.050490
vn 0.607050 0.793058 -0.050490
vn 0.607050 0.793058 -0.050490
vn 0.700216 0.677396 0.225463
vn 0.700216 0.677396 0.225463
vn 0.700216 0.677396 0.225463
vn 0.102364 0.961634 0.254523
vn 0.102364 0.961634 0.254523
vn 0.102364 0.961634 0.254523
vn 0.187578 0.829732 0.525698
vn 0.187578 0.829732 0.525698
vn 0.187578 0.829732 0.525698
vn -0.038548 0.707935 0.705225
vn -0.038548 0.707935 0.705225
vn -0.038548 0.707935 0.705225
vn -0.268022 0.953989 0.134422
vn -0.268022 0.953989 0.134422
vn -0.268022 0.953989 0.134422
vn -0.491110 0.815718 0.305639
vn -0.491110 0.815718 0.305639
vn -0.491110 0.815718 0.305639
vn -0.724049 0.672720 0.152316
vn -0.724049 0.672720 0.152316
vn -0.724049 0.672720 0.152316
vn -0.889691 0.309713 -0.335451
vn -0.889691 0.309713 -0.335451
vn -0.889691 0.309713 -0.335451
vn -0.794650 0.150546 -0.588105
vn -0.794650 0.150546 -0.588105
vn -0.794650 0.150546 -0.588105
vn -0.574607 0.282151 -0.768256
vn -0.574607 0.282151 -0.768256
vn -0.574607 0.282151 -0.768256
vn 0.024735 0.269768 -0.962607
vn 0.024735 0.269768 -0.962607
vn 0.024735 0.269768 -0.962607
vn 0.303527 0.127864 -0.944205
vn 0.303527 0.127864 -0.944205
vn 0.303527 0.127864 -0.944205
vn 0.534572 0.280306 -0.797284
vn 0.534572 0.280306 -0.797284
vn 0.534572 0.280306 -0.797284
vn 0.904987 0.312685 -0.288491
vn 0.904987 0.312685 -0.288491
vn 0.904987 0.312685 -0.288491
vn 0.982249 0.187203 -0.011913
vn 0.982249 0.187203 -0.011913
vn 0.982249 0.187203 -0.011913
vn 0.904998 0.346721 0.246501
vn 0.904998 0.346721 0.246501
vn 0.904998 0.346721 0.246501
vn 0.534564 0.379144 0.755309
vn 0.534564 0.379144 0.755309
vn 0.534564 0.379144 0.755309
vn 0.303522 0.246566 0.920369
vn 0.303522 0.246566 0.920369
vn 0.303522 0.246566 0.920369
vn 0.024729 0.389657 0.920628
vn 0.024729 0.389657 0.920628
vn 0.024729 0.389657 0.920628
vn -0.574601 0.377301 0.726276
vn -0.574601 0.377301 0.726276
vn -0.574601 0.377301 0.726276
vn -0.794652 0.223908 0.564264
vn -0.794652 0.223908 0.564264
vn -0.794652 0.223908 0.564264
vn -0.889692 0.349745 0.293474
vn -0.889692 0.349745 0.293474
vn -0.889692 0.349745 0.293474
vn -0.306565 0.065430 -0.949598
vn -0.306565 0.065430 -0.949598
vn -0.306565 0.065430 -0.949598
vn 0.802618 0.088335 -0.589917
vn 0.802618 0.088335 -0.589917
vn 0.802618 0.088335 -0.589917
vn 0.802622 0.162401 0.573955
vn 0.802622 0.162401 0.573955
vn 0.802622 0.162401 0.573955
vn -0.306561 0.185324 0.933635
vn -0.306561 0.185324 0.933635
vn -0.306561 0.185324 0.933635
vn -0.992077 0.125380 -0.007979
vn -0.992077 0.125380 -0.007979
vn -0.992077 0.125380 -0.007979
vn -0.408938 0.743904 0.528561
vn -0.408938 0.743904 0.528561
vn -0.408938 0.743904 0.528561
vn 0.471298 0.737473 0.483748
vn 0.471298 0.737473 0.483748
vn 0.471298 0.737473 0.483748
vn 0.700241 0.617154 -0.358865
vn 0.700241 0.617154 -0.358865
vn 0.700241 0.617154 -0.358865
vn -0.038532 0.549216 -0.834792
vn -0.038532 0.549216 -0.834792
vn -0.038532 0.549216 -0.834792
vn -0.724038 0.627539 -0.286295
vn -0.724038 0.627539 -0.286295
vn -0.724038 0.627539 -0.286295
vn -0.268048 0.906521 -0.326144
vn -0.268048 0.906521 -0.326144
vn -0.268048 0.906521 -0.326144
vn -0.491122 0.736250 -0.465549
vn -0.491122 0.736250 -0.465549
vn -0.491122 0.736250 -0.465549
vn -0.408946 0.566221 -0.715652
vn -0.408946 0.566221 -0.715652
vn -0.408946 0.566221 -0.715652
vn 0.102368 0.889514 -0.445292
vn 0.102368 0.889514 -0.445292
vn 0.102368 0.889514 -0.445292
vn 0.187586 0.705071 -0.683876
vn 0.187586 0.705071 -0.683876
vn 0.187586 0.705071 -0.683876
vn 0.471313 0.572620 -0.670798
vn 0.471313 0.572620 -0.670798
vn 0.471313 0.572620 -0.670798
vn 0.331282 0.934058 -0.133371
vn 0.331282 0.934058 -0.133371
vn 0.331282 0.934058 -0.133371
vn 0.607086 0.786657 -0.112324
vn 0.607086 0.786657 -0.112324
vn 0.607086 0.786657 -0.112324
vn 0.700243 0.692928 0.171787
vn 0.700243 0.692928 0.171787
vn 0.700243 0.692928 0.171787
vn 0.102362 0.978592 0.178551
vn 0.102362 0.978592 0.178551
vn 0.102362 0.978592 0.178551
vn 0.187578 0.868285 0.459234
vn 0.187578 0.868285 0.459234
vn 0.187578 0.868285 0.459234
vn -0.038514 0.760915 0.647708
vn -0.038514 0.760915 0.647708
vn -0.038514 0.760915 0.647708
vn -0.268052 0.961570 0.059415
vn -0.268052 0.961570 0.059415
vn -0.268052 0.961570 0.059415
vn -0.491113 0.837124 0.240898
vn -0.491113 0.837124 0.240898
vn -0.491113 0.837124 0.240898
vn -0.724027 0.682594 0.099250
vn -0.724027 0.682594 0.099250
vn -0.724027 0.682594 0.099250
vn -0.889705 0.282528 -0.358612
vn -0.889705 0.282528 -0.358612
vn -0.889705 0.282528 -0.358612
vn -0.794649 0.104085 -0.598080
vn -0.794649 0.104085 -0.598080
vn -0.794649 0.104085 -0.598080
vn -0.574606 0.221210 -0.787968
vn -0.574606 0.221210 -0.787968
vn -0.574606 0.221210 -0.787968
vn 0.024751 0.193693 -0.980750
vn 0.024751 0.193693 -0.980750
vn 0.024751 0.193693 -0.980750
vn 0.303539 0.053655 -0.951307
vn 0.303539 0.053655 -0.951307
vn 0.303539 0.053655 -0.951307
vn 0.534586 0.217110 -0.816750
vn 0.534586 0.217110 -0.816750
vn 0.534586 0.217110 -0.816750
vn 0.904986 0.289196 -0.312036
vn 0.904986 0.289196 -0.312036
vn 0.904986 0.289196 -0.312036
vn 0.982242 0.185733 -0.026520
vn 0.982242 0.185733 -0.026520
vn 0.982242 0.185733 -0.026520
vn 0.904992 0.364957 0.218621
vn 0.904992 0.364957 0.218621
vn 0.904992 0.364957 0.218621
vn 0.534574 0.437020 0.723357
vn 0.534574 0.437020 0.723357
vn 0.534574 0.437020 0.723357
vn 0.303534 0.317761 0.898273
vn 0.303534 0.317761 0.898273
vn 0.303534 0.317761 0.898273
vn 0.024768 0.460432 0.887349
vn 0.024768 0.460432 0.887349
vn 0.024768 0.460432 0.887349
vn -0.574614 0.432896 0.694565
vn -0.574614 0.432896 0.694565
vn -0.574614 0.432896 0.694565
vn -0.794648 0.267321 0.545045
vn -0.794648 0.267321 0.545045
vn -0.794648 0.267321 0.545045
vn -0.889693 0.371610 0.265240
vn -0.889693 0.371610 0.265240
vn -0.889693 0.371610 0.265240
vn -0.306586 -0.009017 -0.951800
vn -0.306586 -0.009017 -0.951800
vn -0.306586 -0.009017 -0.951800
vn 0.802598 0.041944 -0.595043
vn 0.802598 0.041944 -0.595043
vn 0.802598 0.041944 -0.595043
vn 0.802611 0.206785 0.559514
vn 0.802611 0.206785 0.559514
vn 0.802611 0.206785 0.559514
vn -0.306582 0.257719 0.916290
vn -0.306582 0.257719 0.916290
vn -0.306582 0.257719 0.916290
vn -0.992077 0.124368 -0.017758
vn -0.992077 0.124368 -0.017758
vn -0.992077 0.124368 -0.017758
vn -0.408954 0.726791 0.551844
vn -0.408954 0.726791 0.551844
vn -0.408954 0.726791 0.551844
vn 0.471271 0.721828 0.506822
vn 0.471271 0.721828 0.506822
vn 0.471271 0.721828 0.506822
vn 0.700210 0.628225 -0.339175
vn 0.700210 0.628225 -0.339175
vn 0.700210 0.628225 -0.339175
vn -0.038527 0.575349 -0.817000
vn -0.038527 0.575349 -0.817000
vn -0.038527 0.575349 -0.817000
vn -0.724046 0.636262 -0.266324
vn -0.724046 0.636262 -0.266324
vn -0.724046 0.636262 -0.266324
vn -0.268030 0.916387 -0.297313
vn -0.268030 0.916387 -0.297313
vn -0.268030 0.916387 -0.297313
vn -0.491125 0.750594 -0.442047
vn -0.491125 0.750594 -0.442047
vn -0.491125 0.750594 -0.442047
vn -0.408964 0.588586 -0.697363
vn -0.408964 0.588586 -0.697363
vn -0.408964 0.588586 -0.697363
vn 0.102394 0.903150 -0.416937
vn 0.102394 0.903150 -0.416937
vn 0.102394 0.903150 -0.416937
vn 0.187608 0.726352 -0.661223
vn 0.187608 0.726352 -0.661223
vn 0.187608 0.726352 -0.661223
vn 0.471298 0.593570 -0.652344
vn 0.471298 0.593570 -0.652344
vn 0.471298 0.593570 -0.652344
vn 0.331326 0.937795 -0.103749
vn 0.331326 0.937795 -0.103749
vn 0.331326 0.937795 -0.103749
vn 0.607042 0.789851 -0.087381
vn 0.607042 0.789851 -0.087381
vn 0.607042 0.789851 -0.087381
vn 0.700204 0.687182 0.193639
vn 0.700204 0.687182 0.193639
vn 0.700204 0.687182 0.193639
vn 0.102410 0.972446 0.209429
vn 0.102410 0.972446 0.209429
vn 0.102410 0.972446 0.209429
vn 0.187624 0.853318 0.486462
vn 0.187624 0.853318 0.486462
vn 0.187624 0.853318 0.486462
vn -0.038505 0.740021 0.671480
vn -0.038505 0.740021 0.671480
vn -0.038505 0.740021 0.671480
vn -0.268028 0.959217 0.089798
vn -0.268028 0.959217 0.089798
vn -0.268028 0.959217 0.089798
vn -0.491120 0.829074 0.267279
vn -0.491120 0.829074 0.267279
vn -0.491120 0.829074 0.267279
vn -0.724053 0.679086 0.120788
vn -0.724053 0.679086 0.120788
vn -0.724053 0.679086 0.120788
vn -0.889691 0.293737 -0.349526
vn -0.889691 0.293737 -0.349526
vn -0.889691 0.293737 -0.349526
vn -0.794651 0.122980 -0.594479
vn -0.794651 0.122980 -0.594479
vn -0.794651 0.122980 -0.594479
vn -0.574625 0.246041 -0.780558
vn -0.574625 0.246041 -0.780558
vn -0.574625 0.246041 -0.780558
vn 0.024743 0.224628 -0.974130
vn 0.024743 0.224628 -0.974130
vn 0.024743 0.224628 -0.974130
vn 0.303543 0.083728 -0.949132
vn 0.303543 0.083728 -0.949132
vn 0.303543 0.083728 -0.949132
vn 0.534580 0.242846 -0.809475
vn 0.534580 0.242846 -0.809475
vn 0.534580 0.242846 -0.809475
vn 0.904998 0.298887 -0.302731
vn 0.904998 0.298887 -0.302731
vn 0.904998 0.298887 -0.302731
vn 0.982249 0.186444 -0.020626
vn 0.982249 0.186444 -0.020626
vn 0.982249 0.186444 -0.020626
vn 0.905001 0.357828 0.230070
vn 0.905001 0.357828 0.230070
vn 0.905001 0.357828 0.230070
vn 0.534548 0.413927 0.736833
vn 0.534548 0.413927 0.736833
vn 0.534548 0.413927 0.736833
vn 0.303539 0.289205 0.907868
vn 0.303539 0.289205 0.907868
vn 0.303539 0.289205 0.907868
vn 0.024763 0.432148 0.901463
vn 0.024763 0.432148 0.901463
vn 0.024763 0.432148 0.901463
vn -0.574615 0.410716 0.707906
vn -0.574615 0.410716 0.707906
vn -0.574615 0.410716 0.707906
vn -0.794642 0.249960 0.553230
vn -0.794642 0.249960 0.553230
vn -0.794642 0.249960 0.553230
vn -0.889693 0.363043 0.276849
vn -0.889693 0.363043 0.276849
vn -0.889693 0.363043 0.276849
vn -0.306581 0.021101 -0.951611
vn -0.306581 0.021101 -0.951611
vn -0.306581 0.021101 -0.951611
vn 0.802621 0.060731 -0.593389
vn 0.802621 0.060731 -0.593389
vn 0.802621 0.060731 -0.593389
vn 0.802623 0.188961 0.565765
vn 0.802623 0.188961 0.565765
vn 0.802623 0.188961 0.565765
vn -0.306579 0.228617 0.923982
vn -0.306579 0.228617 0.923982
vn -0.306579 0.228617 0.923982
vn -0.992077 0.124871 -0.013814
vn -0.992077 0.124871 -0.013814
vn -0.992077 0.124871 -0.013814
vn -0.408961 0.726167 0.552659
vn -0.408961 0.726167 0.552659
vn -0.408961 0.726167 0.552659
vn 0.471307 0.721244 0.507619
vn 0.471307 0.721244 0.507619
vn 0.471307 0.721244 0.507619
vn 0.700219 0.628590 -0.338477
vn 0.700219 0.628590 -0.338477
vn 0.700219 0.628590 -0.338477
vn -0.038547 0.576230 -0.816378
vn -0.038547 0.576230 -0.816378
vn -0.038547 0.576230 -0.816378
vn -0.724032 0.636562 -0.265645
vn -0.724032 0.636562 -0.265645
vn -0.724032 0.636562 -0.265645
vn -0.268032 0.916713 -0.296305
vn -0.268032 0.916713 -0.296305
vn -0.268032 0.916713 -0.296305
vn -0.491128 0.751075 -0.441225
vn -0.491128 0.751075 -0.441225
vn -0.491128 0.751075 -0.441225
vn -0.408949 0.589336 -0.696738
vn -0.408949 0.589336 -0.696738
vn -0.408949 0.589336 -0.696738
vn 0.102398 0.903605 -0.415947
vn 0.102398 0.903605 -0.415947
vn 0.102398 0.903605 -0.415947
vn 0.187607 0.727079 -0.660424
vn 0.187607 0.727079 -0.660424
vn 0.187607 0.727079 -0.660424
vn 0.471290 0.594290 -0.651694
vn 0.471290 0.594290 -0.651694
vn 0.471290 0.594290 -0.651694
vn 0.331329 0.937907 -0.102718
vn 0.331329 0.937907 -0.102718
vn 0.331329 0.937907 -0.102718
vn 0.607058 0.789934 -0.086512
vn 0.607058 0.789934 -0.086512
vn 0.607058 0.789934 -0.086512
vn 0.700223 0.686946 0.194404
vn 0.700223 0.686946 0.194404
vn 0.700223 0.686946 0.194404
vn 0.102400 0.972217 0.210494
vn 0.102400 0.972217 0.210494
vn 0.102400 0.972217 0.210494
vn 0.187615 0.852784 0.487402
vn 0.187615 0.852784 0.487402
vn 0.187615 0.852784 0.487402
vn -0.038534 0.739268 0.672308
vn -0.038534 0.739268 0.672308
vn -0.038534 0.739268 0.672308
vn -0.268027 0.959118 0.090855
vn -0.268027 0.959118 0.090855
vn -0.268027 0.959118 0.090855
vn -0.491134 0.828768 0.268201
vn -0.491134 0.828768 0.268201
vn -0.491134 0.828768 0.268201
vn -0.724038 0.678963 0.121564
vn -0.724038 0.678963 0.121564
vn -0.724038 0.678963 0.121564
vn -0.889689 0.294119 -0.349210
vn -0.889689 0.294119 -0.349210
vn -0.889689 0.294119 -0.349210
vn -0.794649 0.123628 -0.594348
vn -0.794649 0.123628 -0.594348
vn -0.794649 0.123628 -0.594348
vn -0.574597 0.246903 -0.780306
vn -0.574597 0.246903 -0.780306
vn -0.574597 0.246903 -0.780306
vn 0.024729 0.225711 -0.973880
vn 0.024729 0.225711 -0.973880
vn 0.024729 0.225711 -0.973880
vn 0.303536 0.084774 -0.949041
vn 0.303536 0.084774 -0.949041
vn 0.303536 0.084774 -0.949041
vn 0.534572 0.243723 -0.809217
vn 0.534572 0.243723 -0.809217
vn 0.534572 0.243723 -0.809217
vn 0.904988 0.299234 -0.302417
vn 0.904988 0.299234 -0.302417
vn 0.904988 0.299234 -0.302417
vn 0.982248 0.186470 -0.020422
vn 0.982248 0.186470 -0.020422
vn 0.982248 0.186470 -0.020422
vn 0.904986 0.357599 0.230485
vn 0.904986 0.357599 0.230485
vn 0.904986 0.357599 0.230485
vn 0.534586 0.413117 0.737260
vn 0.534586 0.413117 0.737260
vn 0.534586 0.413117 0.737260
vn 0.303539 0.288186 0.908192
vn 0.303539 0.288186 0.908192
vn 0.303539 0.288186 0.908192
vn 0.024738 0.431149 0.901942
vn 0.024738 0.431149 0.901942
vn 0.024738 0.431149 0.901942
vn -0.574607 0.409936 0.708364
vn -0.574607 0.409936 0.708364
vn -0.574607 0.409936 0.708364
vn -0.794649 0.249339 0.553500
vn -0.794649 0.249339 0.553500
vn -0.794649 0.249339 0.553500
vn -0.889691 0.362732 0.277264
vn -0.889691 0.362732 0.277264
vn -0.889691 0.362732 0.277264
vn -0.306581 0.022174 -0.951586
vn -0.306581 0.022174 -0.951586
vn -0.306581 0.022174 -0.951586
vn 0.802603 0.061388 -0.593346
vn 0.802603 0.061388 -0.593346
vn 0.802603 0.061388 -0.593346
vn 0.802614 0.188386 0.565969
vn 0.802614 0.188386 0.565969
vn 0.802614 0.188386 0.565969
vn -0.306577 0.227598 0.924235
vn -0.306577 0.227598 0.924235
vn -0.306577 0.227598 0.924235
vn -0.992077 0.124882 -0.013677
vn -0.992077 0.124882 -0.013677
vn -0.992077 0.124882 -0.013677
vn -0.661710 -0.408949 0.628410
vn -0.661710 -0.408949 0.628410
vn -0.661710 -0.408949 0.628410
vn -0.661701 0.471301 0.583118
vn -0.661701 0.471301 0.583118
vn -0.661701 0.471301 0.583118
vn -0.661701 0.700218 -0.268043
vn -0.661701 0.700218 -0.268043
vn -0.661701 0.700218 -0.268043
vn -0.661693 -0.038547 -0.748783
vn -0.661693 -0.038547 -0.748783
vn -0.661693 -0.038547 -0.748783
vn -0.661702 -0.724034 -0.194742
vn -0.661702 -0.724034 -0.194742
vn -0.661702 -0.724034 -0.194742
vn -0.943526 -0.268025 -0.194733
vn -0.943526 -0.268025 -0.194733
vn -0.943526 -0.268025 -0.194733
vn -0.794661 -0.491115 -0.356819
vn -0.794661 -0.491115 -0.356819
vn -0.794661 -0.491115 -0.356819
vn -0.661697 -0.408941 -0.628430
vn -0.661697 -0.408941 -0.628430
vn -0.661697 -0.408941 -0.628430
vn -0.943526 0.102380 -0.315082
vn -0.943526 0.102380 -0.315082
vn -0.943526 0.102380 -0.315082
vn -0.794661 0.187596 -0.577340
vn -0.794661 0.187596 -0.577340
vn -0.794661 0.187596 -0.577340
vn -0.661701 0.471301 -0.583118
vn -0.661701 0.471301 -0.583118
vn -0.661701 0.471301 -0.583118
vn -0.943523 0.331306 0.000000
vn -0.943523 0.331306 0.000000
vn -0.943523 0.331306 0.000000
vn -0.794665 0.607048 0.000000
vn -0.794665 0.607048 0.000000
vn -0.794665 0.607048 0.000000
vn -0.661702 0.700214 0.268051
vn -0.661702 0.700214 0.268051
vn -0.661702 0.700214 0.268051
vn -0.943522 0.102384 0.315093
vn -0.943522 0.102384 0.315093
vn -0.943522 0.102384 0.315093
vn -0.794661 0.187596 0.577340
vn -0.794661 0.187596 0.577340
vn -0.794661 0.187596 0.577340
vn -0.661709 -0.038526 0.748770
vn -0.661709 -0.038526 0.748770
vn -0.661709 -0.038526 0.748770
vn -0.943525 -0.268025 0.194740
vn -0.943525 -0.268025 0.194740
vn -0.943525 -0.268025 0.194740
vn -0.794657 -0.491113 0.356830
vn -0.794657 -0.491113 0.356830
vn -0.794657 -0.491113 0.356830
vn -0.661702 -0.724033 0.194748
vn -0.661702 -0.724033 0.194748
vn -0.661702 -0.724033 0.194748
vn -0.330394 -0.889692 -0.315099
vn -0.330394 -0.889692 -0.315099
vn -0.330394 -0.889692 -0.315099
vn -0.187601 -0.794651 -0.577352
vn -0.187601 -0.794651 -0.577352
vn -0.187601 -0.794651 -0.577352
vn -0.330393 -0.574595 -0.748786
vn -0.330393 -0.574595 -0.748786
vn -0.330393 -0.574595 -0.748786
vn -0.330396 0.024722 -0.943519
vn -0.330396 0.024722 -0.943519
vn -0.330396 0.024722 -0.943519
vn -0.187594 0.303541 -0.934169
vn -0.187594 0.303541 -0.934169
vn -0.187594 0.303541 -0.934169
vn -0.330381 0.534580 -0.777864
vn -0.330381 0.534580 -0.777864
vn -0.330381 0.534580 -0.777864
vn -0.330382 0.904985 -0.268046
vn -0.330382 0.904985 -0.268046
vn -0.330382 0.904985 -0.268046
vn -0.187584 0.982249 0.000000
vn -0.187584 0.982249 0.000000
vn -0.187584 0.982249 0.000000
vn -0.330378 0.904985 0.268055
vn -0.330378 0.904985 0.268055
vn -0.330378 0.904985 0.268055
vn -0.330381 0.534580 0.777864
vn -0.330381 0.534580 0.777864
vn -0.330381 0.534580 0.777864
vn -0.187589 0.303533 0.934172
vn -0.187589 0.303533 0.934172
vn -0.187589 0.303533 0.934172
vn -0.330380 0.024756 0.943523
vn -0.330380 0.024756 0.943523
vn -0.330380 0.024756 0.943523
vn -0.330381 -0.574619 0.748774
vn -0.330381 -0.574619 0.748774
vn -0.330381 -0.574619 0.748774
vn -0.187601 -0.794651 0.577352
vn -0.187601 -0.794651 0.577352
vn -0.187601 -0.794651 0.577352
vn -0.330389 -0.889690 0.315110
vn -0.330389 -0.889690 0.315110
vn -0.330389 -0.889690 0.315110
vn -0.125645 -0.306570 -0.943519
vn -0.125645 -0.306570 -0.943519
vn -0.125645 -0.306570 -0.943519
vn -0.125626 0.802606 -0.583131
vn -0.125626 0.802606 -0.583131
vn -0.125626 0.802606 -0.583131
vn -0.125626 0.802606 0.583131
vn -0.125626 0.802606 0.583131
vn -0.125626 0.802606 0.583131
vn -0.125614 -0.306580 0.943520
vn -0.125614 -0.306580 0.943520
vn -0.125614 -0.306580 0.943520
vn -0.125631 -0.992077 0.000000
vn -0.125631 -0.992077 0.000000
vn -0.125631 -0.992077 0.000000
vn -0.661694 -0.408962 0.628420
vn -0.661694 -0.408962 0.628420
vn -0.661694 -0.408962 0.628420
vn -0.661698 0.471285 0.583134
vn -0.661698 0.471285 0.583134
vn -0.661698 0.471285 0.583134
vn -0.661699 0.700225 -0.268031
vn -0.661699 0.700225 -0.268031
vn -0.661699 0.700225 -0.268031
vn -0.661706 -0.038504 -0.748774
vn -0.661706 -0.038504 -0.748774
vn -0.661706 -0.038504 -0.748774
vn -0.661685 -0.724046 -0.194757
vn -0.661685 -0.724046 -0.194757
vn -0.661685 -0.724046 -0.194757
vn -0.943525 -0.268025 -0.194740
vn -0.943525 -0.268025 -0.194740
vn -0.943525 -0.268025 -0.194740
vn -0.794641 -0.491130 -0.356842
vn -0.794641 -0.491130 -0.356842
vn -0.794641 -0.491130 -0.356842
vn -0.661707 -0.408970 -0.628400
vn -0.661707 -0.408970 -0.628400
vn -0.661707 -0.408970 -0.628400
vn -0.943522 0.102384 -0.315093
vn -0.943522 0.102384 -0.315093
vn -0.943522 0.102384 -0.315093
vn -0.794645 0.187603 -0.577360
vn -0.794645 0.187603 -0.577360
vn -0.794645 0.187603 -0.577360
vn -0.661698 0.471285 -0.583134
vn -0.661698 0.471285 -0.583134
vn -0.661698 0.471285 -0.583134
vn -0.943523 0.331306 0.000000
vn -0.943523 0.331306 0.000000
vn -0.943523 0.331306 0.000000
vn -0.794649 0.607069 0.000000
vn -0.794649 0.607069 0.000000
vn -0.794649 0.607069 0.000000
vn -0.661697 0.700229 0.268023
vn -0.661697 0.700229 0.268023
vn -0.661697 0.700229 0.268023
vn -0.943526 0.102380 0.315082
vn -0.943526 0.102380 0.315082
vn -0.943526 0.102380 0.315082
vn -0.794645 0.187603 0.577360
vn -0.794645 0.187603 0.577360
vn -0.794645 0.187603 0.577360
vn -0.661690 -0.038525 0.748787
vn -0.661690 -0.038525 0.748787
vn -0.661690 -0.038525 0.748787
vn -0.943526 -0.268025 0.194733
vn -0.943526 -0.268025 0.194733
vn -0.943526 -0.268025 0.194733
vn -0.794645 -0.491132 0.356831
vn -0.794645 -0.491132 0.356831
vn -0.794645 -0.491132 0.356831
vn -0.661686 -0.724047 0.194750
vn -0.661686 -0.724047 0.194750
vn -0.661686 -0.724047 0.194750
vn -0.330389 -0.889690 -0.315110
vn -0.330389 -0.889690 -0.315110
vn -0.330389 -0.889690 -0.315110
vn -0.187601 -0.794651 -0.577352
vn -0.187601 -0.794651 -0.577352
vn -0.187601 -0.794651 -0.577352
vn -0.330376 -0.574629 -0.748768
vn -0.330376 -0.574629 -0.748768
vn -0.330376 -0.574629 -0.748768
vn -0.330375 0.024767 -0.943525
vn -0.330375 0.024767 -0.943525
vn -0.330375 0.024767 -0.943525
vn -0.187594 0.303541 -0.934169
vn -0.187594 0.303541 -0.934169
vn -0.187594 0.303541 -0.934169
vn -0.330375 0.534572 -0.777872
vn -0.330375 0.534572 -0.777872
vn -0.330375 0.534572 -0.777872
vn -0.330373 0.904990 -0.268044
vn -0.330373 0.904990 -0.268044
vn -0.330373 0.904990 -0.268044
vn -0.187584 0.982249 0.000000
vn -0.187584 0.982249 0.000000
vn -0.187584 0.982249 0.000000
vn -0.330377 0.904991 0.268036
vn -0.330377 0.904991 0.268036
vn -0.330377 0.904991 0.268036
vn -0.330375 0.534572 0.777872
vn -0.330375 0.534572 0.777872
vn -0.330375 0.534572 0.777872
vn -0.187594 0.303541 0.934169
vn -0.187594 0.303541 0.934169
vn -0.187594 0.303541 0.934169
vn -0.330391 0.024734 0.943520
vn -0.330391 0.024734 0.943520
vn -0.330391 0.024734 0.943520
vn -0.330388 -0.574605 0.748781
vn -0.330388 -0.574605 0.748781
vn -0.330388 -0.574605 0.748781
vn -0.187601 -0.794651 0.577352
vn -0.187601 -0.794651 0.577352
vn -0.187601 -0.794651 0.577352
vn -0.330394 -0.889692 0.315099
vn -0.330394 -0.889692 0.315099
vn -0.330394 -0.889692 0.315099
vn -0.125604 -0.306572 -0.943524
vn -0.125604 -0.306572 -0.943524
vn -0.125604 -0.306572 -0.943524
vn -0.125621 0.802606 -0.583132
vn -0.125621 0.802606 -0.583132
vn -0.125621 0.802606 -0.583132
vn -0.125621 0.802606 0.583132
vn -0.125621 0.802606 0.583132
vn -0.125621 0.802606 0.583132
vn -0.125640 -0.306571 0.943519
vn -0.125640 -0.306571 0.943519
vn -0.125640 -0.306571 0.943519
vn -0.125631 -0.992077 0.000000
vn -0.125631 -0.992077 0.000000
vn -0.125631 -0.992077 0.000000
vn -0.661697 -0.408941 0.628430
vn -0.661697 -0.408941 0.628430
vn -0.661697 -0.408941 0.628430
vn -0.661701 0.471301 0.583118
vn -0.661701 0.471301 0.583118
vn -0.661701 0.471301 0.583118
vn -0.661702 0.700214 -0.268051
vn -0.661702 0.700214 -0.268051
vn -0.661702 0.700214 -0.268051
vn -0.661709 -0.038526 -0.748770
vn -0.661709 -0.038526 -0.748770
vn -0.661709 -0.038526 -0.748770
vn -0.661702 -0.724033 -0.194748
vn -0.661702 -0.724033 -0.194748
vn -0.661702 -0.724033 -0.194748
vn -0.943525 -0.268025 -0.194740
vn -0.943525 -0.268025 -0.194740
vn -0.943525 -0.268025 -0.194740
vn -0.794657 -0.491113 -0.356830
vn -0.794657 -0.491113 -0.356830
vn -0.794657 -0.491113 -0.356830
vn -0.661710 -0.408949 -0.628410
vn -0.661710 -0.408949 -0.628410
vn -0.661710 -0.408949 -0.628410
vn -0.943522 0.102384 -0.315093
vn -0.943522 0.102384 -0.315093
vn -0.943522 0.102384 -0.315093
vn -0.794661 0.187596 -0.577340
vn -0.794661 0.187596 -0.577340
vn -0.794661 0.187596 -0.577340
vn -0.661701 0.471301 -0.583118
vn -0.661701 0.471301 -0.583118
vn -0.661701 0.471301 -0.583118
vn -0.943523 0.331306 0.000000
vn -0.943523 0.331306 0.000000
vn -0.943523 0.331306 0.000000
vn -0.794665 0.607048 0.000000
vn -0.794665 0.607048 0.000000
vn -0.794665 0.607048 0.000000
vn -0.661701 0.700218 0.268043
vn -0.661701 0.700218 0.268043
vn -0.661701 0.700218 0.268043
vn -0.943526 0.102380 0.315082
vn -0.943526 0.102380 0.315082
vn -0.943526 0.102380 0.315082
vn -0.794661 0.187596 0.577340
vn -0.794661 0.187596 0.577340
vn -0.794661 0.187596 0.577340
vn -0.661693 -0.038547 0.748783
vn -0.661693 -0.038547 0.748783
vn -0.661693 -0.038547 0.748783
vn -0.943526 -0.268025 0.194733
vn -0.943526 -0.268025 0.194733
vn -0.943526 -0.268025 0.194733
vn -0.794661 -0.491115 0.356819
vn -0.794661 -0.491115 0.356819
vn -0.794661 -0.491115 0.356819
vn -0.661702 -0.724034 0.194742
vn -0.661702 -0.724034 0.194742
vn -0.661702 -0.724034 0.194742
vn -0.330389 -0.889690 -0.315110
vn -0.330389 -0.889690 -0.315110
vn -0.330389 -0.889690 -0.315110
vn -0.187601 -0.794651 -0.577352
vn -0.187601 -0.794651 -0.577352
vn -0.187601 -0.794651 -0.577352
vn -0.330381 -0.574619 -0.748774
vn -0.330381 -0.574619 -0.748774
vn -0.330381 -0.574619 -0.748774
vn -0.330381 0.024756 -0.943523
vn -0.330381 0.024756 -0.943523
vn -0.330381 0.024756 -0.943523
vn -0.187594 0.303541 -0.934169
vn -0.187594 0.303541 -0.934169
vn -0.187594 0.303541 -0.934169
vn -0.330381 0.534580 -0.777864
vn -0.330381 0.534580 -0.777864
vn -0.330381 0.534580 -0.777864
vn -0.330378 0.904985 -0.268055
vn -0.330378 0.904985 -0.268055
vn -0.330378 0.904985 -0.268055
vn -0.187584 0.982249 0.000000
vn -0.187584 0.982249 0.000000
vn -0.187584 0.982249 0.000000
vn -0.330382 0.904985 0.268046
vn -0.330382 0.904985 0.268046
vn -0.330382 0.904985 0.268046
vn -0.330381 0.534580 0.777864
vn -0.330381 0.534580 0.777864
vn -0.330381 0.534580 0.777864
vn -0.187594 0.303541 0.934169
vn -0.187594 0.303541 0.934169
vn -0.187594 0.303541 0.934169
vn -0.330396 0.024722 0.943519
vn -0.330396 0.024722 0.943519
vn -0.330396 0.024722 0.943519
vn -0.330393 -0.574595 0.748786
vn -0.330393 -0.574595 0.748786
vn -0.330393 -0.574595 0.748786
vn -0.187601 -0.794651 0.577352
vn -0.187601 -0.794651 0.577352
vn -0.187601 -0.794651 0.577352
vn -0.330394 -0.889692 0.315099
vn -0.330394 -0.889692 0.315099
vn -0.330394 -0.889692 0.315099
vn -0.125608 -0.306572 -0.943523
vn -0.125608 -0.306572 -0.943523
vn -0.125608 -0.306572 -0.943523
vn -0.125626 0.802606 -0.583131
vn -0.125626 0.802606 -0.583131
vn -0.125626 0.802606 -0.583131
vn -0.125626 0.802606 0.583131
vn -0.125626 0.802606 0.583131
vn -0.125626 0.802606 0.583131
vn -0.125645 -0.306570 0.943519
vn -0.125645 -0.306570 0.943519
vn -0.125645 -0.306570 0.943519
vn -0.125631 -0.992077 0.000000
vn -0.125631 -0.992077 0.000000
vn -0.125631 -0.992077 0.000000
vn -0.661713 -0.408930 0.628420
vn -0.661713 -0.408930 0.628420
vn -0.661713 -0.408930 0.628420
vn -0.661686 0.471307 0.583131
vn -0.661686 0.471307 0.583131
vn -0.661686 0.471307 0.583131
vn -0.661695 0.700220 -0.268051
vn -0.661695 0.700220 -0.268051
vn -0.661695 0.700220 -0.268051
vn -0.661690 -0.038522 -0.748787
vn -0.661690 -0.038522 -0.748787
vn -0.661690 -0.038522 -0.748787
vn -0.661689 -0.724051 -0.194727
vn -0.661689 -0.724051 -0.194727
vn -0.661689 -0.724051 -0.194727
vn -0.943526 -0.268025 -0.194733
vn -0.943526 -0.268025 -0.194733
vn -0.943526 -0.268025 -0.194733
vn -0.794661 -0.491115 -0.356819
vn -0.794661 -0.491115 -0.356819
vn -0.794661 -0.491115 -0.356819
vn -0.661697 -0.408941 -0.628430
vn -0.661697 -0.408941 -0.628430
vn -0.661697 -0.408941 -0.628430
vn -0.943526 0.102380 -0.315082
vn -0.943526 0.102380 -0.315082
vn -0.943526 0.102380 -0.315082
vn -0.794650 0.187601 -0.577354
vn -0.794650 0.187601 -0.577354
vn -0.794650 0.187601 -0.577354
vn -0.661686 0.471307 -0.583131
vn -0.661686 0.471307 -0.583131
vn -0.661686 0.471307 -0.583131
vn -0.943523 0.331306 0.000000
vn -0.943523 0.331306 0.000000
vn -0.943523 0.331306 0.000000
vn -0.794665 0.607048 0.000000
vn -0.794665 0.607048 0.000000
vn -0.794665 0.607048 0.000000
vn -0.661695 0.700220 0.268051
vn -0.661695 0.700220 0.268051
vn -0.661695 0.700220 0.268051
vn -0.943524 0.102373 0.315090
vn -0.943524 0.102373 0.315090
vn -0.943524 0.102373 0.315090
vn -0.794656 0.187583 0.577352
vn -0.794656 0.187583 0.577352
vn -0.794656 0.187583 0.577352
vn -0.661709 -0.038526 0.748770
vn -0.661709 -0.038526 0.748770
vn -0.661709 -0.038526 0.748770
vn -0.943525 -0.268025 0.194740
vn -0.943525 -0.268025 0.194740
vn -0.943525 -0.268025 0.194740
vn -0.794665 -0.491106 0.356824
vn -0.794665 -0.491106 0.356824
vn -0.794665 -0.491106 0.356824
vn -0.661689 -0.724051 0.194727
vn -0.661689 -0.724051 0.194727
vn -0.661689 -0.724051 0.194727
vn -0.330388 -0.889697 -0.315091
vn -0.330388 -0.889697 -0.315091
vn -0.330388 -0.889697 -0.315091
vn -0.187595 -0.794652 -0.577353
vn -0.187595 -0.794652 -0.577353
vn -0.187595 -0.794652 -0.577353
vn -0.330382 -0.574599 -0.748788
vn -0.330382 -0.574599 -0.748788
vn -0.330382 -0.574599 -0.748788
vn -0.330370 0.024757 -0.943527
vn -0.330370 0.024757 -0.943527
vn -0.330370 0.024757 -0.943527
vn -0.187603 0.303515 -0.934175
vn -0.187603 0.303515 -0.934175
vn -0.187603 0.303515 -0.934175
vn -0.330395 0.534580 -0.777858
vn -0.330395 0.534580 -0.777858
vn -0.330395 0.534580 -0.777858
vn -0.330376 0.904985 -0.268054
vn -0.330376 0.904985 -0.268054
vn -0.330376 0.904985 -0.268054
vn -0.187578 0.982250 0.000000
vn -0.187578 0.982250 0.000000
vn -0.187578 0.982250 0.000000
vn -0.330376 0.904985 0.268054
vn -0.330376 0.904985 0.268054
vn -0.330376 0.904985 0.268054
vn -0.330413 0.534578 0.777852
vn -0.330413 0.534578 0.777852
vn -0.330413 0.534578 0.777852
vn -0.187608 0.303507 0.934177
vn -0.187608 0.303507 0.934177
vn -0.187608 0.303507 0.934177
vn -0.330370 0.024757 0.943527
vn -0.330370 0.024757 0.943527
vn -0.330370 0.024757 0.943527
vn -0.330382 -0.574599 0.748788
vn -0.330382 -0.574599 0.748788
vn -0.330382 -0.574599 0.748788
vn -0.187595 -0.794652 0.577353
vn -0.187595 -0.794652 0.577353
vn -0.187595 -0.794652 0.577353
vn -0.330388 -0.889697 0.315091
vn -0.330388 -0.889697 0.315091
vn -0.330388 -0.889697 0.315091
vn -0.125622 -0.306546 -0.943530
vn -0.125622 -0.306546 -0.943530
vn -0.125622 -0.306546 -0.943530
vn -0.125644 0.802604 -0.583130
vn -0.125644 0.802604 -0.583130
vn -0.125644 0.802604 -0.583130
vn -0.125660 0.802616 0.583110
vn -0.125660 0.802616 0.583110
vn -0.125660 0.802616 0.583110
vn -0.125622 -0.306546 0.943530
vn -0.125622 -0.306546 0.943530
vn -0.125622 -0.306546 0.943530
vn -0.125631 -0.992077 0.000000
vn -0.125631 -0.992077 0.000000
vn -0.125631 -0.992077 0.000000
vn 0.059122 0.952974 0.297230
vn 0.059122 0.952974 0.297230
vn 0.059122 0.952974 0.297230
vn 0.712472 -0.669873 0.208932
vn 0.712472 -0.669873 0.208932
vn 0.712472 -0.669873 0.208932
vn 1.000000 0.000000 0.000000
vn 1.000000 0.000000 0.000000
vn 1.000000 0.000000 0.000000
vn 0.059117 0.952982 -0.297204
vn 0.059117 0.952982 -0.297204
vn 0.059117 0.952982 -0.297204
vn -0.985874 -0.041011 -0.162391
vn -0.985874 -0.041011 -0.162391
vn -0.985874 -0.041011 -0.162391
vn 0.009709 -0.968917 -0.247194
vn 0.009709 -0.968917 -0.247194
vn 0.009709 -0.968917 -0.247194
vn 0.004311 -0.987809 0.155614
vn 0.004311 -0.987809 0.155614
vn 0.004311 -0.987809 0.155614
vn 0.983858 -0.079110 -0.160516
vn 0.983858 -0.079110 -0.160516
vn 0.983858 -0.079110 -0.160516
vn -0.009710 -0.968912 0.247214
vn -0.009710 -0.968912 0.247214
vn -0.009710 -0.968912 0.247214
vn -1.000000 0.000000 0.000000
vn -1.000000 0.000000 0.000000
vn -1.000000 0.000000 0.000000
vn -0.059122 0.952974 0.297230
vn -0.059122 0.952974 0.297230
vn -0.059122 0.952974 0.297230
vn -0.059119 -0.952982 -0.297204
vn -0.059119 -0.952982 -0.297204
vn -0.059119 -0.952982 -0.297204
vn -0.712474 0.669878 -0.208913
vn -0.712474 0.669878 -0.208913
vn -0.712474 0.669878 -0.208913
vn -0.009710 -0.968912 -0.247215
vn -0.009710 -0.968912 -0.247215
vn -0.009710 -0.968912 -0.247215
f 3/3/3 2/2/2 1/1/1
f 6/6/6 5/5/5 4/4/4
f 9/9/9 8/8/8 7/7/7
f 13/13/13 12/12/12 11/11/11
f 13/13/13 11/11/11 10/10/10
f 16/16/16 15/15/15 14/14/14
f 19/19/19 18/18/18 17/17/17
f 22/22/22 21/21/21 20/20/20
f 24/24/24 23/23/23 28/28/28
f 26/26/5565 25/25/5566 24/24/5567
f 24/24/5568 28/28/5569 27/27/5570
f 27/27/27 26/26/26 24/24/24
f 30/30/5571 29/29/5572 34/34/5573
f 34/34/34 33/33/33 32/32/32
f 32/32/5574 31/31/5575 30/30/5576
f 30/30/30 34/34/34 32/32/32
f 37/37/37 36/36/36 35/35/35
f 40/40/40 39/39/39 38/38/38
f 43/43/43 42/42/42 41/41/41
f 46/46/46 45/45/45 44/44/44
f 49/49/49 48/48/48 47/47/47
f 51/51/51 50/50/50 54/54/54
f 54/54/54 53/53/53 52/52/52
f 52/52/52 51/51/51 54/54/54
f 57/57/57 56/56/56 55/55/55
f 60/60/60 59/59/59 58/58/58
f 64/64/64 63/63/63 62/62/62
f 64/64/64 62/62/62 61/61/61
f 67/67/67 66/66/66 65/65/65
f 70/70/70 69/69/69 68/68/68
f 73/73/73 72/72/72 71/71/71
f 76/76/76 75/75/75 74/74/74
f 79/79/79 78/78/78 77/77/77
f 82/82/82 81/81/81 80/80/80
f 85/85/85 84/84/84 83/83/83
f 89/89/89 88/88/88 87/87/87
f 89/89/89 87/87/87 86/86/86
f 92/92/92 91/91/91 90/90/90
f 95/95/95 94/94/94 93/93/93
f 98/98/98 97/97/97 96/96/96
f 101/101/101 100/100/100 99/99/99
f 104/104/104 103/103/103 102/102/102
f 107/107/107 106/106/106 105/105/105
f 110/110/110 109/109/109 108/108/108
f 113/113/113 112/112/112 111/111/111
f 116/116/116 115/115/115 114/114/114
f 119/119/119 118/118/118 117/117/117
f 122/122/122 121/121/121 120/120/120
f 125/125/125 124/124/124 123/123/123
f 128/128/128 127/127/127 126/126/126
f 131/131/131 130/130/130 129/129/129
f 134/134/134 133/133/133 132/132/132
f 137/137/137 136/136/136 135/135/135
f 140/140/140 139/139/139 138/138/138
f 143/143/143 142/142/142 141/141/141
f 146/146/146 145/145/145 144/144/144
f 149/149/149 148/148/148 147/147/147
f 152/152/152 151/151/151 150/150/150
f 155/155/155 154/154/154 153/153/153
f 158/158/158 157/157/157 156/156/156
f 161/161/161 160/160/160 159/159/159
f 164/164/164 163/163/163 162/162/162
f 167/167/167 166/166/166 165/165/165
f 170/170/170 169/169/169 168/168/168
f 173/173/173 172/172/172 171/171/171
f 176/176/176 175/175/175 174/174/174
f 179/179/179 178/178/178 177/177/177
f 182/182/182 181/181/181 180/180/180
f 185/185/185 184/184/184 183/183/183
f 188/188/188 187/187/187 186/186/186
f 191/191/191 190/190/190 189/189/189
f 194/194/194 193/193/193 192/192/192
f 197/197/197 196/196/196 195/195/195
f 200/200/200 199/199/199 198/198/198
f 203/203/203 202/202/202 201/201/201
f 206/206/206 205/205/205 204/204/204
f 209/209/209 208/208/208 207/207/207
f 212/212/212 211/211/211 210/210/210
f 215/215/215 214/214/214 213/213/213
f 218/218/218 217/217/217 216/216/216
f 221/221/221 220/220/220 219/219/219
f 224/224/224 223/223/223 222/222/222
f 227/227/227 226/226/226 225/225/225
f 230/230/230 229/229/229 228/228/228
f 233/233/233 232/232/232 231/231/231
f 236/236/236 235/235/235 234/234/234
f 239/239/239 238/238/238 237/237/237
f 242/242/242 241/241/241 240/240/240
f 245/245/245 244/244/244 243/243/243
f 248/248/248 247/247/247 246/246/246
f 251/251/251 250/250/250 249/249/249
f 254/254/254 253/253/253 252/252/252
f 257/257/257 256/256/256 255/255/255
f 260/260/260 259/259/259 258/258/258
f 263/263/263 262/262/262 261/261/261
f 266/266/266 265/265/265 264/264/264
f 269/269/269 268/268/268 267/267/267
f 272/272/272 271/271/271 270/270/270
f 275/275/275 274/274/274 273/273/273
f 278/278/278 277/277/277 276/276/276
f 281/281/281 280/280/280 279/279/279
f 284/284/284 283/283/283 282/282/282
f 287/287/287 286/286/286 285/285/285
f 290/290/290 289/289/289 288/288/288
f 293/293/293 292/292/292 291/291/291
f 296/296/296 295/295/295 294/294/294
f 299/299/299 298/298/298 297/297/297
f 302/302/302 301/301/301 300/300/300
f 305/305/305 304/304/304 303/303/303
f 308/308/308 307/307/307 306/306/306
f 311/311/311 310/310/310 309/309/309
f 314/314/314 313/313/313 312/312/312
f 317/317/317 316/316/316 315/315/315
f 320/320/320 319/319/319 318/318/318
f 323/323/323 322/322/322 321/321/321
f 326/326/326 325/325/325 324/324/324
f 329/329/329 328/328/328 327/327/327
f 332/332/332 331/331/331 330/330/330
f 335/335/335 334/334/334 333/333/333
f 338/338/338 337/337/337 336/336/336
f 341/341/341 340/340/340 339/339/339
f 344/344/344 343/343/343 342/342/342
f 347/347/347 346/346/346 345/345/345
f 350/350/350 349/349/349 348/348/348
f 353/353/353 352/352/352 351/351/351
f 356/356/356 355/355/355 354/354/354
f 358/358/358 357/357/357 362/362/362
f 362/362/362 361/361/361 360/360/360
f 360/360/360 359/359/359 358/358/358
f 358/358/358 362/362/362 360/360/360
f 365/365/365 364/364/364 363/363/363
f 368/368/368 367/367/367 366/366/366
f 371/371/371 370/370/370 369/369/369
f 374/374/374 373/373/373 372/372/372
f 377/377/377 376/376/376 375/375/375
f 380/380/380 379/379/379 378/378/378
f 383/383/383 382/382/382 381/381/381
f 386/386/386 385/385/385 384/384/384
f 389/389/389 388/388/388 387/387/387
f 392/392/392 391/391/391 390/390/390
f 395/395/395 394/394/394 393/393/393
f 398/398/398 397/397/397 396/396/396
f 401/401/401 400/400/400 399/399/399
f 404/404/404 403/403/403 402/402/402
f 407/407/407 406/406/406 405/405/405
f 410/410/410 409/409/409 408/408/408
f 413/413/413 412/412/412 411/411/411
f 416/416/416 415/415/415 414/414/414
f 419/419/419 418/418/418 417/417/417
f 422/422/422 421/421/421 420/420/420
f 425/425/425 424/424/424 423/423/423
f 428/428/428 427/427/427 426/426/426
f 431/431/431 430/430/430 429/429/429
f 434/434/434 433/433/433 432/432/432
f 437/437/437 436/436/436 435/435/435
f 440/440/440 439/439/439 438/438/438
f 443/443/443 442/442/442 441/441/441
f 446/446/446 445/445/445 444/444/444
f 449/449/449 448/448/448 447/447/447
f 452/452/452 451/451/451 450/450/450
f 455/455/455 454/454/454 453/453/453
f 458/458/458 457/457/457 456/456/456
f 461/461/461 460/460/460 459/459/459
f 464/464/464 463/463/463 462/462/462
f 467/467/467 466/466/466 465/465/465
f 470/470/470 469/469/469 468/468/468
f 473/473/473 472/472/472 471/471/471
f 476/476/476 475/475/475 474/474/474
f 479/479/479 478/478/478 477/477/477
f 482/482/482 481/481/481 480/480/480
f 485/485/485 484/484/484 483/483/483
f 488/488/488 487/487/487 486/486/486
f 491/491/491 490/490/490 489/489/489
f 494/494/494 493/493/493 492/492/492
f 497/497/497 496/496/496 495/495/495
f 500/500/500 499/499/499 498/498/498
f 503/503/503 502/502/502 501/501/501
f 506/506/506 505/505/505 504/504/504
f 509/509/509 508/508/508 507/507/507
f 512/512/512 511/511/511 510/510/510
f 515/515/515 514/514/514 513/513/513
f 518/518/518 517/517/517 516/516/516
f 521/521/521 520/520/520 519/519/519
f 524/524/524 523/523/523 522/522/522
f 527/527/527 526/526/526 525/525/525
f 530/530/530 529/529/529 528/528/528
f 533/533/533 532/532/532 531/531/531
f 536/536/536 535/535/535 534/534/534
f 539/539/539 538/538/538 537/537/537
f 542/542/542 541/541/541 540/540/540
f 545/545/545 544/544/544 543/543/543
f 548/548/548 547/547/547 546/546/546
f 551/551/551 550/550/550 549/549/549
f 554/554/554 553/553/553 552/552/552
f 557/557/557 556/556/556 555/555/555
f 560/560/560 559/559/559 558/558/558
f 563/563/563 562/562/562 561/561/561
f 566/566/566 565/565/565 564/564/564
f 569/569/569 568/568/568 567/567/567
f 572/572/572 571/571/571 570/570/570
f 575/575/575 574/574/574 573/573/573
f 578/578/578 577/577/577 576/576/576
f 581/581/581 580/580/580 579/579/579
f 584/584/584 583/583/583 582/582/582
f 587/587/587 586/586/586 585/585/585
f 590/590/590 589/589/589 588/588/588
f 593/593/593 592/592/592 591/591/591
f 596/596/596 595/595/595 594/594/594
f 599/599/599 598/598/598 597/597/597
f 602/602/602 601/601/601 600/600/600
f 605/605/605 604/604/604 603/603/603
f 608/608/608 607/607/607 606/606/606
f 611/611/611 610/610/610 609/609/609
f 614/614/614 613/613/613 612/612/612
f 617/617/617 616/616/616 615/615/615
f 620/620/620 619/619/619 618/618/618
f 623/623/623 622/622/622 621/621/621
f 626/626/626 625/625/625 624/624/624
f 629/629/629 628/628/628 627/627/627
f 632/632/632 631/631/631 630/630/630
f 635/635/635 634/634/634 633/633/633
f 638/638/638 637/637/637 636/636/636
f 641/641/641 640/640/640 639/639/639
f 644/644/644 643/643/643 642/642/642
f 647/647/647 646/646/646 645/645/645
f 650/650/650 649/649/649 648/648/648
f 653/653/653 652/652/652 651/651/651
f 656/656/656 655/655/655 654/654/654
f 659/659/659 658/658/658 657/657/657
f 662/662/662 661/661/661 660/660/660
f 665/665/665 664/664/664 663/663/663
f 668/668/668 667/667/667 666/666/666
f 671/671/671 670/670/670 669/669/669
f 674/674/674 673/673/673 672/672/672
f 677/677/677 676/676/676 675/675/675
f 680/680/680 679/679/679 678/678/678
f 684/684/684 683/683/683 682/682/682
f 684/684/684 682/682/682 681/681/681
f 688/688/688 687/687/687 686/686/686
f 688/688/688 686/686/686 685/685/685
f 692/692/692 691/691/691 690/690/690
f 692/692/692 690/690/690 689/689/689
f 695/695/695 694/694/694 693/693/693
f 699/699/699 698/698/698 697/697/697
f 699/699/699 697/697/697 696/696/696
f 702/702/702 701/701/701 700/700/700
f 706/706/5577 705/705/5578 704/704/5579
f 706/706/706 704/704/704 703/703/703
f 710/710/710 709/709/709 708/708/708
f 710/710/710 708/708/708 707/707/707
f 714/714/714 713/713/713 712/712/712
f 714/714/714 712/712/712 711/711/711
f 718/718/718 717/717/717 716/716/716
f 718/718/718 716/716/716 715/715/715
f 722/722/722 721/721/721 720/720/720
f 722/722/722 720/720/720 719/719/719
f 726/726/726 725/725/725 724/724/724
f 726/726/726 724/724/724 723/723/723
f 730/730/730 729/729/729 728/728/728
f 730/730/730 728/728/728 727/727/727
f 734/734/734 733/733/733 732/732/732
f 734/734/734 732/732/732 731/731/731
f 738/738/738 737/737/737 736/736/736
f 738/738/738 736/736/736 735/735/735
f 740/740/740 739/739/739 746/746/746
f 746/746/746 745/745/745 744/744/744
f 743/743/743 742/742/742 741/741/741
f 741/741/741 740/740/740 746/746/746
f 746/746/746 744/744/744 743/743/743
f 743/743/743 741/741/741 746/746/746
f 750/750/750 749/749/749 748/748/748
f 750/750/750 748/748/748 747/747/747
f 754/754/754 753/753/753 752/752/752
f 754/754/754 752/752/752 751/751/751
f 757/757/757 756/756/756 755/755/755
f 761/761/761 760/760/760 759/759/759
f 761/761/761 759/759/759 758/758/758
f 764/764/764 763/763/763 762/762/762
f 767/767/767 766/766/766 765/765/765
f 770/770/770 769/769/769 768/768/768
f 774/774/774 773/773/773 772/772/772
f 774/774/774 772/772/772 771/771/771
f 778/778/778 777/777/777 776/776/776
f 778/778/778 776/776/776 775/775/775
f 782/782/782 781/781/781 780/780/780
f 782/782/782 780/780/780 779/779/779
f 786/786/786 785/785/785 784/784/784
f 786/786/786 784/784/784 783/783/783
f 790/790/790 789/789/789 788/788/788
f 790/790/790 788/788/788 787/787/787
f 792/792/792 791/791/791 798/798/798
f 798/798/798 797/797/797 796/796/796
f 796/796/796 795/795/795 794/794/794
f 794/794/794 793/793/793 792/792/792
f 792/792/792 798/798/798 796/796/796
f 796/796/796 794/794/794 792/792/792
f 802/802/802 801/801/801 800/800/800
f 802/802/802 800/800/800 799/799/799
f 806/806/806 805/805/805 804/804/804
f 806/806/806 804/804/804 803/803/803
f 810/810/810 809/809/809 808/808/808
f 810/810/810 808/808/808 807/807/807
f 814/814/814 813/813/813 812/812/812
f 814/814/814 812/812/812 811/811/811
f 818/818/818 817/817/817 816/816/816
f 818/818/818 816/816/816 815/815/815
f 822/822/822 821/821/821 820/820/820
f 822/822/822 820/820/820 819/819/819
f 826/826/826 825/825/825 824/824/824
f 826/826/826 824/824/824 823/823/823
f 830/830/830 829/829/829 828/828/828
f 830/830/830 828/828/828 827/827/827
f 834/834/834 833/833/833 832/832/832
f 834/834/834 832/832/832 831/831/831
f 838/838/838 837/837/837 836/836/836
f 838/838/838 836/836/836 835/835/835
f 842/842/842 841/841/841 840/840/840
f 842/842/842 840/840/840 839/839/839
f 846/846/846 845/845/845 844/844/844
f 846/846/846 844/844/844 843/843/843
f 849/849/849 848/848/848 847/847/847
f 853/853/853 852/852/852 851/851/851
f 853/853/853 851/851/851 850/850/850
f 857/857/857 856/856/856 855/855/855
f 857/857/857 855/855/855 854/854/854
f 860/860/860 859/859/859 858/858/858
f 864/864/864 863/863/863 862/862/862
f 864/864/864 862/862/862 861/861/861
f 868/868/868 867/867/867 866/866/866
f 868/868/868 866/866/866 865/865/865
f 872/872/872 871/871/871 870/870/870
f 872/872/872 870/870/870 869/869/869
f 876/876/876 875/875/875 874/874/874
f 876/876/876 874/874/874 873/873/873
f 880/880/880 879/879/879 878/878/878
f 880/880/880 878/878/878 877/877/877
f 884/884/884 883/883/883 882/882/882
f 884/884/884 882/882/882 881/881/881
f 888/888/888 887/887/887 886/886/886
f 888/888/888 886/886/886 885/885/885
f 892/892/892 891/891/891 890/890/890
f 892/892/892 890/890/890 889/889/889
f 895/895/895 894/894/894 893/893/893
f 899/899/899 898/898/898 897/897/897
f 899/899/899 897/897/897 896/896/896
f 903/903/903 902/902/902 901/901/901
f 903/903/903 901/901/901 900/900/900
f 907/907/907 906/906/906 905/905/905
f 907/907/907 905/905/905 904/904/904
f 911/911/911 910/910/910 909/909/909
f 911/911/911 909/909/909 908/908/908
f 915/915/915 914/914/914 913/913/913
f 915/915/915 913/913/913 912/912/912
f 919/919/919 918/918/918 917/917/917
f 919/919/919 917/917/917 916/916/916
f 923/923/923 922/922/922 921/921/921
f 923/923/923 921/921/921 920/920/920
f 927/927/927 926/926/926 925/925/925
f 927/927/927 925/925/925 924/924/924
f 931/931/931 930/930/930 929/929/929
f 931/931/931 929/929/929 928/928/928
f 934/934/934 933/933/933 932/932/932
f 937/937/937 936/936/936 935/935/935
f 941/941/941 940/940/940 939/939/939
f 941/941/941 939/939/939 938/938/938
f 945/945/945 944/944/944 943/943/943
f 945/945/945 943/943/943 942/942/942
f 949/949/949 948/948/948 947/947/947
f 949/949/949 947/947/947 946/946/946
f 953/953/953 952/952/952 951/951/951
f 953/953/953 951/951/951 950/950/950
f 957/957/957 956/956/956 955/955/955
f 957/957/957 955/955/955 954/954/954
f 961/961/961 960/960/960 959/959/959
f 961/961/961 959/959/959 958/958/958
f 965/965/965 964/964/964 963/963/963
f 965/965/965 963/963/963 962/962/962
f 969/969/969 968/968/968 967/967/967
f 969/969/969 967/967/967 966/966/966
f 973/973/973 972/972/972 971/971/971
f 973/973/973 971/971/971 970/970/970
f 977/977/977 976/976/976 975/975/975
f 977/977/977 975/975/975 974/974/974
f 981/981/981 980/980/980 979/979/979
f 981/981/981 979/979/979 978/978/978
f 985/985/985 984/984/984 983/983/983
f 985/985/985 983/983/983 982/982/982
f 989/989/989 988/988/988 987/987/987
f 989/989/989 987/987/987 986/986/986
f 993/993/993 992/992/992 991/991/991
f 993/993/993 991/991/991 990/990/990
f 997/997/997 996/996/996 995/995/995
f 997/997/997 995/995/995 994/994/994
f 1001/1001/1001 1000/1000/1000 999/999/999
f 1001/1001/1001 999/999/999 998/998/998
f 1005/1005/1005 1004/1004/1004 1003/1003/1003
f 1005/1005/1005 1003/1003/1003 1002/1002/1002
f 1009/1009/1009 1008/1008/1008 1007/1007/1007
f 1009/1009/1009 1007/1007/1007 1006/1006/1006
f 1013/1013/1013 1012/1012/1012 1011/1011/1011
f 1013/1013/1013 1011/1011/1011 1010/1010/1010
f 1015/1015/1015 1014/1014/1014 1029/1029/1029
f 1029/1029/1029 1028/1028/1028 1027/1027/1027
f 1027/1027/1027 1026/1026/1026 1025/1025/1025
f 1025/1025/1025 1024/1024/1024 1023/1023/1023
f 1023/1023/1023 1022/1022/1022 1021/1021/1021
f 1021/1021/1021 1020/1020/1020 1019/1019/1019
f 1019/1019/1019 1018/1018/1018 1017/1017/1017
f 1017/1017/1017 1016/1016/1016 1015/1015/1015
f 1015/1015/1015 1029/1029/1029 1027/1027/1027
f 1027/1027/1027 1025/1025/1025 1023/1023/1023
f 1023/1023/1023 1021/1021/1021 1019/1019/1019
f 1019/1019/1019 1017/1017/1017 1015/1015/1015
f 1015/1015/1015 1027/1027/1027 1023/1023/1023
f 1023/1023/1023 1019/1019/1019 1015/1015/1015
f 1033/1033/1033 1032/1032/1032 1031/1031/1031
f 1033/1033/1033 1031/1031/1031 1030/1030/1030
f 1037/1037/1037 1036/1036/1036 1035/1035/1035
f 1037/1037/1037 1035/1035/1035 1034/1034/1034
f 1041/1041/1041 1040/1040/1040 1039/1039/1039
f 1041/1041/1041 1039/1039/1039 1038/1038/1038
f 1043/1043/1043 1042/1042/1042 1057/1057/1057
f 1057/1057/1057 1056/1056/1056 1055/1055/1055
f 1055/1055/1055 1054/1054/1054 1053/1053/1053
f 1053/1053/1053 1052/1052/1052 1051/1051/1051
f 1051/1051/1051 1050/1050/1050 1049/1049/1049
f 1049/1049/1049 1048/1048/1048 1047/1047/1047
f 1047/1047/1047 1046/1046/1046 1045/1045/1045
f 1045/1045/1045 1044/1044/1044 1043/1043/1043
f 1043/1043/1043 1057/1057/1057 1055/1055/1055
f 1055/1055/1055 1053/1053/1053 1051/1051/1051
f 1051/1051/1051 1049/1049/1049 1047/1047/1047
f 1047/1047/1047 1045/1045/1045 1043/1043/1043
f 1043/1043/1043 1055/1055/1055 1051/1051/1051
f 1051/1051/1051 1047/1047/1047 1043/1043/1043
f 1061/1061/1061 1060/1060/1060 1059/1059/1059
f 1061/1061/1061 1059/1059/1059 1058/1058/1058
f 1065/1065/1065 1064/1064/1064 1063/1063/1063
f 1065/1065/1065 1063/1063/1063 1062/1062/1062
f 1069/1069/1069 1068/1068/1068 1067/1067/1067
f 1069/1069/1069 1067/1067/1067 1066/1066/1066
f 1073/1073/1073 1072/1072/1072 1071/1071/1071
f 1073/1073/1073 1071/1071/1071 1070/1070/1070
f 1077/1077/1077 1076/1076/1076 1075/1075/1075
f 1077/1077/1077 1075/1075/1075 1074/1074/1074
f 1081/1081/1081 1080/1080/1080 1079/1079/1079
f 1081/1081/1081 1079/1079/1079 1078/1078/1078
f 1085/1085/1085 1084/1084/1084 1083/1083/1083
f 1085/1085/1085 1083/1083/1083 1082/1082/1082
f 1089/1089/1089 1088/1088/1088 1087/1087/1087
f 1089/1089/1089 1087/1087/1087 1086/1086/1086
f 1093/1093/1093 1092/1092/1092 1091/1091/1091
f 1093/1093/1093 1091/1091/1091 1090/1090/1090
f 1097/1097/1097 1096/1096/1096 1095/1095/1095
f 1097/1097/1097 1095/1095/1095 1094/1094/1094
f 1101/1101/1101 1100/1100/1100 1099/1099/1099
f 1101/1101/1101 1099/1099/1099 1098/1098/1098
f 1105/1105/1105 1104/1104/1104 1103/1103/1103
f 1105/1105/1105 1103/1103/1103 1102/1102/1102
f 1109/1109/1109 1108/1108/1108 1107/1107/1107
f 1109/1109/1109 1107/1107/1107 1106/1106/1106
f 1113/1113/1113 1112/1112/1112 1111/1111/1111
f 1113/1113/1113 1111/1111/1111 1110/1110/1110
f 1117/1117/5580 1116/1116/5581 1115/1115/5582
f 1117/1117/1117 1115/1115/1115 1114/1114/1114
f 1121/1121/1121 1120/1120/1120 1119/1119/1119
f 1121/1121/1121 1119/1119/1119 1118/1118/1118
f 1124/1124/1124 1123/1123/1123 1122/1122/1122
f 1128/1128/1128 1127/1127/1127 1126/1126/1126
f 1128/1128/1128 1126/1126/1126 1125/1125/1125
f 1132/1132/5583 1131/1131/5584 1130/1130/5585
f 1132/1132/1132 1130/1130/1130 1129/1129/1129
f 1136/1136/1136 1135/1135/1135 1134/1134/1134
f 1136/1136/1136 1134/1134/1134 1133/1133/1133
f 1139/1139/1139 1138/1138/1138 1137/1137/1137
f 1142/1142/1142 1141/1141/1141 1140/1140/1140
f 1145/1145/1145 1144/1144/1144 1143/1143/1143
f 1149/1149/1149 1148/1148/1148 1147/1147/1147
f 1149/1149/1149 1147/1147/1147 1146/1146/1146
f 1153/1153/1153 1152/1152/1152 1151/1151/1151
f 1153/1153/1153 1151/1151/1151 1150/1150/1150
f 1156/1156/1156 1155/1155/1155 1154/1154/1154
f 1160/1160/5586 1159/1159/5587 1158/1158/5588
f 1160/1160/1160 1158/1158/1158 1157/1157/1157
f 1164/1164/1164 1163/1163/1163 1162/1162/1162
f 1164/1164/1164 1162/1162/1162 1161/1161/1161
f 1168/1168/1168 1167/1167/1167 1166/1166/1166
f 1168/1168/1168 1166/1166/1166 1165/1165/1165
f 1171/1171/1171 1170/1170/1170 1169/1169/1169
f 1175/1175/1175 1174/1174/1174 1173/1173/1173
f 1175/1175/1175 1173/1173/1173 1172/1172/1172
f 1178/1178/1178 1177/1177/1177 1176/1176/1176
f 1182/1182/1182 1181/1181/1181 1180/1180/1180
f 1182/1182/1182 1180/1180/1180 1179/1179/1179
f 1184/1184/1184 1183/1183/1183 1189/1189/1189
f 1189/1189/1189 1188/1188/1188 1187/1187/1187
f 1187/1187/1187 1186/1186/1186 1185/1185/1185
f 1185/1185/1185 1184/1184/1184 1189/1189/1189
f 1189/1189/1189 1187/1187/1187 1185/1185/1185
f 1193/1193/1193 1192/1192/1192 1191/1191/1191
f 1193/1193/1193 1191/1191/1191 1190/1190/1190
f 1197/1197/5589 1196/1196/5590 1195/1195/5591
f 1197/1197/1197 1195/1195/1195 1194/1194/1194
f 1201/1201/1201 1200/1200/1200 1199/1199/1199
f 1201/1201/1201 1199/1199/1199 1198/1198/1198
f 1204/1204/1204 1203/1203/1203 1202/1202/1202
f 1208/1208/1208 1207/1207/1207 1206/1206/1206
f 1208/1208/1208 1206/1206/1206 1205/1205/1205
f 1212/1212/1212 1211/1211/1211 1210/1210/1210
f 1212/1212/1212 1210/1210/1210 1209/1209/1209
f 1216/1216/1216 1215/1215/1215 1214/1214/1214
f 1216/1216/1216 1214/1214/1214 1213/1213/1213
f 1220/1220/1220 1219/1219/1219 1218/1218/1218
f 1220/1220/1220 1218/1218/1218 1217/1217/1217
f 1224/1224/1224 1223/1223/1223 1222/1222/1222
f 1224/1224/1224 1222/1222/1222 1221/1221/1221
f 1225/1225/1225 1232/1232/1232 1231/1231/1231
f 1231/1231/1231 1230/1230/1230 1229/1229/1229
f 1229/1229/1229 1228/1228/1228 1227/1227/1227
f 1227/1227/1227 1226/1226/1226 1225/1225/1225
f 1225/1225/1225 1231/1231/1231 1229/1229/1229
f 1229/1229/1229 1227/1227/1227 1225/1225/1225
f 1236/1236/1236 1235/1235/1235 1234/1234/1234
f 1236/1236/1236 1234/1234/1234 1233/1233/1233
f 1240/1240/1240 1239/1239/1239 1238/1238/1238
f 1240/1240/1240 1238/1238/1238 1237/1237/1237
f 1244/1244/1244 1243/1243/1243 1242/1242/1242
f 1244/1244/1244 1242/1242/1242 1241/1241/1241
f 1248/1248/1248 1247/1247/1247 1246/1246/1246
f 1248/1248/1248 1246/1246/1246 1245/1245/1245
f 1251/1251/1251 1250/1250/1250 1249/1249/1249
f 1255/1255/1255 1254/1254/1254 1253/1253/1253
f 1255/1255/1255 1253/1253/1253 1252/1252/1252
f 1259/1259/1259 1258/1258/1258 1257/1257/1257
f 1259/1259/1259 1257/1257/1257 1256/1256/1256
f 1263/1263/1263 1262/1262/1262 1261/1261/1261
f 1263/1263/1263 1261/1261/1261 1260/1260/1260
f 1267/1267/1267 1266/1266/1266 1265/1265/1265
f 1267/1267/1267 1265/1265/1265 1264/1264/1264
f 1271/1271/1271 1270/1270/1270 1269/1269/1269
f 1271/1271/1271 1269/1269/1269 1268/1268/1268
f 1275/1275/1275 1274/1274/1274 1273/1273/1273
f 1275/1275/1275 1273/1273/1273 1272/1272/1272
f 1279/1279/1279 1278/1278/1278 1277/1277/1277
f 1279/1279/1279 1277/1277/1277 1276/1276/1276
f 1283/1283/1283 1282/1282/1282 1281/1281/1281
f 1283/1283/1283 1281/1281/1281 1280/1280/1280
f 1287/1287/1287 1286/1286/1286 1285/1285/1285
f 1287/1287/1287 1285/1285/1285 1284/1284/1284
f 1291/1291/1291 1290/1290/1290 1289/1289/1289
f 1291/1291/1291 1289/1289/1289 1288/1288/1288
f 1295/1295/1295 1294/1294/1294 1293/1293/1293
f 1295/1295/1295 1293/1293/1293 1292/1292/1292
f 1299/1299/1299 1298/1298/1298 1297/1297/1297
f 1299/1299/1299 1297/1297/1297 1296/1296/1296
f 1303/1303/1303 1302/1302/1302 1301/1301/1301
f 1303/1303/1303 1301/1301/1301 1300/1300/1300
f 1307/1307/1307 1306/1306/1306 1305/1305/1305
f 1307/1307/1307 1305/1305/1305 1304/1304/1304
f 1311/1311/1311 1310/1310/1310 1309/1309/1309
f 1311/1311/1311 1309/1309/1309 1308/1308/1308
f 1315/1315/1315 1314/1314/1314 1313/1313/1313
f 1315/1315/1315 1313/1313/1313 1312/1312/1312
f 1319/1319/1319 1318/1318/1318 1317/1317/1317
f 1319/1319/1319 1317/1317/1317 1316/1316/1316
f 1323/1323/1323 1322/1322/1322 1321/1321/1321
f 1323/1323/1323 1321/1321/1321 1320/1320/1320
f 1327/1327/1327 1326/1326/1326 1325/1325/1325
f 1327/1327/1327 1325/1325/1325 1324/1324/1324
f 1331/1331/1331 1330/1330/1330 1329/1329/1329
f 1331/1331/1331 1329/1329/1329 1328/1328/1328
f 1335/1335/1335 1334/1334/1334 1333/1333/1333
f 1335/1335/1335 1333/1333/1333 1332/1332/1332
f 1339/1339/1339 1338/1338/1338 1337/1337/1337
f 1339/1339/1339 1337/1337/1337 1336/1336/1336
f 1343/1343/1343 1342/1342/1342 1341/1341/1341
f 1343/1343/1343 1341/1341/1341 1340/1340/1340
f 1347/1347/1347 1346/1346/1346 1345/1345/1345
f 1347/1347/1347 1345/1345/1345 1344/1344/1344
f 1351/1351/1351 1350/1350/1350 1349/1349/1349
f 1351/1351/1351 1349/1349/1349 1348/1348/1348
f 1355/1355/1355 1354/1354/1354 1353/1353/1353
f 1355/1355/1355 1353/1353/1353 1352/1352/1352
f 1359/1359/1359 1358/1358/1358 1357/1357/1357
f 1359/1359/1359 1357/1357/1357 1356/1356/1356
f 1362/1362/1362 1361/1361/1361 1360/1360/1360
f 1366/1366/1366 1365/1365/1365 1364/1364/1364
f 1366/1366/1366 1364/1364/1364 1363/1363/1363
f 1370/1370/1370 1369/1369/1369 1368/1368/1368
f 1370/1370/1370 1368/1368/1368 1367/1367/1367
f 1374/1374/1374 1373/1373/1373 1372/1372/1372
f 1374/1374/1374 1372/1372/1372 1371/1371/1371
f 1378/1378/1378 1377/1377/1377 1376/1376/1376
f 1378/1378/1378 1376/1376/1376 1375/1375/1375
f 1382/1382/1382 1381/1381/1381 1380/1380/1380
f 1382/1382/1382 1380/1380/1380 1379/1379/1379
f 1386/1386/1386 1385/1385/1385 1384/1384/1384
f 1386/1386/1386 1384/1384/1384 1383/1383/1383
f 1390/1390/1390 1389/1389/1389 1388/1388/1388
f 1390/1390/1390 1388/1388/1388 1387/1387/1387
f 1394/1394/1394 1393/1393/1393 1392/1392/1392
f 1394/1394/1394 1392/1392/1392 1391/1391/1391
f 1398/1398/1398 1397/1397/1397 1396/1396/1396
f 1398/1398/1398 1396/1396/1396 1395/1395/1395
f 1402/1402/1402 1401/1401/1401 1400/1400/1400
f 1402/1402/1402 1400/1400/1400 1399/1399/1399
f 1406/1406/1406 1405/1405/1405 1404/1404/1404
f 1406/1406/1406 1404/1404/1404 1403/1403/1403
f 1410/1410/1410 1409/1409/1409 1408/1408/1408
f 1410/1410/1410 1408/1408/1408 1407/1407/1407
f 1414/1414/1414 1413/1413/1413 1412/1412/1412
f 1414/1414/1414 1412/1412/1412 1411/1411/1411
f 1418/1418/1418 1417/1417/1417 1416/1416/1416
f 1418/1418/1418 1416/1416/1416 1415/1415/1415
f 1422/1422/1422 1421/1421/1421 1420/1420/1420
f 1422/1422/1422 1420/1420/1420 1419/1419/1419
f 1426/1426/1426 1425/1425/1425 1424/1424/1424
f 1426/1426/1426 1424/1424/1424 1423/1423/1423
f 1430/1430/1430 1429/1429/1429 1428/1428/1428
f 1430/1430/1430 1428/1428/1428 1427/1427/1427
f 1432/1432/1432 1431/1431/1431 1446/1446/1446
f 1446/1446/1446 1445/1445/1445 1444/1444/1444
f 1444/1444/1444 1443/1443/1443 1442/1442/1442
f 1442/1442/1442 1441/1441/1441 1440/1440/1440
f 1440/1440/1440 1439/1439/1439 1438/1438/1438
f 1438/1438/1438 1437/1437/1437 1436/1436/1436
f 1436/1436/1436 1435/1435/1435 1434/1434/1434
f 1434/1434/1434 1433/1433/1433 1432/1432/1432
f 1432/1432/1432 1446/1446/1446 1444/1444/1444
f 1444/1444/1444 1442/1442/1442 1440/1440/1440
f 1440/1440/1440 1438/1438/1438 1436/1436/1436
f 1436/1436/1436 1434/1434/1434 1432/1432/1432
f 1432/1432/1432 1444/1444/1444 1440/1440/1440
f 1440/1440/1440 1436/1436/1436 1432/1432/1432
f 1450/1450/1450 1449/1449/1449 1448/1448/1448
f 1450/1450/1450 1448/1448/1448 1447/1447/1447
f 1454/1454/1454 1453/1453/1453 1452/1452/1452
f 1454/1454/1454 1452/1452/1452 1451/1451/1451
f 1458/1458/1458 1457/1457/1457 1456/1456/1456
f 1458/1458/1458 1456/1456/1456 1455/1455/1455
f 1462/1462/1462 1461/1461/1461 1460/1460/1460
f 1462/1462/1462 1460/1460/1460 1459/1459/1459
f 1466/1466/1466 1465/1465/1465 1464/1464/1464
f 1466/1466/1466 1464/1464/1464 1463/1463/1463
f 1468/1468/5592 1467/1467/5593 1472/1472/5594
f 1472/1472/1472 1471/1471/1471 1470/1470/1470
f 1470/1470/5595 1469/1469/5596 1468/1468/5597
f 1468/1468/1468 1472/1472/1472 1470/1470/1470
f 1476/1476/1476 1475/1475/1475 1474/1474/1474
f 1476/1476/1476 1474/1474/1474 1473/1473/1473
f 1480/1480/1480 1479/1479/1479 1478/1478/1478
f 1480/1480/1480 1478/1478/1478 1477/1477/1477
f 1484/1484/1484 1483/1483/1483 1482/1482/1482
f 1484/1484/1484 1482/1482/1482 1481/1481/1481
f 1488/1488/1488 1487/1487/1487 1486/1486/1486
f 1488/1488/1488 1486/1486/1486 1485/1485/1485
f 1492/1492/1492 1491/1491/1491 1490/1490/1490
f 1492/1492/1492 1490/1490/1490 1489/1489/1489
f 1496/1496/1496 1495/1495/1495 1494/1494/1494
f 1496/1496/1496 1494/1494/1494 1493/1493/1493
f 1500/1500/1500 1499/1499/1499 1498/1498/1498
f 1500/1500/1500 1498/1498/1498 1497/1497/1497
f 1504/1504/1504 1503/1503/1503 1502/1502/1502
f 1504/1504/1504 1502/1502/1502 1501/1501/1501
f 1506/1506/1506 1505/1505/1505 1510/1510/1510
f 1510/1510/5598 1509/1509/5599 1508/1508/5600
f 1507/1507/5601 1506/1506/5602 1510/1510/5603
f 1510/1510/1510 1508/1508/1508 1507/1507/1507
f 1514/1514/1514 1513/1513/1513 1512/1512/1512
f 1514/1514/1514 1512/1512/1512 1511/1511/1511
f 1516/1516/1516 1515/1515/1515 1530/1530/1530
f 1530/1530/1530 1529/1529/1529 1528/1528/1528
f 1528/1528/1528 1527/1527/1527 1526/1526/1526
f 1526/1526/1526 1525/1525/1525 1524/1524/1524
f 1524/1524/1524 1523/1523/1523 1522/1522/1522
f 1522/1522/1522 1521/1521/1521 1520/1520/1520
f 1520/1520/1520 1519/1519/1519 1518/1518/1518
f 1518/1518/1518 1517/1517/1517 1516/1516/1516
f 1516/1516/1516 1530/1530/1530 1528/1528/1528
f 1528/1528/1528 1526/1526/1526 1524/1524/1524
f 1524/1524/1524 1522/1522/1522 1520/1520/1520
f 1520/1520/1520 1518/1518/1518 1516/1516/1516
f 1516/1516/1516 1528/1528/1528 1524/1524/1524
f 1524/1524/1524 1520/1520/1520 1516/1516/1516
f 1534/1534/1534 1533/1533/1533 1532/1532/1532
f 1534/1534/1534 1532/1532/1532 1531/1531/1531
f 1537/1537/1537 1536/1536/1536 1535/1535/1535
f 1541/1541/1541 1540/1540/1540 1539/1539/1539
f 1541/1541/1541 1539/1539/1539 1538/1538/1538
f 1545/1545/1545 1544/1544/1544 1543/1543/1543
f 1545/1545/5604 1543/1543/5605 1542/1542/5606
f 1548/1548/1548 1547/1547/1547 1546/1546/1546
f 1548/1548/1548 1549/1549/1549 1547/1547/1547
f 1552/1552/1552 1551/1551/1551 1550/1550/1550
f 1555/1555/1555 1554/1554/1554 1553/1553/1553
f 1558/1558/1558 1557/1557/1557 1556/1556/1556
f 1561/1561/1561 1560/1560/1560 1559/1559/1559
f 1564/1564/1564 1563/1563/1563 1562/1562/1562
f 1567/1567/1567 1566/1566/1566 1565/1565/1565
f 1570/1570/1570 1569/1569/1569 1568/1568/1568
f 1573/1573/1573 1572/1572/1572 1571/1571/1571
f 1576/1576/1576 1575/1575/1575 1574/1574/1574
f 1579/1579/1579 1578/1578/1578 1577/1577/1577
f 1582/1582/1582 1581/1581/1581 1580/1580/1580
f 1585/1585/1585 1584/1584/1584 1583/1583/1583
f 1588/1588/1588 1587/1587/1587 1586/1586/1586
f 1591/1591/1591 1590/1590/1590 1589/1589/1589
f 1594/1594/1594 1593/1593/1593 1592/1592/1592
f 1597/1597/1597 1596/1596/1596 1595/1595/1595
f 1600/1600/1600 1599/1599/1599 1598/1598/1598
f 1603/1603/1603 1602/1602/1602 1601/1601/1601
f 1606/1606/1606 1605/1605/1605 1604/1604/1604
f 1609/1609/1609 1608/1608/1608 1607/1607/1607
f 1612/1612/1612 1611/1611/1611 1610/1610/1610
f 1613/1613/1613 1618/1618/1618 1617/1617/1617
f 1617/1617/1617 1616/1616/1616 1615/1615/1615
f 1615/1615/1615 1614/1614/1614 1613/1613/1613
f 1613/1613/1613 1617/1617/1617 1615/1615/1615
f 1619/1619/1619 1623/1623/1623 1622/1622/1622
f 1622/1622/1622 1621/1621/1621 1620/1620/1620
f 1620/1620/1620 1619/1619/1619 1622/1622/1622
f 1624/1624/1624 1629/1629/1629 1628/1628/1628
f 1628/1628/1628 1627/1627/1627 1626/1626/1626
f 1626/1626/1626 1625/1625/1625 1624/1624/1624
f 1624/1624/1624 1628/1628/1628 1626/1626/1626
f 1630/1630/1630 1634/1634/1634 1633/1633/1633
f 1633/1633/1633 1632/1632/1632 1631/1631/1631
f 1631/1631/1631 1630/1630/1630 1633/1633/1633
f 1637/1637/1637 1636/1636/1636 1635/1635/1635
f 1640/1640/1640 1639/1639/1639 1638/1638/1638
f 1643/1643/1643 1642/1642/1642 1641/1641/1641
f 1646/1646/1646 1645/1645/1645 1644/1644/1644
f 1649/1649/1649 1648/1648/1648 1647/1647/1647
f 1652/1652/1652 1651/1651/1651 1650/1650/1650
f 1655/1655/1655 1654/1654/1654 1653/1653/1653
f 1658/1658/1658 1657/1657/1657 1656/1656/1656
f 1661/1661/1661 1660/1660/1660 1659/1659/1659
f 1664/1664/1664 1663/1663/1663 1662/1662/1662
f 1667/1667/1667 1666/1666/1666 1665/1665/1665
f 1670/1670/1670 1669/1669/1669 1668/1668/1668
f 1673/1673/1673 1672/1672/1672 1671/1671/1671
f 1676/1676/1676 1675/1675/1675 1674/1674/1674
f 1679/1679/1679 1678/1678/1678 1677/1677/1677
f 1682/1682/1682 1681/1681/1681 1680/1680/1680
f 1685/1685/1685 1684/1684/1684 1683/1683/1683
f 1688/1688/1688 1687/1687/1687 1686/1686/1686
f 1691/1691/1691 1690/1690/1690 1689/1689/1689
f 1694/1694/1694 1693/1693/1693 1692/1692/1692
f 1697/1697/1697 1696/1696/1696 1695/1695/1695
f 1700/1700/1700 1699/1699/1699 1698/1698/1698
f 1703/1703/1703 1702/1702/1702 1701/1701/1701
f 1706/1706/1706 1705/1705/1705 1704/1704/1704
f 1707/1707/1707 1711/1711/1711 1710/1710/1710
f 1710/1710/1710 1709/1709/1709 1708/1708/1708
f 1708/1708/1708 1707/1707/1707 1710/1710/1710
f 1712/1712/1712 1716/1716/1716 1715/1715/1715
f 1715/1715/1715 1714/1714/1714 1713/1713/1713
f 1713/1713/1713 1712/1712/1712 1715/1715/1715
f 1717/1717/1717 1722/1722/1722 1721/1721/1721
f 1721/1721/1721 1720/1720/1720 1719/1719/1719
f 1719/1719/1719 1718/1718/1718 1717/1717/1717
f 1717/1717/1717 1721/1721/1721 1719/1719/1719
f 1724/1724/1724 1723/1723/1723 1727/1727/1727
f 1727/1727/1727 1726/1726/1726 1725/1725/1725
f 1725/1725/1725 1724/1724/1724 1727/1727/1727
f 1728/1728/1728 1732/1732/1732 1731/1731/1731
f 1731/1731/1731 1730/1730/1730 1729/1729/1729
f 1729/1729/1729 1728/1728/1728 1731/1731/1731
f 1736/1736/1736 1735/1735/1735 1734/1734/1734
f 1736/1736/1736 1734/1734/1734 1733/1733/1733
f 1740/1740/1740 1739/1739/1739 1738/1738/1738
f 1740/1740/1740 1738/1738/1738 1737/1737/1737
f 1743/1743/1743 1742/1742/1742 1741/1741/1741
f 1747/1747/1747 1746/1746/1746 1745/1745/1745
f 1747/1747/1747 1745/1745/1745 1744/1744/1744
f 1751/1751/1751 1750/1750/1750 1749/1749/1749
f 1751/1751/1751 1749/1749/1749 1748/1748/1748
f 1755/1755/1755 1754/1754/1754 1753/1753/1753
f 1755/1755/1755 1753/1753/1753 1752/1752/1752
f 1759/1759/1759 1758/1758/1758 1757/1757/1757
f 1759/1759/1759 1757/1757/1757 1756/1756/1756
f 1763/1763/1763 1762/1762/1762 1761/1761/1761
f 1763/1763/1763 1761/1761/1761 1760/1760/1760
f 1766/1766/1766 1765/1765/1765 1764/1764/1764
f 1770/1770/1770 1769/1769/1769 1768/1768/1768
f 1770/1770/1770 1768/1768/1768 1767/1767/1767
f 1774/1774/1774 1773/1773/1773 1772/1772/1772
f 1774/1774/1774 1772/1772/1772 1771/1771/1771
f 1778/1778/1778 1777/1777/1777 1776/1776/1776
f 1778/1778/1778 1776/1776/1776 1775/1775/1775
f 1782/1782/1782 1781/1781/1781 1780/1780/1780
f 1782/1782/1782 1780/1780/1780 1779/1779/1779
f 1786/1786/1786 1785/1785/1785 1784/1784/1784
f 1786/1786/1786 1784/1784/1784 1783/1783/1783
f 1790/1790/1790 1789/1789/1789 1788/1788/1788
f 1790/1790/1790 1788/1788/1788 1787/1787/1787
f 1794/1794/1794 1793/1793/1793 1792/1792/1792
f 1794/1794/1794 1792/1792/1792 1791/1791/1791
f 1798/1798/1798 1797/1797/1797 1796/1796/1796
f 1798/1798/1798 1796/1796/1796 1795/1795/1795
f 1802/1802/1802 1801/1801/1801 1800/1800/1800
f 1802/1802/1802 1800/1800/1800 1799/1799/1799
f 1805/1805/1805 1804/1804/1804 1803/1803/1803
f 1809/1809/1809 1808/1808/1808 1807/1807/1807
f 1809/1809/1809 1807/1807/1807 1806/1806/1806
f 1813/1813/1813 1812/1812/1812 1811/1811/1811
f 1813/1813/1813 1811/1811/1811 1810/1810/1810
f 1817/1817/1817 1816/1816/1816 1815/1815/1815
f 1817/1817/1817 1815/1815/1815 1814/1814/1814
f 1821/1821/1821 1820/1820/1820 1819/1819/1819
f 1821/1821/1821 1819/1819/1819 1818/1818/1818
f 1825/1825/1825 1824/1824/1824 1823/1823/1823
f 1825/1825/1825 1823/1823/1823 1822/1822/1822
f 1829/1829/1829 1828/1828/1828 1827/1827/1827
f 1829/1829/1829 1827/1827/1827 1826/1826/1826
f 1833/1833/1833 1832/1832/1832 1831/1831/1831
f 1833/1833/1833 1831/1831/1831 1830/1830/1830
f 1837/1837/1837 1836/1836/1836 1835/1835/1835
f 1837/1837/1837 1835/1835/1835 1834/1834/1834
f 1841/1841/1841 1840/1840/1840 1839/1839/1839
f 1841/1841/1841 1839/1839/1839 1838/1838/1838
f 1845/1845/1845 1844/1844/1844 1843/1843/1843
f 1845/1845/1845 1843/1843/1843 1842/1842/1842
f 1849/1849/1849 1848/1848/1848 1847/1847/1847
f 1849/1849/1849 1847/1847/1847 1846/1846/1846
f 1853/1853/1853 1852/1852/1852 1851/1851/1851
f 1853/1853/1853 1851/1851/1851 1850/1850/1850
f 1857/1857/1857 1856/1856/1856 1855/1855/1855
f 1857/1857/1857 1855/1855/1855 1854/1854/1854
f 1861/1861/1861 1860/1860/1860 1859/1859/1859
f 1861/1861/1861 1859/1859/1859 1858/1858/1858
f 1865/1865/1865 1864/1864/1864 1863/1863/1863
f 1865/1865/1865 1863/1863/1863 1862/1862/1862
f 1868/1868/1868 1867/1867/1867 1866/1866/1866
f 1872/1872/1872 1871/1871/1871 1870/1870/1870
f 1872/1872/1872 1870/1870/1870 1869/1869/1869
f 1875/1875/1875 1874/1874/1874 1873/1873/1873
f 1879/1879/1879 1878/1878/1878 1877/1877/1877
f 1879/1879/1879 1877/1877/1877 1876/1876/1876
f 1883/1883/1883 1882/1882/1882 1881/1881/1881
f 1883/1883/1883 1881/1881/1881 1880/1880/1880
f 1887/1887/1887 1886/1886/1886 1885/1885/1885
f 1887/1887/1887 1885/1885/1885 1884/1884/1884
f 1891/1891/1891 1890/1890/1890 1889/1889/1889
f 1891/1891/1891 1889/1889/1889 1888/1888/1888
f 1895/1895/1895 1894/1894/1894 1893/1893/1893
f 1895/1895/1895 1893/1893/1893 1892/1892/1892
f 1899/1899/1899 1898/1898/1898 1897/1897/1897
f 1899/1899/1899 1897/1897/1897 1896/1896/1896
f 1903/1903/1903 1902/1902/1902 1901/1901/1901
f 1903/1903/1903 1901/1901/1901 1900/1900/1900
f 1907/1907/1907 1906/1906/1906 1905/1905/1905
f 1907/1907/1907 1905/1905/1905 1904/1904/1904
f 1911/1911/1911 1910/1910/1910 1909/1909/1909
f 1911/1911/1911 1909/1909/1909 1908/1908/1908
f 1915/1915/1915 1914/1914/1914 1913/1913/1913
f 1915/1915/1915 1913/1913/1913 1912/1912/1912
f 1919/1919/1919 1918/1918/1918 1917/1917/1917
f 1919/1919/1919 1917/1917/1917 1916/1916/1916
f 1923/1923/1923 1922/1922/1922 1921/1921/1921
f 1923/1923/1923 1921/1921/1921 1920/1920/1920
f 1927/1927/1927 1926/1926/1926 1925/1925/1925
f 1927/1927/1927 1925/1925/1925 1924/1924/1924
f 1930/1930/1930 1929/1929/1929 1928/1928/1928
f 1933/1933/1933 1932/1932/1932 1931/1931/1931
f 1936/1936/1936 1935/1935/1935 1934/1934/1934
f 1939/1939/1939 1938/1938/1938 1937/1937/1937
f 1942/1942/1942 1941/1941/1941 1940/1940/1940
f 1945/1945/1945 1944/1944/1944 1943/1943/1943
f 1949/1949/1949 1948/1948/1948 1947/1947/1947
f 1949/1949/1949 1947/1947/1947 1946/1946/1946
f 1953/1953/1953 1952/1952/1952 1951/1951/1951
f 1953/1953/1953 1951/1951/1951 1950/1950/1950
f 1956/1956/1956 1955/1955/1955 1954/1954/1954
f 1959/1959/1959 1958/1958/1958 1957/1957/1957
f 1962/1962/1962 1961/1961/1961 1960/1960/1960
f 1966/1966/1966 1965/1965/1965 1964/1964/1964
f 1966/1966/1966 1964/1964/1964 1963/1963/1963
f 1969/1969/1969 1968/1968/1968 1967/1967/1967
f 1972/1972/1972 1971/1971/1971 1970/1970/1970
f 1975/1975/1975 1974/1974/1974 1973/1973/1973
f 1978/1978/1978 1977/1977/1977 1976/1976/1976
f 1981/1981/1981 1980/1980/1980 1979/1979/1979
f 1984/1984/1984 1983/1983/1983 1982/1982/1982
f 1987/1987/1987 1986/1986/1986 1985/1985/1985
f 1991/1991/1991 1990/1990/1990 1989/1989/1989
f 1991/1991/1991 1989/1989/1989 1988/1988/1988
f 1995/1995/1995 1994/1994/1994 1993/1993/1993
f 1995/1995/1995 1993/1993/1993 1992/1992/1992
f 1998/1998/1998 1997/1997/1997 1996/1996/1996
f 2001/2001/2001 2000/2000/2000 1999/1999/1999
f 2004/2004/2004 2003/2003/2003 2002/2002/2002
f 2008/2008/2008 2007/2007/2007 2006/2006/2006
f 2008/2008/2008 2006/2006/2006 2005/2005/2005
f 2011/2011/2011 2010/2010/2010 2009/2009/2009
f 2015/2015/2015 2014/2014/2014 2013/2013/2013
f 2015/2015/2015 2013/2013/2013 2012/2012/2012
f 2019/2019/2019 2018/2018/2018 2017/2017/2017
f 2019/2019/2019 2017/2017/2017 2016/2016/2016
f 2022/2022/2022 2021/2021/2021 2020/2020/2020
f 2025/2025/2025 2024/2024/2024 2023/2023/2023
f 2028/2028/2028 2027/2027/2027 2026/2026/2026
f 2032/2032/2032 2031/2031/2031 2030/2030/2030
f 2032/2032/2032 2030/2030/2030 2029/2029/2029
f 2035/2035/2035 2034/2034/2034 2033/2033/2033
f 2038/2038/2038 2037/2037/2037 2036/2036/2036
f 2042/2042/2042 2041/2041/2041 2040/2040/2040
f 2042/2042/2042 2040/2040/2040 2039/2039/2039
f 2045/2045/2045 2044/2044/2044 2043/2043/2043
f 2048/2048/2048 2047/2047/2047 2046/2046/2046
f 2051/2051/2051 2050/2050/2050 2049/2049/2049
f 2054/2054/2054 2053/2053/2053 2052/2052/2052
f 2058/2058/2058 2057/2057/2057 2056/2056/2056
f 2058/2058/2058 2056/2056/2056 2055/2055/2055
f 2062/2062/2062 2061/2061/2061 2060/2060/2060
f 2062/2062/2062 2060/2060/2060 2059/2059/2059
f 2066/2066/2066 2065/2065/2065 2064/2064/2064
f 2066/2066/2066 2064/2064/2064 2063/2063/2063
f 2069/2069/2069 2068/2068/2068 2067/2067/2067
f 2073/2073/2073 2072/2072/2072 2071/2071/2071
f 2073/2073/2073 2071/2071/2071 2070/2070/2070
f 2076/2076/2076 2075/2075/2075 2074/2074/2074
f 2080/2080/2080 2079/2079/2079 2078/2078/2078
f 2080/2080/2080 2078/2078/2078 2077/2077/2077
f 2083/2083/2083 2082/2082/2082 2081/2081/2081
f 2087/2087/2087 2086/2086/2086 2085/2085/2085
f 2087/2087/2087 2085/2085/2085 2084/2084/2084
f 2091/2091/2091 2090/2090/2090 2089/2089/2089
f 2091/2091/2091 2089/2089/2089 2088/2088/2088
f 2095/2095/2095 2094/2094/2094 2093/2093/2093
f 2095/2095/2095 2093/2093/2093 2092/2092/2092
f 2098/2098/2098 2097/2097/2097 2096/2096/2096
f 2101/2101/2101 2100/2100/2100 2099/2099/2099
f 2104/2104/2104 2103/2103/2103 2102/2102/2102
f 2108/2108/2108 2107/2107/2107 2106/2106/2106
f 2108/2108/2108 2106/2106/2106 2105/2105/2105
f 2112/2112/2112 2111/2111/2111 2110/2110/2110
f 2112/2112/2112 2110/2110/2110 2109/2109/2109
f 2115/2115/2115 2114/2114/2114 2113/2113/2113
f 2118/2118/2118 2117/2117/2117 2116/2116/2116
f 2121/2121/2121 2120/2120/2120 2119/2119/2119
f 2125/2125/2125 2124/2124/2124 2123/2123/2123
f 2125/2125/2125 2123/2123/2123 2122/2122/2122
f 2129/2129/2129 2128/2128/2128 2127/2127/2127
f 2129/2129/2129 2127/2127/2127 2126/2126/2126
f 2133/2133/2133 2132/2132/2132 2131/2131/2131
f 2133/2133/2133 2131/2131/2131 2130/2130/2130
f 2137/2137/2137 2136/2136/2136 2135/2135/2135
f 2137/2137/2137 2135/2135/2135 2134/2134/2134
f 2141/2141/2141 2140/2140/2140 2139/2139/2139
f 2141/2141/2141 2139/2139/2139 2138/2138/2138
f 2144/2144/2144 2143/2143/2143 2142/2142/2142
f 2148/2148/2148 2147/2147/2147 2146/2146/2146
f 2148/2148/2148 2146/2146/2146 2145/2145/2145
f 2152/2152/2152 2151/2151/2151 2150/2150/2150
f 2152/2152/2152 2150/2150/2150 2149/2149/2149
f 2155/2155/2155 2154/2154/2154 2153/2153/2153
f 2158/2158/2158 2157/2157/2157 2156/2156/2156
f 2162/2162/2162 2161/2161/2161 2160/2160/2160
f 2162/2162/2162 2160/2160/2160 2159/2159/2159
f 2166/2166/2166 2165/2165/2165 2164/2164/2164
f 2166/2166/2166 2164/2164/2164 2163/2163/2163
f 2170/2170/2170 2169/2169/2169 2168/2168/2168
f 2170/2170/2170 2168/2168/2168 2167/2167/2167
f 2174/2174/2174 2173/2173/2173 2172/2172/2172
f 2174/2174/2174 2172/2172/2172 2171/2171/2171
f 2178/2178/2178 2177/2177/2177 2176/2176/2176
f 2178/2178/2178 2176/2176/2176 2175/2175/2175
f 2182/2182/2182 2181/2181/2181 2180/2180/2180
f 2182/2182/2182 2180/2180/2180 2179/2179/2179
f 2186/2186/2186 2185/2185/2185 2184/2184/2184
f 2186/2186/2186 2184/2184/2184 2183/2183/2183
f 2190/2190/2190 2189/2189/2189 2188/2188/2188
f 2190/2190/2190 2188/2188/2188 2187/2187/2187
f 2194/2194/2194 2193/2193/2193 2192/2192/2192
f 2194/2194/2194 2192/2192/2192 2191/2191/2191
f 2197/2197/2197 2196/2196/2196 2195/2195/2195
f 2201/2201/2201 2200/2200/2200 2199/2199/2199
f 2201/2201/2201 2199/2199/2199 2198/2198/2198
f 2205/2205/2205 2204/2204/2204 2203/2203/2203
f 2205/2205/2205 2203/2203/2203 2202/2202/2202
f 2209/2209/2209 2208/2208/2208 2207/2207/2207
f 2209/2209/2209 2207/2207/2207 2206/2206/2206
f 2213/2213/2213 2212/2212/2212 2211/2211/2211
f 2213/2213/2213 2211/2211/2211 2210/2210/2210
f 2217/2217/2217 2216/2216/2216 2215/2215/2215
f 2217/2217/2217 2215/2215/2215 2214/2214/2214
f 2220/2220/2220 2219/2219/2219 2218/2218/2218
f 2223/2223/2223 2222/2222/2222 2221/2221/2221
f 2227/2227/2227 2226/2226/2226 2225/2225/2225
f 2227/2227/2227 2225/2225/2225 2224/2224/2224
f 2231/2231/2231 2230/2230/2230 2229/2229/2229
f 2231/2231/2231 2229/2229/2229 2228/2228/2228
f 2235/2235/2235 2234/2234/2234 2233/2233/2233
f 2235/2235/2235 2233/2233/2233 2232/2232/2232
f 2239/2239/2239 2238/2238/2238 2237/2237/2237
f 2239/2239/2239 2237/2237/2237 2236/2236/2236
f 2243/2243/2243 2242/2242/2242 2241/2241/2241
f 2243/2243/2243 2241/2241/2241 2240/2240/2240
f 2247/2247/2247 2246/2246/2246 2245/2245/2245
f 2247/2247/2247 2245/2245/2245 2244/2244/2244
f 2251/2251/2251 2250/2250/2250 2249/2249/2249
f 2251/2251/2251 2249/2249/2249 2248/2248/2248
f 2255/2255/2255 2254/2254/2254 2253/2253/2253
f 2255/2255/2255 2253/2253/2253 2252/2252/2252
f 2259/2259/2259 2258/2258/2258 2257/2257/2257
f 2259/2259/2259 2257/2257/2257 2256/2256/2256
f 2263/2263/2263 2262/2262/2262 2261/2261/2261
f 2263/2263/2263 2261/2261/2261 2260/2260/2260
f 2267/2267/2267 2266/2266/2266 2265/2265/2265
f 2267/2267/2267 2265/2265/2265 2264/2264/2264
f 2271/2271/2271 2270/2270/2270 2269/2269/2269
f 2271/2271/2271 2269/2269/2269 2268/2268/2268
f 2275/2275/2275 2274/2274/2274 2273/2273/2273
f 2275/2275/2275 2273/2273/2273 2272/2272/2272
f 2279/2279/2279 2278/2278/2278 2277/2277/2277
f 2279/2279/2279 2277/2277/2277 2276/2276/2276
f 2282/2282/2282 2281/2281/2281 2280/2280/2280
f 2286/2286/2286 2285/2285/2285 2284/2284/2284
f 2286/2286/2286 2284/2284/2284 2283/2283/2283
f 2290/2290/2290 2289/2289/2289 2288/2288/2288
f 2290/2290/2290 2288/2288/2288 2287/2287/2287
f 2293/2293/2293 2292/2292/2292 2291/2291/2291
f 2297/2297/2297 2296/2296/2296 2295/2295/2295
f 2297/2297/2297 2295/2295/2295 2294/2294/2294
f 2301/2301/2301 2300/2300/2300 2299/2299/2299
f 2301/2301/2301 2299/2299/2299 2298/2298/2298
f 2304/2304/2304 2303/2303/2303 2302/2302/2302
f 2308/2308/2308 2307/2307/2307 2306/2306/2306
f 2308/2308/2308 2306/2306/2306 2305/2305/2305
f 2312/2312/2312 2311/2311/2311 2310/2310/2310
f 2312/2312/2312 2310/2310/2310 2309/2309/2309
f 2316/2316/2316 2315/2315/2315 2314/2314/2314
f 2316/2316/2316 2314/2314/2314 2313/2313/2313
f 2320/2320/2320 2319/2319/2319 2318/2318/2318
f 2320/2320/2320 2318/2318/2318 2317/2317/2317
f 2323/2323/2323 2322/2322/2322 2321/2321/2321
f 2327/2327/2327 2326/2326/2326 2325/2325/2325
f 2327/2327/2327 2325/2325/2325 2324/2324/2324
f 2331/2331/2331 2330/2330/2330 2329/2329/2329
f 2331/2331/2331 2329/2329/2329 2328/2328/2328
f 2335/2335/2335 2334/2334/2334 2333/2333/2333
f 2335/2335/2335 2333/2333/2333 2332/2332/2332
f 2338/2338/2338 2337/2337/2337 2336/2336/2336
f 2342/2342/2342 2341/2341/2341 2340/2340/2340
f 2342/2342/2342 2340/2340/2340 2339/2339/2339
f 2346/2346/2346 2345/2345/2345 2344/2344/2344
f 2346/2346/2346 2344/2344/2344 2343/2343/2343
f 2350/2350/2350 2349/2349/2349 2348/2348/2348
f 2350/2350/2350 2348/2348/2348 2347/2347/2347
f 2353/2353/2353 2352/2352/2352 2351/2351/2351
f 2357/2357/2357 2356/2356/2356 2355/2355/2355
f 2357/2357/2357 2355/2355/2355 2354/2354/2354
f 2361/2361/2361 2360/2360/2360 2359/2359/2359
f 2361/2361/2361 2359/2359/2359 2358/2358/2358
f 2365/2365/2365 2364/2364/2364 2363/2363/2363
f 2365/2365/2365 2363/2363/2363 2362/2362/2362
f 2369/2369/2369 2368/2368/2368 2367/2367/2367
f 2369/2369/2369 2367/2367/2367 2366/2366/2366
f 2373/2373/2373 2372/2372/2372 2371/2371/2371
f 2373/2373/2373 2371/2371/2371 2370/2370/2370
f 2377/2377/2377 2376/2376/2376 2375/2375/2375
f 2377/2377/2377 2375/2375/2375 2374/2374/2374
f 2381/2381/2381 2380/2380/2380 2379/2379/2379
f 2381/2381/2381 2379/2379/2379 2378/2378/2378
f 2385/2385/2385 2384/2384/2384 2383/2383/2383
f 2385/2385/2385 2383/2383/2383 2382/2382/2382
f 2389/2389/2389 2388/2388/2388 2387/2387/2387
f 2389/2389/2389 2387/2387/2387 2386/2386/2386
f 2393/2393/2393 2392/2392/2392 2391/2391/2391
f 2393/2393/2393 2391/2391/2391 2390/2390/2390
f 2397/2397/2397 2396/2396/2396 2395/2395/2395
f 2397/2397/2397 2395/2395/2395 2394/2394/2394
f 2400/2400/2400 2399/2399/2399 2398/2398/2398
f 2404/2404/2404 2403/2403/2403 2402/2402/2402
f 2404/2404/2404 2402/2402/2402 2401/2401/2401
f 2408/2408/2408 2407/2407/2407 2406/2406/2406
f 2408/2408/2408 2406/2406/2406 2405/2405/2405
f 2412/2412/2412 2411/2411/2411 2410/2410/2410
f 2412/2412/2412 2410/2410/2410 2409/2409/2409
f 2416/2416/2416 2415/2415/2415 2414/2414/2414
f 2416/2416/2416 2414/2414/2414 2413/2413/2413
f 2420/2420/2420 2419/2419/2419 2418/2418/2418
f 2420/2420/2420 2418/2418/2418 2417/2417/2417
f 2424/2424/2424 2423/2423/2423 2422/2422/2422
f 2424/2424/2424 2422/2422/2422 2421/2421/2421
f 2428/2428/2428 2427/2427/2427 2426/2426/2426
f 2428/2428/2428 2426/2426/2426 2425/2425/2425
f 2432/2432/2432 2431/2431/2431 2430/2430/2430
f 2432/2432/2432 2430/2430/2430 2429/2429/2429
f 2436/2436/2436 2435/2435/2435 2434/2434/2434
f 2436/2436/2436 2434/2434/2434 2433/2433/2433
f 2440/2440/2440 2439/2439/2439 2438/2438/2438
f 2440/2440/2440 2438/2438/2438 2437/2437/2437
f 2443/2443/2443 2442/2442/2442 2441/2441/2441
f 2447/2447/2447 2446/2446/2446 2445/2445/2445
f 2447/2447/2447 2445/2445/2445 2444/2444/2444
f 2450/2450/2450 2449/2449/2449 2448/2448/2448
f 2454/2454/2454 2453/2453/2453 2452/2452/2452
f 2454/2454/2454 2452/2452/2452 2451/2451/2451
f 2458/2458/2458 2457/2457/2457 2456/2456/2456
f 2458/2458/2458 2456/2456/2456 2455/2455/2455
f 2462/2462/2462 2461/2461/2461 2460/2460/2460
f 2462/2462/2462 2460/2460/2460 2459/2459/2459
f 2466/2466/2466 2465/2465/2465 2464/2464/2464
f 2466/2466/2466 2464/2464/2464 2463/2463/2463
f 2470/2470/2470 2469/2469/2469 2468/2468/2468
f 2470/2470/2470 2468/2468/2468 2467/2467/2467
f 2474/2474/2474 2473/2473/2473 2472/2472/2472
f 2474/2474/2474 2472/2472/2472 2471/2471/2471
f 2478/2478/2478 2477/2477/2477 2476/2476/2476
f 2478/2478/2478 2476/2476/2476 2475/2475/2475
f 2482/2482/2482 2481/2481/2481 2480/2480/2480
f 2482/2482/2482 2480/2480/2480 2479/2479/2479
f 2486/2486/2486 2485/2485/2485 2484/2484/2484
f 2486/2486/2486 2484/2484/2484 2483/2483/2483
f 2490/2490/2490 2489/2489/2489 2488/2488/2488
f 2490/2490/2490 2488/2488/2488 2487/2487/2487
f 2494/2494/2494 2493/2493/2493 2492/2492/2492
f 2494/2494/2494 2492/2492/2492 2491/2491/2491
f 2498/2498/2498 2497/2497/2497 2496/2496/2496
f 2498/2498/2498 2496/2496/2496 2495/2495/2495
f 2502/2502/2502 2501/2501/2501 2500/2500/2500
f 2502/2502/2502 2500/2500/2500 2499/2499/2499
f 2505/2505/2505 2504/2504/2504 2503/2503/2503
f 2508/2508/2508 2507/2507/2507 2506/2506/2506
f 2511/2511/2511 2510/2510/2510 2509/2509/2509
f 2514/2514/2514 2513/2513/2513 2512/2512/2512
f 2518/2518/2518 2517/2517/2517 2516/2516/2516
f 2518/2518/2518 2516/2516/2516 2515/2515/2515
f 2522/2522/2522 2521/2521/2521 2520/2520/2520
f 2522/2522/2522 2520/2520/2520 2519/2519/2519
f 2525/2525/2525 2524/2524/2524 2523/2523/2523
f 2528/2528/2528 2527/2527/2527 2526/2526/2526
f 2531/2531/2531 2530/2530/2530 2529/2529/2529
f 2534/2534/2534 2533/2533/2533 2532/2532/2532
f 2537/2537/2537 2536/2536/2536 2535/2535/2535
f 2540/2540/2540 2539/2539/2539 2538/2538/2538
f 2543/2543/2543 2542/2542/2542 2541/2541/2541
f 2547/2547/2547 2546/2546/2546 2545/2545/2545
f 2547/2547/2547 2545/2545/2545 2544/2544/2544
f 2550/2550/2550 2549/2549/2549 2548/2548/2548
f 2553/2553/2553 2552/2552/2552 2551/2551/2551
f 2557/2557/2557 2556/2556/2556 2555/2555/2555
f 2557/2557/2557 2555/2555/2555 2554/2554/2554
f 2561/2561/2561 2560/2560/2560 2559/2559/2559
f 2561/2561/2561 2559/2559/2559 2558/2558/2558
f 2564/2564/2564 2563/2563/2563 2562/2562/2562
f 2567/2567/2567 2566/2566/2566 2565/2565/2565
f 2570/2570/2570 2569/2569/2569 2568/2568/2568
f 2574/2574/2574 2573/2573/2573 2572/2572/2572
f 2574/2574/2574 2572/2572/2572 2571/2571/2571
f 2577/2577/2577 2576/2576/2576 2575/2575/2575
f 2581/2581/2581 2580/2580/2580 2579/2579/2579
f 2581/2581/2581 2579/2579/2579 2578/2578/2578
f 2585/2585/2585 2584/2584/2584 2583/2583/2583
f 2585/2585/2585 2583/2583/2583 2582/2582/2582
f 2588/2588/2588 2587/2587/2587 2586/2586/2586
f 2591/2591/2591 2590/2590/2590 2589/2589/2589
f 2595/2595/2595 2594/2594/2594 2593/2593/2593
f 2595/2595/2595 2593/2593/2593 2592/2592/2592
f 2599/2599/2599 2598/2598/2598 2597/2597/2597
f 2599/2599/2599 2597/2597/2597 2596/2596/2596
f 2602/2602/2602 2601/2601/2601 2600/2600/2600
f 2606/2606/2606 2605/2605/2605 2604/2604/2604
f 2606/2606/2606 2604/2604/2604 2603/2603/2603
f 2609/2609/2609 2608/2608/2608 2607/2607/2607
f 2612/2612/2612 2611/2611/2611 2610/2610/2610
f 2616/2616/2616 2615/2615/2615 2614/2614/2614
f 2616/2616/2616 2614/2614/2614 2613/2613/2613
f 2619/2619/2619 2618/2618/2618 2617/2617/2617
f 2622/2622/2622 2621/2621/2621 2620/2620/2620
f 2626/2626/2626 2625/2625/2625 2624/2624/2624
f 2626/2626/2626 2624/2624/2624 2623/2623/2623
f 2629/2629/2629 2628/2628/2628 2627/2627/2627
f 2633/2633/2633 2632/2632/2632 2631/2631/2631
f 2633/2633/2633 2631/2631/2631 2630/2630/2630
f 2637/2637/2637 2636/2636/2636 2635/2635/2635
f 2637/2637/2637 2635/2635/2635 2634/2634/2634
f 2641/2641/2641 2640/2640/2640 2639/2639/2639
f 2641/2641/2641 2639/2639/2639 2638/2638/2638
f 2644/2644/2644 2643/2643/2643 2642/2642/2642
f 2648/2648/2648 2647/2647/2647 2646/2646/2646
f 2648/2648/2648 2646/2646/2646 2645/2645/2645
f 2651/2651/2651 2650/2650/2650 2649/2649/2649
f 2655/2655/2655 2654/2654/2654 2653/2653/2653
f 2655/2655/2655 2653/2653/2653 2652/2652/2652
f 2658/2658/2658 2657/2657/2657 2656/2656/2656
f 2662/2662/2662 2661/2661/2661 2660/2660/2660
f 2662/2662/2662 2660/2660/2660 2659/2659/2659
f 2666/2666/2666 2665/2665/2665 2664/2664/2664
f 2666/2666/2666 2664/2664/2664 2663/2663/2663
f 2670/2670/2670 2669/2669/2669 2668/2668/2668
f 2670/2670/2670 2668/2668/2668 2667/2667/2667
f 2673/2673/2673 2672/2672/2672 2671/2671/2671
f 2676/2676/2676 2675/2675/2675 2674/2674/2674
f 2680/2680/2680 2679/2679/2679 2678/2678/2678
f 2680/2680/2680 2678/2678/2678 2677/2677/2677
f 2684/2684/2684 2683/2683/2683 2682/2682/2682
f 2684/2684/2684 2682/2682/2682 2681/2681/2681
f 2688/2688/2688 2687/2687/2687 2686/2686/2686
f 2688/2688/2688 2686/2686/2686 2685/2685/2685
f 2691/2691/2691 2690/2690/2690 2689/2689/2689
f 2694/2694/2694 2693/2693/2693 2692/2692/2692
f 2698/2698/2698 2697/2697/2697 2696/2696/2696
f 2698/2698/2698 2696/2696/2696 2695/2695/2695
f 2701/2701/2701 2700/2700/2700 2699/2699/2699
f 2705/2705/2705 2704/2704/2704 2703/2703/2703
f 2705/2705/2705 2703/2703/2703 2702/2702/2702
f 2709/2709/2709 2708/2708/2708 2707/2707/2707
f 2709/2709/2709 2707/2707/2707 2706/2706/2706
f 2713/2713/2713 2712/2712/2712 2711/2711/2711
f 2713/2713/2713 2711/2711/2711 2710/2710/2710
f 2717/2717/2717 2716/2716/2716 2715/2715/2715
f 2717/2717/2717 2715/2715/2715 2714/2714/2714
f 2721/2721/2721 2720/2720/2720 2719/2719/2719
f 2721/2721/2721 2719/2719/2719 2718/2718/2718
f 2724/2724/2724 2723/2723/2723 2722/2722/2722
f 2728/2728/2728 2727/2727/2727 2726/2726/2726
f 2728/2728/2728 2726/2726/2726 2725/2725/2725
f 2732/2732/2732 2731/2731/2731 2730/2730/2730
f 2732/2732/2732 2730/2730/2730 2729/2729/2729
f 2735/2735/2735 2734/2734/2734 2733/2733/2733
f 2738/2738/2738 2737/2737/2737 2736/2736/2736
f 2742/2742/2742 2741/2741/2741 2740/2740/2740
f 2742/2742/2742 2740/2740/2740 2739/2739/2739
f 2746/2746/2746 2745/2745/2745 2744/2744/2744
f 2746/2746/2746 2744/2744/2744 2743/2743/2743
f 2750/2750/2750 2749/2749/2749 2748/2748/2748
f 2750/2750/2750 2748/2748/2748 2747/2747/2747
f 2753/2753/2753 2752/2752/2752 2751/2751/2751
f 2757/2757/2757 2756/2756/2756 2755/2755/2755
f 2757/2757/2757 2755/2755/2755 2754/2754/2754
f 2761/2761/2761 2760/2760/2760 2759/2759/2759
f 2761/2761/2761 2759/2759/2759 2758/2758/2758
f 2765/2765/2765 2764/2764/2764 2763/2763/2763
f 2765/2765/2765 2763/2763/2763 2762/2762/2762
f 2769/2769/2769 2768/2768/2768 2767/2767/2767
f 2769/2769/2769 2767/2767/2767 2766/2766/2766
f 2773/2773/2773 2772/2772/2772 2771/2771/2771
f 2773/2773/2773 2771/2771/2771 2770/2770/2770
f 2777/2777/2777 2776/2776/2776 2775/2775/2775
f 2777/2777/2777 2775/2775/2775 2774/2774/2774
f 2781/2781/2781 2780/2780/2780 2779/2779/2779
f 2781/2781/2781 2779/2779/2779 2778/2778/2778
f 2785/2785/2785 2784/2784/2784 2783/2783/2783
f 2785/2785/2785 2783/2783/2783 2782/2782/2782
f 2789/2789/2789 2788/2788/2788 2787/2787/2787
f 2789/2789/2789 2787/2787/2787 2786/2786/2786
f 2793/2793/2793 2792/2792/2792 2791/2791/2791
f 2793/2793/2793 2791/2791/2791 2790/2790/2790
f 2797/2797/2797 2796/2796/2796 2795/2795/2795
f 2797/2797/2797 2795/2795/2795 2794/2794/2794
f 2800/2800/2800 2799/2799/2799 2798/2798/2798
f 2803/2803/2803 2802/2802/2802 2801/2801/2801
f 2807/2807/2807 2806/2806/2806 2805/2805/2805
f 2807/2807/2807 2805/2805/2805 2804/2804/2804
f 2811/2811/2811 2810/2810/2810 2809/2809/2809
f 2811/2811/2811 2809/2809/2809 2808/2808/2808
f 2815/2815/2815 2814/2814/2814 2813/2813/2813
f 2815/2815/2815 2813/2813/2813 2812/2812/2812
f 2819/2819/2819 2818/2818/2818 2817/2817/2817
f 2819/2819/2819 2817/2817/2817 2816/2816/2816
f 2823/2823/2823 2822/2822/2822 2821/2821/2821
f 2823/2823/2823 2821/2821/2821 2820/2820/2820
f 2827/2827/2827 2826/2826/2826 2825/2825/2825
f 2827/2827/2827 2825/2825/2825 2824/2824/2824
f 2831/2831/2831 2830/2830/2830 2829/2829/2829
f 2831/2831/2831 2829/2829/2829 2828/2828/2828
f 2835/2835/2835 2834/2834/2834 2833/2833/2833
f 2835/2835/2835 2833/2833/2833 2832/2832/2832
f 2839/2839/2839 2838/2838/2838 2837/2837/2837
f 2839/2839/2839 2837/2837/2837 2836/2836/2836
f 2843/2843/2843 2842/2842/2842 2841/2841/2841
f 2843/2843/2843 2841/2841/2841 2840/2840/2840
f 2847/2847/2847 2846/2846/2846 2845/2845/2845
f 2847/2847/2847 2845/2845/2845 2844/2844/2844
f 2851/2851/2851 2850/2850/2850 2849/2849/2849
f 2851/2851/2851 2849/2849/2849 2848/2848/2848
f 2855/2855/2855 2854/2854/2854 2853/2853/2853
f 2855/2855/2855 2853/2853/2853 2852/2852/2852
f 2859/2859/2859 2858/2858/2858 2857/2857/2857
f 2859/2859/2859 2857/2857/2857 2856/2856/2856
f 2863/2863/2863 2862/2862/2862 2861/2861/2861
f 2863/2863/2863 2861/2861/2861 2860/2860/2860
f 2867/2867/2867 2866/2866/2866 2865/2865/2865
f 2867/2867/2867 2865/2865/2865 2864/2864/2864
f 2870/2870/2870 2869/2869/2869 2868/2868/2868
f 2874/2874/2874 2873/2873/2873 2872/2872/2872
f 2874/2874/2874 2872/2872/2872 2871/2871/2871
f 2878/2878/2878 2877/2877/2877 2876/2876/2876
f 2878/2878/2878 2876/2876/2876 2875/2875/2875
f 2881/2881/2881 2880/2880/2880 2879/2879/2879
f 2884/2884/2884 2883/2883/2883 2882/2882/2882
f 2888/2888/2888 2887/2887/2887 2886/2886/2886
f 2888/2888/2888 2886/2886/2886 2885/2885/2885
f 2891/2891/2891 2890/2890/2890 2889/2889/2889
f 2895/2895/2895 2894/2894/2894 2893/2893/2893
f 2895/2895/2895 2893/2893/2893 2892/2892/2892
f 2899/2899/2899 2898/2898/2898 2897/2897/2897
f 2899/2899/2899 2897/2897/2897 2896/2896/2896
f 2903/2903/2903 2902/2902/2902 2901/2901/2901
f 2903/2903/2903 2901/2901/2901 2900/2900/2900
f 2907/2907/2907 2906/2906/2906 2905/2905/2905
f 2907/2907/2907 2905/2905/2905 2904/2904/2904
f 2911/2911/2911 2910/2910/2910 2909/2909/2909
f 2911/2911/2911 2909/2909/2909 2908/2908/2908
f 2915/2915/2915 2914/2914/2914 2913/2913/2913
f 2915/2915/2915 2913/2913/2913 2912/2912/2912
f 2919/2919/2919 2918/2918/2918 2917/2917/2917
f 2919/2919/2919 2917/2917/2917 2916/2916/2916
f 2921/2921/2921 2920/2920/2920 2924/2924/2924
f 2924/2924/2924 2923/2923/2923 2922/2922/2922
f 2922/2922/2922 2921/2921/2921 2924/2924/2924
f 2927/2927/2927 2926/2926/2926 2925/2925/2925
f 2930/2930/2930 2929/2929/2929 2928/2928/2928
f 2933/2933/2933 2932/2932/2932 2931/2931/2931
f 2936/2936/2936 2935/2935/2935 2934/2934/2934
f 2939/2939/2939 2938/2938/2938 2937/2937/2937
f 2942/2942/2942 2941/2941/2941 2940/2940/2940
f 2945/2945/2945 2944/2944/2944 2943/2943/2943
f 2948/2948/2948 2947/2947/2947 2946/2946/2946
f 2951/2951/2951 2950/2950/2950 2949/2949/2949
f 2954/2954/2954 2953/2953/2953 2952/2952/2952
f 2957/2957/2957 2956/2956/2956 2955/2955/2955
f 2960/2960/2960 2959/2959/2959 2958/2958/2958
f 2963/2963/2963 2962/2962/2962 2961/2961/2961
f 2966/2966/2966 2965/2965/2965 2964/2964/2964
f 2969/2969/2969 2968/2968/2968 2967/2967/2967
f 2972/2972/2972 2971/2971/2971 2970/2970/2970
f 2975/2975/2975 2974/2974/2974 2973/2973/2973
f 2978/2978/2978 2977/2977/2977 2976/2976/2976
f 2981/2981/2981 2980/2980/2980 2979/2979/2979
f 2984/2984/2984 2983/2983/2983 2982/2982/2982
f 2987/2987/2987 2986/2986/2986 2985/2985/2985
f 2990/2990/2990 2989/2989/2989 2988/2988/2988
f 2993/2993/2993 2992/2992/2992 2991/2991/2991
f 2996/2996/2996 2995/2995/2995 2994/2994/2994
f 2999/2999/2999 2998/2998/2998 2997/2997/2997
f 3002/3002/3002 3001/3001/3001 3000/3000/3000
f 3005/3005/3005 3004/3004/3004 3003/3003/3003
f 3008/3008/3008 3007/3007/3007 3006/3006/3006
f 3011/3011/3011 3010/3010/3010 3009/3009/3009
f 3014/3014/3014 3013/3013/3013 3012/3012/3012
f 3017/3017/3017 3016/3016/3016 3015/3015/3015
f 3020/3020/3020 3019/3019/3019 3018/3018/3018
f 3023/3023/3023 3022/3022/3022 3021/3021/3021
f 3026/3026/3026 3025/3025/3025 3024/3024/3024
f 3029/3029/3029 3028/3028/3028 3027/3027/3027
f 3032/3032/3032 3031/3031/3031 3030/3030/3030
f 3035/3035/3035 3034/3034/3034 3033/3033/3033
f 3038/3038/3038 3037/3037/3037 3036/3036/3036
f 3041/3041/3041 3040/3040/3040 3039/3039/3039
f 3044/3044/3044 3043/3043/3043 3042/3042/3042
f 3047/3047/3047 3046/3046/3046 3045/3045/3045
f 3050/3050/3050 3049/3049/3049 3048/3048/3048
f 3053/3053/3053 3052/3052/3052 3051/3051/3051
f 3056/3056/3056 3055/3055/3055 3054/3054/3054
f 3059/3059/3059 3058/3058/3058 3057/3057/3057
f 3062/3062/3062 3061/3061/3061 3060/3060/3060
f 3065/3065/3065 3064/3064/3064 3063/3063/3063
f 3068/3068/3068 3067/3067/3067 3066/3066/3066
f 3071/3071/3071 3070/3070/3070 3069/3069/3069
f 3074/3074/3074 3073/3073/3073 3072/3072/3072
f 3077/3077/3077 3076/3076/3076 3075/3075/3075
f 3080/3080/3080 3079/3079/3079 3078/3078/3078
f 3083/3083/3083 3082/3082/3082 3081/3081/3081
f 3086/3086/3086 3085/3085/3085 3084/3084/3084
f 3089/3089/3089 3088/3088/3088 3087/3087/3087
f 3092/3092/3092 3091/3091/3091 3090/3090/3090
f 3095/3095/3095 3094/3094/3094 3093/3093/3093
f 3098/3098/3098 3097/3097/3097 3096/3096/3096
f 3101/3101/3101 3100/3100/3100 3099/3099/3099
f 3104/3104/3104 3103/3103/3103 3102/3102/3102
f 3107/3107/3107 3106/3106/3106 3105/3105/3105
f 3110/3110/3110 3109/3109/3109 3108/3108/3108
f 3113/3113/3113 3112/3112/3112 3111/3111/3111
f 3116/3116/3116 3115/3115/3115 3114/3114/3114
f 3119/3119/3119 3118/3118/3118 3117/3117/3117
f 3122/3122/3122 3121/3121/3121 3120/3120/3120
f 3125/3125/3125 3124/3124/3124 3123/3123/3123
f 3128/3128/3128 3127/3127/3127 3126/3126/3126
f 3131/3131/3131 3130/3130/3130 3129/3129/3129
f 3134/3134/3134 3133/3133/3133 3132/3132/3132
f 3137/3137/3137 3136/3136/3136 3135/3135/3135
f 3140/3140/3140 3139/3139/3139 3138/3138/3138
f 3143/3143/3143 3142/3142/3142 3141/3141/3141
f 3146/3146/3146 3145/3145/3145 3144/3144/3144
f 3149/3149/3149 3148/3148/3148 3147/3147/3147
f 3152/3152/3152 3151/3151/3151 3150/3150/3150
f 3155/3155/3155 3154/3154/3154 3153/3153/3153
f 3158/3158/3158 3157/3157/3157 3156/3156/3156
f 3161/3161/3161 3160/3160/3160 3159/3159/3159
f 3164/3164/3164 3163/3163/3163 3162/3162/3162
f 3167/3167/3167 3166/3166/3166 3165/3165/3165
f 3170/3170/3170 3169/3169/3169 3168/3168/3168
f 3173/3173/3173 3172/3172/3172 3171/3171/3171
f 3176/3176/3176 3175/3175/3175 3174/3174/3174
f 3179/3179/3179 3178/3178/3178 3177/3177/3177
f 3182/3182/3182 3181/3181/3181 3180/3180/3180
f 3185/3185/3185 3184/3184/3184 3183/3183/3183
f 3188/3188/3188 3187/3187/3187 3186/3186/3186
f 3191/3191/3191 3190/3190/3190 3189/3189/3189
f 3194/3194/3194 3193/3193/3193 3192/3192/3192
f 3197/3197/3197 3196/3196/3196 3195/3195/3195
f 3200/3200/3200 3199/3199/3199 3198/3198/3198
f 3203/3203/3203 3202/3202/3202 3201/3201/3201
f 3206/3206/3206 3205/3205/3205 3204/3204/3204
f 3209/3209/3209 3208/3208/3208 3207/3207/3207
f 3212/3212/3212 3211/3211/3211 3210/3210/3210
f 3215/3215/3215 3214/3214/3214 3213/3213/3213
f 3218/3218/3218 3217/3217/3217 3216/3216/3216
f 3221/3221/3221 3220/3220/3220 3219/3219/3219
f 3224/3224/3224 3223/3223/3223 3222/3222/3222
f 3227/3227/3227 3226/3226/3226 3225/3225/3225
f 3230/3230/3230 3229/3229/3229 3228/3228/3228
f 3233/3233/3233 3232/3232/3232 3231/3231/3231
f 3236/3236/3236 3235/3235/3235 3234/3234/3234
f 3239/3239/3239 3238/3238/3238 3237/3237/3237
f 3242/3242/3242 3241/3241/3241 3240/3240/3240
f 3245/3245/3245 3244/3244/3244 3243/3243/3243
f 3248/3248/3248 3247/3247/3247 3246/3246/3246
f 3251/3251/3251 3250/3250/3250 3249/3249/3249
f 3254/3254/3254 3253/3253/3253 3252/3252/3252
f 3257/3257/3257 3256/3256/3256 3255/3255/3255
f 3260/3260/3260 3259/3259/3259 3258/3258/3258
f 3263/3263/3263 3262/3262/3262 3261/3261/3261
f 3266/3266/3266 3265/3265/3265 3264/3264/3264
f 3269/3269/3269 3268/3268/3268 3267/3267/3267
f 3272/3272/3272 3271/3271/3271 3270/3270/3270
f 3275/3275/3275 3274/3274/3274 3273/3273/3273
f 3278/3278/3278 3277/3277/3277 3276/3276/3276
f 3281/3281/3281 3280/3280/3280 3279/3279/3279
f 3284/3284/3284 3283/3283/3283 3282/3282/3282
f 3287/3287/3287 3286/3286/3286 3285/3285/3285
f 3290/3290/3290 3289/3289/3289 3288/3288/3288
f 3293/3293/3293 3292/3292/3292 3291/3291/3291
f 3296/3296/3296 3295/3295/3295 3294/3294/3294
f 3299/3299/3299 3298/3298/3298 3297/3297/3297
f 3302/3302/3302 3301/3301/3301 3300/3300/3300
f 3305/3305/3305 3304/3304/3304 3303/3303/3303
f 3308/3308/3308 3307/3307/3307 3306/3306/3306
f 3311/3311/3311 3310/3310/3310 3309/3309/3309
f 3314/3314/3314 3313/3313/3313 3312/3312/3312
f 3317/3317/3317 3316/3316/3316 3315/3315/3315
f 3320/3320/3320 3319/3319/3319 3318/3318/3318
f 3323/3323/3323 3322/3322/3322 3321/3321/3321
f 3326/3326/3326 3325/3325/3325 3324/3324/3324
f 3329/3329/3329 3328/3328/3328 3327/3327/3327
f 3332/3332/3332 3331/3331/3331 3330/3330/3330
f 3335/3335/3335 3334/3334/3334 3333/3333/3333
f 3338/3338/3338 3337/3337/3337 3336/3336/3336
f 3341/3341/3341 3340/3340/3340 3339/3339/3339
f 3344/3344/3344 3343/3343/3343 3342/3342/3342
f 3347/3347/3347 3346/3346/3346 3345/3345/3345
f 3350/3350/3350 3349/3349/3349 3348/3348/3348
f 3353/3353/3353 3352/3352/3352 3351/3351/3351
f 3356/3356/3356 3355/3355/3355 3354/3354/3354
f 3359/3359/3359 3358/3358/3358 3357/3357/3357
f 3362/3362/3362 3361/3361/3361 3360/3360/3360
f 3365/3365/3365 3364/3364/3364 3363/3363/3363
f 3368/3368/3368 3367/3367/3367 3366/3366/3366
f 3371/3371/3371 3370/3370/3370 3369/3369/3369
f 3374/3374/3374 3373/3373/3373 3372/3372/3372
f 3377/3377/3377 3376/3376/3376 3375/3375/3375
f 3380/3380/3380 3379/3379/3379 3378/3378/3378
f 3383/3383/3383 3382/3382/3382 3381/3381/3381
f 3386/3386/3386 3385/3385/3385 3384/3384/3384
f 3389/3389/3389 3388/3388/3388 3387/3387/3387
f 3392/3392/3392 3391/3391/3391 3390/3390/3390
f 3395/3395/3395 3394/3394/3394 3393/3393/3393
f 3398/3398/3398 3397/3397/3397 3396/3396/3396
f 3401/3401/3401 3400/3400/3400 3399/3399/3399
f 3404/3404/3404 3403/3403/3403 3402/3402/3402
f 3407/3407/3407 3406/3406/3406 3405/3405/3405
f 3410/3410/3410 3409/3409/3409 3408/3408/3408
f 3413/3413/3413 3412/3412/3412 3411/3411/3411
f 3416/3416/3416 3415/3415/3415 3414/3414/3414
f 3419/3419/3419 3418/3418/3418 3417/3417/3417
f 3422/3422/3422 3421/3421/3421 3420/3420/3420
f 3425/3425/3425 3424/3424/3424 3423/3423/3423
f 3428/3428/3428 3427/3427/3427 3426/3426/3426
f 3431/3431/3431 3430/3430/3430 3429/3429/3429
f 3434/3434/3434 3433/3433/3433 3432/3432/3432
f 3437/3437/3437 3436/3436/3436 3435/3435/3435
f 3440/3440/3440 3439/3439/3439 3438/3438/3438
f 3443/3443/3443 3442/3442/3442 3441/3441/3441
f 3446/3446/3446 3445/3445/3445 3444/3444/3444
f 3449/3449/3449 3448/3448/3448 3447/3447/3447
f 3452/3452/3452 3451/3451/3451 3450/3450/3450
f 3455/3455/3455 3454/3454/3454 3453/3453/3453
f 3458/3458/3458 3457/3457/3457 3456/3456/3456
f 3461/3461/3461 3460/3460/3460 3459/3459/3459
f 3464/3464/3464 3463/3463/3463 3462/3462/3462
f 3467/3467/3467 3466/3466/3466 3465/3465/3465
f 3470/3470/3470 3469/3469/3469 3468/3468/3468
f 3473/3473/3473 3472/3472/3472 3471/3471/3471
f 3476/3476/3476 3475/3475/3475 3474/3474/3474
f 3479/3479/3479 3478/3478/3478 3477/3477/3477
f 3482/3482/3482 3481/3481/3481 3480/3480/3480
f 3485/3485/3485 3484/3484/3484 3483/3483/3483
f 3488/3488/3488 3487/3487/3487 3486/3486/3486
f 3491/3491/3491 3490/3490/3490 3489/3489/3489
f 3494/3494/3494 3493/3493/3493 3492/3492/3492
f 3497/3497/3497 3496/3496/3496 3495/3495/3495
f 3500/3500/3500 3499/3499/3499 3498/3498/3498
f 3503/3503/3503 3502/3502/3502 3501/3501/3501
f 3506/3506/3506 3505/3505/3505 3504/3504/3504
f 3509/3509/3509 3508/3508/3508 3507/3507/3507
f 3512/3512/3512 3511/3511/3511 3510/3510/3510
f 3515/3515/3515 3514/3514/3514 3513/3513/3513
f 3518/3518/3518 3517/3517/3517 3516/3516/3516
f 3521/3521/3521 3520/3520/3520 3519/3519/3519
f 3524/3524/3524 3523/3523/3523 3522/3522/3522
f 3527/3527/3527 3526/3526/3526 3525/3525/3525
f 3530/3530/3530 3529/3529/3529 3528/3528/3528
f 3533/3533/3533 3532/3532/3532 3531/3531/3531
f 3536/3536/3536 3535/3535/3535 3534/3534/3534
f 3539/3539/3539 3538/3538/3538 3537/3537/3537
f 3542/3542/3542 3541/3541/3541 3540/3540/3540
f 3545/3545/3545 3544/3544/3544 3543/3543/3543
f 3548/3548/3548 3547/3547/3547 3546/3546/3546
f 3551/3551/3551 3550/3550/3550 3549/3549/3549
f 3554/3554/3554 3553/3553/3553 3552/3552/3552
f 3557/3557/3557 3556/3556/3556 3555/3555/3555
f 3560/3560/3560 3559/3559/3559 3558/3558/3558
f 3563/3563/3563 3562/3562/3562 3561/3561/3561
f 3566/3566/3566 3565/3565/3565 3564/3564/3564
f 3569/3569/3569 3568/3568/3568 3567/3567/3567
f 3572/3572/3572 3571/3571/3571 3570/3570/3570
f 3575/3575/3575 3574/3574/3574 3573/3573/3573
f 3578/3578/3578 3577/3577/3577 3576/3576/3576
f 3581/3581/3581 3580/3580/3580 3579/3579/3579
f 3584/3584/3584 3583/3583/3583 3582/3582/3582
f 3587/3587/3587 3586/3586/3586 3585/3585/3585
f 3590/3590/3590 3589/3589/3589 3588/3588/3588
f 3593/3593/3593 3592/3592/3592 3591/3591/3591
f 3596/3596/3596 3595/3595/3595 3594/3594/3594
f 3599/3599/3599 3598/3598/3598 3597/3597/3597
f 3602/3602/3602 3601/3601/3601 3600/3600/3600
f 3605/3605/3605 3604/3604/3604 3603/3603/3603
f 3608/3608/3608 3607/3607/3607 3606/3606/3606
f 3611/3611/3611 3610/3610/3610 3609/3609/3609
f 3614/3614/3614 3613/3613/3613 3612/3612/3612
f 3617/3617/3617 3616/3616/3616 3615/3615/3615
f 3620/3620/3620 3619/3619/3619 3618/3618/3618
f 3623/3623/3623 3622/3622/3622 3621/3621/3621
f 3626/3626/3626 3625/3625/3625 3624/3624/3624
f 3629/3629/3629 3628/3628/3628 3627/3627/3627
f 3632/3632/3632 3631/3631/3631 3630/3630/3630
f 3635/3635/3635 3634/3634/3634 3633/3633/3633
f 3638/3638/3638 3637/3637/3637 3636/3636/3636
f 3641/3641/3641 3640/3640/3640 3639/3639/3639
f 3644/3644/3644 3643/3643/3643 3642/3642/3642
f 3647/3647/3647 3646/3646/3646 3645/3645/3645
f 3650/3650/3650 3649/3649/3649 3648/3648/3648
f 3653/3653/3653 3652/3652/3652 3651/3651/3651
f 3656/3656/3656 3655/3655/3655 3654/3654/3654
f 3659/3659/3659 3658/3658/3658 3657/3657/3657
f 3662/3662/3662 3661/3661/3661 3660/3660/3660
f 3665/3665/3665 3664/3664/3664 3663/3663/3663
f 3668/3668/3668 3667/3667/3667 3666/3666/3666
f 3671/3671/3671 3670/3670/3670 3669/3669/3669
f 3674/3674/3674 3673/3673/3673 3672/3672/3672
f 3677/3677/3677 3676/3676/3676 3675/3675/3675
f 3680/3680/3680 3679/3679/3679 3678/3678/3678
f 3683/3683/3683 3682/3682/3682 3681/3681/3681
f 3686/3686/3686 3685/3685/3685 3684/3684/3684
f 3689/3689/3689 3688/3688/3688 3687/3687/3687
f 3692/3692/3692 3691/3691/3691 3690/3690/3690
f 3695/3695/3695 3694/3694/3694 3693/3693/3693
f 3698/3698/3698 3697/3697/3697 3696/3696/3696
f 3701/3701/3701 3700/3700/3700 3699/3699/3699
f 3704/3704/3704 3703/3703/3703 3702/3702/3702
f 3707/3707/3707 3706/3706/3706 3705/3705/3705
f 3710/3710/3710 3709/3709/3709 3708/3708/3708
f 3713/3713/3713 3712/3712/3712 3711/3711/3711
f 3716/3716/3716 3715/3715/3715 3714/3714/3714
f 3719/3719/3719 3718/3718/3718 3717/3717/3717
f 3722/3722/3722 3721/3721/3721 3720/3720/3720
f 3725/3725/3725 3724/3724/3724 3723/3723/3723
f 3728/3728/3728 3727/3727/3727 3726/3726/3726
f 3731/3731/3731 3730/3730/3730 3729/3729/3729
f 3734/3734/3734 3733/3733/3733 3732/3732/3732
f 3737/3737/3737 3736/3736/3736 3735/3735/3735
f 3740/3740/3740 3739/3739/3739 3738/3738/3738
f 3743/3743/3743 3742/3742/3742 3741/3741/3741
f 3746/3746/3746 3745/3745/3745 3744/3744/3744
f 3749/3749/3749 3748/3748/3748 3747/3747/3747
f 3752/3752/3752 3751/3751/3751 3750/3750/3750
f 3755/3755/3755 3754/3754/3754 3753/3753/3753
f 3758/3758/3758 3757/3757/3757 3756/3756/3756
f 3761/3761/3761 3760/3760/3760 3759/3759/3759
f 3764/3764/3764 3763/3763/3763 3762/3762/3762
f 3767/3767/3767 3766/3766/3766 3765/3765/3765
f 3770/3770/3770 3769/3769/3769 3768/3768/3768
f 3773/3773/3773 3772/3772/3772 3771/3771/3771
f 3776/3776/3776 3775/3775/3775 3774/3774/3774
f 3779/3779/3779 3778/3778/3778 3777/3777/3777
f 3782/3782/3782 3781/3781/3781 3780/3780/3780
f 3785/3785/3785 3784/3784/3784 3783/3783/3783
f 3788/3788/3788 3787/3787/3787 3786/3786/3786
f 3791/3791/3791 3790/3790/3790 3789/3789/3789
f 3794/3794/3794 3793/3793/3793 3792/3792/3792
f 3797/3797/3797 3796/3796/3796 3795/3795/3795
f 3800/3800/3800 3799/3799/3799 3798/3798/3798
f 3803/3803/3803 3802/3802/3802 3801/3801/3801
f 3806/3806/3806 3805/3805/3805 3804/3804/3804
f 3809/3809/3809 3808/3808/3808 3807/3807/3807
f 3812/3812/3812 3811/3811/3811 3810/3810/3810
f 3815/3815/3815 3814/3814/3814 3813/3813/3813
f 3818/3818/3818 3817/3817/3817 3816/3816/3816
f 3821/3821/3821 3820/3820/3820 3819/3819/3819
f 3824/3824/3824 3823/3823/3823 3822/3822/3822
f 3827/3827/3827 3826/3826/3826 3825/3825/3825
f 3830/3830/3830 3829/3829/3829 3828/3828/3828
f 3833/3833/3833 3832/3832/3832 3831/3831/3831
f 3836/3836/3836 3835/3835/3835 3834/3834/3834
f 3839/3839/3839 3838/3838/3838 3837/3837/3837
f 3842/3842/3842 3841/3841/3841 3840/3840/3840
f 3845/3845/3845 3844/3844/3844 3843/3843/3843
f 3848/3848/3848 3847/3847/3847 3846/3846/3846
f 3851/3851/3851 3850/3850/3850 3849/3849/3849
f 3854/3854/3854 3853/3853/3853 3852/3852/3852
f 3857/3857/3857 3856/3856/3856 3855/3855/3855
f 3860/3860/3860 3859/3859/3859 3858/3858/3858
f 3863/3863/3863 3862/3862/3862 3861/3861/3861
f 3866/3866/3866 3865/3865/3865 3864/3864/3864
f 3869/3869/3869 3868/3868/3868 3867/3867/3867
f 3872/3872/3872 3871/3871/3871 3870/3870/3870
f 3875/3875/3875 3874/3874/3874 3873/3873/3873
f 3878/3878/3878 3877/3877/3877 3876/3876/3876
f 3881/3881/3881 3880/3880/3880 3879/3879/3879
f 3884/3884/3884 3883/3883/3883 3882/3882/3882
f 3887/3887/3887 3886/3886/3886 3885/3885/3885
f 3890/3890/3890 3889/3889/3889 3888/3888/3888
f 3893/3893/3893 3892/3892/3892 3891/3891/3891
f 3896/3896/3896 3895/3895/3895 3894/3894/3894
f 3899/3899/3899 3898/3898/3898 3897/3897/3897
f 3902/3902/3902 3901/3901/3901 3900/3900/3900
f 3905/3905/3905 3904/3904/3904 3903/3903/3903
f 3908/3908/3908 3907/3907/3907 3906/3906/3906
f 3911/3911/3911 3910/3910/3910 3909/3909/3909
f 3914/3914/3914 3913/3913/3913 3912/3912/3912
f 3917/3917/3917 3916/3916/3916 3915/3915/3915
f 3920/3920/3920 3919/3919/3919 3918/3918/3918
f 3923/3923/3923 3922/3922/3922 3921/3921/3921
f 3926/3926/3926 3925/3925/3925 3924/3924/3924
f 3929/3929/3929 3928/3928/3928 3927/3927/3927
f 3932/3932/3932 3931/3931/3931 3930/3930/3930
f 3935/3935/3935 3934/3934/3934 3933/3933/3933
f 3938/3938/3938 3937/3937/3937 3936/3936/3936
f 3941/3941/3941 3940/3940/3940 3939/3939/3939
f 3944/3944/3944 3943/3943/3943 3942/3942/3942
f 3947/3947/3947 3946/3946/3946 3945/3945/3945
f 3950/3950/3950 3949/3949/3949 3948/3948/3948
f 3953/3953/3953 3952/3952/3952 3951/3951/3951
f 3956/3956/3956 3955/3955/3955 3954/3954/3954
f 3959/3959/3959 3958/3958/3958 3957/3957/3957
f 3962/3962/3962 3961/3961/3961 3960/3960/3960
f 3965/3965/3965 3964/3964/3964 3963/3963/3963
f 3968/3968/3968 3967/3967/3967 3966/3966/3966
f 3971/3971/3971 3970/3970/3970 3969/3969/3969
f 3974/3974/3974 3973/3973/3973 3972/3972/3972
f 3977/3977/3977 3976/3976/3976 3975/3975/3975
f 3980/3980/3980 3979/3979/3979 3978/3978/3978
f 3983/3983/3983 3982/3982/3982 3981/3981/3981
f 3986/3986/3986 3985/3985/3985 3984/3984/3984
f 3989/3989/3989 3988/3988/3988 3987/3987/3987
f 3992/3992/3992 3991/3991/3991 3990/3990/3990
f 3995/3995/3995 3994/3994/3994 3993/3993/3993
f 3998/3998/3998 3997/3997/3997 3996/3996/3996
f 4001/4001/4001 4000/4000/4000 3999/3999/3999
f 4004/4004/4004 4003/4003/4003 4002/4002/4002
f 4007/4007/4007 4006/4006/4006 4005/4005/4005
f 4010/4010/4010 4009/4009/4009 4008/4008/4008
f 4013/4013/4013 4012/4012/4012 4011/4011/4011
f 4016/4016/4016 4015/4015/4015 4014/4014/4014
f 4019/4019/4019 4018/4018/4018 4017/4017/4017
f 4022/4022/4022 4021/4021/4021 4020/4020/4020
f 4025/4025/4025 4024/4024/4024 4023/4023/4023
f 4028/4028/4028 4027/4027/4027 4026/4026/4026
f 4031/4031/4031 4030/4030/4030 4029/4029/4029
f 4034/4034/4034 4033/4033/4033 4032/4032/4032
f 4037/4037/4037 4036/4036/4036 4035/4035/4035
f 4040/4040/4040 4039/4039/4039 4038/4038/4038
f 4043/4043/4043 4042/4042/4042 4041/4041/4041
f 4046/4046/4046 4045/4045/4045 4044/4044/4044
f 4049/4049/4049 4048/4048/4048 4047/4047/4047
f 4052/4052/4052 4051/4051/4051 4050/4050/4050
f 4055/4055/4055 4054/4054/4054 4053/4053/4053
f 4058/4058/4058 4057/4057/4057 4056/4056/4056
f 4061/4061/4061 4060/4060/4060 4059/4059/4059
f 4064/4064/4064 4063/4063/4063 4062/4062/4062
f 4067/4067/4067 4066/4066/4066 4065/4065/4065
f 4070/4070/4070 4069/4069/4069 4068/4068/4068
f 4073/4073/4073 4072/4072/4072 4071/4071/4071
f 4076/4076/4076 4075/4075/4075 4074/4074/4074
f 4079/4079/4079 4078/4078/4078 4077/4077/4077
f 4082/4082/4082 4081/4081/4081 4080/4080/4080
f 4085/4085/4085 4084/4084/4084 4083/4083/4083
f 4088/4088/4088 4087/4087/4087 4086/4086/4086
f 4091/4091/4091 4090/4090/4090 4089/4089/4089
f 4094/4094/4094 4093/4093/4093 4092/4092/4092
f 4097/4097/4097 4096/4096/4096 4095/4095/4095
f 4100/4100/4100 4099/4099/4099 4098/4098/4098
f 4103/4103/4103 4102/4102/4102 4101/4101/4101
f 4106/4106/4106 4105/4105/4105 4104/4104/4104
f 4109/4109/4109 4108/4108/4108 4107/4107/4107
f 4112/4112/4112 4111/4111/4111 4110/4110/4110
f 4115/4115/4115 4114/4114/4114 4113/4113/4113
f 4118/4118/4118 4117/4117/4117 4116/4116/4116
f 4121/4121/4121 4120/4120/4120 4119/4119/4119
f 4124/4124/4124 4123/4123/4123 4122/4122/4122
f 4127/4127/4127 4126/4126/4126 4125/4125/4125
f 4130/4130/4130 4129/4129/4129 4128/4128/4128
f 4133/4133/4133 4132/4132/4132 4131/4131/4131
f 4136/4136/4136 4135/4135/4135 4134/4134/4134
f 4139/4139/4139 4138/4138/4138 4137/4137/4137
f 4142/4142/4142 4141/4141/4141 4140/4140/4140
f 4145/4145/4145 4144/4144/4144 4143/4143/4143
f 4148/4148/4148 4147/4147/4147 4146/4146/4146
f 4151/4151/4151 4150/4150/4150 4149/4149/4149
f 4154/4154/4154 4153/4153/4153 4152/4152/4152
f 4157/4157/4157 4156/4156/4156 4155/4155/4155
f 4160/4160/4160 4159/4159/4159 4158/4158/4158
f 4163/4163/4163 4162/4162/4162 4161/4161/4161
f 4166/4166/4166 4165/4165/4165 4164/4164/4164
f 4169/4169/4169 4168/4168/4168 4167/4167/4167
f 4172/4172/4172 4171/4171/4171 4170/4170/4170
f 4175/4175/4175 4174/4174/4174 4173/4173/4173
f 4178/4178/4178 4177/4177/4177 4176/4176/4176
f 4181/4181/4181 4180/4180/4180 4179/4179/4179
f 4184/4184/4184 4183/4183/4183 4182/4182/4182
f 4187/4187/4187 4186/4186/4186 4185/4185/4185
f 4190/4190/4190 4189/4189/4189 4188/4188/4188
f 4193/4193/4193 4192/4192/4192 4191/4191/4191
f 4196/4196/4196 4195/4195/4195 4194/4194/4194
f 4199/4199/4199 4198/4198/4198 4197/4197/4197
f 4202/4202/4202 4201/4201/4201 4200/4200/4200
f 4205/4205/4205 4204/4204/4204 4203/4203/4203
f 4208/4208/4208 4207/4207/4207 4206/4206/4206
f 4211/4211/4211 4210/4210/4210 4209/4209/4209
f 4214/4214/4214 4213/4213/4213 4212/4212/4212
f 4217/4217/4217 4216/4216/4216 4215/4215/4215
f 4220/4220/4220 4219/4219/4219 4218/4218/4218
f 4223/4223/4223 4222/4222/4222 4221/4221/4221
f 4226/4226/4226 4225/4225/4225 4224/4224/4224
f 4229/4229/4229 4228/4228/4228 4227/4227/4227
f 4232/4232/4232 4231/4231/4231 4230/4230/4230
f 4235/4235/4235 4234/4234/4234 4233/4233/4233
f 4238/4238/4238 4237/4237/4237 4236/4236/4236
f 4241/4241/4241 4240/4240/4240 4239/4239/4239
f 4244/4244/4244 4243/4243/4243 4242/4242/4242
f 4247/4247/4247 4246/4246/4246 4245/4245/4245
f 4250/4250/4250 4249/4249/4249 4248/4248/4248
f 4253/4253/4253 4252/4252/4252 4251/4251/4251
f 4256/4256/4256 4255/4255/4255 4254/4254/4254
f 4259/4259/4259 4258/4258/4258 4257/4257/4257
f 4262/4262/4262 4261/4261/4261 4260/4260/4260
f 4265/4265/4265 4264/4264/4264 4263/4263/4263
f 4268/4268/4268 4267/4267/4267 4266/4266/4266
f 4271/4271/4271 4270/4270/4270 4269/4269/4269
f 4274/4274/4274 4273/4273/4273 4272/4272/4272
f 4277/4277/4277 4276/4276/4276 4275/4275/4275
f 4280/4280/4280 4279/4279/4279 4278/4278/4278
f 4283/4283/4283 4282/4282/4282 4281/4281/4281
f 4286/4286/4286 4285/4285/4285 4284/4284/4284
f 4289/4289/4289 4288/4288/4288 4287/4287/4287
f 4292/4292/4292 4291/4291/4291 4290/4290/4290
f 4295/4295/4295 4294/4294/4294 4293/4293/4293
f 4298/4298/4298 4297/4297/4297 4296/4296/4296
f 4301/4301/4301 4300/4300/4300 4299/4299/4299
f 4304/4304/4304 4303/4303/4303 4302/4302/4302
f 4307/4307/4307 4306/4306/4306 4305/4305/4305
f 4310/4310/4310 4309/4309/4309 4308/4308/4308
f 4313/4313/4313 4312/4312/4312 4311/4311/4311
f 4316/4316/4316 4315/4315/4315 4314/4314/4314
f 4319/4319/4319 4318/4318/4318 4317/4317/4317
f 4322/4322/4322 4321/4321/4321 4320/4320/4320
f 4325/4325/4325 4324/4324/4324 4323/4323/4323
f 4328/4328/4328 4327/4327/4327 4326/4326/4326
f 4331/4331/4331 4330/4330/4330 4329/4329/4329
f 4334/4334/4334 4333/4333/4333 4332/4332/4332
f 4337/4337/4337 4336/4336/4336 4335/4335/4335
f 4340/4340/4340 4339/4339/4339 4338/4338/4338
f 4343/4343/4343 4342/4342/4342 4341/4341/4341
f 4346/4346/4346 4345/4345/4345 4344/4344/4344
f 4349/4349/4349 4348/4348/4348 4347/4347/4347
f 4352/4352/4352 4351/4351/4351 4350/4350/4350
f 4355/4355/4355 4354/4354/4354 4353/4353/4353
f 4358/4358/4358 4357/4357/4357 4356/4356/4356
f 4361/4361/4361 4360/4360/4360 4359/4359/4359
f 4364/4364/4364 4363/4363/4363 4362/4362/4362
f 4367/4367/4367 4366/4366/4366 4365/4365/4365
f 4370/4370/4370 4369/4369/4369 4368/4368/4368
f 4373/4373/4373 4372/4372/4372 4371/4371/4371
f 4376/4376/4376 4375/4375/4375 4374/4374/4374
f 4379/4379/4379 4378/4378/4378 4377/4377/4377
f 4382/4382/4382 4381/4381/4381 4380/4380/4380
f 4385/4385/4385 4384/4384/4384 4383/4383/4383
f 4388/4388/4388 4387/4387/4387 4386/4386/4386
f 4391/4391/4391 4390/4390/4390 4389/4389/4389
f 4394/4394/4394 4393/4393/4393 4392/4392/4392
f 4397/4397/4397 4396/4396/4396 4395/4395/4395
f 4400/4400/4400 4399/4399/4399 4398/4398/4398
f 4403/4403/4403 4402/4402/4402 4401/4401/4401
f 4406/4406/4406 4405/4405/4405 4404/4404/4404
f 4409/4409/4409 4408/4408/4408 4407/4407/4407
f 4412/4412/4412 4411/4411/4411 4410/4410/4410
f 4415/4415/4415 4414/4414/4414 4413/4413/4413
f 4418/4418/4418 4417/4417/4417 4416/4416/4416
f 4421/4421/4421 4420/4420/4420 4419/4419/4419
f 4424/4424/4424 4423/4423/4423 4422/4422/4422
f 4427/4427/4427 4426/4426/4426 4425/4425/4425
f 4430/4430/4430 4429/4429/4429 4428/4428/4428
f 4433/4433/4433 4432/4432/4432 4431/4431/4431
f 4436/4436/4436 4435/4435/4435 4434/4434/4434
f 4439/4439/4439 4438/4438/4438 4437/4437/4437
f 4442/4442/4442 4441/4441/4441 4440/4440/4440
f 4445/4445/4445 4444/4444/4444 4443/4443/4443
f 4448/4448/4448 4447/4447/4447 4446/4446/4446
f 4451/4451/4451 4450/4450/4450 4449/4449/4449
f 4454/4454/4454 4453/4453/4453 4452/4452/4452
f 4457/4457/4457 4456/4456/4456 4455/4455/4455
f 4460/4460/4460 4459/4459/4459 4458/4458/4458
f 4463/4463/4463 4462/4462/4462 4461/4461/4461
f 4466/4466/4466 4465/4465/4465 4464/4464/4464
f 4469/4469/4469 4468/4468/4468 4467/4467/4467
f 4472/4472/4472 4471/4471/4471 4470/4470/4470
f 4475/4475/4475 4474/4474/4474 4473/4473/4473
f 4478/4478/4478 4477/4477/4477 4476/4476/4476
f 4481/4481/4481 4480/4480/4480 4479/4479/4479
f 4484/4484/4484 4483/4483/4483 4482/4482/4482
f 4487/4487/4487 4486/4486/4486 4485/4485/4485
f 4490/4490/4490 4489/4489/4489 4488/4488/4488
f 4493/4493/4493 4492/4492/4492 4491/4491/4491
f 4496/4496/4496 4495/4495/4495 4494/4494/4494
f 4499/4499/4499 4498/4498/4498 4497/4497/4497
f 4502/4502/4502 4501/4501/4501 4500/4500/4500
f 4505/4505/4505 4504/4504/4504 4503/4503/4503
f 4508/4508/4508 4507/4507/4507 4506/4506/4506
f 4511/4511/4511 4510/4510/4510 4509/4509/4509
f 4514/4514/4514 4513/4513/4513 4512/4512/4512
f 4517/4517/4517 4516/4516/4516 4515/4515/4515
f 4520/4520/4520 4519/4519/4519 4518/4518/4518
f 4523/4523/4523 4522/4522/4522 4521/4521/4521
f 4526/4526/4526 4525/4525/4525 4524/4524/4524
f 4529/4529/4529 4528/4528/4528 4527/4527/4527
f 4532/4532/4532 4531/4531/4531 4530/4530/4530
f 4535/4535/4535 4534/4534/4534 4533/4533/4533
f 4538/4538/4538 4537/4537/4537 4536/4536/4536
f 4541/4541/4541 4540/4540/4540 4539/4539/4539
f 4544/4544/4544 4543/4543/4543 4542/4542/4542
f 4547/4547/4547 4546/4546/4546 4545/4545/4545
f 4550/4550/4550 4549/4549/4549 4548/4548/4548
f 4553/4553/4553 4552/4552/4552 4551/4551/4551
f 4556/4556/4556 4555/4555/4555 4554/4554/4554
f 4559/4559/4559 4558/4558/4558 4557/4557/4557
f 4562/4562/4562 4561/4561/4561 4560/4560/4560
f 4565/4565/4565 4564/4564/4564 4563/4563/4563
f 4568/4568/4568 4567/4567/4567 4566/4566/4566
f 4571/4571/4571 4570/4570/4570 4569/4569/4569
f 4574/4574/4574 4573/4573/4573 4572/4572/4572
f 4577/4577/4577 4576/4576/4576 4575/4575/4575
f 4580/4580/4580 4579/4579/4579 4578/4578/4578
f 4583/4583/4583 4582/4582/4582 4581/4581/4581
f 4586/4586/4586 4585/4585/4585 4584/4584/4584
f 4589/4589/4589 4588/4588/4588 4587/4587/4587
f 4592/4592/4592 4591/4591/4591 4590/4590/4590
f 4595/4595/4595 4594/4594/4594 4593/4593/4593
f 4598/4598/4598 4597/4597/4597 4596/4596/4596
f 4601/4601/4601 4600/4600/4600 4599/4599/4599
f 4604/4604/4604 4603/4603/4603 4602/4602/4602
f 4607/4607/4607 4606/4606/4606 4605/4605/4605
f 4610/4610/4610 4609/4609/4609 4608/4608/4608
f 4613/4613/4613 4612/4612/4612 4611/4611/4611
f 4616/4616/4616 4615/4615/4615 4614/4614/4614
f 4619/4619/4619 4618/4618/4618 4617/4617/4617
f 4622/4622/4622 4621/4621/4621 4620/4620/4620
f 4625/4625/4625 4624/4624/4624 4623/4623/4623
f 4628/4628/4628 4627/4627/4627 4626/4626/4626
f 4631/4631/4631 4630/4630/4630 4629/4629/4629
f 4634/4634/4634 4633/4633/4633 4632/4632/4632
f 4637/4637/4637 4636/4636/4636 4635/4635/4635
f 4640/4640/4640 4639/4639/4639 4638/4638/4638
f 4643/4643/4643 4642/4642/4642 4641/4641/4641
f 4646/4646/4646 4645/4645/4645 4644/4644/4644
f 4649/4649/4649 4648/4648/4648 4647/4647/4647
f 4652/4652/4652 4651/4651/4651 4650/4650/4650
f 4655/4655/4655 4654/4654/4654 4653/4653/4653
f 4658/4658/4658 4657/4657/4657 4656/4656/4656
f 4661/4661/4661 4660/4660/4660 4659/4659/4659
f 4664/4664/4664 4663/4663/4663 4662/4662/4662
f 4667/4667/4667 4666/4666/4666 4665/4665/4665
f 4670/4670/4670 4669/4669/4669 4668/4668/4668
f 4673/4673/4673 4672/4672/4672 4671/4671/4671
f 4676/4676/4676 4675/4675/4675 4674/4674/4674
f 4679/4679/4679 4678/4678/4678 4677/4677/4677
f 4682/4682/4682 4681/4681/4681 4680/4680/4680
f 4685/4685/4685 4684/4684/4684 4683/4683/4683
f 4688/4688/4688 4687/4687/4687 4686/4686/4686
f 4691/4691/4691 4690/4690/4690 4689/4689/4689
f 4694/4694/4694 4693/4693/4693 4692/4692/4692
f 4697/4697/4697 4696/4696/4696 4695/4695/4695
f 4700/4700/4700 4699/4699/4699 4698/4698/4698
f 4703/4703/4703 4702/4702/4702 4701/4701/4701
f 4706/4706/4706 4705/4705/4705 4704/4704/4704
f 4709/4709/4709 4708/4708/4708 4707/4707/4707
f 4712/4712/4712 4711/4711/4711 4710/4710/4710
f 4715/4715/4715 4714/4714/4714 4713/4713/4713
f 4718/4718/4718 4717/4717/4717 4716/4716/4716
f 4721/4721/4721 4720/4720/4720 4719/4719/4719
f 4724/4724/4724 4723/4723/4723 4722/4722/4722
f 4727/4727/4727 4726/4726/4726 4725/4725/4725
f 4730/4730/4730 4729/4729/4729 4728/4728/4728
f 4733/4733/4733 4732/4732/4732 4731/4731/4731
f 4736/4736/4736 4735/4735/4735 4734/4734/4734
f 4739/4739/4739 4738/4738/4738 4737/4737/4737
f 4742/4742/4742 4741/4741/4741 4740/4740/4740
f 4745/4745/4745 4744/4744/4744 4743/4743/4743
f 4748/4748/4748 4747/4747/4747 4746/4746/4746
f 4751/4751/4751 4750/4750/4750 4749/4749/4749
f 4754/4754/4754 4753/4753/4753 4752/4752/4752
f 4757/4757/4757 4756/4756/4756 4755/4755/4755
f 4760/4760/4760 4759/4759/4759 4758/4758/4758
f 4763/4763/4763 4762/4762/4762 4761/4761/4761
f 4766/4766/4766 4765/4765/4765 4764/4764/4764
f 4769/4769/4769 4768/4768/4768 4767/4767/4767
f 4772/4772/4772 4771/4771/4771 4770/4770/4770
f 4775/4775/4775 4774/4774/4774 4773/4773/4773
f 4778/4778/4778 4777/4777/4777 4776/4776/4776
f 4781/4781/4781 4780/4780/4780 4779/4779/4779
f 4784/4784/4784 4783/4783/4783 4782/4782/4782
f 4787/4787/4787 4786/4786/4786 4785/4785/4785
f 4790/4790/4790 4789/4789/4789 4788/4788/4788
f 4793/4793/4793 4792/4792/4792 4791/4791/4791
f 4796/4796/4796 4795/4795/4795 4794/4794/4794
f 4799/4799/4799 4798/4798/4798 4797/4797/4797
f 4802/4802/4802 4801/4801/4801 4800/4800/4800
f 4805/4805/4805 4804/4804/4804 4803/4803/4803
f 4808/4808/4808 4807/4807/4807 4806/4806/4806
f 4811/4811/4811 4810/4810/4810 4809/4809/4809
f 4814/4814/4814 4813/4813/4813 4812/4812/4812
f 4817/4817/4817 4816/4816/4816 4815/4815/4815
f 4820/4820/4820 4819/4819/4819 4818/4818/4818
f 4823/4823/4823 4822/4822/4822 4821/4821/4821
f 4826/4826/4826 4825/4825/4825 4824/4824/4824
f 4829/4829/4829 4828/4828/4828 4827/4827/4827
f 4832/4832/4832 4831/4831/4831 4830/4830/4830
f 4835/4835/4835 4834/4834/4834 4833/4833/4833
f 4838/4838/4838 4837/4837/4837 4836/4836/4836
f 4841/4841/4841 4840/4840/4840 4839/4839/4839
f 4844/4844/4844 4843/4843/4843 4842/4842/4842
f 4847/4847/4847 4846/4846/4846 4845/4845/4845
f 4850/4850/4850 4849/4849/4849 4848/4848/4848
f 4853/4853/4853 4852/4852/4852 4851/4851/4851
f 4856/4856/4856 4855/4855/4855 4854/4854/4854
f 4859/4859/4859 4858/4858/4858 4857/4857/4857
f 4862/4862/4862 4861/4861/4861 4860/4860/4860
f 4865/4865/4865 4864/4864/4864 4863/4863/4863
f 4868/4868/4868 4867/4867/4867 4866/4866/4866
f 4871/4871/4871 4870/4870/4870 4869/4869/4869
f 4874/4874/4874 4873/4873/4873 4872/4872/4872
f 4877/4877/4877 4876/4876/4876 4875/4875/4875
f 4880/4880/4880 4879/4879/4879 4878/4878/4878
f 4883/4883/4883 4882/4882/4882 4881/4881/4881
f 4886/4886/4886 4885/4885/4885 4884/4884/4884
f 4889/4889/4889 4888/4888/4888 4887/4887/4887
f 4892/4892/4892 4891/4891/4891 4890/4890/4890
f 4895/4895/4895 4894/4894/4894 4893/4893/4893
f 4898/4898/4898 4897/4897/4897 4896/4896/4896
f 4901/4901/4901 4900/4900/4900 4899/4899/4899
f 4904/4904/4904 4903/4903/4903 4902/4902/4902
f 4907/4907/4907 4906/4906/4906 4905/4905/4905
f 4910/4910/4910 4909/4909/4909 4908/4908/4908
f 4913/4913/4913 4912/4912/4912 4911/4911/4911
f 4916/4916/4916 4915/4915/4915 4914/4914/4914
f 4919/4919/4919 4918/4918/4918 4917/4917/4917
f 4922/4922/4922 4921/4921/4921 4920/4920/4920
f 4925/4925/4925 4924/4924/4924 4923/4923/4923
f 4928/4928/4928 4927/4927/4927 4926/4926/4926
f 4931/4931/4931 4930/4930/4930 4929/4929/4929
f 4934/4934/4934 4933/4933/4933 4932/4932/4932
f 4937/4937/4937 4936/4936/4936 4935/4935/4935
f 4940/4940/4940 4939/4939/4939 4938/4938/4938
f 4943/4943/4943 4942/4942/4942 4941/4941/4941
f 4946/4946/4946 4945/4945/4945 4944/4944/4944
f 4949/4949/4949 4948/4948/4948 4947/4947/4947
f 4952/4952/4952 4951/4951/4951 4950/4950/4950
f 4955/4955/4955 4954/4954/4954 4953/4953/4953
f 4958/4958/4958 4957/4957/4957 4956/4956/4956
f 4961/4961/4961 4960/4960/4960 4959/4959/4959
f 4964/4964/4964 4963/4963/4963 4962/4962/4962
f 4967/4967/4967 4966/4966/4966 4965/4965/4965
f 4970/4970/4970 4969/4969/4969 4968/4968/4968
f 4973/4973/4973 4972/4972/4972 4971/4971/4971
f 4976/4976/4976 4975/4975/4975 4974/4974/4974
f 4979/4979/4979 4978/4978/4978 4977/4977/4977
f 4982/4982/4982 4981/4981/4981 4980/4980/4980
f 4985/4985/4985 4984/4984/4984 4983/4983/4983
f 4988/4988/4988 4987/4987/4987 4986/4986/4986
f 4991/4991/4991 4990/4990/4990 4989/4989/4989
f 4994/4994/4994 4993/4993/4993 4992/4992/4992
f 4997/4997/4997 4996/4996/4996 4995/4995/4995
f 5000/5000/5000 4999/4999/4999 4998/4998/4998
f 5003/5003/5003 5002/5002/5002 5001/5001/5001
f 5006/5006/5006 5005/5005/5005 5004/5004/5004
f 5009/5009/5009 5008/5008/5008 5007/5007/5007
f 5012/5012/5012 5011/5011/5011 5010/5010/5010
f 5015/5015/5015 5014/5014/5014 5013/5013/5013
f 5018/5018/5018 5017/5017/5017 5016/5016/5016
f 5021/5021/5021 5020/5020/5020 5019/5019/5019
f 5024/5024/5024 5023/5023/5023 5022/5022/5022
f 5027/5027/5027 5026/5026/5026 5025/5025/5025
f 5030/5030/5030 5029/5029/5029 5028/5028/5028
f 5033/5033/5033 5032/5032/5032 5031/5031/5031
f 5036/5036/5036 5035/5035/5035 5034/5034/5034
f 5039/5039/5039 5038/5038/5038 5037/5037/5037
f 5042/5042/5042 5041/5041/5041 5040/5040/5040
f 5045/5045/5045 5044/5044/5044 5043/5043/5043
f 5048/5048/5048 5047/5047/5047 5046/5046/5046
f 5051/5051/5051 5050/5050/5050 5049/5049/5049
f 5054/5054/5054 5053/5053/5053 5052/5052/5052
f 5057/5057/5057 5056/5056/5056 5055/5055/5055
f 5060/5060/5060 5059/5059/5059 5058/5058/5058
f 5063/5063/5063 5062/5062/5062 5061/5061/5061
f 5066/5066/5066 5065/5065/5065 5064/5064/5064
f 5069/5069/5069 5068/5068/5068 5067/5067/5067
f 5072/5072/5072 5071/5071/5071 5070/5070/5070
f 5075/5075/5075 5074/5074/5074 5073/5073/5073
f 5078/5078/5078 5077/5077/5077 5076/5076/5076
f 5081/5081/5081 5080/5080/5080 5079/5079/5079
f 5084/5084/5084 5083/5083/5083 5082/5082/5082
f 5087/5087/5087 5086/5086/5086 5085/5085/5085
f 5090/5090/5090 5089/5089/5089 5088/5088/5088
f 5093/5093/5093 5092/5092/5092 5091/5091/5091
f 5096/5096/5096 5095/5095/5095 5094/5094/5094
f 5099/5099/5099 5098/5098/5098 5097/5097/5097
f 5102/5102/5102 5101/5101/5101 5100/5100/5100
f 5105/5105/5105 5104/5104/5104 5103/5103/5103
f 5108/5108/5108 5107/5107/5107 5106/5106/5106
f 5111/5111/5111 5110/5110/5110 5109/5109/5109
f 5114/5114/5114 5113/5113/5113 5112/5112/5112
f 5117/5117/5117 5116/5116/5116 5115/5115/5115
f 5120/5120/5120 5119/5119/5119 5118/5118/5118
f 5123/5123/5123 5122/5122/5122 5121/5121/5121
f 5126/5126/5126 5125/5125/5125 5124/5124/5124
f 5129/5129/5129 5128/5128/5128 5127/5127/5127
f 5132/5132/5132 5131/5131/5131 5130/5130/5130
f 5135/5135/5135 5134/5134/5134 5133/5133/5133
f 5138/5138/5138 5137/5137/5137 5136/5136/5136
f 5141/5141/5141 5140/5140/5140 5139/5139/5139
f 5144/5144/5144 5143/5143/5143 5142/5142/5142
f 5147/5147/5147 5146/5146/5146 5145/5145/5145
f 5150/5150/5150 5149/5149/5149 5148/5148/5148
f 5153/5153/5153 5152/5152/5152 5151/5151/5151
f 5156/5156/5156 5155/5155/5155 5154/5154/5154
f 5159/5159/5159 5158/5158/5158 5157/5157/5157
f 5162/5162/5162 5161/5161/5161 5160/5160/5160
f 5165/5165/5165 5164/5164/5164 5163/5163/5163
f 5168/5168/5168 5167/5167/5167 5166/5166/5166
f 5171/5171/5171 5170/5170/5170 5169/5169/5169
f 5174/5174/5174 5173/5173/5173 5172/5172/5172
f 5177/5177/5177 5176/5176/5176 5175/5175/5175
f 5180/5180/5180 5179/5179/5179 5178/5178/5178
f 5183/5183/5183 5182/5182/5182 5181/5181/5181
f 5186/5186/5186 5185/5185/5185 5184/5184/5184
f 5189/5189/5189 5188/5188/5188 5187/5187/5187
f 5192/5192/5192 5191/5191/5191 5190/5190/5190
f 5195/5195/5195 5194/5194/5194 5193/5193/5193
f 5198/5198/5198 5197/5197/5197 5196/5196/5196
f 5201/5201/5201 5200/5200/5200 5199/5199/5199
f 5204/5204/5204 5203/5203/5203 5202/5202/5202
f 5207/5207/5207 5206/5206/5206 5205/5205/5205
f 5210/5210/5210 5209/5209/5209 5208/5208/5208
f 5213/5213/5213 5212/5212/5212 5211/5211/5211
f 5216/5216/5216 5215/5215/5215 5214/5214/5214
f 5219/5219/5219 5218/5218/5218 5217/5217/5217
f 5222/5222/5222 5221/5221/5221 5220/5220/5220
f 5225/5225/5225 5224/5224/5224 5223/5223/5223
f 5228/5228/5228 5227/5227/5227 5226/5226/5226
f 5231/5231/5231 5230/5230/5230 5229/5229/5229
f 5234/5234/5234 5233/5233/5233 5232/5232/5232
f 5237/5237/5237 5236/5236/5236 5235/5235/5235
f 5240/5240/5240 5239/5239/5239 5238/5238/5238
f 5243/5243/5243 5242/5242/5242 5241/5241/5241
f 5246/5246/5246 5245/5245/5245 5244/5244/5244
f 5249/5249/5249 5248/5248/5248 5247/5247/5247
f 5252/5252/5252 5251/5251/5251 5250/5250/5250
f 5255/5255/5255 5254/5254/5254 5253/5253/5253
f 5258/5258/5258 5257/5257/5257 5256/5256/5256
f 5261/5261/5261 5260/5260/5260 5259/5259/5259
f 5264/5264/5264 5263/5263/5263 5262/5262/5262
f 5267/5267/5267 5266/5266/5266 5265/5265/5265
f 5270/5270/5270 5269/5269/5269 5268/5268/5268
f 5273/5273/5273 5272/5272/5272 5271/5271/5271
f 5276/5276/5276 5275/5275/5275 5274/5274/5274
f 5279/5279/5279 5278/5278/5278 5277/5277/5277
f 5282/5282/5282 5281/5281/5281 5280/5280/5280
f 5285/5285/5285 5284/5284/5284 5283/5283/5283
f 5288/5288/5288 5287/5287/5287 5286/5286/5286
f 5291/5291/5291 5290/5290/5290 5289/5289/5289
f 5294/5294/5294 5293/5293/5293 5292/5292/5292
f 5297/5297/5297 5296/5296/5296 5295/5295/5295
f 5300/5300/5300 5299/5299/5299 5298/5298/5298
f 5303/5303/5303 5302/5302/5302 5301/5301/5301
f 5306/5306/5306 5305/5305/5305 5304/5304/5304
f 5309/5309/5309 5308/5308/5308 5307/5307/5307
f 5312/5312/5312 5311/5311/5311 5310/5310/5310
f 5315/5315/5315 5314/5314/5314 5313/5313/5313
f 5318/5318/5318 5317/5317/5317 5316/5316/5316
f 5321/5321/5321 5320/5320/5320 5319/5319/5319
f 5324/5324/5324 5323/5323/5323 5322/5322/5322
f 5327/5327/5327 5326/5326/5326 5325/5325/5325
f 5330/5330/5330 5329/5329/5329 5328/5328/5328
f 5333/5333/5333 5332/5332/5332 5331/5331/5331
f 5336/5336/5336 5335/5335/5335 5334/5334/5334
f 5339/5339/5339 5338/5338/5338 5337/5337/5337
f 5342/5342/5342 5341/5341/5341 5340/5340/5340
f 5345/5345/5345 5344/5344/5344 5343/5343/5343
f 5348/5348/5348 5347/5347/5347 5346/5346/5346
f 5351/5351/5351 5350/5350/5350 5349/5349/5349
f 5354/5354/5354 5353/5353/5353 5352/5352/5352
f 5357/5357/5357 5356/5356/5356 5355/5355/5355
f 5360/5360/5360 5359/5359/5359 5358/5358/5358
f 5363/5363/5363 5362/5362/5362 5361/5361/5361
f 5366/5366/5366 5365/5365/5365 5364/5364/5364
f 5369/5369/5369 5368/5368/5368 5367/5367/5367
f 5372/5372/5372 5371/5371/5371 5370/5370/5370
f 5375/5375/5375 5374/5374/5374 5373/5373/5373
f 5378/5378/5378 5377/5377/5377 5376/5376/5376
f 5381/5381/5381 5380/5380/5380 5379/5379/5379
f 5384/5384/5384 5383/5383/5383 5382/5382/5382
f 5387/5387/5387 5386/5386/5386 5385/5385/5385
f 5390/5390/5390 5389/5389/5389 5388/5388/5388
f 5393/5393/5393 5392/5392/5392 5391/5391/5391
f 5396/5396/5396 5395/5395/5395 5394/5394/5394
f 5399/5399/5399 5398/5398/5398 5397/5397/5397
f 5402/5402/5402 5401/5401/5401 5400/5400/5400
f 5405/5405/5405 5404/5404/5404 5403/5403/5403
f 5408/5408/5408 5407/5407/5407 5406/5406/5406
f 5411/5411/5411 5410/5410/5410 5409/5409/5409
f 5414/5414/5414 5413/5413/5413 5412/5412/5412
f 5417/5417/5417 5416/5416/5416 5415/5415/5415
f 5420/5420/5420 5419/5419/5419 5418/5418/5418
f 5423/5423/5423 5422/5422/5422 5421/5421/5421
f 5426/5426/5426 5425/5425/5425 5424/5424/5424
f 5429/5429/5429 5428/5428/5428 5427/5427/5427
f 5432/5432/5432 5431/5431/5431 5430/5430/5430
f 5435/5435/5435 5434/5434/5434 5433/5433/5433
f 5438/5438/5438 5437/5437/5437 5436/5436/5436
f 5441/5441/5441 5440/5440/5440 5439/5439/5439
f 5444/5444/5444 5443/5443/5443 5442/5442/5442
f 5447/5447/5447 5446/5446/5446 5445/5445/5445
f 5450/5450/5450 5449/5449/5449 5448/5448/5448
f 5453/5453/5453 5452/5452/5452 5451/5451/5451
f 5456/5456/5456 5455/5455/5455 5454/5454/5454
f 5459/5459/5459 5458/5458/5458 5457/5457/5457
f 5462/5462/5462 5461/5461/5461 5460/5460/5460
f 5465/5465/5465 5464/5464/5464 5463/5463/5463
f 5468/5468/5468 5467/5467/5467 5466/5466/5466
f 5471/5471/5471 5470/5470/5470 5469/5469/5469
f 5474/5474/5474 5473/5473/5473 5472/5472/5472
f 5477/5477/5477 5476/5476/5476 5475/5475/5475
f 5480/5480/5480 5479/5479/5479 5478/5478/5478
f 5483/5483/5483 5482/5482/5482 5481/5481/5481
f 5486/5486/5486 5485/5485/5485 5484/5484/5484
f 5489/5489/5489 5488/5488/5488 5487/5487/5487
f 5492/5492/5492 5491/5491/5491 5490/5490/5490
f 5495/5495/5495 5494/5494/5494 5493/5493/5493
f 5498/5498/5498 5497/5497/5497 5496/5496/5496
f 5501/5501/5501 5500/5500/5500 5499/5499/5499
f 5504/5504/5504 5503/5503/5503 5502/5502/5502
f 5507/5507/5507 5506/5506/5506 5505/5505/5505
f 5510/5510/5510 5509/5509/5509 5508/5508/5508
f 5513/5513/5513 5512/5512/5512 5511/5511/5511
f 5516/5516/5516 5515/5515/5515 5514/5514/5514
f 5519/5519/5519 5518/5518/5518 5517/5517/5517
f 5522/5522/5522 5521/5521/5521 5520/5520/5520
f 5525/5525/5525 5524/5524/5524 5523/5523/5523
f 5528/5528/5528 5527/5527/5527 5526/5526/5526
f 5531/5531/5531 5530/5530/5530 5529/5529/5529
f 5534/5534/5534 5533/5533/5533 5532/5532/5532
f 5537/5537/5537 5536/5536/5536 5535/5535/5535
f 5540/5540/5540 5539/5539/5539 5538/5538/5538
f 5543/5543/5543 5542/5542/5542 5541/5541/5541
f 5546/5546/5546 5545/5545/5545 5544/5544/5544
f 5549/5549/5549 5548/5548/5548 5547/5547/5547
f 5552/5552/5552 5551/5551/5551 5550/5550/5550
f 5555/5555/5555 5554/5554/5554 5553/5553/5553
f 5558/5558/5558 5557/5557/5557 5556/5556/5556
f 5561/5561/5561 5560/5560/5560 5559/5559/5559
f 5564/5564/5564 5563/5563/5563 5562/5562/5562
