# Generated from MrEliptik tank_1_green.fbx
v 0.770626 0.911214 1.215813
v 0.808586 0.916042 1.250572
v 0.764955 0.916042 1.262138
v 0.770626 0.911214 1.215813
v 0.764955 0.916042 1.262138
v 0.737988 0.916042 1.231859
v 0.641022 0.991313 1.215813
v 0.647333 0.997108 1.273420
v 0.628364 1.027426 1.250572
v 0.743185 1.011714 1.115338
v 0.701810 0.988399 1.141022
v 0.709263 1.027425 1.122308
v 0.641022 0.991313 1.215813
v 0.628364 1.027426 1.250572
v 0.628364 1.027426 1.213146
v 0.875836 0.991409 1.153869
v 0.883791 1.027425 1.145440
v 0.910758 1.027425 1.175719
v 0.678191 1.141495 1.153869
v 0.650724 1.144504 1.194432
v 0.682296 1.168624 1.175719
v 0.810843 1.121190 1.115338
v 0.781619 1.144504 1.122308
v 0.813192 1.168624 1.141022
v 0.913005 1.141591 1.247905
v 0.906151 1.144504 1.201580
v 0.894091 1.168623 1.231859
v 0.858707 1.198634 1.231859
v 0.833234 1.205437 1.198537
v 0.816039 1.216861 1.231859
v 0.894091 1.168623 1.231859
v 0.876183 1.178893 1.198536
v 0.858707 1.198634 1.231859
v 0.816039 1.216861 1.231859
v 0.833234 1.205437 1.198537
v 0.783402 1.221689 1.215813
v 0.833234 1.205437 1.198537
v 0.802258 1.198635 1.168476
v 0.783402 1.221689 1.215813
v 0.858707 1.198634 1.231859
v 0.876183 1.178893 1.198536
v 0.833234 1.205437 1.198537
v 0.876183 1.178893 1.198536
v 0.846506 1.178894 1.165214
v 0.833234 1.205437 1.198537
v 0.833234 1.205437 1.198537
v 0.846506 1.178894 1.165214
v 0.802258 1.198635 1.168476
v 0.846506 1.178894 1.165214
v 0.813192 1.168624 1.141022
v 0.802258 1.198635 1.168476
v 0.894091 1.168623 1.231859
v 0.906151 1.144504 1.201580
v 0.876183 1.178893 1.198536
v 0.906151 1.144504 1.201580
v 0.883951 1.148146 1.168476
v 0.876183 1.178893 1.198536
v 0.876183 1.178893 1.198536
v 0.883951 1.148146 1.168476
v 0.846506 1.178894 1.165214
v 0.883951 1.148146 1.168476
v 0.852218 1.144504 1.141022
v 0.846506 1.178894 1.165214
v 0.846506 1.178894 1.165214
v 0.852218 1.144504 1.141022
v 0.813192 1.168624 1.141022
v 0.852218 1.144504 1.141022
v 0.810843 1.121190 1.115338
v 0.813192 1.168624 1.141022
v 0.802258 1.198635 1.168476
v 0.755539 1.205437 1.177942
v 0.783402 1.221689 1.215813
v 0.813192 1.168624 1.141022
v 0.768811 1.178894 1.144620
v 0.802258 1.198635 1.168476
v 0.783402 1.221689 1.215813
v 0.755539 1.205437 1.177942
v 0.745442 1.216861 1.213146
v 0.755539 1.205437 1.177942
v 0.710923 1.198635 1.192686
v 0.745442 1.216861 1.213146
v 0.802258 1.198635 1.168476
v 0.768811 1.178894 1.144620
v 0.755539 1.205437 1.177942
v 0.768811 1.178894 1.144620
v 0.720793 1.178894 1.157348
v 0.755539 1.205437 1.177942
v 0.755539 1.205437 1.177942
v 0.720793 1.178894 1.157348
v 0.710923 1.198635 1.192686
v 0.720793 1.178894 1.157348
v 0.682296 1.168624 1.175719
v 0.710923 1.198635 1.192686
v 0.813192 1.168624 1.141022
v 0.781619 1.144504 1.122308
v 0.768811 1.178894 1.144620
v 0.781619 1.144504 1.122308
v 0.736167 1.148146 1.129303
v 0.768811 1.178894 1.144620
v 0.768811 1.178894 1.144620
v 0.736167 1.148146 1.129303
v 0.720793 1.178894 1.157348
v 0.736167 1.148146 1.129303
v 0.678191 1.141495 1.153869
v 0.720793 1.178894 1.157348
v 0.720793 1.178894 1.157348
v 0.678191 1.141495 1.153869
v 0.682296 1.168624 1.175719
v 0.745442 1.216861 1.213146
v 0.745442 1.216861 1.250572
v 0.783402 1.221689 1.215813
v 0.710923 1.198635 1.192686
v 0.707522 1.205437 1.231859
v 0.745442 1.216861 1.213146
v 0.682296 1.168624 1.175719
v 0.672776 1.178894 1.211265
v 0.710923 1.198635 1.192686
v 0.745442 1.216861 1.213146
v 0.707522 1.205437 1.231859
v 0.745442 1.216861 1.250572
v 0.707522 1.205437 1.231859
v 0.710923 1.198635 1.271031
v 0.745442 1.216861 1.250572
v 0.710923 1.198635 1.192686
v 0.672776 1.178894 1.211265
v 0.707522 1.205437 1.231859
v 0.672776 1.178894 1.211265
v 0.672776 1.178894 1.252453
v 0.707522 1.205437 1.231859
v 0.707522 1.205437 1.231859
v 0.672776 1.178894 1.252453
v 0.710923 1.198635 1.271031
v 0.672776 1.178894 1.252453
v 0.672639 1.154497 1.294613
v 0.710923 1.198635 1.271031
v 0.682296 1.168624 1.175719
v 0.650724 1.144504 1.194432
v 0.672776 1.178894 1.211265
v 0.650724 1.144504 1.194432
v 0.644832 1.148146 1.231859
v 0.672776 1.178894 1.211265
v 0.672776 1.178894 1.211265
v 0.644832 1.148146 1.231859
v 0.672776 1.178894 1.252453
v 0.644832 1.148146 1.231859
v 0.650724 1.144504 1.269285
v 0.672776 1.178894 1.252453
v 0.672776 1.178894 1.252453
v 0.650724 1.144504 1.269285
v 0.672639 1.154497 1.294613
v 0.745442 1.216861 1.250572
v 0.789073 1.216861 1.262138
v 0.783402 1.221689 1.215813
v 0.710923 1.198635 1.271031
v 0.755539 1.205437 1.285775
v 0.745442 1.216861 1.250572
v 0.672639 1.154497 1.294613
v 0.720793 1.178894 1.306370
v 0.710923 1.198635 1.271031
v 0.745442 1.216861 1.250572
v 0.755539 1.205437 1.285775
v 0.789073 1.216861 1.262138
v 0.755539 1.205437 1.285775
v 0.802258 1.198635 1.295242
v 0.789073 1.216861 1.262138
v 0.710923 1.198635 1.271031
v 0.720793 1.178894 1.306370
v 0.755539 1.205437 1.285775
v 0.720793 1.178894 1.306370
v 0.768811 1.178894 1.319098
v 0.755539 1.205437 1.285775
v 0.755539 1.205437 1.285775
v 0.768811 1.178894 1.319098
v 0.802258 1.198635 1.295242
v 0.768811 1.178894 1.319098
v 0.816161 1.154804 1.332527
v 0.802258 1.198635 1.295242
v 0.672639 1.154497 1.294613
v 0.694356 1.144504 1.318278
v 0.720793 1.178894 1.306370
v 0.694356 1.144504 1.318278
v 0.736167 1.148146 1.334415
v 0.720793 1.178894 1.306370
v 0.720793 1.178894 1.306370
v 0.736167 1.148146 1.334415
v 0.768811 1.178894 1.319098
v 0.736167 1.148146 1.334415
v 0.781620 1.144504 1.341409
v 0.768811 1.178894 1.319098
v 0.768811 1.178894 1.319098
v 0.781620 1.144504 1.341409
v 0.816161 1.154804 1.332527
v 0.789073 1.216861 1.262138
v 0.816039 1.216861 1.231859
v 0.783402 1.221689 1.215813
v 0.802258 1.198635 1.295242
v 0.833234 1.205437 1.265181
v 0.789073 1.216861 1.262138
v 0.816161 1.154804 1.332527
v 0.846506 1.178894 1.298504
v 0.802258 1.198635 1.295242
v 0.789073 1.216861 1.262138
v 0.833234 1.205437 1.265181
v 0.816039 1.216861 1.231859
v 0.833234 1.205437 1.265181
v 0.858707 1.198634 1.231859
v 0.816039 1.216861 1.231859
v 0.802258 1.198635 1.295242
v 0.846506 1.178894 1.298504
v 0.833234 1.205437 1.265181
v 0.846506 1.178894 1.298504
v 0.876183 1.178893 1.265181
v 0.833234 1.205437 1.265181
v 0.833234 1.205437 1.265181
v 0.876183 1.178893 1.265181
v 0.858707 1.198634 1.231859
v 0.876183 1.178893 1.265181
v 0.894091 1.168623 1.231859
v 0.858707 1.198634 1.231859
v 0.816161 1.154804 1.332527
v 0.852218 1.144504 1.322696
v 0.846506 1.178894 1.298504
v 0.852218 1.144504 1.322696
v 0.883952 1.148146 1.295242
v 0.846506 1.178894 1.298504
v 0.846506 1.178894 1.298504
v 0.883952 1.148146 1.295242
v 0.876183 1.178893 1.265181
v 0.883952 1.148146 1.295242
v 0.913005 1.141591 1.247905
v 0.876183 1.178893 1.265181
v 0.876183 1.178893 1.265181
v 0.913005 1.141591 1.247905
v 0.894091 1.168623 1.231859
v 0.925664 1.105478 1.213146
v 0.906151 1.144504 1.201580
v 0.913005 1.141591 1.247905
v 0.924799 1.066452 1.192686
v 0.910930 1.109401 1.177942
v 0.925664 1.105478 1.213146
v 0.910758 1.027425 1.175719
v 0.902727 1.066452 1.157347
v 0.924799 1.066452 1.192686
v 0.925664 1.105478 1.213146
v 0.910930 1.109401 1.177942
v 0.906151 1.144504 1.201580
v 0.910930 1.109401 1.177942
v 0.883951 1.148146 1.168476
v 0.906151 1.144504 1.201580
v 0.924799 1.066452 1.192686
v 0.902727 1.066452 1.157347
v 0.910930 1.109401 1.177942
v 0.902727 1.066452 1.157347
v 0.881252 1.109401 1.144619
v 0.910930 1.109401 1.177942
v 0.910930 1.109401 1.177942
v 0.881252 1.109401 1.144619
v 0.883951 1.148146 1.168476
v 0.881252 1.109401 1.144619
v 0.852218 1.144504 1.141022
v 0.883951 1.148146 1.168476
v 0.910758 1.027425 1.175719
v 0.883791 1.027425 1.145440
v 0.902727 1.066452 1.157347
v 0.883791 1.027425 1.145440
v 0.868350 1.066452 1.129302
v 0.902727 1.066452 1.157347
v 0.902727 1.066452 1.157347
v 0.868350 1.066452 1.129302
v 0.881252 1.109401 1.144619
v 0.868350 1.066452 1.129302
v 0.844765 1.105478 1.122308
v 0.881252 1.109401 1.144619
v 0.881252 1.109401 1.144619
v 0.844765 1.105478 1.122308
v 0.852218 1.144504 1.141022
v 0.844765 1.105478 1.122308
v 0.810843 1.121190 1.115338
v 0.852218 1.144504 1.141022
v 0.777014 1.066452 1.105092
v 0.755539 1.109401 1.111296
v 0.810843 1.121190 1.115338
v 0.743185 1.011714 1.115338
v 0.728996 1.066452 1.111296
v 0.777014 1.066452 1.105092
v 0.810843 1.121190 1.115338
v 0.755539 1.109401 1.111296
v 0.781619 1.144504 1.122308
v 0.755539 1.109401 1.111296
v 0.736167 1.148146 1.129303
v 0.781619 1.144504 1.122308
v 0.777014 1.066452 1.105092
v 0.728996 1.066452 1.111296
v 0.755539 1.109401 1.111296
v 0.728996 1.066452 1.111296
v 0.707521 1.109401 1.124025
v 0.755539 1.109401 1.111296
v 0.755539 1.109401 1.111296
v 0.707521 1.109401 1.124025
v 0.736167 1.148146 1.129303
v 0.707521 1.109401 1.124025
v 0.678191 1.141495 1.153869
v 0.736167 1.148146 1.129303
v 0.743185 1.011714 1.115338
v 0.709263 1.027425 1.122308
v 0.728996 1.066452 1.111296
v 0.709263 1.027425 1.122308
v 0.685678 1.066452 1.129302
v 0.728996 1.066452 1.111296
v 0.728996 1.066452 1.111296
v 0.685678 1.066452 1.129302
v 0.707521 1.109401 1.124025
v 0.685678 1.066452 1.129302
v 0.670236 1.105478 1.145440
v 0.707521 1.109401 1.124025
v 0.707521 1.109401 1.124025
v 0.670236 1.105478 1.145440
v 0.678191 1.141495 1.153869
v 0.643270 1.105478 1.175719
v 0.650724 1.144504 1.194432
v 0.678191 1.141495 1.153869
v 0.629229 1.066452 1.192686
v 0.629827 1.109401 1.211265
v 0.643270 1.105478 1.175719
v 0.628364 1.027426 1.213146
v 0.621624 1.066452 1.231859
v 0.629229 1.066452 1.192686
v 0.643270 1.105478 1.175719
v 0.629827 1.109401 1.211265
v 0.650724 1.144504 1.194432
v 0.629827 1.109401 1.211265
v 0.644832 1.148146 1.231859
v 0.650724 1.144504 1.194432
v 0.629229 1.066452 1.192686
v 0.621624 1.066452 1.231859
v 0.629827 1.109401 1.211265
v 0.621624 1.066452 1.231859
v 0.630356 1.104022 1.258997
v 0.629827 1.109401 1.211265
v 0.629827 1.109401 1.211265
v 0.630356 1.104022 1.258997
v 0.644832 1.148146 1.231859
v 0.630356 1.104022 1.258997
v 0.650724 1.144504 1.269285
v 0.644832 1.148146 1.231859
v 0.628364 1.027426 1.213146
v 0.628364 1.027426 1.250572
v 0.621624 1.066452 1.231859
v 0.628035 1.062683 1.264836
v 0.621624 1.066452 1.231859
v 0.628364 1.027426 1.250572
v 0.643725 1.107676 1.287225
v 0.650724 1.144504 1.269285
v 0.630356 1.104022 1.258997
v 0.911082 1.107601 1.286291
v 0.913005 1.141591 1.247905
v 0.883952 1.148146 1.295242
v 0.911082 1.107601 1.286291
v 0.923953 1.103855 1.258348
v 0.913005 1.141591 1.247905
v 0.868350 1.066452 1.129302
v 0.825032 1.066452 1.111296
v 0.844765 1.105478 1.122308
v 0.883791 1.027425 1.145440
v 0.846506 1.023502 1.124025
v 0.868350 1.066452 1.129302
v 0.844765 1.105478 1.122308
v 0.825032 1.066452 1.111296
v 0.810843 1.121190 1.115338
v 0.825032 1.066452 1.111296
v 0.777014 1.066452 1.105092
v 0.810843 1.121190 1.115338
v 0.868350 1.066452 1.129302
v 0.846506 1.023502 1.124025
v 0.825032 1.066452 1.111296
v 0.846506 1.023502 1.124025
v 0.798488 1.023502 1.111296
v 0.825032 1.066452 1.111296
v 0.825032 1.066452 1.111296
v 0.798488 1.023502 1.111296
v 0.777014 1.066452 1.105092
v 0.798488 1.023502 1.111296
v 0.743185 1.011714 1.115338
v 0.777014 1.066452 1.105092
v 0.883791 1.027425 1.145440
v 0.875836 0.991409 1.153869
v 0.846506 1.023502 1.124025
v 0.875836 0.991409 1.153869
v 0.817861 0.984757 1.129303
v 0.846506 1.023502 1.124025
v 0.846506 1.023502 1.124025
v 0.817861 0.984757 1.129303
v 0.798488 1.023502 1.111296
v 0.817861 0.984757 1.129303
v 0.772408 0.988399 1.122308
v 0.798488 1.023502 1.111296
v 0.798488 1.023502 1.111296
v 0.772408 0.988399 1.122308
v 0.743185 1.011714 1.115338
v 0.670236 1.105478 1.145440
v 0.643270 1.105478 1.175719
v 0.678191 1.141495 1.153869
v 0.685678 1.066452 1.129302
v 0.651300 1.066452 1.157347
v 0.670236 1.105478 1.145440
v 0.709263 1.027425 1.122308
v 0.672775 1.023502 1.144619
v 0.685678 1.066452 1.129302
v 0.670236 1.105478 1.145440
v 0.651300 1.066452 1.157347
v 0.643270 1.105478 1.175719
v 0.651300 1.066452 1.157347
v 0.629229 1.066452 1.192686
v 0.643270 1.105478 1.175719
v 0.685678 1.066452 1.129302
v 0.672775 1.023502 1.144619
v 0.651300 1.066452 1.157347
v 0.672775 1.023502 1.144619
v 0.643098 1.023502 1.177942
v 0.651300 1.066452 1.157347
v 0.651300 1.066452 1.157347
v 0.643098 1.023502 1.177942
v 0.629229 1.066452 1.192686
v 0.643098 1.023502 1.177942
v 0.628364 1.027426 1.213146
v 0.629229 1.066452 1.192686
v 0.709263 1.027425 1.122308
v 0.701810 0.988399 1.141022
v 0.672775 1.023502 1.144619
v 0.701810 0.988399 1.141022
v 0.670076 0.984758 1.168476
v 0.672775 1.023502 1.144619
v 0.672775 1.023502 1.144619
v 0.670076 0.984758 1.168476
v 0.643098 1.023502 1.177942
v 0.670076 0.984758 1.168476
v 0.641022 0.991313 1.215813
v 0.643098 1.023502 1.177942
v 0.643098 1.023502 1.177942
v 0.641022 0.991313 1.215813
v 0.628364 1.027426 1.213146
v 0.628364 1.027426 1.250572
v 0.647333 0.997108 1.273420
v 0.628035 1.062683 1.264836
v 0.923953 1.103855 1.258348
v 0.925664 1.105478 1.213146
v 0.913005 1.141591 1.247905
v 0.923953 1.103855 1.258348
v 0.932404 1.066452 1.231859
v 0.925664 1.105478 1.213146
v 0.932404 1.066452 1.231859
v 0.924799 1.066452 1.192686
v 0.925664 1.105478 1.213146
v 0.924201 1.023503 1.252453
v 0.924201 1.023503 1.211264
v 0.932404 1.066452 1.231859
v 0.932404 1.066452 1.231859
v 0.924201 1.023503 1.211264
v 0.924799 1.066452 1.192686
v 0.924201 1.023503 1.211264
v 0.910758 1.027425 1.175719
v 0.924799 1.066452 1.192686
v 0.898326 0.984662 1.275258
v 0.909196 0.984758 1.231859
v 0.924201 1.023503 1.252453
v 0.924201 1.023503 1.252453
v 0.909196 0.984758 1.231859
v 0.924201 1.023503 1.211264
v 0.909196 0.984758 1.231859
v 0.903304 0.988399 1.194432
v 0.924201 1.023503 1.211264
v 0.924201 1.023503 1.211264
v 0.903304 0.988399 1.194432
v 0.910758 1.027425 1.175719
v 0.903304 0.988399 1.194432
v 0.875836 0.991409 1.153869
v 0.910758 1.027425 1.175719
v 0.843105 0.934269 1.192686
v 0.833234 0.954010 1.157348
v 0.871731 0.964280 1.175719
v 0.808586 0.916042 1.213146
v 0.798488 0.927467 1.177942
v 0.843105 0.934269 1.192686
v 0.871731 0.964280 1.175719
v 0.833234 0.954010 1.157348
v 0.875836 0.991409 1.153869
v 0.833234 0.954010 1.157348
v 0.817861 0.984757 1.129303
v 0.875836 0.991409 1.153869
v 0.843105 0.934269 1.192686
v 0.798488 0.927467 1.177942
v 0.833234 0.954010 1.157348
v 0.798488 0.927467 1.177942
v 0.785217 0.954010 1.144619
v 0.833234 0.954010 1.157348
v 0.833234 0.954010 1.157348
v 0.785217 0.954010 1.144619
v 0.817861 0.984757 1.129303
v 0.785217 0.954010 1.144619
v 0.772408 0.988399 1.122308
v 0.817861 0.984757 1.129303
v 0.808586 0.916042 1.213146
v 0.770626 0.911214 1.215813
v 0.798488 0.927467 1.177942
v 0.770626 0.911214 1.215813
v 0.751770 0.934269 1.168476
v 0.798488 0.927467 1.177942
v 0.798488 0.927467 1.177942
v 0.751770 0.934269 1.168476
v 0.785217 0.954010 1.144619
v 0.751770 0.934269 1.168476
v 0.740836 0.964280 1.141022
v 0.785217 0.954010 1.144619
v 0.785217 0.954010 1.144619
v 0.740836 0.964280 1.141022
v 0.772408 0.988399 1.122308
v 0.740836 0.964280 1.141022
v 0.743185 1.011714 1.115338
v 0.772408 0.988399 1.122308
v 0.740836 0.964280 1.141022
v 0.701810 0.988399 1.141022
v 0.743185 1.011714 1.115338
v 0.751770 0.934269 1.168476
v 0.707522 0.954010 1.165214
v 0.740836 0.964280 1.141022
v 0.770626 0.911214 1.215813
v 0.720794 0.927467 1.198537
v 0.751770 0.934269 1.168476
v 0.740836 0.964280 1.141022
v 0.707522 0.954010 1.165214
v 0.701810 0.988399 1.141022
v 0.707522 0.954010 1.165214
v 0.670076 0.984758 1.168476
v 0.701810 0.988399 1.141022
v 0.751770 0.934269 1.168476
v 0.720794 0.927467 1.198537
v 0.707522 0.954010 1.165214
v 0.720794 0.927467 1.198537
v 0.677845 0.954010 1.198537
v 0.707522 0.954010 1.165214
v 0.707522 0.954010 1.165214
v 0.677845 0.954010 1.198537
v 0.670076 0.984758 1.168476
v 0.677845 0.954010 1.198537
v 0.641022 0.991313 1.215813
v 0.670076 0.984758 1.168476
v 0.770626 0.911214 1.215813
v 0.737988 0.916042 1.231859
v 0.720794 0.927467 1.198537
v 0.737988 0.916042 1.231859
v 0.695321 0.934269 1.231859
v 0.720794 0.927467 1.198537
v 0.720794 0.927467 1.198537
v 0.695321 0.934269 1.231859
v 0.677845 0.954010 1.198537
v 0.695321 0.934269 1.231859
v 0.659937 0.964281 1.231859
v 0.677845 0.954010 1.198537
v 0.677845 0.954010 1.198537
v 0.659937 0.964281 1.231859
v 0.641022 0.991313 1.215813
v 0.659937 0.964281 1.231859
v 0.647333 0.997108 1.273420
v 0.641022 0.991313 1.215813
v 0.695321 0.934269 1.231859
v 0.680323 0.959105 1.278353
v 0.659937 0.964281 1.231859
v 0.737988 0.916042 1.231859
v 0.720794 0.927467 1.265181
v 0.695321 0.934269 1.231859
v 0.659937 0.964281 1.231859
v 0.680323 0.959105 1.278353
v 0.647333 0.997108 1.273420
v 0.695321 0.934269 1.231859
v 0.720794 0.927467 1.265181
v 0.680323 0.959105 1.278353
v 0.737988 0.916042 1.231859
v 0.764955 0.916042 1.262138
v 0.720794 0.927467 1.265181
v 0.764955 0.916042 1.262138
v 0.735860 0.931103 1.282676
v 0.720794 0.927467 1.265181
v 0.903304 0.988399 1.194432
v 0.871731 0.964280 1.175719
v 0.875836 0.991409 1.153869
v 0.909196 0.984758 1.231859
v 0.881252 0.954010 1.211265
v 0.903304 0.988399 1.194432
v 0.898326 0.984662 1.275258
v 0.881252 0.954010 1.252453
v 0.909196 0.984758 1.231859
v 0.903304 0.988399 1.194432
v 0.881252 0.954010 1.211265
v 0.871731 0.964280 1.175719
v 0.881252 0.954010 1.211265
v 0.843105 0.934269 1.192686
v 0.871731 0.964280 1.175719
v 0.909196 0.984758 1.231859
v 0.881252 0.954010 1.252453
v 0.881252 0.954010 1.211265
v 0.881252 0.954010 1.252453
v 0.846506 0.927467 1.231859
v 0.881252 0.954010 1.211265
v 0.881252 0.954010 1.211265
v 0.846506 0.927467 1.231859
v 0.843105 0.934269 1.192686
v 0.846506 0.927467 1.231859
v 0.808586 0.916042 1.213146
v 0.843105 0.934269 1.192686
v 0.881252 0.954010 1.252453
v 0.842699 0.939303 1.281296
v 0.846506 0.927467 1.231859
v 0.842699 0.939303 1.281296
v 0.808586 0.916042 1.250572
v 0.846506 0.927467 1.231859
v 0.846506 0.927467 1.231859
v 0.808586 0.916042 1.250572
v 0.808586 0.916042 1.213146
v 0.808586 0.916042 1.250572
v 0.770626 0.911214 1.215813
v 0.808586 0.916042 1.213146
v 0.764955 0.916042 1.262138
v 0.798973 0.926507 1.283321
v 0.735860 0.931103 1.282676
v 0.808586 0.916042 1.250572
v 0.798973 0.926507 1.283321
v 0.764955 0.916042 1.262138
v 0.756243 1.116202 1.349999
v 0.823040 1.115784 1.346678
v 0.781620 1.144504 1.341409
v 0.880448 1.111923 1.318454
v 0.883952 1.148146 1.295242
v 0.852218 1.144504 1.322696
v 0.842699 0.939303 1.281296
v 0.881252 0.954010 1.252453
v 0.898326 0.984662 1.275258
v 0.688884 1.113479 1.329945
v 0.756243 1.116202 1.349999
v 0.736167 1.148146 1.334415
v 0.911082 1.107601 1.286291
v 0.883952 1.148146 1.295242
v 0.880448 1.111923 1.318454
v 0.823040 1.115784 1.346678
v 0.880448 1.111923 1.318454
v 0.852218 1.144504 1.322696
v 0.643725 1.107676 1.287225
v 0.688884 1.113479 1.329945
v 0.672639 1.154497 1.294613
v 0.823040 1.115784 1.346678
v 0.816161 1.154804 1.332527
v 0.781620 1.144504 1.341409
v 0.926240 1.054903 1.265917
v 0.932404 1.066452 1.231859
v 0.923953 1.103855 1.258348
v 0.823040 1.115784 1.346678
v 0.852218 1.144504 1.322696
v 0.816161 1.154804 1.332527
v 0.898326 0.984662 1.275258
v 0.924201 1.023503 1.252453
v 0.926240 1.054903 1.265917
v -0.770624 0.911214 1.215814
v -0.764953 0.916042 1.262139
v -0.808584 0.916042 1.250573
v -0.770624 0.911214 1.215814
v -0.737986 0.916042 1.231860
v -0.764953 0.916042 1.262139
v -0.641021 0.991313 1.215814
v -0.628362 1.027426 1.250573
v -0.647332 0.997108 1.273421
v -0.743183 1.011714 1.115339
v -0.709261 1.027425 1.122309
v -0.701808 0.988399 1.141023
v -0.641021 0.991313 1.215814
v -0.628362 1.027426 1.213147
v -0.628362 1.027426 1.250573
v -0.875835 0.991409 1.153870
v -0.910756 1.027425 1.175720
v -0.883790 1.027425 1.145441
v -0.678190 1.141495 1.153870
v -0.682295 1.168624 1.175720
v -0.650722 1.144504 1.194433
v -0.810841 1.121189 1.115339
v -0.813190 1.168624 1.141023
v -0.781618 1.144504 1.122310
v -0.858705 1.198634 1.231860
v -0.816038 1.216861 1.231860
v -0.833232 1.205437 1.198538
v -0.894089 1.168623 1.231860
v -0.858705 1.198634 1.231860
v -0.876181 1.178893 1.198537
v -0.816038 1.216861 1.231860
v -0.783400 1.221689 1.215814
v -0.833232 1.205437 1.198538
v -0.833232 1.205437 1.198538
v -0.783400 1.221689 1.215814
v -0.802256 1.198635 1.168477
v -0.858705 1.198634 1.231860
v -0.833232 1.205437 1.198538
v -0.876181 1.178893 1.198537
v -0.876181 1.178893 1.198537
v -0.833232 1.205437 1.198538
v -0.846504 1.178894 1.165215
v -0.833232 1.205437 1.198538
v -0.802256 1.198635 1.168477
v -0.846504 1.178894 1.165215
v -0.846504 1.178894 1.165215
v -0.802256 1.198635 1.168477
v -0.813190 1.168624 1.141023
v -0.894089 1.168623 1.231860
v -0.876181 1.178893 1.198537
v -0.913004 1.141591 1.215814
v -0.913004 1.141591 1.215814
v -0.876181 1.178893 1.198537
v -0.883950 1.148146 1.168477
v -0.876181 1.178893 1.198537
v -0.846504 1.178894 1.165215
v -0.883950 1.148146 1.168477
v -0.883950 1.148146 1.168477
v -0.846504 1.178894 1.165215
v -0.852217 1.144504 1.141023
v -0.846504 1.178894 1.165215
v -0.813190 1.168624 1.141023
v -0.852217 1.144504 1.141023
v -0.852217 1.144504 1.141023
v -0.813190 1.168624 1.141023
v -0.810841 1.121189 1.115339
v -0.802256 1.198635 1.168477
v -0.783400 1.221689 1.215814
v -0.755538 1.205437 1.177943
v -0.813190 1.168624 1.141023
v -0.802256 1.198635 1.168477
v -0.768809 1.178894 1.144621
v -0.783400 1.221689 1.215814
v -0.745440 1.216861 1.213147
v -0.755538 1.205437 1.177943
v -0.755538 1.205437 1.177943
v -0.745440 1.216861 1.213147
v -0.710921 1.198635 1.192687
v -0.802256 1.198635 1.168477
v -0.755538 1.205437 1.177943
v -0.768809 1.178894 1.144621
v -0.768809 1.178894 1.144621
v -0.755538 1.205437 1.177943
v -0.720792 1.178894 1.157349
v -0.755538 1.205437 1.177943
v -0.710921 1.198635 1.192687
v -0.720792 1.178894 1.157349
v -0.720792 1.178894 1.157349
v -0.710921 1.198635 1.192687
v -0.682295 1.168624 1.175720
v -0.813190 1.168624 1.141023
v -0.768809 1.178894 1.144621
v -0.781618 1.144504 1.122310
v -0.781618 1.144504 1.122310
v -0.768809 1.178894 1.144621
v -0.736165 1.148146 1.129304
v -0.768809 1.178894 1.144621
v -0.720792 1.178894 1.157349
v -0.736165 1.148146 1.129304
v -0.736165 1.148146 1.129304
v -0.720792 1.178894 1.157349
v -0.678190 1.141495 1.153870
v -0.720792 1.178894 1.157349
v -0.682295 1.168624 1.175720
v -0.678190 1.141495 1.153870
v -0.745440 1.216861 1.213147
v -0.783400 1.221689 1.215814
v -0.745440 1.216861 1.250573
v -0.710921 1.198635 1.192687
v -0.745440 1.216861 1.213147
v -0.707520 1.205437 1.231860
v -0.682295 1.168624 1.175720
v -0.710921 1.198635 1.192687
v -0.672774 1.178894 1.211265
v -0.745440 1.216861 1.213147
v -0.745440 1.216861 1.250573
v -0.707520 1.205437 1.231860
v -0.707520 1.205437 1.231860
v -0.745440 1.216861 1.250573
v -0.710921 1.198635 1.271032
v -0.710921 1.198635 1.192687
v -0.707520 1.205437 1.231860
v -0.672774 1.178894 1.211265
v -0.672774 1.178894 1.211265
v -0.707520 1.205437 1.231860
v -0.672774 1.178894 1.252454
v -0.707520 1.205437 1.231860
v -0.710921 1.198635 1.271032
v -0.672774 1.178894 1.252454
v -0.672774 1.178894 1.252454
v -0.710921 1.198635 1.271032
v -0.672637 1.154497 1.294614
v -0.682295 1.168624 1.175720
v -0.672774 1.178894 1.211265
v -0.650722 1.144504 1.194433
v -0.650722 1.144504 1.194433
v -0.672774 1.178894 1.211265
v -0.644830 1.148146 1.231860
v -0.672774 1.178894 1.211265
v -0.672774 1.178894 1.252454
v -0.644830 1.148146 1.231860
v -0.644830 1.148146 1.231860
v -0.672774 1.178894 1.252454
v -0.650722 1.144504 1.269286
v -0.672774 1.178894 1.252454
v -0.672637 1.154497 1.294614
v -0.650722 1.144504 1.269286
v -0.745440 1.216861 1.250573
v -0.783400 1.221689 1.215814
v -0.789071 1.216861 1.262138
v -0.710921 1.198635 1.271032
v -0.745440 1.216861 1.250573
v -0.755538 1.205437 1.285776
v -0.672637 1.154497 1.294614
v -0.710921 1.198635 1.271032
v -0.720791 1.178894 1.306371
v -0.745440 1.216861 1.250573
v -0.789071 1.216861 1.262138
v -0.755538 1.205437 1.285776
v -0.755538 1.205437 1.285776
v -0.789071 1.216861 1.262138
v -0.802256 1.198635 1.295243
v -0.710921 1.198635 1.271032
v -0.755538 1.205437 1.285776
v -0.720791 1.178894 1.306371
v -0.720791 1.178894 1.306371
v -0.755538 1.205437 1.285776
v -0.768809 1.178894 1.319099
v -0.755538 1.205437 1.285776
v -0.802256 1.198635 1.295243
v -0.768809 1.178894 1.319099
v -0.768809 1.178894 1.319099
v -0.802256 1.198635 1.295243
v -0.816159 1.154804 1.332528
v -0.672637 1.154497 1.294614
v -0.720791 1.178894 1.306371
v -0.694354 1.144504 1.318278
v -0.694354 1.144504 1.318278
v -0.720791 1.178894 1.306371
v -0.736165 1.148146 1.334416
v -0.720791 1.178894 1.306371
v -0.768809 1.178894 1.319099
v -0.736165 1.148146 1.334416
v -0.736165 1.148146 1.334416
v -0.768809 1.178894 1.319099
v -0.781618 1.144504 1.341410
v -0.768809 1.178894 1.319099
v -0.816159 1.154804 1.332528
v -0.781618 1.144504 1.341410
v -0.789071 1.216861 1.262138
v -0.783400 1.221689 1.215814
v -0.816038 1.216861 1.231860
v -0.802256 1.198635 1.295243
v -0.789071 1.216861 1.262138
v -0.833232 1.205437 1.265182
v -0.816159 1.154804 1.332528
v -0.802256 1.198635 1.295243
v -0.846504 1.178894 1.298505
v -0.789071 1.216861 1.262138
v -0.816038 1.216861 1.231860
v -0.833232 1.205437 1.265182
v -0.833232 1.205437 1.265182
v -0.816038 1.216861 1.231860
v -0.858705 1.198634 1.231860
v -0.802256 1.198635 1.295243
v -0.833232 1.205437 1.265182
v -0.846504 1.178894 1.298505
v -0.846504 1.178894 1.298505
v -0.833232 1.205437 1.265182
v -0.876181 1.178893 1.265182
v -0.833232 1.205437 1.265182
v -0.858705 1.198634 1.231860
v -0.876181 1.178893 1.265182
v -0.876181 1.178893 1.265182
v -0.858705 1.198634 1.231860
v -0.894089 1.168623 1.231860
v -0.816159 1.154804 1.332528
v -0.846504 1.178894 1.298505
v -0.852216 1.144504 1.322697
v -0.852216 1.144504 1.322697
v -0.846504 1.178894 1.298505
v -0.883950 1.148146 1.295243
v -0.846504 1.178894 1.298505
v -0.876181 1.178893 1.265182
v -0.883950 1.148146 1.295243
v -0.883950 1.148146 1.295243
v -0.876181 1.178893 1.265182
v -0.906149 1.144504 1.262139
v -0.876181 1.178893 1.265182
v -0.894089 1.168623 1.231860
v -0.906149 1.144504 1.262139
v -0.906149 1.144504 1.262139
v -0.894089 1.168623 1.231860
v -0.913004 1.141591 1.215814
v -0.924797 1.066452 1.192687
v -0.925662 1.105478 1.213147
v -0.910928 1.109401 1.177943
v -0.910756 1.027425 1.175720
v -0.924797 1.066452 1.192687
v -0.902726 1.066452 1.157348
v -0.925662 1.105478 1.213147
v -0.913004 1.141591 1.215814
v -0.910928 1.109401 1.177943
v -0.910928 1.109401 1.177943
v -0.913004 1.141591 1.215814
v -0.883950 1.148146 1.168477
v -0.924797 1.066452 1.192687
v -0.910928 1.109401 1.177943
v -0.902726 1.066452 1.157348
v -0.902726 1.066452 1.157348
v -0.910928 1.109401 1.177943
v -0.881251 1.109401 1.144620
v -0.910928 1.109401 1.177943
v -0.883950 1.148146 1.168477
v -0.881251 1.109401 1.144620
v -0.881251 1.109401 1.144620
v -0.883950 1.148146 1.168477
v -0.852217 1.144504 1.141023
v -0.910756 1.027425 1.175720
v -0.902726 1.066452 1.157348
v -0.883790 1.027425 1.145441
v -0.883790 1.027425 1.145441
v -0.902726 1.066452 1.157348
v -0.868348 1.066452 1.129303
v -0.902726 1.066452 1.157348
v -0.881251 1.109401 1.144620
v -0.868348 1.066452 1.129303
v -0.868348 1.066452 1.129303
v -0.881251 1.109401 1.144620
v -0.844763 1.105478 1.122309
v -0.881251 1.109401 1.144620
v -0.852217 1.144504 1.141023
v -0.844763 1.105478 1.122309
v -0.844763 1.105478 1.122309
v -0.852217 1.144504 1.141023
v -0.810841 1.121189 1.115339
v -0.777012 1.066452 1.105093
v -0.810841 1.121189 1.115339
v -0.755538 1.109401 1.111297
v -0.743183 1.011714 1.115339
v -0.777012 1.066452 1.105093
v -0.728994 1.066452 1.111297
v -0.810841 1.121189 1.115339
v -0.781618 1.144504 1.122310
v -0.755538 1.109401 1.111297
v -0.755538 1.109401 1.111297
v -0.781618 1.144504 1.122310
v -0.736165 1.148146 1.129304
v -0.777012 1.066452 1.105093
v -0.755538 1.109401 1.111297
v -0.728994 1.066452 1.111297
v -0.728994 1.066452 1.111297
v -0.755538 1.109401 1.111297
v -0.707520 1.109401 1.124025
v -0.755538 1.109401 1.111297
v -0.736165 1.148146 1.129304
v -0.707520 1.109401 1.124025
v -0.707520 1.109401 1.124025
v -0.736165 1.148146 1.129304
v -0.678190 1.141495 1.153870
v -0.743183 1.011714 1.115339
v -0.728994 1.066452 1.111297
v -0.709261 1.027425 1.122309
v -0.709261 1.027425 1.122309
v -0.728994 1.066452 1.111297
v -0.685676 1.066452 1.129303
v -0.728994 1.066452 1.111297
v -0.707520 1.109401 1.124025
v -0.685676 1.066452 1.129303
v -0.685676 1.066452 1.129303
v -0.707520 1.109401 1.124025
v -0.670235 1.105478 1.145441
v -0.707520 1.109401 1.124025
v -0.678190 1.141495 1.153870
v -0.670235 1.105478 1.145441
v -0.643268 1.105478 1.175720
v -0.678190 1.141495 1.153870
v -0.650722 1.144504 1.194433
v -0.629227 1.066452 1.192687
v -0.643268 1.105478 1.175720
v -0.629825 1.109401 1.211265
v -0.628362 1.027426 1.213147
v -0.629227 1.066452 1.192687
v -0.621622 1.066452 1.231860
v -0.643268 1.105478 1.175720
v -0.650722 1.144504 1.194433
v -0.629825 1.109401 1.211265
v -0.629825 1.109401 1.211265
v -0.650722 1.144504 1.194433
v -0.644830 1.148146 1.231860
v -0.629227 1.066452 1.192687
v -0.629825 1.109401 1.211265
v -0.621622 1.066452 1.231860
v -0.621622 1.066452 1.231860
v -0.629825 1.109401 1.211265
v -0.630354 1.104022 1.258998
v -0.629825 1.109401 1.211265
v -0.644830 1.148146 1.231860
v -0.630354 1.104022 1.258998
v -0.630354 1.104022 1.258998
v -0.644830 1.148146 1.231860
v -0.650722 1.144504 1.269286
v -0.628362 1.027426 1.213147
v -0.621622 1.066452 1.231860
v -0.628362 1.027426 1.250573
v -0.621622 1.066452 1.231860
v -0.628033 1.062683 1.264837
v -0.628362 1.027426 1.250573
v -0.621622 1.066452 1.231860
v -0.630354 1.104022 1.258998
v -0.628033 1.062683 1.264837
v -0.650722 1.144504 1.269286
v -0.643723 1.107676 1.287225
v -0.630354 1.104022 1.258998
v -0.911080 1.107601 1.286292
v -0.883950 1.148146 1.295243
v -0.906149 1.144504 1.262139
v -0.911080 1.107601 1.286292
v -0.906149 1.144504 1.262139
v -0.923952 1.103855 1.258349
v -0.923952 1.103855 1.258349
v -0.906149 1.144504 1.262139
v -0.913004 1.141591 1.215814
v -0.868348 1.066452 1.129303
v -0.844763 1.105478 1.122309
v -0.825030 1.066452 1.111297
v -0.883790 1.027425 1.145441
v -0.868348 1.066452 1.129303
v -0.846505 1.023502 1.124026
v -0.844763 1.105478 1.122309
v -0.810841 1.121189 1.115339
v -0.825030 1.066452 1.111297
v -0.825030 1.066452 1.111297
v -0.810841 1.121189 1.115339
v -0.777012 1.066452 1.105093
v -0.868348 1.066452 1.129303
v -0.825030 1.066452 1.111297
v -0.846505 1.023502 1.124026
v -0.846505 1.023502 1.124026
v -0.825030 1.066452 1.111297
v -0.798487 1.023502 1.111297
v -0.825030 1.066452 1.111297
v -0.777012 1.066452 1.105093
v -0.798487 1.023502 1.111297
v -0.798487 1.023502 1.111297
v -0.777012 1.066452 1.105093
v -0.743183 1.011714 1.115339
v -0.883790 1.027425 1.145441
v -0.846505 1.023502 1.124026
v -0.875835 0.991409 1.153870
v -0.875835 0.991409 1.153870
v -0.846505 1.023502 1.124026
v -0.817859 0.984757 1.129304
v -0.846505 1.023502 1.124026
v -0.798487 1.023502 1.111297
v -0.817859 0.984757 1.129304
v -0.817859 0.984757 1.129304
v -0.798487 1.023502 1.111297
v -0.772407 0.988399 1.122310
v -0.798487 1.023502 1.111297
v -0.743183 1.011714 1.115339
v -0.772407 0.988399 1.122310
v -0.670235 1.105478 1.145441
v -0.678190 1.141495 1.153870
v -0.643268 1.105478 1.175720
v -0.685676 1.066452 1.129303
v -0.670235 1.105478 1.145441
v -0.651299 1.066452 1.157348
v -0.709261 1.027425 1.122309
v -0.685676 1.066452 1.129303
v -0.672774 1.023502 1.144620
v -0.670235 1.105478 1.145441
v -0.643268 1.105478 1.175720
v -0.651299 1.066452 1.157348
v -0.651299 1.066452 1.157348
v -0.643268 1.105478 1.175720
v -0.629227 1.066452 1.192687
v -0.685676 1.066452 1.129303
v -0.651299 1.066452 1.157348
v -0.672774 1.023502 1.144620
v -0.672774 1.023502 1.144620
v -0.651299 1.066452 1.157348
v -0.643097 1.023502 1.177943
v -0.651299 1.066452 1.157348
v -0.629227 1.066452 1.192687
v -0.643097 1.023502 1.177943
v -0.643097 1.023502 1.177943
v -0.629227 1.066452 1.192687
v -0.628362 1.027426 1.213147
v -0.709261 1.027425 1.122309
v -0.672774 1.023502 1.144620
v -0.701808 0.988399 1.141023
v -0.701808 0.988399 1.141023
v -0.672774 1.023502 1.144620
v -0.670075 0.984758 1.168477
v -0.672774 1.023502 1.144620
v -0.643097 1.023502 1.177943
v -0.670075 0.984758 1.168477
v -0.670075 0.984758 1.168477
v -0.643097 1.023502 1.177943
v -0.641021 0.991313 1.215814
v -0.643097 1.023502 1.177943
v -0.628362 1.027426 1.213147
v -0.641021 0.991313 1.215814
v -0.628362 1.027426 1.250573
v -0.628033 1.062683 1.264837
v -0.647332 0.997108 1.273421
v -0.923952 1.103855 1.258349
v -0.913004 1.141591 1.215814
v -0.925662 1.105478 1.213147
v -0.923952 1.103855 1.258349
v -0.925662 1.105478 1.213147
v -0.932402 1.066452 1.231860
v -0.932402 1.066452 1.231860
v -0.925662 1.105478 1.213147
v -0.924797 1.066452 1.192687
v -0.924200 1.023503 1.252454
v -0.932402 1.066452 1.231860
v -0.924200 1.023503 1.211266
v -0.932402 1.066452 1.231860
v -0.924797 1.066452 1.192687
v -0.924200 1.023503 1.211266
v -0.924200 1.023503 1.211266
v -0.924797 1.066452 1.192687
v -0.910756 1.027425 1.175720
v -0.898325 0.984662 1.275259
v -0.924200 1.023503 1.252454
v -0.909194 0.984758 1.231860
v -0.924200 1.023503 1.252454
v -0.924200 1.023503 1.211266
v -0.909194 0.984758 1.231860
v -0.909194 0.984758 1.231860
v -0.924200 1.023503 1.211266
v -0.903302 0.988399 1.194433
v -0.924200 1.023503 1.211266
v -0.910756 1.027425 1.175720
v -0.903302 0.988399 1.194433
v -0.903302 0.988399 1.194433
v -0.910756 1.027425 1.175720
v -0.875835 0.991409 1.153870
v -0.843103 0.934269 1.192687
v -0.871730 0.964280 1.175720
v -0.833233 0.954010 1.157349
v -0.808584 0.916042 1.213147
v -0.843103 0.934269 1.192687
v -0.798487 0.927467 1.177943
v -0.871730 0.964280 1.175720
v -0.875835 0.991409 1.153870
v -0.833233 0.954010 1.157349
v -0.833233 0.954010 1.157349
v -0.875835 0.991409 1.153870
v -0.817859 0.984757 1.129304
v -0.843103 0.934269 1.192687
v -0.833233 0.954010 1.157349
v -0.798487 0.927467 1.177943
v -0.798487 0.927467 1.177943
v -0.833233 0.954010 1.157349
v -0.785215 0.954010 1.144621
v -0.833233 0.954010 1.157349
v -0.817859 0.984757 1.129304
v -0.785215 0.954010 1.144621
v -0.785215 0.954010 1.144621
v -0.817859 0.984757 1.129304
v -0.772407 0.988399 1.122310
v -0.808584 0.916042 1.213147
v -0.798487 0.927467 1.177943
v -0.770624 0.911214 1.215814
v -0.770624 0.911214 1.215814
v -0.798487 0.927467 1.177943
v -0.751768 0.934269 1.168477
v -0.798487 0.927467 1.177943
v -0.785215 0.954010 1.144621
v -0.751768 0.934269 1.168477
v -0.751768 0.934269 1.168477
v -0.785215 0.954010 1.144621
v -0.740834 0.964280 1.141023
v -0.785215 0.954010 1.144621
v -0.772407 0.988399 1.122310
v -0.740834 0.964280 1.141023
v -0.740834 0.964280 1.141023
v -0.772407 0.988399 1.122310
v -0.743183 1.011714 1.115339
v -0.740834 0.964280 1.141023
v -0.743183 1.011714 1.115339
v -0.701808 0.988399 1.141023
v -0.751768 0.934269 1.168477
v -0.740834 0.964280 1.141023
v -0.707520 0.954010 1.165215
v -0.770624 0.911214 1.215814
v -0.751768 0.934269 1.168477
v -0.720792 0.927467 1.198537
v -0.740834 0.964280 1.141023
v -0.701808 0.988399 1.141023
v -0.707520 0.954010 1.165215
v -0.707520 0.954010 1.165215
v -0.701808 0.988399 1.141023
v -0.670075 0.984758 1.168477
v -0.751768 0.934269 1.168477
v -0.707520 0.954010 1.165215
v -0.720792 0.927467 1.198537
v -0.720792 0.927467 1.198537
v -0.707520 0.954010 1.165215
v -0.677843 0.954010 1.198537
v -0.707520 0.954010 1.165215
v -0.670075 0.984758 1.168477
v -0.677843 0.954010 1.198537
v -0.677843 0.954010 1.198537
v -0.670075 0.984758 1.168477
v -0.641021 0.991313 1.215814
v -0.770624 0.911214 1.215814
v -0.720792 0.927467 1.198537
v -0.737986 0.916042 1.231860
v -0.737986 0.916042 1.231860
v -0.720792 0.927467 1.198537
v -0.695319 0.934269 1.231860
v -0.720792 0.927467 1.198537
v -0.677843 0.954010 1.198537
v -0.695319 0.934269 1.231860
v -0.695319 0.934269 1.231860
v -0.677843 0.954010 1.198537
v -0.659935 0.964281 1.231860
v -0.677843 0.954010 1.198537
v -0.641021 0.991313 1.215814
v -0.659935 0.964281 1.231860
v -0.659935 0.964281 1.231860
v -0.641021 0.991313 1.215814
v -0.647332 0.997108 1.273421
v -0.695319 0.934269 1.231860
v -0.659935 0.964281 1.231860
v -0.680321 0.959104 1.278354
v -0.737986 0.916042 1.231860
v -0.695319 0.934269 1.231860
v -0.720792 0.927467 1.265182
v -0.659935 0.964281 1.231860
v -0.647332 0.997108 1.273421
v -0.680321 0.959104 1.278354
v -0.695319 0.934269 1.231860
v -0.680321 0.959104 1.278354
v -0.720792 0.927467 1.265182
v -0.720792 0.927467 1.265182
v -0.680321 0.959104 1.278354
v -0.735858 0.931103 1.282677
v -0.737986 0.916042 1.231860
v -0.720792 0.927467 1.265182
v -0.764953 0.916042 1.262139
v -0.903302 0.988399 1.194433
v -0.875835 0.991409 1.153870
v -0.871730 0.964280 1.175720
v -0.909194 0.984758 1.231860
v -0.903302 0.988399 1.194433
v -0.881251 0.954010 1.211266
v -0.898325 0.984662 1.275259
v -0.909194 0.984758 1.231860
v -0.881251 0.954010 1.252454
v -0.903302 0.988399 1.194433
v -0.871730 0.964280 1.175720
v -0.881251 0.954010 1.211266
v -0.881251 0.954010 1.211266
v -0.871730 0.964280 1.175720
v -0.843103 0.934269 1.192687
v -0.909194 0.984758 1.231860
v -0.881251 0.954010 1.211266
v -0.881251 0.954010 1.252454
v -0.881251 0.954010 1.252454
v -0.881251 0.954010 1.211266
v -0.846504 0.927467 1.231860
v -0.881251 0.954010 1.211266
v -0.843103 0.934269 1.192687
v -0.846504 0.927467 1.231860
v -0.846504 0.927467 1.231860
v -0.843103 0.934269 1.192687
v -0.808584 0.916042 1.213147
v -0.881251 0.954010 1.252454
v -0.846504 0.927467 1.231860
v -0.842697 0.939303 1.281297
v -0.842697 0.939303 1.281297
v -0.846504 0.927467 1.231860
v -0.808584 0.916042 1.250573
v -0.846504 0.927467 1.231860
v -0.808584 0.916042 1.213147
v -0.808584 0.916042 1.250573
v -0.808584 0.916042 1.250573
v -0.808584 0.916042 1.213147
v -0.770624 0.911214 1.215814
v -0.764953 0.916042 1.262139
v -0.735858 0.931103 1.282677
v -0.798972 0.926507 1.283322
v -0.798972 0.926507 1.283322
v -0.808584 0.916042 1.250573
v -0.764953 0.916042 1.262139
v -0.808584 0.916042 1.250573
v -0.798972 0.926507 1.283322
v -0.842697 0.939303 1.281297
v -0.756241 1.116202 1.350000
v -0.781618 1.144504 1.341410
v -0.823038 1.115784 1.346679
v -0.881251 0.954010 1.252454
v -0.842697 0.939303 1.281297
v -0.898325 0.984662 1.275259
v -0.688882 1.113479 1.329946
v -0.736165 1.148146 1.334416
v -0.756241 1.116202 1.350000
v -0.883950 1.148146 1.295243
v -0.911080 1.107601 1.286292
v -0.880446 1.111922 1.318456
v -0.823038 1.115784 1.346679
v -0.852216 1.144504 1.322697
v -0.880446 1.111922 1.318456
v -0.643723 1.107676 1.287225
v -0.672637 1.154497 1.294614
v -0.688882 1.113479 1.329946
v -0.630354 1.104022 1.258998
v -0.643723 1.107676 1.287225
v -0.688882 1.113479 1.329946
v -0.756241 1.116202 1.350000
v -0.823038 1.115784 1.346679
v -0.880446 1.111922 1.318456
v -0.911080 1.107601 1.286292
v -0.923952 1.103855 1.258349
v -0.924200 1.023503 1.252454
v -0.898325 0.984662 1.275259
v -0.926239 1.054903 1.265918
v 0.621624 1.066452 1.231859
v 0.628035 1.062683 1.264836
v 0.630356 1.104022 1.258997
v 0.720794 0.927467 1.265181
v 0.735860 0.931103 1.282676
v 0.680323 0.959105 1.278353
v 0.808586 0.916042 1.250572
v 0.842699 0.939303 1.281296
v 0.798973 0.926507 1.283321
v 0.756243 1.116202 1.349999
v 0.781620 1.144504 1.341409
v 0.736167 1.148146 1.334415
v 0.688884 1.113479 1.329945
v 0.736167 1.148146 1.334415
v 0.694356 1.144504 1.318278
v 0.688884 1.113479 1.329945
v 0.694356 1.144504 1.318278
v 0.672639 1.154497 1.294613
v 0.643725 1.107676 1.287225
v 0.672639 1.154497 1.294613
v 0.650724 1.144504 1.269285
v 0.926240 1.054903 1.265917
v 0.924201 1.023503 1.252453
v 0.932404 1.066452 1.231859
v 0.923953 1.103855 1.258348
v 0.911082 1.107601 1.286291
v 0.880448 1.111923 1.318454
v 0.823040 1.115784 1.346678
v 0.756243 1.116202 1.349999
v 0.688884 1.113479 1.329945
v 0.643725 1.107676 1.287225
v 0.630356 1.104022 1.258997
v 0.647333 0.997108 1.273420
v 0.680323 0.959105 1.278353
v 0.735860 0.931103 1.282676
v 0.798973 0.926507 1.283321
v 0.842699 0.939303 1.281296
v 0.898326 0.984662 1.275258
v 0.926240 1.054903 1.265917
v 0.923953 1.103855 1.258348
v 0.630356 1.104022 1.258997
v 0.628035 1.062683 1.264836
v -0.764953 0.916042 1.262139
v -0.720792 0.927467 1.265182
v -0.735858 0.931103 1.282677
v -0.736165 1.148146 1.334416
v -0.781618 1.144504 1.341410
v -0.756241 1.116202 1.350000
v -0.694354 1.144504 1.318278
v -0.736165 1.148146 1.334416
v -0.688882 1.113479 1.329946
v -0.672637 1.154497 1.294614
v -0.694354 1.144504 1.318278
v -0.688882 1.113479 1.329946
v -0.880446 1.111922 1.318456
v -0.852216 1.144504 1.322697
v -0.883950 1.148146 1.295243
v -0.650722 1.144504 1.269286
v -0.672637 1.154497 1.294614
v -0.643723 1.107676 1.287225
v -0.932402 1.066452 1.231860
v -0.924200 1.023503 1.252454
v -0.926239 1.054903 1.265918
v -0.823038 1.115784 1.346679
v -0.781618 1.144504 1.341410
v -0.816159 1.154804 1.332528
v -0.926239 1.054903 1.265918
v -0.923952 1.103855 1.258349
v -0.932402 1.066452 1.231860
v -0.735858 0.931103 1.282677
v -0.680321 0.959104 1.278354
v -0.647332 0.997108 1.273421
v -0.628033 1.062683 1.264837
v -0.630354 1.104022 1.258998
v -0.923952 1.103855 1.258349
v -0.926239 1.054903 1.265918
v -0.898325 0.984662 1.275259
v -0.842697 0.939303 1.281297
v -0.798972 0.926507 1.283322
v -0.823038 1.115784 1.346679
v -0.816159 1.154804 1.332528
v -0.852216 1.144504 1.322697
v 0.776718 0.969347 1.269694
v 0.792677 0.973176 1.277802
v 0.763556 0.974626 1.278998
v 0.776718 0.969347 1.269694
v 0.763556 0.974626 1.278998
v 0.756965 0.972687 1.269225
v 0.825181 1.001556 1.281485
v 0.836714 0.997844 1.272435
v 0.846456 1.034398 1.274327
v 0.825181 1.001556 1.281485
v 0.846456 1.034398 1.274327
v 0.831945 1.043997 1.281312
v 0.825181 0.999089 1.256765
v 0.820494 1.036361 1.245674
v 0.846456 1.032698 1.257293
v 0.846850 1.066535 1.260789
v 0.832716 1.084533 1.253414
v 0.830626 1.091810 1.262654
v 0.830626 1.091810 1.262654
v 0.832716 1.084533 1.253414
v 0.812583 1.105186 1.261255
v 0.801481 1.109209 1.255603
v 0.803398 1.092923 1.245543
v 0.774218 1.112084 1.253549
v 0.812583 1.105186 1.261255
v 0.832716 1.084533 1.253414
v 0.801481 1.109209 1.255603
v 0.832716 1.084533 1.253414
v 0.803398 1.092923 1.245543
v 0.801481 1.109209 1.255603
v 0.803398 1.092923 1.245543
v 0.756620 1.082775 1.242900
v 0.774218 1.112084 1.253549
v 0.774218 1.112084 1.253549
v 0.756620 1.082775 1.242900
v 0.747260 1.105138 1.255714
v 0.756620 1.082775 1.242900
v 0.733264 1.080865 1.248606
v 0.747260 1.105138 1.255714
v 0.803398 1.092923 1.245543
v 0.784260 1.066578 1.240745
v 0.756620 1.082775 1.242900
v 0.733264 1.080865 1.248606
v 0.725449 1.086820 1.255347
v 0.747260 1.105138 1.255714
v 0.774218 1.112084 1.253549
v 0.747260 1.105138 1.255714
v 0.756949 1.108721 1.263490
v 0.725449 1.086820 1.255347
v 0.721732 1.085182 1.263721
v 0.747260 1.105138 1.255714
v 0.747260 1.105138 1.255714
v 0.721732 1.085182 1.263721
v 0.756949 1.108721 1.263490
v 0.721732 1.085182 1.263721
v 0.733265 1.083332 1.273326
v 0.756949 1.108721 1.263490
v 0.756949 1.108721 1.263490
v 0.778681 1.110470 1.265703
v 0.774218 1.112084 1.253549
v 0.733265 1.083332 1.273326
v 0.756620 1.086331 1.278542
v 0.756949 1.108721 1.263490
v 0.756949 1.108721 1.263490
v 0.756620 1.086331 1.278542
v 0.778681 1.110470 1.265703
v 0.778681 1.110470 1.265703
v 0.756620 1.086331 1.278542
v 0.803398 1.095757 1.273946
v 0.756620 1.086331 1.278542
v 0.791895 1.063853 1.285448
v 0.803398 1.095757 1.273946
v 0.778681 1.110470 1.265703
v 0.801481 1.109209 1.255603
v 0.774218 1.112084 1.253549
v 0.803398 1.095757 1.273946
v 0.812583 1.105186 1.261255
v 0.778681 1.110470 1.265703
v 0.778681 1.110470 1.265703
v 0.812583 1.105186 1.261255
v 0.801481 1.109209 1.255603
v 0.803398 1.095757 1.273946
v 0.830626 1.091810 1.262654
v 0.812583 1.105186 1.261255
v 0.803398 1.095757 1.273946
v 0.836218 1.079412 1.269270
v 0.830626 1.091810 1.262654
v 0.836218 1.079412 1.269270
v 0.846850 1.066535 1.260789
v 0.830626 1.091810 1.262654
v 0.846456 1.032698 1.257293
v 0.838753 1.054141 1.250895
v 0.846850 1.066535 1.260789
v 0.846850 1.066535 1.260789
v 0.838753 1.054141 1.250895
v 0.832716 1.084533 1.253414
v 0.838753 1.054141 1.250895
v 0.803398 1.092923 1.245543
v 0.832716 1.084533 1.253414
v 0.846456 1.032698 1.257293
v 0.820494 1.036361 1.245674
v 0.838753 1.054141 1.250895
v 0.838753 1.054141 1.250895
v 0.820494 1.036361 1.245674
v 0.803398 1.092923 1.245543
v 0.820494 1.036361 1.245674
v 0.784260 1.066578 1.240745
v 0.803398 1.092923 1.245543
v 0.767510 1.020088 1.244240
v 0.756620 1.082775 1.242900
v 0.784260 1.066578 1.240745
v 0.767510 1.020088 1.244240
v 0.726500 1.038424 1.248779
v 0.756620 1.082775 1.242900
v 0.756620 1.082775 1.242900
v 0.726500 1.038424 1.248779
v 0.733264 1.080865 1.248606
v 0.711989 1.048023 1.255764
v 0.725449 1.086820 1.255347
v 0.733264 1.080865 1.248606
v 0.714962 1.012293 1.260951
v 0.707426 1.053853 1.263784
v 0.711989 1.048023 1.255764
v 0.711989 1.048023 1.255764
v 0.707426 1.053853 1.263784
v 0.725449 1.086820 1.255347
v 0.707426 1.053853 1.263784
v 0.721732 1.085182 1.263721
v 0.725449 1.086820 1.255347
v 0.714962 1.012293 1.260951
v 0.712885 1.014211 1.272164
v 0.707426 1.053853 1.263784
v 0.712885 1.014211 1.272164
v 0.711989 1.049723 1.272798
v 0.707426 1.053853 1.263784
v 0.707426 1.053853 1.263784
v 0.711989 1.049723 1.272798
v 0.721732 1.085182 1.263721
v 0.711989 1.049723 1.272798
v 0.733265 1.083332 1.273326
v 0.721732 1.085182 1.263721
v 0.726500 1.041692 1.281542
v 0.756620 1.086331 1.278542
v 0.733265 1.083332 1.273326
v 0.726500 1.041692 1.281542
v 0.767510 1.024616 1.289615
v 0.756620 1.086331 1.278542
v 0.767510 1.024616 1.289615
v 0.791895 1.063853 1.285448
v 0.756620 1.086331 1.278542
v 0.791895 1.063853 1.285448
v 0.831945 1.043997 1.281312
v 0.803398 1.095757 1.273946
v 0.831945 1.043997 1.281312
v 0.836218 1.079412 1.269270
v 0.803398 1.095757 1.273946
v 0.831945 1.043997 1.281312
v 0.846923 1.060515 1.269087
v 0.836218 1.079412 1.269270
v 0.831945 1.043997 1.281312
v 0.846456 1.034398 1.274327
v 0.846923 1.060515 1.269087
v 0.846923 1.060515 1.269087
v 0.846850 1.066535 1.260789
v 0.836218 1.079412 1.269270
v 0.820494 1.036361 1.245674
v 0.767510 1.020088 1.244240
v 0.784260 1.066578 1.240745
v 0.801825 0.996090 1.251549
v 0.767510 1.020088 1.244240
v 0.820494 1.036361 1.245674
v 0.820494 1.036361 1.245674
v 0.825181 0.999089 1.256765
v 0.801825 0.996090 1.251549
v 0.726500 1.038424 1.248779
v 0.711989 1.048023 1.255764
v 0.733264 1.080865 1.248606
v 0.726500 1.038424 1.248779
v 0.714962 1.012293 1.260951
v 0.711989 1.048023 1.255764
v 0.767510 1.020088 1.244240
v 0.755047 0.986664 1.256145
v 0.726500 1.038424 1.248779
v 0.755047 0.986664 1.256145
v 0.714962 1.012293 1.260951
v 0.726500 1.038424 1.248779
v 0.711989 1.049723 1.272798
v 0.726500 1.041692 1.281542
v 0.733265 1.083332 1.273326
v 0.711989 1.049723 1.272798
v 0.712885 1.014211 1.272164
v 0.726500 1.041692 1.281542
v 0.712885 1.014211 1.272164
v 0.742279 0.997350 1.283765
v 0.726500 1.041692 1.281542
v 0.726500 1.041692 1.281542
v 0.742279 0.997350 1.283765
v 0.767510 1.024616 1.289615
v 0.767510 1.024616 1.289615
v 0.801826 0.999646 1.287191
v 0.791895 1.063853 1.285448
v 0.791895 1.063853 1.285448
v 0.801826 0.999646 1.287191
v 0.831945 1.043997 1.281312
v 0.801826 0.999646 1.287191
v 0.825181 1.001556 1.281485
v 0.831945 1.043997 1.281312
v 0.846456 1.034398 1.274327
v 0.851019 1.028568 1.266307
v 0.846923 1.060515 1.269087
v 0.846923 1.060515 1.269087
v 0.851019 1.028568 1.266307
v 0.846850 1.066535 1.260789
v 0.851019 1.028568 1.266307
v 0.846456 1.032698 1.257293
v 0.846850 1.066535 1.260789
v 0.846456 1.034398 1.274327
v 0.836714 0.997844 1.272435
v 0.851019 1.028568 1.266307
v 0.836714 0.997844 1.272435
v 0.832997 0.994584 1.264550
v 0.851019 1.028568 1.266307
v 0.851019 1.028568 1.266307
v 0.832997 0.994584 1.264550
v 0.846456 1.032698 1.257293
v 0.832997 0.994584 1.264550
v 0.825181 0.999089 1.256765
v 0.846456 1.032698 1.257293
v 0.798888 0.973480 1.265401
v 0.801825 0.996090 1.251549
v 0.825181 0.999089 1.256765
v 0.776718 0.969347 1.269694
v 0.755047 0.986664 1.256145
v 0.798888 0.973480 1.265401
v 0.798888 0.973480 1.265401
v 0.755047 0.986664 1.256145
v 0.801825 0.996090 1.251549
v 0.801825 0.996090 1.251549
v 0.755047 0.986664 1.256145
v 0.767510 1.020088 1.244240
v 0.776718 0.969347 1.269694
v 0.756965 0.972687 1.269225
v 0.755047 0.986664 1.256145
v 0.756965 0.972687 1.269225
v 0.736867 0.982767 1.268284
v 0.755047 0.986664 1.256145
v 0.755047 0.986664 1.256145
v 0.736867 0.982767 1.268284
v 0.714962 1.012293 1.260951
v 0.736867 0.982767 1.268284
v 0.727819 0.991136 1.272699
v 0.714962 1.012293 1.260951
v 0.727819 0.991136 1.272699
v 0.712885 1.014211 1.272164
v 0.714962 1.012293 1.260951
v 0.756965 0.972687 1.269225
v 0.763556 0.974626 1.278998
v 0.736867 0.982767 1.268284
v 0.727819 0.991136 1.272699
v 0.742279 0.997350 1.283765
v 0.712885 1.014211 1.272164
v 0.736867 0.982767 1.268284
v 0.763556 0.974626 1.278998
v 0.727819 0.991136 1.272699
v 0.763556 0.974626 1.278998
v 0.742279 0.997350 1.283765
v 0.727819 0.991136 1.272699
v 0.832997 0.994584 1.264550
v 0.798888 0.973480 1.265401
v 0.825181 0.999089 1.256765
v 0.836714 0.997844 1.272435
v 0.811185 0.977283 1.274377
v 0.832997 0.994584 1.264550
v 0.832997 0.994584 1.264550
v 0.811185 0.977283 1.274377
v 0.798888 0.973480 1.265401
v 0.825181 1.001556 1.281485
v 0.811185 0.977283 1.274377
v 0.836714 0.997844 1.272435
v 0.811185 0.977283 1.274377
v 0.792677 0.973176 1.277802
v 0.798888 0.973480 1.265401
v 0.792677 0.973176 1.277802
v 0.776718 0.969347 1.269694
v 0.798888 0.973480 1.265401
v 0.763556 0.974626 1.278998
v 0.801826 0.999646 1.287191
v 0.742279 0.997350 1.283765
v 0.742279 0.997350 1.283765
v 0.801826 0.999646 1.287191
v 0.767510 1.024616 1.289615
v 0.763556 0.974626 1.278998
v 0.792677 0.973176 1.277802
v 0.801826 0.999646 1.287191
v 0.792677 0.973176 1.277802
v 0.811185 0.977283 1.274377
v 0.801826 0.999646 1.287191
v 0.811185 0.977283 1.274377
v 0.825181 1.001556 1.281485
v 0.801826 0.999646 1.287191
v -0.776716 0.969845 1.274690
v -0.782586 0.970705 1.265101
v -0.750514 0.974844 1.273239
v -0.825179 1.001556 1.281486
v -0.842385 1.038397 1.278192
v -0.832995 0.995601 1.274745
v -0.825179 0.999090 1.256766
v -0.846454 1.032698 1.257294
v -0.831944 1.040728 1.248551
v -0.846849 1.066877 1.264215
v -0.830625 1.091285 1.257393
v -0.836216 1.077824 1.253357
v -0.807928 1.107577 1.256855
v -0.774217 1.112084 1.253551
v -0.803397 1.092923 1.245544
v -0.830625 1.091285 1.257393
v -0.807928 1.107577 1.256855
v -0.803397 1.092923 1.245544
v -0.830625 1.091285 1.257393
v -0.803397 1.092923 1.245544
v -0.836216 1.077824 1.253357
v -0.803397 1.092923 1.245544
v -0.774217 1.112084 1.253551
v -0.756618 1.082775 1.242901
v -0.774217 1.112084 1.253551
v -0.747259 1.105138 1.255715
v -0.756618 1.082775 1.242901
v -0.756618 1.082775 1.242901
v -0.747259 1.105138 1.255715
v -0.733263 1.080865 1.248607
v -0.803397 1.092923 1.245544
v -0.756618 1.082775 1.242901
v -0.790934 1.057805 1.240477
v -0.733263 1.080865 1.248607
v -0.747259 1.105138 1.255715
v -0.721730 1.084576 1.257657
v -0.774217 1.112084 1.253551
v -0.756948 1.108721 1.263491
v -0.747259 1.105138 1.255715
v -0.721730 1.084576 1.257657
v -0.747259 1.105138 1.255715
v -0.725447 1.087837 1.265542
v -0.747259 1.105138 1.255715
v -0.756948 1.108721 1.263491
v -0.725447 1.087837 1.265542
v -0.725447 1.087837 1.265542
v -0.756948 1.108721 1.263491
v -0.733263 1.083332 1.273327
v -0.756948 1.108721 1.263491
v -0.774217 1.112084 1.253551
v -0.778679 1.110470 1.265704
v -0.733263 1.083332 1.273327
v -0.756948 1.108721 1.263491
v -0.756618 1.086331 1.278543
v -0.756948 1.108721 1.263491
v -0.778679 1.110470 1.265704
v -0.756618 1.086331 1.278543
v -0.778679 1.110470 1.265704
v -0.803397 1.095757 1.273947
v -0.756618 1.086331 1.278543
v -0.756618 1.086331 1.278543
v -0.803397 1.095757 1.273947
v -0.790933 1.062333 1.285853
v -0.778679 1.110470 1.265704
v -0.774217 1.112084 1.253551
v -0.807928 1.107577 1.256855
v -0.803397 1.095757 1.273947
v -0.778679 1.110470 1.265704
v -0.816131 1.101255 1.265316
v -0.778679 1.110470 1.265704
v -0.807928 1.107577 1.256855
v -0.816131 1.101255 1.265316
v -0.816131 1.101255 1.265316
v -0.807928 1.107577 1.256855
v -0.830625 1.091285 1.257393
v -0.803397 1.095757 1.273947
v -0.816131 1.101255 1.265316
v -0.836216 1.079412 1.269271
v -0.816131 1.101255 1.265316
v -0.830625 1.091285 1.257393
v -0.836216 1.079412 1.269271
v -0.836216 1.079412 1.269271
v -0.830625 1.091285 1.257393
v -0.846849 1.066877 1.264215
v -0.846921 1.059336 1.257270
v -0.846849 1.066877 1.264215
v -0.836216 1.077824 1.253357
v -0.846454 1.032698 1.257294
v -0.846921 1.059336 1.257270
v -0.831944 1.040728 1.248551
v -0.846921 1.059336 1.257270
v -0.836216 1.077824 1.253357
v -0.831944 1.040728 1.248551
v -0.831944 1.040728 1.248551
v -0.836216 1.077824 1.253357
v -0.803397 1.092923 1.245544
v -0.831944 1.040728 1.248551
v -0.803397 1.092923 1.245544
v -0.790934 1.057805 1.240477
v -0.756738 1.022269 1.245167
v -0.790934 1.057805 1.240477
v -0.756618 1.082775 1.242901
v -0.756738 1.022269 1.245167
v -0.756618 1.082775 1.242901
v -0.726499 1.038424 1.248780
v -0.756618 1.082775 1.242901
v -0.733263 1.080865 1.248607
v -0.726499 1.038424 1.248780
v -0.711988 1.048024 1.255765
v -0.733263 1.080865 1.248607
v -0.721730 1.084576 1.257657
v -0.712884 1.013336 1.263403
v -0.711988 1.048024 1.255765
v -0.707425 1.053853 1.263785
v -0.711988 1.048024 1.255765
v -0.721730 1.084576 1.257657
v -0.707425 1.053853 1.263785
v -0.707425 1.053853 1.263785
v -0.721730 1.084576 1.257657
v -0.725447 1.087837 1.265542
v -0.712884 1.013336 1.263403
v -0.707425 1.053853 1.263785
v -0.714961 1.013673 1.274775
v -0.714961 1.013673 1.274775
v -0.707425 1.053853 1.263785
v -0.711988 1.049723 1.272799
v -0.707425 1.053853 1.263785
v -0.725447 1.087837 1.265542
v -0.711988 1.049723 1.272799
v -0.711988 1.049723 1.272799
v -0.725447 1.087837 1.265542
v -0.733263 1.083332 1.273327
v -0.726499 1.041693 1.281543
v -0.733263 1.083332 1.273327
v -0.756618 1.086331 1.278543
v -0.726499 1.041693 1.281543
v -0.756618 1.086331 1.278543
v -0.756738 1.026571 1.288277
v -0.756738 1.026571 1.288277
v -0.756618 1.086331 1.278543
v -0.790933 1.062333 1.285853
v -0.842385 1.038397 1.278192
v -0.790933 1.062333 1.285853
v -0.838751 1.056682 1.276364
v -0.790933 1.062333 1.285853
v -0.803397 1.095757 1.273947
v -0.838751 1.056682 1.276364
v -0.838751 1.056682 1.276364
v -0.803397 1.095757 1.273947
v -0.836216 1.079412 1.269271
v -0.842385 1.038397 1.278192
v -0.838751 1.056682 1.276364
v -0.846849 1.066877 1.264215
v -0.838751 1.056682 1.276364
v -0.836216 1.079412 1.269271
v -0.846849 1.066877 1.264215
v -0.831944 1.040728 1.248551
v -0.790934 1.057805 1.240477
v -0.798411 0.997797 1.250340
v -0.798411 0.997797 1.250340
v -0.790934 1.057805 1.240477
v -0.756738 1.022269 1.245167
v -0.831944 1.040728 1.248551
v -0.798411 0.997797 1.250340
v -0.825179 0.999090 1.256766
v -0.726499 1.038424 1.248780
v -0.733263 1.080865 1.248607
v -0.711988 1.048024 1.255765
v -0.726499 1.038424 1.248780
v -0.711988 1.048024 1.255765
v -0.712884 1.013336 1.263403
v -0.756738 1.022269 1.245167
v -0.726499 1.038424 1.248780
v -0.742277 0.994516 1.255363
v -0.726499 1.038424 1.248780
v -0.712884 1.013336 1.263403
v -0.742277 0.994516 1.255363
v -0.711988 1.049723 1.272799
v -0.733263 1.083332 1.273327
v -0.726499 1.041693 1.281543
v -0.711988 1.049723 1.272799
v -0.726499 1.041693 1.281543
v -0.714961 1.013673 1.274775
v -0.714961 1.013673 1.274775
v -0.726499 1.041693 1.281543
v -0.755045 0.989499 1.284549
v -0.726499 1.041693 1.281543
v -0.756738 1.026571 1.288277
v -0.755045 0.989499 1.284549
v -0.756738 1.026571 1.288277
v -0.790933 1.062333 1.285853
v -0.798411 1.001558 1.288042
v -0.790933 1.062333 1.285853
v -0.842385 1.038397 1.278192
v -0.798411 1.001558 1.288042
v -0.798411 1.001558 1.288042
v -0.842385 1.038397 1.278192
v -0.825179 1.001556 1.281486
v -0.842385 1.038397 1.278192
v -0.846849 1.066877 1.264215
v -0.851017 1.028568 1.266308
v -0.846849 1.066877 1.264215
v -0.846921 1.059336 1.257270
v -0.851017 1.028568 1.266308
v -0.851017 1.028568 1.266308
v -0.846921 1.059336 1.257270
v -0.846454 1.032698 1.257294
v -0.842385 1.038397 1.278192
v -0.851017 1.028568 1.266308
v -0.832995 0.995601 1.274745
v -0.832995 0.995601 1.274745
v -0.851017 1.028568 1.266308
v -0.836712 0.997239 1.266371
v -0.851017 1.028568 1.266308
v -0.846454 1.032698 1.257294
v -0.836712 0.997239 1.266371
v -0.836712 0.997239 1.266371
v -0.846454 1.032698 1.257294
v -0.825179 0.999090 1.256766
v -0.811184 0.976699 1.268531
v -0.825179 0.999090 1.256766
v -0.798411 0.997797 1.250340
v -0.811184 0.976699 1.268531
v -0.798411 0.997797 1.250340
v -0.782586 0.970705 1.265101
v -0.782586 0.970705 1.265101
v -0.798411 0.997797 1.250340
v -0.742277 0.994516 1.255363
v -0.742277 0.994516 1.255363
v -0.798411 0.997797 1.250340
v -0.756738 1.022269 1.245167
v -0.782586 0.970705 1.265101
v -0.742277 0.994516 1.255363
v -0.742312 0.981166 1.264777
v -0.742312 0.981166 1.264777
v -0.742277 0.994516 1.255363
v -0.712884 1.013336 1.263403
v -0.782586 0.970705 1.265101
v -0.742312 0.981166 1.264777
v -0.750514 0.974844 1.273239
v -0.750514 0.974844 1.273239
v -0.742312 0.981166 1.264777
v -0.727817 0.991136 1.272700
v -0.742312 0.981166 1.264777
v -0.712884 1.013336 1.263403
v -0.727817 0.991136 1.272700
v -0.727817 0.991136 1.272700
v -0.712884 1.013336 1.263403
v -0.714961 1.013673 1.274775
v -0.750514 0.974844 1.273239
v -0.727817 0.991136 1.272700
v -0.755045 0.989499 1.284549
v -0.727817 0.991136 1.272700
v -0.714961 1.013673 1.274775
v -0.755045 0.989499 1.284549
v -0.776716 0.969845 1.274690
v -0.750514 0.974844 1.273239
v -0.755045 0.989499 1.284549
v -0.836712 0.997239 1.266371
v -0.825179 0.999090 1.256766
v -0.811184 0.976699 1.268531
v -0.832995 0.995601 1.274745
v -0.836712 0.997239 1.266371
v -0.811184 0.976699 1.268531
v -0.825179 1.001556 1.281486
v -0.832995 0.995601 1.274745
v -0.798886 0.974745 1.278081
v -0.832995 0.995601 1.274745
v -0.811184 0.976699 1.268531
v -0.798886 0.974745 1.278081
v -0.811184 0.976699 1.268531
v -0.782586 0.970705 1.265101
v -0.798886 0.974745 1.278081
v -0.798886 0.974745 1.278081
v -0.782586 0.970705 1.265101
v -0.776716 0.969845 1.274690
v -0.755045 0.989499 1.284549
v -0.756738 1.026571 1.288277
v -0.798411 1.001558 1.288042
v -0.776716 0.969845 1.274690
v -0.755045 0.989499 1.284549
v -0.798886 0.974745 1.278081
v -0.755045 0.989499 1.284549
v -0.798411 1.001558 1.288042
v -0.798886 0.974745 1.278081
v -0.798886 0.974745 1.278081
v -0.798411 1.001558 1.288042
v -0.825179 1.001556 1.281486
vt 0.818181 1.000000
vt 0.795454 0.960635
vt 0.840908 0.960635
vt 0.090909 1.000000
vt 0.068182 0.960635
vt 0.113636 0.960635
vt 0.205387 0.842539
vt 0.129252 0.829589
vt 0.159091 0.803174
vt 0.375109 0.822667
vt 0.318181 0.842539
vt 0.340909 0.803174
vt 0.205387 0.842539
vt 0.159091 0.803174
vt 0.204545 0.803174
vt 0.522666 0.842539
vt 0.522727 0.803174
vt 0.568181 0.803174
vt 0.295515 0.685079
vt 0.227273 0.685079
vt 0.250000 0.645714
vt 0.443072 0.704951
vt 0.409091 0.685079
vt 0.431818 0.645714
vt 0.659932 0.685079
vt 0.590909 0.685079
vt 0.613636 0.645714
vt 0.590909 0.606349
vt 0.545454 0.606349
vt 0.568181 0.566983
vt 0.613636 0.645714
vt 0.568181 0.645714
vt 0.590909 0.606349
vt 0.568181 0.566983
vt 0.545454 0.606349
vt 0.533670 0.548030
vt 0.545454 0.606349
vt 0.499999 0.606349
vt 0.533670 0.548030
vt 0.590909 0.606349
vt 0.568181 0.645714
vt 0.545454 0.606349
vt 0.568181 0.645714
vt 0.522727 0.645714
vt 0.545454 0.606349
vt 0.545454 0.606349
vt 0.522727 0.645714
vt 0.499999 0.606349
vt 0.522727 0.645714
vt 0.477272 0.645714
vt 0.499999 0.606349
vt 0.613636 0.645714
vt 0.590909 0.685079
vt 0.568181 0.645714
vt 0.590909 0.685079
vt 0.545454 0.685079
vt 0.568181 0.645714
vt 0.568181 0.645714
vt 0.545454 0.685079
vt 0.522727 0.645714
vt 0.545454 0.685079
vt 0.499999 0.685079
vt 0.522727 0.645714
vt 0.522727 0.645714
vt 0.499999 0.685079
vt 0.477272 0.645714
vt 0.499999 0.685079
vt 0.443072 0.704951
vt 0.477272 0.645714
vt 0.409090 0.606349
vt 0.363636 0.606349
vt 0.375420 0.548030
vt 0.431818 0.645714
vt 0.386363 0.645714
vt 0.409090 0.606349
vt 0.375420 0.548030
vt 0.363636 0.606349
vt 0.340909 0.566983
vt 0.363636 0.606349
vt 0.318181 0.606349
vt 0.340909 0.566983
vt 0.409090 0.606349
vt 0.386363 0.645714
vt 0.363636 0.606349
vt 0.386363 0.645714
vt 0.340909 0.645714
vt 0.363636 0.606349
vt 0.363636 0.606349
vt 0.340909 0.645714
vt 0.318181 0.606349
vt 0.340909 0.645714
vt 0.295454 0.645714
vt 0.318181 0.606349
vt 0.431818 0.645714
vt 0.409091 0.685079
vt 0.386363 0.645714
vt 0.409091 0.685079
vt 0.363636 0.685079
vt 0.386363 0.645714
vt 0.386363 0.645714
vt 0.363636 0.685079
vt 0.340909 0.645714
vt 0.363636 0.685079
vt 0.295515 0.685079
vt 0.340909 0.645714
vt 0.340909 0.645714
vt 0.295515 0.685079
vt 0.295454 0.645714
vt 0.204545 0.566983
vt 0.159091 0.566983
vt 0.181818 0.527618
vt 0.227272 0.606349
vt 0.181818 0.606349
vt 0.204545 0.566983
vt 0.250000 0.645714
vt 0.204545 0.645714
vt 0.227272 0.606349
vt 0.204545 0.566983
vt 0.181818 0.606349
vt 0.159091 0.566983
vt 0.181818 0.606349
vt 0.136363 0.606349
vt 0.159091 0.566983
vt 0.227272 0.606349
vt 0.204545 0.645714
vt 0.181818 0.606349
vt 0.204545 0.645714
vt 0.159091 0.645714
vt 0.181818 0.606349
vt 0.181818 0.606349
vt 0.159091 0.645714
vt 0.136363 0.606349
vt 0.159091 0.645714
vt 0.102941 0.664238
vt 0.136363 0.606349
vt 0.250000 0.645714
vt 0.227273 0.685079
vt 0.204545 0.645714
vt 0.227273 0.685079
vt 0.181818 0.685079
vt 0.204545 0.645714
vt 0.204545 0.645714
vt 0.181818 0.685079
vt 0.159091 0.645714
vt 0.181818 0.685079
vt 0.136364 0.685079
vt 0.159091 0.645714
vt 0.159091 0.645714
vt 0.136364 0.685079
vt 0.102941 0.664238
vt 0.931817 0.566983
vt 0.886363 0.566983
vt 0.909090 0.527618
vt 0.954545 0.606349
vt 0.909090 0.606349
vt 0.931817 0.566983
vt 0.987968 0.664238
vt 0.931818 0.645714
vt 0.954545 0.606349
vt 0.931817 0.566983
vt 0.909090 0.606349
vt 0.886363 0.566983
vt 0.909090 0.606349
vt 0.863635 0.606349
vt 0.886363 0.566983
vt 0.954545 0.606349
vt 0.931818 0.645714
vt 0.909090 0.606349
vt 0.931818 0.645714
vt 0.886363 0.645714
vt 0.909090 0.606349
vt 0.909090 0.606349
vt 0.886363 0.645714
vt 0.863635 0.606349
vt 0.886363 0.645714
vt 0.830557 0.663643
vt 0.863635 0.606349
vt 0.987968 0.664238
vt 0.954545 0.685079
vt 0.931818 0.645714
vt 0.954545 0.685079
vt 0.909090 0.685079
vt 0.931818 0.645714
vt 0.931818 0.645714
vt 0.909090 0.685079
vt 0.886363 0.645714
vt 0.909090 0.685079
vt 0.863636 0.685079
vt 0.886363 0.645714
vt 0.886363 0.645714
vt 0.863636 0.685079
vt 0.830557 0.663643
vt 0.749999 0.566983
vt 0.704545 0.566983
vt 0.727272 0.527618
vt 0.772726 0.606349
vt 0.727272 0.606349
vt 0.749999 0.566983
vt 0.805805 0.663643
vt 0.749999 0.645714
vt 0.772726 0.606349
vt 0.749999 0.566983
vt 0.727272 0.606349
vt 0.704545 0.566983
vt 0.727272 0.606349
vt 0.681817 0.606349
vt 0.704545 0.566983
vt 0.772726 0.606349
vt 0.749999 0.645714
vt 0.727272 0.606349
vt 0.749999 0.645714
vt 0.704545 0.645714
vt 0.727272 0.606349
vt 0.727272 0.606349
vt 0.704545 0.645714
vt 0.681817 0.606349
vt 0.704545 0.645714
vt 0.659090 0.645714
vt 0.681817 0.606349
vt 0.805805 0.663643
vt 0.772727 0.685079
vt 0.749999 0.645714
vt 0.772727 0.685079
vt 0.727272 0.685079
vt 0.749999 0.645714
vt 0.749999 0.645714
vt 0.727272 0.685079
vt 0.704545 0.645714
vt 0.727272 0.685079
vt 0.659932 0.685079
vt 0.704545 0.645714
vt 0.704545 0.645714
vt 0.659932 0.685079
vt 0.659090 0.645714
vt 0.613636 0.724444
vt 0.590909 0.685079
vt 0.659932 0.685079
vt 0.590909 0.763809
vt 0.568181 0.724444
vt 0.613636 0.724444
vt 0.568181 0.803174
vt 0.545454 0.763809
vt 0.590909 0.763809
vt 0.613636 0.724444
vt 0.568181 0.724444
vt 0.590909 0.685079
vt 0.568181 0.724444
vt 0.545454 0.685079
vt 0.590909 0.685079
vt 0.590909 0.763809
vt 0.545454 0.763809
vt 0.568181 0.724444
vt 0.545454 0.763809
vt 0.522727 0.724444
vt 0.568181 0.724444
vt 0.568181 0.724444
vt 0.522727 0.724444
vt 0.545454 0.685079
vt 0.522727 0.724444
vt 0.499999 0.685079
vt 0.545454 0.685079
vt 0.568181 0.803174
vt 0.522727 0.803174
vt 0.545454 0.763809
vt 0.522727 0.803174
vt 0.499999 0.763809
vt 0.545454 0.763809
vt 0.545454 0.763809
vt 0.499999 0.763809
vt 0.522727 0.724444
vt 0.499999 0.763809
vt 0.477272 0.724444
vt 0.522727 0.724444
vt 0.522727 0.724444
vt 0.477272 0.724444
vt 0.499999 0.685079
vt 0.477272 0.724444
vt 0.443072 0.704951
vt 0.499999 0.685079
vt 0.409090 0.763809
vt 0.386363 0.724444
vt 0.443072 0.704951
vt 0.375109 0.822667
vt 0.363636 0.763809
vt 0.409090 0.763809
vt 0.443072 0.704951
vt 0.386363 0.724444
vt 0.409091 0.685079
vt 0.386363 0.724444
vt 0.363636 0.685079
vt 0.409091 0.685079
vt 0.409090 0.763809
vt 0.363636 0.763809
vt 0.386363 0.724444
vt 0.363636 0.763809
vt 0.340909 0.724444
vt 0.386363 0.724444
vt 0.386363 0.724444
vt 0.340909 0.724444
vt 0.363636 0.685079
vt 0.340909 0.724444
vt 0.295515 0.685079
vt 0.363636 0.685079
vt 0.375109 0.822667
vt 0.340909 0.803174
vt 0.363636 0.763809
vt 0.340909 0.803174
vt 0.318181 0.763809
vt 0.363636 0.763809
vt 0.363636 0.763809
vt 0.318181 0.763809
vt 0.340909 0.724444
vt 0.318181 0.763809
vt 0.295454 0.724444
vt 0.340909 0.724444
vt 0.340909 0.724444
vt 0.295454 0.724444
vt 0.295515 0.685079
vt 0.250000 0.724444
vt 0.227273 0.685079
vt 0.295515 0.685079
vt 0.227272 0.763809
vt 0.204545 0.724444
vt 0.250000 0.724444
vt 0.204545 0.803174
vt 0.181818 0.763809
vt 0.227272 0.763809
vt 0.250000 0.724444
vt 0.204545 0.724444
vt 0.227273 0.685079
vt 0.204545 0.724444
vt 0.181818 0.685079
vt 0.227273 0.685079
vt 0.227272 0.763809
vt 0.181818 0.763809
vt 0.204545 0.724444
vt 0.181818 0.763809
vt 0.150898 0.728912
vt 0.204545 0.724444
vt 0.204545 0.724444
vt 0.150898 0.728912
vt 0.181818 0.685079
vt 0.150898 0.728912
vt 0.136364 0.685079
vt 0.181818 0.685079
vt 0.204545 0.803174
vt 0.159091 0.803174
vt 0.181818 0.763809
vt 0.143497 0.767585
vt 0.181818 0.763809
vt 0.159091 0.803174
vt 0.114397 0.721999
vt 0.136364 0.685079
vt 0.150898 0.728912
vt 0.705270 0.725962
vt 0.659932 0.685079
vt 0.727272 0.685079
vt 0.705270 0.725962
vt 0.668523 0.726549
vt 0.659932 0.685079
vt 0.499999 0.763809
vt 0.454545 0.763809
vt 0.477272 0.724444
vt 0.522727 0.803174
vt 0.477272 0.803174
vt 0.499999 0.763809
vt 0.477272 0.724444
vt 0.454545 0.763809
vt 0.443072 0.704951
vt 0.454545 0.763809
vt 0.409090 0.763809
vt 0.443072 0.704951
vt 0.499999 0.763809
vt 0.477272 0.803174
vt 0.454545 0.763809
vt 0.477272 0.803174
vt 0.431818 0.803174
vt 0.454545 0.763809
vt 0.454545 0.763809
vt 0.431818 0.803174
vt 0.409090 0.763809
vt 0.431818 0.803174
vt 0.375109 0.822667
vt 0.409090 0.763809
vt 0.522727 0.803174
vt 0.522666 0.842539
vt 0.477272 0.803174
vt 0.522666 0.842539
vt 0.454545 0.842539
vt 0.477272 0.803174
vt 0.477272 0.803174
vt 0.454545 0.842539
vt 0.431818 0.803174
vt 0.454545 0.842539
vt 0.409090 0.842539
vt 0.431818 0.803174
vt 0.431818 0.803174
vt 0.409090 0.842539
vt 0.375109 0.822667
vt 0.295454 0.724444
vt 0.250000 0.724444
vt 0.295515 0.685079
vt 0.318181 0.763809
vt 0.272727 0.763809
vt 0.295454 0.724444
vt 0.340909 0.803174
vt 0.295454 0.803174
vt 0.318181 0.763809
vt 0.295454 0.724444
vt 0.272727 0.763809
vt 0.250000 0.724444
vt 0.272727 0.763809
vt 0.227272 0.763809
vt 0.250000 0.724444
vt 0.318181 0.763809
vt 0.295454 0.803174
vt 0.272727 0.763809
vt 0.295454 0.803174
vt 0.250000 0.803174
vt 0.272727 0.763809
vt 0.272727 0.763809
vt 0.250000 0.803174
vt 0.227272 0.763809
vt 0.250000 0.803174
vt 0.204545 0.803174
vt 0.227272 0.763809
vt 0.340909 0.803174
vt 0.318181 0.842539
vt 0.295454 0.803174
vt 0.318181 0.842539
vt 0.272727 0.842539
vt 0.295454 0.803174
vt 0.295454 0.803174
vt 0.272727 0.842539
vt 0.250000 0.803174
vt 0.272727 0.842539
vt 0.205387 0.842539
vt 0.250000 0.803174
vt 0.250000 0.803174
vt 0.205387 0.842539
vt 0.204545 0.803174
vt 0.159091 0.803174
vt 0.129252 0.829589
vt 0.143497 0.767585
vt 0.668523 0.726549
vt 0.613636 0.724444
vt 0.659932 0.685079
vt 0.668523 0.726549
vt 0.636363 0.763809
vt 0.613636 0.724444
vt 0.636363 0.763809
vt 0.590909 0.763809
vt 0.613636 0.724444
vt 0.659090 0.803174
vt 0.613636 0.803174
vt 0.636363 0.763809
vt 0.636363 0.763809
vt 0.613636 0.803174
vt 0.590909 0.763809
vt 0.613636 0.803174
vt 0.568181 0.803174
vt 0.590909 0.763809
vt 0.688480 0.846746
vt 0.636363 0.842539
vt 0.659090 0.803174
vt 0.659090 0.803174
vt 0.636363 0.842539
vt 0.613636 0.803174
vt 0.636363 0.842539
vt 0.590909 0.842539
vt 0.613636 0.803174
vt 0.613636 0.803174
vt 0.590909 0.842539
vt 0.568181 0.803174
vt 0.590909 0.842539
vt 0.522666 0.842539
vt 0.568181 0.803174
vt 0.499999 0.921269
vt 0.477272 0.881904
vt 0.522727 0.881904
vt 0.477272 0.960635
vt 0.454545 0.921269
vt 0.499999 0.921269
vt 0.522727 0.881904
vt 0.477272 0.881904
vt 0.522666 0.842539
vt 0.477272 0.881904
vt 0.454545 0.842539
vt 0.522666 0.842539
vt 0.499999 0.921269
vt 0.454545 0.921269
vt 0.477272 0.881904
vt 0.454545 0.921269
vt 0.431818 0.881904
vt 0.477272 0.881904
vt 0.477272 0.881904
vt 0.431818 0.881904
vt 0.454545 0.842539
vt 0.431818 0.881904
vt 0.409090 0.842539
vt 0.454545 0.842539
vt 0.477272 0.960635
vt 0.442760 0.979588
vt 0.454545 0.921269
vt 0.442760 0.979588
vt 0.409090 0.921269
vt 0.454545 0.921269
vt 0.454545 0.921269
vt 0.409090 0.921269
vt 0.431818 0.881904
vt 0.409090 0.921269
vt 0.386363 0.881904
vt 0.431818 0.881904
vt 0.431818 0.881904
vt 0.386363 0.881904
vt 0.409090 0.842539
vt 0.386363 0.881904
vt 0.375109 0.822667
vt 0.409090 0.842539
vt 0.340909 0.881904
vt 0.318181 0.842539
vt 0.375109 0.822667
vt 0.318181 0.921269
vt 0.295454 0.881904
vt 0.340909 0.881904
vt 0.284512 0.979588
vt 0.272727 0.921269
vt 0.318181 0.921269
vt 0.340909 0.881904
vt 0.295454 0.881904
vt 0.318181 0.842539
vt 0.295454 0.881904
vt 0.272727 0.842539
vt 0.318181 0.842539
vt 0.318181 0.921269
vt 0.272727 0.921269
vt 0.295454 0.881904
vt 0.272727 0.921269
vt 0.250000 0.881904
vt 0.295454 0.881904
vt 0.295454 0.881904
vt 0.250000 0.881904
vt 0.272727 0.842539
vt 0.250000 0.881904
vt 0.205387 0.842539
vt 0.272727 0.842539
vt 0.284512 0.979588
vt 0.250000 0.960635
vt 0.272727 0.921269
vt 0.250000 0.960635
vt 0.227272 0.921269
vt 0.272727 0.921269
vt 0.272727 0.921269
vt 0.227272 0.921269
vt 0.250000 0.881904
vt 0.227272 0.921269
vt 0.204545 0.881904
vt 0.250000 0.881904
vt 0.250000 0.881904
vt 0.204545 0.881904
vt 0.205387 0.842539
vt 0.159091 0.881904
vt 0.129252 0.829589
vt 0.205387 0.842539
vt 0.136363 0.921269
vt 0.100072 0.873960
vt 0.159091 0.881904
vt 0.113636 0.960635
vt 0.090909 0.921269
vt 0.136363 0.921269
vt 0.159091 0.881904
vt 0.100072 0.873960
vt 0.129252 0.829589
vt 0.136363 0.921269
vt 0.090909 0.921269
vt 0.100072 0.873960
vt 0.113636 0.960635
vt 0.068182 0.960635
vt 0.090909 0.921269
vt 0.068182 0.960635
vt 0.066059 0.919685
vt 0.090909 0.921269
vt 0.590909 0.842539
vt 0.568181 0.881904
vt 0.522666 0.842539
vt 0.636363 0.842539
vt 0.613636 0.881904
vt 0.590909 0.842539
vt 0.688480 0.846746
vt 0.659090 0.881904
vt 0.636363 0.842539
vt 0.590909 0.842539
vt 0.613636 0.881904
vt 0.568181 0.881904
vt 0.613636 0.881904
vt 0.590909 0.921269
vt 0.568181 0.881904
vt 0.636363 0.842539
vt 0.659090 0.881904
vt 0.613636 0.881904
vt 0.659090 0.881904
vt 0.636363 0.921270
vt 0.613636 0.881904
vt 0.613636 0.881904
vt 0.636363 0.921270
vt 0.590909 0.921269
vt 0.636363 0.921270
vt 0.613636 0.960635
vt 0.590909 0.921269
vt 0.659090 0.881904
vt 0.690516 0.906204
vt 0.636363 0.921270
vt 0.690516 0.906204
vt 0.659090 0.960635
vt 0.636363 0.921270
vt 0.636363 0.921270
vt 0.659090 0.960635
vt 0.613636 0.960635
vt 0.659090 0.960635
vt 0.636363 1.000000
vt 0.613636 0.960635
vt 0.840908 0.960635
vt 0.816889 0.924096
vt 0.855333 0.935649
vt 0.795454 0.960635
vt 0.816889 0.924096
vt 0.840908 0.960635
vt 0.886249 0.717204
vt 0.817566 0.712834
vt 0.863636 0.685079
vt 0.749949 0.721763
vt 0.727272 0.685079
vt 0.772727 0.685079
vt 0.690516 0.906204
vt 0.659090 0.881904
vt 0.688480 0.846746
vt 0.954385 0.718121
vt 0.886249 0.717204
vt 0.909090 0.685079
vt 0.705270 0.725962
vt 0.727272 0.685079
vt 0.749949 0.721763
vt 0.817566 0.712834
vt 0.749949 0.721763
vt 0.772727 0.685079
vt 0.114397 0.721999
vt 0.072588 0.716812
vt 0.102941 0.664238
vt 0.817566 0.712834
vt 0.830557 0.663643
vt 0.863636 0.685079
vt 0.675971 0.774249
vt 0.636363 0.763809
vt 0.668523 0.726549
vt 0.817566 0.712834
vt 0.772727 0.685079
vt 0.830557 0.663643
vt 0.688480 0.846746
vt 0.659090 0.803174
vt 0.675971 0.774249
vt 0.818181 1.000000
vt 0.840908 0.960635
vt 0.795454 0.960635
vt 0.090909 1.000000
vt 0.113636 0.960635
vt 0.068182 0.960635
vt 0.205387 0.842539
vt 0.159091 0.803174
vt 0.129252 0.829589
vt 0.375109 0.822666
vt 0.340909 0.803174
vt 0.318181 0.842539
vt 0.205387 0.842539
vt 0.204545 0.803174
vt 0.159091 0.803174
vt 0.522666 0.842539
vt 0.568181 0.803174
vt 0.522727 0.803174
vt 0.295515 0.685079
vt 0.250000 0.645714
vt 0.227273 0.685079
vt 0.443072 0.704952
vt 0.431818 0.645714
vt 0.409091 0.685079
vt 0.590909 0.606349
vt 0.568181 0.566983
vt 0.545454 0.606349
vt 0.613636 0.645714
vt 0.590909 0.606349
vt 0.568181 0.645714
vt 0.568181 0.566983
vt 0.533669 0.548030
vt 0.545454 0.606349
vt 0.545454 0.606349
vt 0.533669 0.548030
vt 0.499999 0.606349
vt 0.590909 0.606349
vt 0.545454 0.606349
vt 0.568181 0.645714
vt 0.568181 0.645714
vt 0.545454 0.606349
vt 0.522727 0.645714
vt 0.545454 0.606349
vt 0.499999 0.606349
vt 0.522727 0.645714
vt 0.522727 0.645714
vt 0.499999 0.606349
vt 0.477272 0.645714
vt 0.613636 0.645714
vt 0.568181 0.645714
vt 0.612794 0.685079
vt 0.612794 0.685079
vt 0.568181 0.645714
vt 0.545454 0.685079
vt 0.568181 0.645714
vt 0.522727 0.645714
vt 0.545454 0.685079
vt 0.545454 0.685079
vt 0.522727 0.645714
vt 0.499999 0.685079
vt 0.522727 0.645714
vt 0.477272 0.645714
vt 0.499999 0.685079
vt 0.499999 0.685079
vt 0.477272 0.645714
vt 0.443072 0.704952
vt 0.409090 0.606349
vt 0.375421 0.548030
vt 0.363636 0.606349
vt 0.431818 0.645714
vt 0.409090 0.606349
vt 0.386363 0.645714
vt 0.375421 0.548030
vt 0.340909 0.566983
vt 0.363636 0.606349
vt 0.363636 0.606349
vt 0.340909 0.566983
vt 0.318181 0.606349
vt 0.409090 0.606349
vt 0.363636 0.606349
vt 0.386363 0.645714
vt 0.386363 0.645714
vt 0.363636 0.606349
vt 0.340909 0.645714
vt 0.363636 0.606349
vt 0.318181 0.606349
vt 0.340909 0.645714
vt 0.340909 0.645714
vt 0.318181 0.606349
vt 0.295454 0.645714
vt 0.431818 0.645714
vt 0.386363 0.645714
vt 0.409091 0.685079
vt 0.409091 0.685079
vt 0.386363 0.645714
vt 0.363636 0.685079
vt 0.386363 0.645714
vt 0.340909 0.645714
vt 0.363636 0.685079
vt 0.363636 0.685079
vt 0.340909 0.645714
vt 0.295515 0.685079
vt 0.340909 0.645714
vt 0.295454 0.645714
vt 0.295515 0.685079
vt 0.204545 0.566983
vt 0.181818 0.527618
vt 0.159091 0.566983
vt 0.227272 0.606349
vt 0.204545 0.566983
vt 0.181818 0.606349
vt 0.250000 0.645714
vt 0.227272 0.606349
vt 0.204545 0.645714
vt 0.204545 0.566983
vt 0.159091 0.566983
vt 0.181818 0.606349
vt 0.181818 0.606349
vt 0.159091 0.566983
vt 0.136363 0.606349
vt 0.227272 0.606349
vt 0.181818 0.606349
vt 0.204545 0.645714
vt 0.204545 0.645714
vt 0.181818 0.606349
vt 0.159091 0.645714
vt 0.181818 0.606349
vt 0.136363 0.606349
vt 0.159091 0.645714
vt 0.159091 0.645714
vt 0.136363 0.606349
vt 0.102941 0.664238
vt 0.250000 0.645714
vt 0.204545 0.645714
vt 0.227273 0.685079
vt 0.227273 0.685079
vt 0.204545 0.645714
vt 0.181818 0.685079
vt 0.204545 0.645714
vt 0.159091 0.645714
vt 0.181818 0.685079
vt 0.181818 0.685079
vt 0.159091 0.645714
vt 0.136364 0.685079
vt 0.159091 0.645714
vt 0.102941 0.664238
vt 0.136364 0.685079
vt 0.931817 0.566983
vt 0.909090 0.527618
vt 0.886363 0.566983
vt 0.954545 0.606349
vt 0.931817 0.566983
vt 0.909090 0.606349
vt 0.987967 0.664238
vt 0.954545 0.606349
vt 0.931818 0.645714
vt 0.931817 0.566983
vt 0.886363 0.566983
vt 0.909090 0.606349
vt 0.909090 0.606349
vt 0.886363 0.566983
vt 0.863635 0.606349
vt 0.954545 0.606349
vt 0.909090 0.606349
vt 0.931818 0.645714
vt 0.931818 0.645714
vt 0.909090 0.606349
vt 0.886363 0.645714
vt 0.909090 0.606349
vt 0.863635 0.606349
vt 0.886363 0.645714
vt 0.886363 0.645714
vt 0.863635 0.606349
vt 0.830557 0.663643
vt 0.987967 0.664238
vt 0.931818 0.645714
vt 0.954545 0.685079
vt 0.954545 0.685079
vt 0.931818 0.645714
vt 0.909090 0.685079
vt 0.931818 0.645714
vt 0.886363 0.645714
vt 0.909090 0.685079
vt 0.909090 0.685079
vt 0.886363 0.645714
vt 0.863636 0.685079
vt 0.886363 0.645714
vt 0.830557 0.663643
vt 0.863636 0.685079
vt 0.749999 0.566983
vt 0.727272 0.527618
vt 0.704545 0.566983
vt 0.772726 0.606349
vt 0.749999 0.566983
vt 0.727272 0.606349
vt 0.805805 0.663643
vt 0.772726 0.606349
vt 0.749999 0.645714
vt 0.749999 0.566983
vt 0.704545 0.566983
vt 0.727272 0.606349
vt 0.727272 0.606349
vt 0.704545 0.566983
vt 0.681817 0.606349
vt 0.772726 0.606349
vt 0.727272 0.606349
vt 0.749999 0.645714
vt 0.749999 0.645714
vt 0.727272 0.606349
vt 0.704545 0.645714
vt 0.727272 0.606349
vt 0.681817 0.606349
vt 0.704545 0.645714
vt 0.704545 0.645714
vt 0.681817 0.606349
vt 0.659090 0.645714
vt 0.805805 0.663643
vt 0.749999 0.645714
vt 0.772727 0.685079
vt 0.772727 0.685079
vt 0.749999 0.645714
vt 0.727272 0.685079
vt 0.749999 0.645714
vt 0.704545 0.645714
vt 0.727272 0.685079
vt 0.727272 0.685079
vt 0.704545 0.645714
vt 0.681818 0.685079
vt 0.704545 0.645714
vt 0.659090 0.645714
vt 0.681818 0.685079
vt 0.681818 0.685079
vt 0.659090 0.645714
vt 0.612794 0.685079
vt 0.590909 0.763809
vt 0.613636 0.724444
vt 0.568181 0.724444
vt 0.568181 0.803174
vt 0.590909 0.763809
vt 0.545454 0.763809
vt 0.613636 0.724444
vt 0.612794 0.685079
vt 0.568181 0.724444
vt 0.568181 0.724444
vt 0.612794 0.685079
vt 0.545454 0.685079
vt 0.590909 0.763809
vt 0.568181 0.724444
vt 0.545454 0.763809
vt 0.545454 0.763809
vt 0.568181 0.724444
vt 0.522727 0.724444
vt 0.568181 0.724444
vt 0.545454 0.685079
vt 0.522727 0.724444
vt 0.522727 0.724444
vt 0.545454 0.685079
vt 0.499999 0.685079
vt 0.568181 0.803174
vt 0.545454 0.763809
vt 0.522727 0.803174
vt 0.522727 0.803174
vt 0.545454 0.763809
vt 0.499999 0.763809
vt 0.545454 0.763809
vt 0.522727 0.724444
vt 0.499999 0.763809
vt 0.499999 0.763809
vt 0.522727 0.724444
vt 0.477272 0.724444
vt 0.522727 0.724444
vt 0.499999 0.685079
vt 0.477272 0.724444
vt 0.477272 0.724444
vt 0.499999 0.685079
vt 0.443072 0.704952
vt 0.409090 0.763809
vt 0.443072 0.704952
vt 0.386363 0.724444
vt 0.375109 0.822666
vt 0.409090 0.763809
vt 0.363636 0.763809
vt 0.443072 0.704952
vt 0.409091 0.685079
vt 0.386363 0.724444
vt 0.386363 0.724444
vt 0.409091 0.685079
vt 0.363636 0.685079
vt 0.409090 0.763809
vt 0.386363 0.724444
vt 0.363636 0.763809
vt 0.363636 0.763809
vt 0.386363 0.724444
vt 0.340909 0.724444
vt 0.386363 0.724444
vt 0.363636 0.685079
vt 0.340909 0.724444
vt 0.340909 0.724444
vt 0.363636 0.685079
vt 0.295515 0.685079
vt 0.375109 0.822666
vt 0.363636 0.763809
vt 0.340909 0.803174
vt 0.340909 0.803174
vt 0.363636 0.763809
vt 0.318181 0.763809
vt 0.363636 0.763809
vt 0.340909 0.724444
vt 0.318181 0.763809
vt 0.318181 0.763809
vt 0.340909 0.724444
vt 0.295454 0.724444
vt 0.340909 0.724444
vt 0.295515 0.685079
vt 0.295454 0.724444
vt 0.250000 0.724444
vt 0.295515 0.685079
vt 0.227273 0.685079
vt 0.227272 0.763809
vt 0.250000 0.724444
vt 0.204545 0.724444
vt 0.204545 0.803174
vt 0.227272 0.763809
vt 0.181818 0.763809
vt 0.250000 0.724444
vt 0.227273 0.685079
vt 0.204545 0.724444
vt 0.204545 0.724444
vt 0.227273 0.685079
vt 0.181818 0.685079
vt 0.227272 0.763809
vt 0.204545 0.724444
vt 0.181818 0.763809
vt 0.181818 0.763809
vt 0.204545 0.724444
vt 0.150898 0.728912
vt 0.204545 0.724444
vt 0.181818 0.685079
vt 0.150898 0.728912
vt 0.150898 0.728912
vt 0.181818 0.685079
vt 0.136364 0.685079
vt 0.204545 0.803174
vt 0.181818 0.763809
vt 0.159091 0.803174
vt 0.181818 0.763809
vt 0.143497 0.767585
vt 0.159091 0.803174
vt 0.181818 0.763809
vt 0.150898 0.728912
vt 0.143497 0.767585
vt 0.136364 0.685079
vt 0.114397 0.721999
vt 0.150898 0.728912
vt 0.705270 0.725962
vt 0.727272 0.685079
vt 0.681818 0.685079
vt 0.705270 0.725962
vt 0.681818 0.685079
vt 0.668523 0.726549
vt 0.668523 0.726549
vt 0.681818 0.685079
vt 0.612794 0.685079
vt 0.499999 0.763809
vt 0.477272 0.724444
vt 0.454545 0.763809
vt 0.522727 0.803174
vt 0.499999 0.763809
vt 0.477272 0.803174
vt 0.477272 0.724444
vt 0.443072 0.704952
vt 0.454545 0.763809
vt 0.454545 0.763809
vt 0.443072 0.704952
vt 0.409090 0.763809
vt 0.499999 0.763809
vt 0.454545 0.763809
vt 0.477272 0.803174
vt 0.477272 0.803174
vt 0.454545 0.763809
vt 0.431818 0.803174
vt 0.454545 0.763809
vt 0.409090 0.763809
vt 0.431818 0.803174
vt 0.431818 0.803174
vt 0.409090 0.763809
vt 0.375109 0.822666
vt 0.522727 0.803174
vt 0.477272 0.803174
vt 0.522666 0.842539
vt 0.522666 0.842539
vt 0.477272 0.803174
vt 0.454545 0.842539
vt 0.477272 0.803174
vt 0.431818 0.803174
vt 0.454545 0.842539
vt 0.454545 0.842539
vt 0.431818 0.803174
vt 0.409090 0.842539
vt 0.431818 0.803174
vt 0.375109 0.822666
vt 0.409090 0.842539
vt 0.295454 0.724444
vt 0.295515 0.685079
vt 0.250000 0.724444
vt 0.318181 0.763809
vt 0.295454 0.724444
vt 0.272727 0.763809
vt 0.340909 0.803174
vt 0.318181 0.763809
vt 0.295454 0.803174
vt 0.295454 0.724444
vt 0.250000 0.724444
vt 0.272727 0.763809
vt 0.272727 0.763809
vt 0.250000 0.724444
vt 0.227272 0.763809
vt 0.318181 0.763809
vt 0.272727 0.763809
vt 0.295454 0.803174
vt 0.295454 0.803174
vt 0.272727 0.763809
vt 0.250000 0.803174
vt 0.272727 0.763809
vt 0.227272 0.763809
vt 0.250000 0.803174
vt 0.250000 0.803174
vt 0.227272 0.763809
vt 0.204545 0.803174
vt 0.340909 0.803174
vt 0.295454 0.803174
vt 0.318181 0.842539
vt 0.318181 0.842539
vt 0.295454 0.803174
vt 0.272727 0.842539
vt 0.295454 0.803174
vt 0.250000 0.803174
vt 0.272727 0.842539
vt 0.272727 0.842539
vt 0.250000 0.803174
vt 0.205387 0.842539
vt 0.250000 0.803174
vt 0.204545 0.803174
vt 0.205387 0.842539
vt 0.159091 0.803174
vt 0.143497 0.767585
vt 0.129252 0.829589
vt 0.668523 0.726549
vt 0.612794 0.685079
vt 0.613636 0.724444
vt 0.668523 0.726549
vt 0.613636 0.724444
vt 0.636363 0.763809
vt 0.636363 0.763809
vt 0.613636 0.724444
vt 0.590909 0.763809
vt 0.659090 0.803174
vt 0.636363 0.763809
vt 0.613636 0.803174
vt 0.636363 0.763809
vt 0.590909 0.763809
vt 0.613636 0.803174
vt 0.613636 0.803174
vt 0.590909 0.763809
vt 0.568181 0.803174
vt 0.688480 0.846746
vt 0.659090 0.803174
vt 0.636363 0.842539
vt 0.659090 0.803174
vt 0.613636 0.803174
vt 0.636363 0.842539
vt 0.636363 0.842539
vt 0.613636 0.803174
vt 0.590909 0.842539
vt 0.613636 0.803174
vt 0.568181 0.803174
vt 0.590909 0.842539
vt 0.590909 0.842539
vt 0.568181 0.803174
vt 0.522666 0.842539
vt 0.499999 0.921269
vt 0.522727 0.881904
vt 0.477272 0.881904
vt 0.477272 0.960635
vt 0.499999 0.921269
vt 0.454545 0.921269
vt 0.522727 0.881904
vt 0.522666 0.842539
vt 0.477272 0.881904
vt 0.477272 0.881904
vt 0.522666 0.842539
vt 0.454545 0.842539
vt 0.499999 0.921269
vt 0.477272 0.881904
vt 0.454545 0.921269
vt 0.454545 0.921269
vt 0.477272 0.881904
vt 0.431818 0.881904
vt 0.477272 0.881904
vt 0.454545 0.842539
vt 0.431818 0.881904
vt 0.431818 0.881904
vt 0.454545 0.842539
vt 0.409090 0.842539
vt 0.477272 0.960635
vt 0.454545 0.921269
vt 0.442760 0.979588
vt 0.442760 0.979588
vt 0.454545 0.921269
vt 0.409090 0.921269
vt 0.454545 0.921269
vt 0.431818 0.881904
vt 0.409090 0.921269
vt 0.409090 0.921269
vt 0.431818 0.881904
vt 0.386363 0.881904
vt 0.431818 0.881904
vt 0.409090 0.842539
vt 0.386363 0.881904
vt 0.386363 0.881904
vt 0.409090 0.842539
vt 0.375109 0.822666
vt 0.340909 0.881904
vt 0.375109 0.822666
vt 0.318181 0.842539
vt 0.318181 0.921269
vt 0.340909 0.881904
vt 0.295454 0.881904
vt 0.284512 0.979588
vt 0.318181 0.921269
vt 0.272727 0.921269
vt 0.340909 0.881904
vt 0.318181 0.842539
vt 0.295454 0.881904
vt 0.295454 0.881904
vt 0.318181 0.842539
vt 0.272727 0.842539
vt 0.318181 0.921269
vt 0.295454 0.881904
vt 0.272727 0.921269
vt 0.272727 0.921269
vt 0.295454 0.881904
vt 0.250000 0.881904
vt 0.295454 0.881904
vt 0.272727 0.842539
vt 0.250000 0.881904
vt 0.250000 0.881904
vt 0.272727 0.842539
vt 0.205387 0.842539
vt 0.284512 0.979588
vt 0.272727 0.921269
vt 0.250000 0.960635
vt 0.250000 0.960635
vt 0.272727 0.921269
vt 0.227272 0.921269
vt 0.272727 0.921269
vt 0.250000 0.881904
vt 0.227272 0.921269
vt 0.227272 0.921269
vt 0.250000 0.881904
vt 0.204545 0.881904
vt 0.250000 0.881904
vt 0.205387 0.842539
vt 0.204545 0.881904
vt 0.159091 0.881904
vt 0.205387 0.842539
vt 0.129252 0.829589
vt 0.136363 0.921269
vt 0.159091 0.881904
vt 0.100072 0.873960
vt 0.113636 0.960635
vt 0.136363 0.921269
vt 0.090909 0.921269
vt 0.159091 0.881904
vt 0.129252 0.829589
vt 0.100072 0.873960
vt 0.136363 0.921269
vt 0.100072 0.873960
vt 0.090909 0.921269
vt 0.090909 0.921269
vt 0.100072 0.873960
vt 0.066059 0.919685
vt 0.113636 0.960635
vt 0.090909 0.921269
vt 0.068182 0.960635
vt 0.590909 0.842539
vt 0.522666 0.842539
vt 0.568181 0.881904
vt 0.636363 0.842539
vt 0.590909 0.842539
vt 0.613636 0.881904
vt 0.688480 0.846746
vt 0.636363 0.842539
vt 0.659090 0.881904
vt 0.590909 0.842539
vt 0.568181 0.881904
vt 0.613636 0.881904
vt 0.613636 0.881904
vt 0.568181 0.881904
vt 0.590909 0.921269
vt 0.636363 0.842539
vt 0.613636 0.881904
vt 0.659090 0.881904
vt 0.659090 0.881904
vt 0.613636 0.881904
vt 0.636363 0.921270
vt 0.613636 0.881904
vt 0.590909 0.921269
vt 0.636363 0.921270
vt 0.636363 0.921270
vt 0.590909 0.921269
vt 0.613636 0.960635
vt 0.659090 0.881904
vt 0.636363 0.921270
vt 0.690516 0.906204
vt 0.690516 0.906204
vt 0.636363 0.921270
vt 0.659090 0.960635
vt 0.636363 0.921270
vt 0.613636 0.960635
vt 0.659090 0.960635
vt 0.659090 0.960635
vt 0.613636 0.960635
vt 0.636363 1.000000
vt 0.840908 0.960635
vt 0.855333 0.935649
vt 0.816889 0.924096
vt 0.816889 0.924096
vt 0.795454 0.960635
vt 0.840908 0.960635
vt 0.795454 0.960635
vt 0.816889 0.924096
vt 0.772220 0.910282
vt 0.886249 0.717204
vt 0.863636 0.685079
vt 0.817566 0.712834
vt 0.659090 0.881904
vt 0.690516 0.906204
vt 0.688480 0.846746
vt 0.954385 0.718121
vt 0.909090 0.685079
vt 0.886249 0.717204
vt 0.727272 0.685079
vt 0.705270 0.725962
vt 0.749949 0.721763
vt 0.817566 0.712834
vt 0.772727 0.685079
vt 0.749949 0.721763
vt 0.114397 0.721999
vt 0.102941 0.664238
vt 0.072588 0.716812
vt 0.806898 0.500000
vt 0.801213 0.487141
vt 0.779961 0.468635
vt 0.749916 0.458263
vt 0.719743 0.460929
vt 0.693233 0.472730
vt 0.679471 0.487431
vt 0.673992 0.500000
vt 0.659090 0.803174
vt 0.688480 0.846746
vt 0.675971 0.774250
vt 0.181818 0.763809
vt 0.143497 0.767585
vt 0.150898 0.728912
vt 0.090909 0.921269
vt 0.066059 0.919685
vt 0.100072 0.873960
vt 0.795454 0.960635
vt 0.772220 0.910282
vt 0.816889 0.924096
vt 0.886249 0.717204
vt 0.863636 0.685079
vt 0.909090 0.685079
vt 0.954385 0.718121
vt 0.909090 0.685079
vt 0.954545 0.685079
vt 0.954385 0.718121
vt 0.954545 0.685079
vt 0.987968 0.664238
vt 0.114397 0.721999
vt 0.102941 0.664238
vt 0.136364 0.685079
vt 0.675971 0.774249
vt 0.659090 0.803174
vt 0.636363 0.763809
vt 0.673992 0.500000
vt 0.679471 0.487431
vt 0.693233 0.472730
vt 0.719743 0.460929
vt 0.749916 0.458263
vt 0.779961 0.468635
vt 0.801213 0.487141
vt 0.806898 0.500000
vt 0.579459 0.675085
vt 0.558978 0.658640
vt 0.546367 0.633917
vt 0.543393 0.605443
vt 0.551360 0.583324
vt 0.571387 0.560305
vt 0.602639 0.548562
vt 0.625000 0.548992
vt 0.624973 0.681902
vt 0.606024 0.683348
vt 0.068182 0.960635
vt 0.090909 0.921269
vt 0.066059 0.919685
vt 0.909090 0.685079
vt 0.863636 0.685079
vt 0.886249 0.717204
vt 0.954545 0.685079
vt 0.909090 0.685079
vt 0.954385 0.718121
vt 0.987967 0.664238
vt 0.954545 0.685079
vt 0.954385 0.718121
vt 0.749949 0.721763
vt 0.772727 0.685079
vt 0.727272 0.685079
vt 0.136364 0.685079
vt 0.102941 0.664238
vt 0.114397 0.721999
vt 0.636363 0.763809
vt 0.659090 0.803174
vt 0.675971 0.774250
vt 0.817566 0.712834
vt 0.863636 0.685079
vt 0.830557 0.663643
vt 0.675971 0.774250
vt 0.668523 0.726549
vt 0.636363 0.763809
vt 0.546367 0.633917
vt 0.558978 0.658640
vt 0.579459 0.675085
vt 0.606024 0.683348
vt 0.624973 0.681902
vt 0.625000 0.548992
vt 0.602638 0.548562
vt 0.571387 0.560305
vt 0.551360 0.583324
vt 0.543393 0.605443
vt 0.817566 0.712834
vt 0.830557 0.663643
vt 0.772727 0.685079
vt 0.818181 1.000000
vt 0.801875 0.949513
vt 0.848243 0.947931
vt 0.090909 1.000000
vt 0.073082 0.937080
vt 0.113636 0.960635
vt 0.747808 0.862067
vt 0.654327 0.856827
vt 0.690927 0.779587
vt 0.747808 0.862067
vt 0.690927 0.779587
vt 0.746629 0.762775
vt 0.547466 0.862067
vt 0.497167 0.771207
vt 0.581799 0.779587
vt 0.625223 0.704374
vt 0.572960 0.669058
vt 0.613636 0.645714
vt 0.613636 0.645714
vt 0.572960 0.669058
vt 0.590909 0.606349
vt 0.558410 0.583907
vt 0.503906 0.638220
vt 0.535962 0.544058
vt 0.590909 0.606349
vt 0.572960 0.669058
vt 0.558410 0.583907
vt 0.572960 0.669058
vt 0.503906 0.638220
vt 0.558410 0.583907
vt 0.416338 0.618901
vt 0.357136 0.672633
vt 0.361211 0.559786
vt 0.361211 0.559786
vt 0.357136 0.672633
vt 0.318181 0.606349
vt 0.357136 0.672633
vt 0.293263 0.665552
vt 0.318181 0.606349
vt 0.416338 0.618901
vt 0.419212 0.703141
vt 0.357136 0.672633
vt 0.270716 0.665552
vt 0.213933 0.661974
vt 0.196866 0.606349
vt 0.192316 0.545802
vt 0.196866 0.606349
vt 0.149174 0.584160
vt 0.213933 0.661974
vt 0.163854 0.670791
vt 0.196866 0.606349
vt 0.196866 0.606349
vt 0.163854 0.670791
vt 0.149174 0.584160
vt 0.163854 0.670791
vt 0.102183 0.665552
vt 0.149174 0.584160
vt 0.941734 0.584160
vt 0.894926 0.581816
vt 0.909090 0.527618
vt 0.979463 0.665552
vt 0.915591 0.672633
vt 0.941734 0.584160
vt 0.941734 0.584160
vt 0.915591 0.672633
vt 0.894926 0.581816
vt 0.894926 0.581816
vt 0.915591 0.672633
vt 0.856388 0.618902
vt 0.915591 0.672633
vt 0.836531 0.717234
vt 0.856388 0.618902
vt 0.749999 0.566983
vt 0.704545 0.566983
vt 0.727272 0.527618
vt 0.768820 0.638220
vt 0.700759 0.606349
vt 0.749999 0.566983
vt 0.749999 0.566983
vt 0.700759 0.606349
vt 0.704545 0.566983
vt 0.768820 0.638220
vt 0.678632 0.645714
vt 0.700759 0.606349
vt 0.768820 0.638220
vt 0.696488 0.685079
vt 0.678632 0.645714
vt 0.696488 0.685079
vt 0.625223 0.704374
vt 0.678632 0.645714
vt 0.581799 0.779587
vt 0.551859 0.735488
vt 0.625223 0.704374
vt 0.625223 0.704374
vt 0.551859 0.735488
vt 0.572960 0.669058
vt 0.551859 0.735488
vt 0.503906 0.638220
vt 0.572960 0.669058
vt 0.581799 0.779587
vt 0.497167 0.771207
vt 0.551859 0.735488
vt 0.551859 0.735488
vt 0.497167 0.771207
vt 0.503906 0.638220
vt 0.497167 0.771207
vt 0.419212 0.703141
vt 0.503906 0.638220
vt 0.384076 0.800606
vt 0.357136 0.672633
vt 0.419212 0.703141
vt 0.384076 0.800606
vt 0.292084 0.764845
vt 0.357136 0.672633
vt 0.357136 0.672633
vt 0.292084 0.764845
vt 0.293263 0.665552
vt 0.236382 0.748031
vt 0.213933 0.661974
vt 0.293263 0.665552
vt 0.228760 0.821406
vt 0.181818 0.739305
vt 0.236382 0.748031
vt 0.236382 0.748031
vt 0.181818 0.739305
vt 0.213933 0.661974
vt 0.181818 0.739305
vt 0.163854 0.670791
vt 0.213933 0.661974
vt 0.228760 0.821406
vt 0.155172 0.824354
vt 0.181818 0.739305
vt 0.155172 0.824354
vt 0.127254 0.748031
vt 0.181818 0.739305
vt 0.181818 0.739305
vt 0.127254 0.748031
vt 0.163854 0.670791
vt 0.127254 0.748031
vt 0.102183 0.665552
vt 0.163854 0.670791
vt 0.967267 0.741773
vt 0.915591 0.672633
vt 0.979463 0.665552
vt 0.967267 0.741773
vt 0.888651 0.800605
vt 0.915591 0.672633
vt 0.888651 0.800605
vt 0.836531 0.717234
vt 0.915591 0.672633
vt 0.836531 0.717234
vt 0.746629 0.762775
vt 0.768820 0.638220
vt 0.746629 0.762775
vt 0.696488 0.685079
vt 0.768820 0.638220
vt 0.746629 0.762775
vt 0.671932 0.724444
vt 0.696488 0.685079
vt 0.746629 0.762775
vt 0.690927 0.779587
vt 0.671932 0.724444
vt 0.671932 0.724444
vt 0.625223 0.704374
vt 0.696488 0.685079
vt 0.497167 0.771207
vt 0.384076 0.800606
vt 0.419212 0.703141
vt 0.461045 0.854985
vt 0.384076 0.800606
vt 0.497167 0.771207
vt 0.497167 0.771207
vt 0.547466 0.862067
vt 0.461045 0.854985
vt 0.292084 0.764845
vt 0.236382 0.748031
vt 0.293263 0.665552
vt 0.292084 0.764845
vt 0.228760 0.821406
vt 0.236382 0.748031
vt 0.384076 0.800606
vt 0.314275 0.889397
vt 0.292084 0.764845
vt 0.314275 0.889397
vt 0.228760 0.821406
vt 0.292084 0.764845
vt 0.127254 0.748031
vt 0.071551 0.764845
vt 0.102183 0.665552
vt 0.127254 0.748031
vt 0.155172 0.824354
vt 0.071551 0.764845
vt 0.155172 0.824354
vt 0.065260 0.861859
vt 0.071551 0.764845
vt 0.071551 0.764845
vt 0.065260 0.861859
vt 0.011711 0.822255
vt 0.888651 0.800605
vt 0.811680 0.854986
vt 0.836531 0.717234
vt 0.836531 0.717234
vt 0.811680 0.854986
vt 0.746629 0.762775
vt 0.811680 0.854986
vt 0.747808 0.862067
vt 0.746629 0.762775
vt 0.690927 0.779587
vt 0.636363 0.788313
vt 0.671932 0.724444
vt 0.671932 0.724444
vt 0.636363 0.788313
vt 0.625223 0.704374
vt 0.636363 0.788313
vt 0.581799 0.779587
vt 0.625223 0.704374
vt 0.690927 0.779587
vt 0.654327 0.856827
vt 0.636363 0.788313
vt 0.654327 0.856827
vt 0.604248 0.865644
vt 0.636363 0.788313
vt 0.636363 0.788313
vt 0.604248 0.865644
vt 0.581799 0.779587
vt 0.604248 0.865644
vt 0.547466 0.862067
vt 0.581799 0.779587
vt 0.480601 0.940066
vt 0.461045 0.854985
vt 0.524917 0.862067
vt 0.445054 0.983561
vt 0.401843 0.908717
vt 0.480601 0.940066
vt 0.480601 0.940066
vt 0.401843 0.908717
vt 0.461045 0.854985
vt 0.461045 0.854985
vt 0.401843 0.908717
vt 0.384076 0.800606
vt 0.282218 0.983561
vt 0.259771 0.943711
vt 0.314275 0.889397
vt 0.259771 0.943711
vt 0.236744 0.904865
vt 0.314275 0.889397
vt 0.314275 0.889397
vt 0.236744 0.904865
vt 0.228760 0.821406
vt 0.236744 0.904865
vt 0.204545 0.881904
vt 0.228760 0.821406
vt 0.204545 0.881904
vt 0.155172 0.824354
vt 0.228760 0.821406
vt 0.113636 0.960635
vt 0.073082 0.937080
vt 0.136363 0.921269
vt 0.139549 0.881904
vt 0.065260 0.861859
vt 0.155172 0.824354
vt 0.136363 0.921269
vt 0.073082 0.937080
vt 0.139549 0.881904
vt 0.073082 0.937080
vt 0.065260 0.861859
vt 0.139549 0.881904
vt 0.604248 0.865644
vt 0.606034 0.947468
vt 0.547466 0.862067
vt 0.654327 0.856827
vt 0.651410 0.921269
vt 0.604248 0.865644
vt 0.604248 0.865644
vt 0.651410 0.921269
vt 0.606034 0.947468
vt 0.725260 0.862067
vt 0.651410 0.921269
vt 0.654327 0.856827
vt 0.651410 0.921269
vt 0.659090 0.960635
vt 0.606034 0.947468
vt 0.659090 0.960635
vt 0.636363 1.000000
vt 0.606034 0.947468
vt 0.848243 0.947931
vt 0.811680 0.854986
vt 0.886363 0.881904
vt 0.886363 0.881904
vt 0.811680 0.854986
vt 0.888651 0.800605
vt 0.848243 0.947931
vt 0.801875 0.949513
vt 0.811680 0.854986
vt 0.801875 0.949513
vt 0.772726 0.921269
vt 0.811680 0.854986
vt 0.772726 0.921269
vt 0.747808 0.862067
vt 0.811680 0.854986
vt 0.272727 1.000000
vt 0.302789 0.947931
vt 0.241313 0.945588
vt 0.747809 0.862067
vt 0.706840 0.781029
vt 0.668478 0.865644
vt 0.547465 0.862066
vt 0.581798 0.779588
vt 0.526097 0.762774
vt 0.647503 0.704374
vt 0.594094 0.645714
vt 0.576239 0.685079
vt 0.570832 0.592485
vt 0.535963 0.544058
vt 0.503906 0.638220
vt 0.594094 0.645714
vt 0.570832 0.592485
vt 0.503906 0.638220
vt 0.594094 0.645714
vt 0.503906 0.638220
vt 0.576239 0.685079
vt 0.416338 0.618901
vt 0.361211 0.559786
vt 0.357135 0.672634
vt 0.361211 0.559786
vt 0.318181 0.606349
vt 0.357135 0.672634
vt 0.357135 0.672634
vt 0.318181 0.606349
vt 0.293264 0.665551
vt 0.416338 0.618901
vt 0.357135 0.672634
vt 0.434106 0.727013
vt 0.270715 0.665551
vt 0.196866 0.606349
vt 0.199782 0.670791
vt 0.192317 0.545802
vt 0.149174 0.584160
vt 0.196866 0.606349
vt 0.199782 0.670791
vt 0.196866 0.606349
vt 0.149703 0.661975
vt 0.196866 0.606349
vt 0.149174 0.584160
vt 0.149703 0.661975
vt 0.149703 0.661975
vt 0.149174 0.584160
vt 0.102183 0.665551
vt 0.941734 0.584160
vt 0.909090 0.527618
vt 0.894926 0.581815
vt 0.979463 0.665551
vt 0.941734 0.584160
vt 0.915591 0.672633
vt 0.941734 0.584160
vt 0.894926 0.581815
vt 0.915591 0.672633
vt 0.894926 0.581815
vt 0.856388 0.618902
vt 0.915591 0.672633
vt 0.915591 0.672633
vt 0.856388 0.618902
vt 0.838621 0.727012
vt 0.749999 0.566983
vt 0.727272 0.527618
vt 0.695858 0.582030
vt 0.768820 0.638221
vt 0.749999 0.566983
vt 0.715908 0.626032
vt 0.749999 0.566983
vt 0.695858 0.582030
vt 0.715908 0.626032
vt 0.715908 0.626032
vt 0.695858 0.582030
vt 0.659090 0.645714
vt 0.768820 0.638221
vt 0.715908 0.626032
vt 0.696487 0.685079
vt 0.715908 0.626032
vt 0.659090 0.645714
vt 0.696487 0.685079
vt 0.696487 0.685079
vt 0.659090 0.645714
vt 0.647503 0.704374
vt 0.600794 0.724444
vt 0.647503 0.704374
vt 0.576239 0.685079
vt 0.581798 0.779588
vt 0.600794 0.724444
vt 0.526097 0.762774
vt 0.600794 0.724444
vt 0.576239 0.685079
vt 0.526097 0.762774
vt 0.526097 0.762774
vt 0.576239 0.685079
vt 0.503906 0.638220
vt 0.526097 0.762774
vt 0.503906 0.638220
vt 0.434106 0.727013
vt 0.361611 0.802910
vt 0.434106 0.727013
vt 0.357135 0.672634
vt 0.361611 0.802910
vt 0.357135 0.672634
vt 0.292085 0.764844
vt 0.357135 0.672634
vt 0.293264 0.665551
vt 0.292085 0.764844
vt 0.236383 0.748030
vt 0.293264 0.665551
vt 0.199782 0.670791
vt 0.208463 0.824355
vt 0.236383 0.748030
vt 0.181818 0.739305
vt 0.236383 0.748030
vt 0.199782 0.670791
vt 0.181818 0.739305
vt 0.181818 0.739305
vt 0.199782 0.670791
vt 0.149703 0.661975
vt 0.208463 0.824355
vt 0.181818 0.739305
vt 0.134876 0.821406
vt 0.134876 0.821406
vt 0.181818 0.739305
vt 0.127253 0.748030
vt 0.181818 0.739305
vt 0.149703 0.661975
vt 0.127253 0.748030
vt 0.127253 0.748030
vt 0.149703 0.661975
vt 0.102183 0.665551
vt 0.967267 0.741775
vt 0.979463 0.665551
vt 0.915591 0.672633
vt 0.967267 0.741775
vt 0.915591 0.672633
vt 0.911115 0.802908
vt 0.911115 0.802908
vt 0.915591 0.672633
vt 0.838621 0.727012
vt 0.706840 0.781029
vt 0.838621 0.727012
vt 0.720868 0.735489
vt 0.838621 0.727012
vt 0.768820 0.638221
vt 0.720868 0.735489
vt 0.720868 0.735489
vt 0.768820 0.638221
vt 0.696487 0.685079
vt 0.706840 0.781029
vt 0.720868 0.735489
vt 0.647503 0.704374
vt 0.720868 0.735489
vt 0.696487 0.685079
vt 0.647503 0.704374
vt 0.526097 0.762774
vt 0.434106 0.727013
vt 0.450956 0.852059
vt 0.450956 0.852059
vt 0.434106 0.727013
vt 0.361611 0.802910
vt 0.526097 0.762774
vt 0.450956 0.852059
vt 0.547465 0.862066
vt 0.292085 0.764844
vt 0.293264 0.665551
vt 0.236383 0.748030
vt 0.292085 0.764844
vt 0.236383 0.748030
vt 0.208463 0.824355
vt 0.361611 0.802910
vt 0.292085 0.764844
vt 0.298376 0.861858
vt 0.292085 0.764844
vt 0.208463 0.824355
vt 0.298376 0.861858
vt 0.127253 0.748030
vt 0.102183 0.665551
vt 0.071551 0.764844
vt 0.127253 0.748030
vt 0.071551 0.764844
vt 0.134876 0.821406
vt 0.134876 0.821406
vt 0.071551 0.764844
vt 0.049361 0.889397
vt 0.071551 0.764844
vt 0.012453 0.820970
vt 0.049361 0.889397
vt 0.911115 0.802908
vt 0.838621 0.727012
vt 0.821771 0.852059
vt 0.838621 0.727012
vt 0.706840 0.781029
vt 0.821771 0.852059
vt 0.821771 0.852059
vt 0.706840 0.781029
vt 0.747809 0.862067
vt 0.706840 0.781029
vt 0.647503 0.704374
vt 0.636363 0.788313
vt 0.647503 0.704374
vt 0.600794 0.724444
vt 0.636363 0.788313
vt 0.636363 0.788313
vt 0.600794 0.724444
vt 0.581798 0.779588
vt 0.706840 0.781029
vt 0.636363 0.788313
vt 0.668478 0.865644
vt 0.668478 0.865644
vt 0.636363 0.788313
vt 0.618399 0.856828
vt 0.636363 0.788313
vt 0.581798 0.779588
vt 0.618399 0.856828
vt 0.618399 0.856828
vt 0.581798 0.779588
vt 0.547465 0.862066
vt 0.499999 0.921269
vt 0.524917 0.862066
vt 0.450956 0.852059
vt 0.499999 0.921269
vt 0.450956 0.852059
vt 0.449375 0.948780
vt 0.449375 0.948780
vt 0.450956 0.852059
vt 0.386363 0.881904
vt 0.386363 0.881904
vt 0.450956 0.852059
vt 0.361611 0.802910
vt 0.302789 0.947931
vt 0.298376 0.861858
vt 0.261363 0.901587
vt 0.261363 0.901587
vt 0.298376 0.861858
vt 0.208463 0.824355
vt 0.302789 0.947931
vt 0.261363 0.901587
vt 0.241313 0.945588
vt 0.241313 0.945588
vt 0.261363 0.901587
vt 0.204545 0.881904
vt 0.261363 0.901587
vt 0.208463 0.824355
vt 0.204545 0.881904
vt 0.139549 0.881904
vt 0.208463 0.824355
vt 0.134876 0.821406
vt 0.116287 0.935133
vt 0.139549 0.881904
vt 0.049361 0.889397
vt 0.139549 0.881904
vt 0.134876 0.821406
vt 0.049361 0.889397
vt 0.081417 0.983560
vt 0.116287 0.935133
vt 0.049361 0.889397
vt 0.618399 0.856828
vt 0.547465 0.862066
vt 0.621316 0.921270
vt 0.668478 0.865644
vt 0.618399 0.856828
vt 0.621316 0.921270
vt 0.725261 0.862067
vt 0.668478 0.865644
vt 0.666692 0.947468
vt 0.668478 0.865644
vt 0.621316 0.921270
vt 0.666692 0.947468
vt 0.621316 0.921270
vt 0.613636 0.960635
vt 0.666692 0.947468
vt 0.666692 0.947468
vt 0.613636 0.960635
vt 0.636363 1.000000
vt 0.870883 0.908717
vt 0.911115 0.802908
vt 0.821771 0.852059
vt 0.827673 0.983560
vt 0.870883 0.908717
vt 0.792125 0.940065
vt 0.870883 0.908717
vt 0.821771 0.852059
vt 0.792125 0.940065
vt 0.792125 0.940065
vt 0.821771 0.852059
vt 0.747809 0.862067
vn 0.028379 -0.993848 0.107056
vn 0.028379 -0.993848 0.107056
vn 0.028379 -0.993848 0.107056
vn -0.101925 -0.990642 0.090771
vn -0.101925 -0.990642 0.090771
vn -0.101925 -0.990642 0.090771
vn -0.883679 -0.446132 0.141697
vn -0.883679 -0.446132 0.141697
vn -0.883679 -0.446132 0.141697
vn -0.342171 -0.352350 -0.871073
vn -0.342171 -0.352350 -0.871073
vn -0.342171 -0.352350 -0.871073
vn -0.943704 -0.330790 0.000000
vn -0.943704 -0.330790 0.000000
vn -0.943704 -0.330790 0.000000
vn 0.711128 -0.305296 -0.633317
vn 0.711128 -0.305296 -0.633317
vn 0.711128 -0.305296 -0.633317
vn -0.692532 0.513154 -0.507023
vn -0.692532 0.513154 -0.507023
vn -0.692532 0.513154 -0.507023
vn 0.162120 0.463623 -0.871074
vn 0.162120 0.463623 -0.871074
vn 0.162120 0.463623 -0.871074
vn 0.840473 0.534196 -0.090775
vn 0.840473 0.534196 -0.090775
vn 0.840473 0.534196 -0.090775
vn 0.390374 0.913835 -0.111864
vn 0.390374 0.913835 -0.111864
vn 0.390374 0.913835 -0.111864
vn 0.642775 0.757844 -0.111862
vn 0.642775 0.757844 -0.111862
vn 0.642775 0.757844 -0.111862
vn 0.239729 0.949621 -0.201867
vn 0.239729 0.949621 -0.201867
vn 0.239729 0.949621 -0.201867
vn 0.166251 0.910982 -0.377454
vn 0.166251 0.910982 -0.377454
vn 0.166251 0.910982 -0.377454
vn 0.512547 0.829328 -0.222512
vn 0.512547 0.829328 -0.222512
vn 0.512547 0.829328 -0.222512
vn 0.476123 0.770394 -0.424028
vn 0.476123 0.770394 -0.424028
vn 0.476123 0.770394 -0.424028
vn 0.318976 0.799149 -0.509524
vn 0.318976 0.799149 -0.509524
vn 0.318976 0.799149 -0.509524
vn 0.264241 0.701620 -0.661745
vn 0.264241 0.701620 -0.661745
vn 0.264241 0.701620 -0.661745
vn 0.746657 0.632392 -0.206358
vn 0.746657 0.632392 -0.206358
vn 0.746657 0.632392 -0.206358
vn 0.705465 0.578523 -0.409427
vn 0.705465 0.578523 -0.409427
vn 0.705465 0.578523 -0.409427
vn 0.572122 0.642697 -0.509526
vn 0.572122 0.642697 -0.509526
vn 0.572122 0.642697 -0.509526
vn 0.509367 0.550125 -0.661746
vn 0.509367 0.550125 -0.661746
vn 0.509367 0.550125 -0.661746
vn 0.356275 0.576477 -0.735352
vn 0.356275 0.576477 -0.735352
vn 0.356275 0.576477 -0.735352
vn 0.276254 0.447000 -0.850808
vn 0.276254 0.447000 -0.850808
vn 0.276254 0.447000 -0.850808
vn 0.046197 0.905203 -0.422461
vn 0.046197 0.905203 -0.422461
vn 0.046197 0.905203 -0.422461
vn 0.102030 0.691429 -0.715203
vn 0.102030 0.691429 -0.715203
vn 0.102030 0.691429 -0.715203
vn -0.096020 0.938359 -0.332058
vn -0.096020 0.938359 -0.332058
vn -0.096020 0.938359 -0.332058
vn -0.256837 0.895212 -0.364184
vn -0.256837 0.895212 -0.364184
vn -0.256837 0.895212 -0.364184
vn -0.013399 0.779504 -0.626254
vn -0.013399 0.779504 -0.626254
vn -0.013399 0.779504 -0.626254
vn -0.173616 0.735442 -0.654967
vn -0.173616 0.735442 -0.654967
vn -0.173616 0.735442 -0.654967
vn -0.295745 0.796417 -0.527499
vn -0.295745 0.796417 -0.527499
vn -0.295745 0.796417 -0.527499
vn -0.445010 0.723129 -0.528252
vn -0.445010 0.723129 -0.528252
vn -0.445010 0.723129 -0.528252
vn 0.062474 0.559474 -0.826490
vn 0.062474 0.559474 -0.826490
vn 0.062474 0.559474 -0.826490
vn -0.089320 0.518464 -0.850422
vn -0.089320 0.518464 -0.850422
vn -0.089320 0.518464 -0.850422
vn -0.204633 0.601810 -0.771978
vn -0.204633 0.601810 -0.771978
vn -0.204633 0.601810 -0.771978
vn -0.384595 0.509681 -0.769618
vn -0.384595 0.509681 -0.769618
vn -0.384595 0.509681 -0.769618
vn -0.469808 0.595754 -0.651428
vn -0.469808 0.595754 -0.651428
vn -0.469808 0.595754 -0.651428
vn -0.126174 0.992008 -0.000000
vn -0.126174 0.992008 -0.000000
vn -0.126174 0.992008 -0.000000
vn -0.367993 0.910209 -0.190005
vn -0.367993 0.910209 -0.190005
vn -0.367993 0.910209 -0.190005
vn -0.561906 0.742327 -0.364983
vn -0.561906 0.742327 -0.364983
vn -0.561906 0.742327 -0.364983
vn -0.288470 0.957489 -0.000000
vn -0.288470 0.957489 -0.000000
vn -0.288470 0.957489 -0.000000
vn -0.367991 0.910209 0.190006
vn -0.367991 0.910209 0.190006
vn -0.367991 0.910209 0.190006
vn -0.522554 0.831232 -0.189712
vn -0.522554 0.831232 -0.189712
vn -0.522554 0.831232 -0.189712
vn -0.607058 0.794658 0.000001
vn -0.607058 0.794658 0.000001
vn -0.607058 0.794658 0.000001
vn -0.522555 0.831232 0.189710
vn -0.522555 0.831232 0.189710
vn -0.522555 0.831232 0.189710
vn -0.568772 0.712696 0.410565
vn -0.568772 0.712696 0.410565
vn -0.568772 0.712696 0.410565
vn -0.692093 0.622574 -0.365251
vn -0.692093 0.622574 -0.365251
vn -0.692093 0.622574 -0.365251
vn -0.785161 0.592181 -0.181230
vn -0.785161 0.592181 -0.181230
vn -0.785161 0.592181 -0.181230
vn -0.740042 0.672561 0.000002
vn -0.740042 0.672561 0.000002
vn -0.740042 0.672561 0.000002
vn -0.785160 0.592182 0.181227
vn -0.785160 0.592182 0.181227
vn -0.785160 0.592182 0.181227
vn -0.696777 0.621813 0.357561
vn -0.696777 0.621813 0.357561
vn -0.696777 0.621813 0.357561
vn -0.028378 0.993848 0.107058
vn -0.028378 0.993848 0.107058
vn -0.028378 0.993848 0.107058
vn -0.256836 0.895212 0.364185
vn -0.256836 0.895212 0.364185
vn -0.256836 0.895212 0.364185
vn -0.483064 0.700007 0.525965
vn -0.483064 0.700007 0.525965
vn -0.483064 0.700007 0.525965
vn -0.087503 0.939879 0.330108
vn -0.087503 0.939879 0.330108
vn -0.087503 0.939879 0.330108
vn 0.032620 0.880969 0.472049
vn 0.032620 0.880969 0.472049
vn 0.032620 0.880969 0.472049
vn -0.295743 0.796416 0.527502
vn -0.295743 0.796416 0.527502
vn -0.295743 0.796416 0.527502
vn -0.173614 0.735443 0.654966
vn -0.173614 0.735443 0.654966
vn -0.173614 0.735443 0.654966
vn -0.013399 0.779505 0.626253
vn -0.013399 0.779505 0.626253
vn -0.013399 0.779505 0.626253
vn 0.130623 0.666104 0.734332
vn 0.130623 0.666104 0.734332
vn 0.130623 0.666104 0.734332
vn -0.459475 0.584730 0.668561
vn -0.459475 0.584730 0.668561
vn -0.459475 0.584730 0.668561
vn -0.344719 0.532654 0.772948
vn -0.344719 0.532654 0.772948
vn -0.344719 0.532654 0.772948
vn -0.204632 0.601811 0.771978
vn -0.204632 0.601811 0.771978
vn -0.204632 0.601811 0.771978
vn -0.089319 0.518461 0.850424
vn -0.089319 0.518461 0.850424
vn -0.089319 0.518461 0.850424
vn 0.047564 0.556056 0.829783
vn 0.047564 0.556056 0.829783
vn 0.047564 0.556056 0.829783
vn 0.101926 0.990642 0.090771
vn 0.101926 0.990642 0.090771
vn 0.101926 0.990642 0.090771
vn 0.201949 0.889713 0.409424
vn 0.201949 0.889713 0.409424
vn 0.201949 0.889713 0.409424
vn 0.248455 0.672140 0.697494
vn 0.248455 0.672140 0.697494
vn 0.248455 0.672140 0.697494
vn 0.231708 0.950646 0.206356
vn 0.231708 0.950646 0.206356
vn 0.231708 0.950646 0.206356
vn 0.390375 0.913835 0.111864
vn 0.390375 0.913835 0.111864
vn 0.390375 0.913835 0.111864
vn 0.318978 0.799149 0.509524
vn 0.318978 0.799149 0.509524
vn 0.318978 0.799149 0.509524
vn 0.476124 0.770394 0.424028
vn 0.476124 0.770394 0.424028
vn 0.476124 0.770394 0.424028
vn 0.512547 0.829328 0.222512
vn 0.512547 0.829328 0.222512
vn 0.512547 0.829328 0.222512
vn 0.642775 0.757844 0.111861
vn 0.642775 0.757844 0.111861
vn 0.642775 0.757844 0.111861
vn 0.364067 0.575578 0.732233
vn 0.364067 0.575578 0.732233
vn 0.364067 0.575578 0.732233
vn 0.509368 0.550127 0.661743
vn 0.509368 0.550127 0.661743
vn 0.509368 0.550127 0.661743
vn 0.572123 0.642699 0.509523
vn 0.572123 0.642699 0.509523
vn 0.572123 0.642699 0.509523
vn 0.740453 0.556108 0.377456
vn 0.740453 0.556108 0.377456
vn 0.740453 0.556108 0.377456
vn 0.742153 0.639108 0.201866
vn 0.742153 0.639108 0.201866
vn 0.742153 0.639108 0.201866
vn 0.901614 0.419083 -0.107057
vn 0.901614 0.419083 -0.107057
vn 0.901614 0.419083 -0.107057
vn 0.915561 0.170629 -0.364190
vn 0.915561 0.170629 -0.364190
vn 0.915561 0.170629 -0.364190
vn 0.845799 -0.074639 -0.528255
vn 0.845799 -0.074639 -0.528255
vn 0.845799 -0.074639 -0.528255
vn 0.879784 0.342065 -0.330109
vn 0.879784 0.342065 -0.330109
vn 0.879784 0.342065 -0.330109
vn 0.773368 0.423161 -0.472056
vn 0.773368 0.423161 -0.472056
vn 0.773368 0.423161 -0.472056
vn 0.844594 0.091647 -0.527505
vn 0.844594 0.091647 -0.527505
vn 0.844594 0.091647 -0.527505
vn 0.735440 0.173615 -0.654970
vn 0.735440 0.173615 -0.654970
vn 0.735440 0.173615 -0.654970
vn 0.703197 0.336626 -0.626256
vn 0.703197 0.336626 -0.626256
vn 0.703197 0.336626 -0.626256
vn 0.572794 0.400481 -0.715208
vn 0.572794 0.400481 -0.715208
vn 0.572794 0.400481 -0.715208
vn 0.737468 -0.157431 -0.656777
vn 0.737468 -0.157431 -0.656777
vn 0.737468 -0.157431 -0.656777
vn 0.630577 -0.070120 -0.772952
vn 0.630577 -0.070120 -0.772952
vn 0.630577 -0.070120 -0.772952
vn 0.629783 0.086111 -0.771983
vn 0.629783 0.086111 -0.771983
vn 0.629783 0.086111 -0.771983
vn 0.503667 0.151976 -0.850425
vn 0.503667 0.151976 -0.850425
vn 0.503667 0.151976 -0.850425
vn 0.472461 0.306091 -0.826492
vn 0.472461 0.306091 -0.826492
vn 0.472461 0.306091 -0.826492
vn 0.342170 0.352351 -0.871073
vn 0.342170 0.352351 -0.871073
vn 0.342170 0.352351 -0.871073
vn 0.037693 0.161313 -0.986183
vn 0.037693 0.161313 -0.986183
vn 0.037693 0.161313 -0.986183
vn -0.127425 -0.105858 -0.986183
vn -0.127425 -0.105858 -0.986183
vn -0.127425 -0.105858 -0.986183
vn 0.007059 0.294543 -0.955612
vn 0.007059 0.294543 -0.955612
vn 0.007059 0.294543 -0.955612
vn -0.111954 0.372222 -0.921367
vn -0.111954 0.372222 -0.921367
vn -0.111954 0.372222 -0.921367
vn -0.127745 0.078952 -0.988660
vn -0.127745 0.078952 -0.988660
vn -0.127745 0.078952 -0.988660
vn -0.253070 0.156405 -0.954722
vn -0.253070 0.156405 -0.954722
vn -0.253070 0.156405 -0.954722
vn -0.243955 0.305741 -0.920331
vn -0.243955 0.305741 -0.920331
vn -0.243955 0.305741 -0.920331
vn -0.395740 0.404878 -0.824296
vn -0.395740 0.404878 -0.824296
vn -0.395740 0.404878 -0.824296
vn -0.260281 -0.138040 -0.955614
vn -0.260281 -0.138040 -0.955614
vn -0.260281 -0.138040 -0.955614
vn -0.382989 -0.066333 -0.921368
vn -0.382989 -0.066333 -0.921368
vn -0.382989 -0.066333 -0.921368
vn -0.382557 0.081471 -0.920333
vn -0.382557 0.081471 -0.920333
vn -0.382557 0.081471 -0.920333
vn -0.504250 0.151995 -0.850076
vn -0.504250 0.151995 -0.850076
vn -0.504250 0.151995 -0.850076
vn -0.498624 0.300434 -0.813089
vn -0.498624 0.300434 -0.813089
vn -0.498624 0.300434 -0.813089
vn -0.745404 0.398583 -0.534326
vn -0.745404 0.398583 -0.534326
vn -0.745404 0.398583 -0.534326
vn -0.915249 0.170610 -0.364982
vn -0.915249 0.170610 -0.364982
vn -0.915249 0.170610 -0.364982
vn -0.978686 -0.077912 -0.190008
vn -0.978686 -0.077912 -0.190008
vn -0.978686 -0.077912 -0.190008
vn -0.866357 0.340612 -0.365252
vn -0.866357 0.340612 -0.365252
vn -0.866357 0.340612 -0.365252
vn -0.880793 0.437446 -0.181230
vn -0.880793 0.437446 -0.181230
vn -0.880793 0.437446 -0.181230
vn -0.977169 0.095655 -0.189713
vn -0.977169 0.095655 -0.189713
vn -0.977169 0.095655 -0.189713
vn -0.978582 0.203072 0.033739
vn -0.978582 0.203072 0.033739
vn -0.978582 0.203072 0.033739
vn -0.939829 0.338180 0.048538
vn -0.939829 0.338180 0.048538
vn -0.939829 0.338180 0.048538
vn -0.896288 0.405071 0.180516
vn -0.896288 0.405071 0.180516
vn -0.896288 0.405071 0.180516
vn -0.985413 -0.170183 0.000003
vn -0.985413 -0.170183 0.000003
vn -0.985413 -0.170183 0.000003
vn -0.980005 -0.082407 0.181108
vn -0.980005 -0.082407 0.181108
vn -0.980005 -0.082407 0.181108
vn -0.865467 0.342539 0.365560
vn -0.865467 0.342539 0.365560
vn -0.865467 0.342539 0.365560
vn 0.792562 0.436284 0.426030
vn 0.792562 0.436284 0.426030
vn 0.792562 0.436284 0.426030
vn 0.867931 0.349474 0.352937
vn 0.867931 0.349474 0.352937
vn 0.867931 0.349474 0.352937
vn 0.382985 0.066333 -0.921370
vn 0.382985 0.066333 -0.921370
vn 0.382985 0.066333 -0.921370
vn 0.504247 -0.151996 -0.850078
vn 0.504247 -0.151996 -0.850078
vn 0.504247 -0.151996 -0.850078
vn 0.260280 0.138040 -0.955615
vn 0.260280 0.138040 -0.955615
vn 0.260280 0.138040 -0.955615
vn 0.127424 0.105858 -0.986183
vn 0.127424 0.105858 -0.986183
vn 0.127424 0.105858 -0.986183
vn 0.382555 -0.081473 -0.920334
vn 0.382555 -0.081473 -0.920334
vn 0.382555 -0.081473 -0.920334
vn 0.253069 -0.156408 -0.954721
vn 0.253069 -0.156408 -0.954721
vn 0.253069 -0.156408 -0.954721
vn 0.127744 -0.078955 -0.988660
vn 0.127744 -0.078955 -0.988660
vn 0.127744 -0.078955 -0.988660
vn -0.037692 -0.161314 -0.986183
vn -0.037692 -0.161314 -0.986183
vn -0.037692 -0.161314 -0.986183
vn 0.498622 -0.300433 -0.813090
vn 0.498622 -0.300433 -0.813090
vn 0.498622 -0.300433 -0.813090
vn 0.395739 -0.404878 -0.824296
vn 0.395739 -0.404878 -0.824296
vn 0.395739 -0.404878 -0.824296
vn 0.243953 -0.305739 -0.920332
vn 0.243953 -0.305739 -0.920332
vn 0.243953 -0.305739 -0.920332
vn 0.111953 -0.372220 -0.921368
vn 0.111953 -0.372220 -0.921368
vn 0.111953 -0.372220 -0.921368
vn -0.007059 -0.294543 -0.955612
vn -0.007059 -0.294543 -0.955612
vn -0.007059 -0.294543 -0.955612
vn -0.711128 0.305296 -0.633318
vn -0.711128 0.305296 -0.633318
vn -0.711128 0.305296 -0.633318
vn -0.630577 0.070120 -0.772953
vn -0.630577 0.070120 -0.772953
vn -0.630577 0.070120 -0.772953
vn -0.503665 -0.151976 -0.850426
vn -0.503665 -0.151976 -0.850426
vn -0.503665 -0.151976 -0.850426
vn -0.737472 0.157432 -0.656773
vn -0.737472 0.157432 -0.656773
vn -0.737472 0.157432 -0.656773
vn -0.845798 0.074639 -0.528257
vn -0.845798 0.074639 -0.528257
vn -0.845798 0.074639 -0.528257
vn -0.629786 -0.086113 -0.771981
vn -0.629786 -0.086113 -0.771981
vn -0.629786 -0.086113 -0.771981
vn -0.735437 -0.173616 -0.654973
vn -0.735437 -0.173616 -0.654973
vn -0.735437 -0.173616 -0.654973
vn -0.844596 -0.091647 -0.527503
vn -0.844596 -0.091647 -0.527503
vn -0.844596 -0.091647 -0.527503
vn -0.915561 -0.170628 -0.364190
vn -0.915561 -0.170628 -0.364190
vn -0.915561 -0.170628 -0.364190
vn -0.472463 -0.306090 -0.826491
vn -0.472463 -0.306090 -0.826491
vn -0.472463 -0.306090 -0.826491
vn -0.572795 -0.400478 -0.715208
vn -0.572795 -0.400478 -0.715208
vn -0.572795 -0.400478 -0.715208
vn -0.703196 -0.336624 -0.626259
vn -0.703196 -0.336624 -0.626259
vn -0.703196 -0.336624 -0.626259
vn -0.788976 -0.446143 -0.422461
vn -0.788976 -0.446143 -0.422461
vn -0.788976 -0.446143 -0.422461
vn -0.882232 -0.333769 -0.332060
vn -0.882232 -0.333769 -0.332060
vn -0.882232 -0.333769 -0.332060
vn -0.865911 -0.194509 0.460829
vn -0.865911 -0.194509 0.460829
vn -0.865911 -0.194509 0.460829
vn 0.955833 0.290195 0.046589
vn 0.955833 0.290195 0.046589
vn 0.955833 0.290195 0.046589
vn 0.980713 0.190447 0.043951
vn 0.980713 0.190447 0.043951
vn 0.980713 0.190447 0.043951
vn 0.978687 0.077914 -0.190004
vn 0.978687 0.077914 -0.190004
vn 0.978687 0.077914 -0.190004
vn 0.982247 -0.187593 0.000000
vn 0.982247 -0.187593 0.000000
vn 0.982247 -0.187593 0.000000
vn 0.977168 -0.095655 -0.189715
vn 0.977168 -0.095655 -0.189715
vn 0.977168 -0.095655 -0.189715
vn 0.915248 -0.170611 -0.364983
vn 0.915248 -0.170611 -0.364983
vn 0.915248 -0.170611 -0.364983
vn 0.866346 -0.450327 0.215988
vn 0.866346 -0.450327 0.215988
vn 0.866346 -0.450327 0.215988
vn 0.932509 -0.361147 0.000000
vn 0.932509 -0.361147 0.000000
vn 0.932509 -0.361147 0.000000
vn 0.880793 -0.437448 -0.181229
vn 0.880793 -0.437448 -0.181229
vn 0.880793 -0.437448 -0.181229
vn 0.866356 -0.340613 -0.365255
vn 0.866356 -0.340613 -0.365255
vn 0.866356 -0.340613 -0.365255
vn 0.745403 -0.398583 -0.534328
vn 0.745403 -0.398583 -0.534328
vn 0.745403 -0.398583 -0.534328
vn 0.445009 -0.723130 -0.528252
vn 0.445009 -0.723130 -0.528252
vn 0.445009 -0.723130 -0.528252
vn 0.256834 -0.895212 -0.364186
vn 0.256834 -0.895212 -0.364186
vn 0.256834 -0.895212 -0.364186
vn 0.469810 -0.595757 -0.651423
vn 0.469810 -0.595757 -0.651423
vn 0.469810 -0.595757 -0.651423
vn 0.384593 -0.509679 -0.769620
vn 0.384593 -0.509679 -0.769620
vn 0.384593 -0.509679 -0.769620
vn 0.295742 -0.796415 -0.527503
vn 0.295742 -0.796415 -0.527503
vn 0.295742 -0.796415 -0.527503
vn 0.173614 -0.735443 -0.654967
vn 0.173614 -0.735443 -0.654967
vn 0.173614 -0.735443 -0.654967
vn 0.204630 -0.601811 -0.771978
vn 0.204630 -0.601811 -0.771978
vn 0.204630 -0.601811 -0.771978
vn 0.089319 -0.518464 -0.850422
vn 0.089319 -0.518464 -0.850422
vn 0.089319 -0.518464 -0.850422
vn 0.096019 -0.938359 -0.332059
vn 0.096019 -0.938359 -0.332059
vn 0.096019 -0.938359 -0.332059
vn -0.046196 -0.905203 -0.422462
vn -0.046196 -0.905203 -0.422462
vn -0.046196 -0.905203 -0.422462
vn 0.013399 -0.779503 -0.626256
vn 0.013399 -0.779503 -0.626256
vn 0.013399 -0.779503 -0.626256
vn -0.102031 -0.691428 -0.715204
vn -0.102031 -0.691428 -0.715204
vn -0.102031 -0.691428 -0.715204
vn -0.062476 -0.559474 -0.826490
vn -0.062476 -0.559474 -0.826490
vn -0.062476 -0.559474 -0.826490
vn -0.162122 -0.463627 -0.871072
vn -0.162122 -0.463627 -0.871072
vn -0.162122 -0.463627 -0.871072
vn -0.276255 -0.447001 -0.850807
vn -0.276255 -0.447001 -0.850807
vn -0.276255 -0.447001 -0.850807
vn -0.264245 -0.701621 -0.661742
vn -0.264245 -0.701621 -0.661742
vn -0.264245 -0.701621 -0.661742
vn -0.166254 -0.910982 -0.377453
vn -0.166254 -0.910982 -0.377453
vn -0.166254 -0.910982 -0.377453
vn -0.356276 -0.576479 -0.735350
vn -0.356276 -0.576479 -0.735350
vn -0.356276 -0.576479 -0.735350
vn -0.509368 -0.550127 -0.661743
vn -0.509368 -0.550127 -0.661743
vn -0.509368 -0.550127 -0.661743
vn -0.318977 -0.799149 -0.509523
vn -0.318977 -0.799149 -0.509523
vn -0.318977 -0.799149 -0.509523
vn -0.476125 -0.770393 -0.424027
vn -0.476125 -0.770393 -0.424027
vn -0.476125 -0.770393 -0.424027
vn -0.572123 -0.642700 -0.509522
vn -0.572123 -0.642700 -0.509522
vn -0.572123 -0.642700 -0.509522
vn -0.740454 -0.556109 -0.377453
vn -0.740454 -0.556109 -0.377453
vn -0.740454 -0.556109 -0.377453
vn -0.239728 -0.949621 -0.201867
vn -0.239728 -0.949621 -0.201867
vn -0.239728 -0.949621 -0.201867
vn -0.390376 -0.913835 -0.111863
vn -0.390376 -0.913835 -0.111863
vn -0.390376 -0.913835 -0.111863
vn -0.512549 -0.829327 -0.222510
vn -0.512549 -0.829327 -0.222510
vn -0.512549 -0.829327 -0.222510
vn -0.642774 -0.757844 -0.111866
vn -0.642774 -0.757844 -0.111866
vn -0.642774 -0.757844 -0.111866
vn -0.742153 -0.639107 -0.201870
vn -0.742153 -0.639107 -0.201870
vn -0.742153 -0.639107 -0.201870
vn -0.848947 -0.508436 0.144157
vn -0.848947 -0.508436 0.144157
vn -0.848947 -0.508436 0.144157
vn -0.634429 -0.748005 0.194905
vn -0.634429 -0.748005 0.194905
vn -0.634429 -0.748005 0.194905
vn -0.390375 -0.913834 0.111866
vn -0.390375 -0.913834 0.111866
vn -0.390375 -0.913834 0.111866
vn -0.745837 -0.613848 0.258685
vn -0.745837 -0.613848 0.258685
vn -0.745837 -0.613848 0.258685
vn -0.543696 -0.800491 0.252208
vn -0.543696 -0.800491 0.252208
vn -0.543696 -0.800491 0.252208
vn -0.231709 -0.950646 0.206359
vn -0.231709 -0.950646 0.206359
vn -0.231709 -0.950646 0.206359
vn -0.208980 -0.905925 0.368276
vn -0.208980 -0.905925 0.368276
vn -0.208980 -0.905925 0.368276
vn 0.692531 -0.513153 -0.507025
vn 0.692531 -0.513153 -0.507025
vn 0.692531 -0.513153 -0.507025
vn 0.785162 -0.592180 -0.181228
vn 0.785162 -0.592180 -0.181228
vn 0.785162 -0.592180 -0.181228
vn 0.787447 -0.584412 0.195931
vn 0.787447 -0.584412 0.195931
vn 0.787447 -0.584412 0.195931
vn 0.692092 -0.622574 -0.365254
vn 0.692092 -0.622574 -0.365254
vn 0.692092 -0.622574 -0.365254
vn 0.561906 -0.742326 -0.364984
vn 0.561906 -0.742326 -0.364984
vn 0.561906 -0.742326 -0.364984
vn 0.740043 -0.672560 0.000001
vn 0.740043 -0.672560 0.000001
vn 0.740043 -0.672560 0.000001
vn 0.607058 -0.794657 0.000003
vn 0.607058 -0.794657 0.000003
vn 0.607058 -0.794657 0.000003
vn 0.522554 -0.831232 -0.189709
vn 0.522554 -0.831232 -0.189709
vn 0.522554 -0.831232 -0.189709
vn 0.367993 -0.910209 -0.190004
vn 0.367993 -0.910209 -0.190004
vn 0.367993 -0.910209 -0.190004
vn 0.496544 -0.834718 0.238095
vn 0.496544 -0.834718 0.238095
vn 0.496544 -0.834718 0.238095
vn 0.387711 -0.889238 0.242767
vn 0.387711 -0.889238 0.242767
vn 0.387711 -0.889238 0.242767
vn 0.288471 -0.957489 0.000000
vn 0.288471 -0.957489 0.000000
vn 0.288471 -0.957489 0.000000
vn 0.126173 -0.992008 0.000000
vn 0.126173 -0.992008 0.000000
vn 0.126173 -0.992008 0.000000
vn -0.067097 -0.847547 0.526462
vn -0.067097 -0.847547 0.526462
vn -0.067097 -0.847547 0.526462
vn 0.086466 -0.941341 0.326191
vn 0.086466 -0.941341 0.326191
vn 0.086466 -0.941341 0.326191
vn 0.049642 0.249044 0.967219
vn 0.049642 0.249044 0.967219
vn 0.049642 0.249044 0.967219
vn 0.572042 0.402605 0.714616
vn 0.572042 0.402605 0.714616
vn 0.572042 0.402605 0.714616
vn 0.592604 -0.666566 0.452229
vn 0.592604 -0.666566 0.452229
vn 0.592604 -0.666566 0.452229
vn -0.284765 0.269781 0.919852
vn -0.284765 0.269781 0.919852
vn -0.284765 0.269781 0.919852
vn 0.704681 0.333243 0.626397
vn 0.704681 0.333243 0.626397
vn 0.704681 0.333243 0.626397
vn 0.439436 0.269177 0.856994
vn 0.439436 0.269177 0.856994
vn 0.439436 0.269177 0.856994
vn -0.674010 0.310453 0.670321
vn -0.674010 0.310453 0.670321
vn -0.674010 0.310453 0.670321
vn 0.130853 0.358307 0.924388
vn 0.130853 0.358307 0.924388
vn 0.130853 0.358307 0.924388
vn 0.976200 0.076959 0.202759
vn 0.976200 0.076959 0.202759
vn 0.976200 0.076959 0.202759
vn 0.341758 0.373065 0.862568
vn 0.341758 0.373065 0.862568
vn 0.341758 0.373065 0.862568
vn 0.829932 -0.264493 0.491179
vn 0.829932 -0.264493 0.491179
vn 0.829932 -0.264493 0.491179
vn -0.028378 -0.993848 0.107056
vn -0.028378 -0.993848 0.107056
vn -0.028378 -0.993848 0.107056
vn 0.101924 -0.990642 0.090770
vn 0.101924 -0.990642 0.090770
vn 0.101924 -0.990642 0.090770
vn 0.883680 -0.446131 0.141692
vn 0.883680 -0.446131 0.141692
vn 0.883680 -0.446131 0.141692
vn 0.342169 -0.352348 -0.871075
vn 0.342169 -0.352348 -0.871075
vn 0.342169 -0.352348 -0.871075
vn 0.943704 -0.330790 -0.000003
vn 0.943704 -0.330790 -0.000003
vn 0.943704 -0.330790 -0.000003
vn -0.711132 -0.305299 -0.633312
vn -0.711132 -0.305299 -0.633312
vn -0.711132 -0.305299 -0.633312
vn 0.692532 0.513151 -0.507026
vn 0.692532 0.513151 -0.507026
vn 0.692532 0.513151 -0.507026
vn -0.162120 0.463623 -0.871075
vn -0.162120 0.463623 -0.871075
vn -0.162120 0.463623 -0.871075
vn -0.390375 0.913835 -0.111864
vn -0.390375 0.913835 -0.111864
vn -0.390375 0.913835 -0.111864
vn -0.642775 0.757843 -0.111868
vn -0.642775 0.757843 -0.111868
vn -0.642775 0.757843 -0.111868
vn -0.239729 0.949621 -0.201867
vn -0.239729 0.949621 -0.201867
vn -0.239729 0.949621 -0.201867
vn -0.166253 0.910982 -0.377455
vn -0.166253 0.910982 -0.377455
vn -0.166253 0.910982 -0.377455
vn -0.512548 0.829327 -0.222510
vn -0.512548 0.829327 -0.222510
vn -0.512548 0.829327 -0.222510
vn -0.476124 0.770392 -0.424030
vn -0.476124 0.770392 -0.424030
vn -0.476124 0.770392 -0.424030
vn -0.318976 0.799149 -0.509524
vn -0.318976 0.799149 -0.509524
vn -0.318976 0.799149 -0.509524
vn -0.264244 0.701622 -0.661742
vn -0.264244 0.701622 -0.661742
vn -0.264244 0.701622 -0.661742
vn -0.742151 0.639109 -0.201870
vn -0.742151 0.639109 -0.201870
vn -0.742151 0.639109 -0.201870
vn -0.740451 0.556111 -0.377456
vn -0.740451 0.556111 -0.377456
vn -0.740451 0.556111 -0.377456
vn -0.572122 0.642698 -0.509525
vn -0.572122 0.642698 -0.509525
vn -0.572122 0.642698 -0.509525
vn -0.509369 0.550128 -0.661742
vn -0.509369 0.550128 -0.661742
vn -0.509369 0.550128 -0.661742
vn -0.356275 0.576478 -0.735351
vn -0.356275 0.576478 -0.735351
vn -0.356275 0.576478 -0.735351
vn -0.276253 0.446998 -0.850809
vn -0.276253 0.446998 -0.850809
vn -0.276253 0.446998 -0.850809
vn -0.046196 0.905202 -0.422463
vn -0.046196 0.905202 -0.422463
vn -0.046196 0.905202 -0.422463
vn -0.102030 0.691429 -0.715203
vn -0.102030 0.691429 -0.715203
vn -0.102030 0.691429 -0.715203
vn 0.096019 0.938358 -0.332060
vn 0.096019 0.938358 -0.332060
vn 0.096019 0.938358 -0.332060
vn 0.256835 0.895212 -0.364186
vn 0.256835 0.895212 -0.364186
vn 0.256835 0.895212 -0.364186
vn 0.013399 0.779505 -0.626253
vn 0.013399 0.779505 -0.626253
vn 0.013399 0.779505 -0.626253
vn 0.173614 0.735444 -0.654966
vn 0.173614 0.735444 -0.654966
vn 0.173614 0.735444 -0.654966
vn 0.295743 0.796417 -0.527500
vn 0.295743 0.796417 -0.527500
vn 0.295743 0.796417 -0.527500
vn 0.445009 0.723130 -0.528251
vn 0.445009 0.723130 -0.528251
vn 0.445009 0.723130 -0.528251
vn -0.062474 0.559475 -0.826490
vn -0.062474 0.559475 -0.826490
vn -0.062474 0.559475 -0.826490
vn 0.089319 0.518463 -0.850422
vn 0.089319 0.518463 -0.850422
vn 0.089319 0.518463 -0.850422
vn 0.204631 0.601810 -0.771978
vn 0.204631 0.601810 -0.771978
vn 0.204631 0.601810 -0.771978
vn 0.384594 0.509679 -0.769620
vn 0.384594 0.509679 -0.769620
vn 0.384594 0.509679 -0.769620
vn 0.469808 0.595754 -0.651428
vn 0.469808 0.595754 -0.651428
vn 0.469808 0.595754 -0.651428
vn 0.126172 0.992008 -0.000001
vn 0.126172 0.992008 -0.000001
vn 0.126172 0.992008 -0.000001
vn 0.367991 0.910209 -0.190007
vn 0.367991 0.910209 -0.190007
vn 0.367991 0.910209 -0.190007
vn 0.561907 0.742327 -0.364983
vn 0.561907 0.742327 -0.364983
vn 0.561907 0.742327 -0.364983
vn 0.288470 0.957489 -0.000000
vn 0.288470 0.957489 -0.000000
vn 0.288470 0.957489 -0.000000
vn 0.367992 0.910209 0.190004
vn 0.367992 0.910209 0.190004
vn 0.367992 0.910209 0.190004
vn 0.522555 0.831231 -0.189712
vn 0.522555 0.831231 -0.189712
vn 0.522555 0.831231 -0.189712
vn 0.607058 0.794657 -0.000000
vn 0.607058 0.794657 -0.000000
vn 0.607058 0.794657 -0.000000
vn 0.522555 0.831232 0.189709
vn 0.522555 0.831232 0.189709
vn 0.522555 0.831232 0.189709
vn 0.568772 0.712696 0.410565
vn 0.568772 0.712696 0.410565
vn 0.568772 0.712696 0.410565
vn 0.692094 0.622573 -0.365253
vn 0.692094 0.622573 -0.365253
vn 0.692094 0.622573 -0.365253
vn 0.785162 0.592180 -0.181228
vn 0.785162 0.592180 -0.181228
vn 0.785162 0.592180 -0.181228
vn 0.740043 0.672560 -0.000003
vn 0.740043 0.672560 -0.000003
vn 0.740043 0.672560 -0.000003
vn 0.785162 0.592180 0.181230
vn 0.785162 0.592180 0.181230
vn 0.785162 0.592180 0.181230
vn 0.696781 0.621812 0.357555
vn 0.696781 0.621812 0.357555
vn 0.696781 0.621812 0.357555
vn 0.028379 0.993848 0.107056
vn 0.028379 0.993848 0.107056
vn 0.028379 0.993848 0.107056
vn 0.256836 0.895212 0.364186
vn 0.256836 0.895212 0.364186
vn 0.256836 0.895212 0.364186
vn 0.483065 0.700008 0.525963
vn 0.483065 0.700008 0.525963
vn 0.483065 0.700008 0.525963
vn 0.087504 0.939878 0.330109
vn 0.087504 0.939878 0.330109
vn 0.087504 0.939878 0.330109
vn -0.032619 0.880967 0.472052
vn -0.032619 0.880967 0.472052
vn -0.032619 0.880967 0.472052
vn 0.295743 0.796418 0.527498
vn 0.295743 0.796418 0.527498
vn 0.295743 0.796418 0.527498
vn 0.173615 0.735444 0.654966
vn 0.173615 0.735444 0.654966
vn 0.173615 0.735444 0.654966
vn 0.013400 0.779505 0.626253
vn 0.013400 0.779505 0.626253
vn 0.013400 0.779505 0.626253
vn -0.130621 0.666102 0.734334
vn -0.130621 0.666102 0.734334
vn -0.130621 0.666102 0.734334
vn 0.459476 0.584728 0.668562
vn 0.459476 0.584728 0.668562
vn 0.459476 0.584728 0.668562
vn 0.344721 0.532653 0.772948
vn 0.344721 0.532653 0.772948
vn 0.344721 0.532653 0.772948
vn 0.204633 0.601811 0.771977
vn 0.204633 0.601811 0.771977
vn 0.204633 0.601811 0.771977
vn 0.089321 0.518463 0.850422
vn 0.089321 0.518463 0.850422
vn 0.089321 0.518463 0.850422
vn -0.047562 0.556056 0.829783
vn -0.047562 0.556056 0.829783
vn -0.047562 0.556056 0.829783
vn -0.101924 0.990642 0.090771
vn -0.101924 0.990642 0.090771
vn -0.101924 0.990642 0.090771
vn -0.201948 0.889713 0.409424
vn -0.201948 0.889713 0.409424
vn -0.201948 0.889713 0.409424
vn -0.248453 0.672142 0.697493
vn -0.248453 0.672142 0.697493
vn -0.248453 0.672142 0.697493
vn -0.231708 0.950646 0.206357
vn -0.231708 0.950646 0.206357
vn -0.231708 0.950646 0.206357
vn -0.390374 0.913835 0.111865
vn -0.390374 0.913835 0.111865
vn -0.390374 0.913835 0.111865
vn -0.318976 0.799150 0.509522
vn -0.318976 0.799150 0.509522
vn -0.318976 0.799150 0.509522
vn -0.476123 0.770392 0.424032
vn -0.476123 0.770392 0.424032
vn -0.476123 0.770392 0.424032
vn -0.512548 0.829328 0.222509
vn -0.512548 0.829328 0.222509
vn -0.512548 0.829328 0.222509
vn -0.642775 0.757843 0.111866
vn -0.642775 0.757843 0.111866
vn -0.642775 0.757843 0.111866
vn -0.364064 0.575579 0.732234
vn -0.364064 0.575579 0.732234
vn -0.364064 0.575579 0.732234
vn -0.509369 0.550129 0.661742
vn -0.509369 0.550129 0.661742
vn -0.509369 0.550129 0.661742
vn -0.572122 0.642698 0.509524
vn -0.572122 0.642698 0.509524
vn -0.572122 0.642698 0.509524
vn -0.705463 0.578525 0.409428
vn -0.705463 0.578525 0.409428
vn -0.705463 0.578525 0.409428
vn -0.746655 0.632394 0.206362
vn -0.746655 0.632394 0.206362
vn -0.746655 0.632394 0.206362
vn -0.840474 0.534195 0.090772
vn -0.840474 0.534195 0.090772
vn -0.840474 0.534195 0.090772
vn -0.915562 0.170627 -0.364189
vn -0.915562 0.170627 -0.364189
vn -0.915562 0.170627 -0.364189
vn -0.845799 -0.074638 -0.528255
vn -0.845799 -0.074638 -0.528255
vn -0.845799 -0.074638 -0.528255
vn -0.882234 0.333767 -0.332058
vn -0.882234 0.333767 -0.332058
vn -0.882234 0.333767 -0.332058
vn -0.788975 0.446142 -0.422465
vn -0.788975 0.446142 -0.422465
vn -0.788975 0.446142 -0.422465
vn -0.844597 0.091645 -0.527501
vn -0.844597 0.091645 -0.527501
vn -0.844597 0.091645 -0.527501
vn -0.735439 0.173613 -0.654971
vn -0.735439 0.173613 -0.654971
vn -0.735439 0.173613 -0.654971
vn -0.703197 0.336624 -0.626258
vn -0.703197 0.336624 -0.626258
vn -0.703197 0.336624 -0.626258
vn -0.572797 0.400478 -0.715207
vn -0.572797 0.400478 -0.715207
vn -0.572797 0.400478 -0.715207
vn -0.737470 -0.157429 -0.656775
vn -0.737470 -0.157429 -0.656775
vn -0.737470 -0.157429 -0.656775
vn -0.630580 -0.070119 -0.772950
vn -0.630580 -0.070119 -0.772950
vn -0.630580 -0.070119 -0.772950
vn -0.629786 0.086111 -0.771981
vn -0.629786 0.086111 -0.771981
vn -0.629786 0.086111 -0.771981
vn -0.503665 0.151978 -0.850426
vn -0.503665 0.151978 -0.850426
vn -0.503665 0.151978 -0.850426
vn -0.472462 0.306086 -0.826493
vn -0.472462 0.306086 -0.826493
vn -0.472462 0.306086 -0.826493
vn -0.342171 0.352348 -0.871074
vn -0.342171 0.352348 -0.871074
vn -0.342171 0.352348 -0.871074
vn -0.037693 0.161313 -0.986183
vn -0.037693 0.161313 -0.986183
vn -0.037693 0.161313 -0.986183
vn 0.127424 -0.105858 -0.986183
vn 0.127424 -0.105858 -0.986183
vn 0.127424 -0.105858 -0.986183
vn -0.007060 0.294544 -0.955612
vn -0.007060 0.294544 -0.955612
vn -0.007060 0.294544 -0.955612
vn 0.111952 0.372221 -0.921367
vn 0.111952 0.372221 -0.921367
vn 0.111952 0.372221 -0.921367
vn 0.127744 0.078952 -0.988660
vn 0.127744 0.078952 -0.988660
vn 0.127744 0.078952 -0.988660
vn 0.253069 0.156405 -0.954722
vn 0.253069 0.156405 -0.954722
vn 0.253069 0.156405 -0.954722
vn 0.243953 0.305740 -0.920331
vn 0.243953 0.305740 -0.920331
vn 0.243953 0.305740 -0.920331
vn 0.395740 0.404878 -0.824296
vn 0.395740 0.404878 -0.824296
vn 0.395740 0.404878 -0.824296
vn 0.260280 -0.138039 -0.955615
vn 0.260280 -0.138039 -0.955615
vn 0.260280 -0.138039 -0.955615
vn 0.382985 -0.066333 -0.921370
vn 0.382985 -0.066333 -0.921370
vn 0.382985 -0.066333 -0.921370
vn 0.382555 0.081471 -0.920334
vn 0.382555 0.081471 -0.920334
vn 0.382555 0.081471 -0.920334
vn 0.504249 0.151995 -0.850077
vn 0.504249 0.151995 -0.850077
vn 0.504249 0.151995 -0.850077
vn 0.498621 0.300435 -0.813090
vn 0.498621 0.300435 -0.813090
vn 0.498621 0.300435 -0.813090
vn 0.745402 0.398583 -0.534329
vn 0.745402 0.398583 -0.534329
vn 0.745402 0.398583 -0.534329
vn 0.915248 0.170609 -0.364985
vn 0.915248 0.170609 -0.364985
vn 0.915248 0.170609 -0.364985
vn 0.978686 -0.077912 -0.190009
vn 0.978686 -0.077912 -0.190009
vn 0.978686 -0.077912 -0.190009
vn 0.866356 0.340613 -0.365255
vn 0.866356 0.340613 -0.365255
vn 0.866356 0.340613 -0.365255
vn 0.880793 0.437447 -0.181228
vn 0.880793 0.437447 -0.181228
vn 0.880793 0.437447 -0.181228
vn 0.977169 0.095654 -0.189713
vn 0.977169 0.095654 -0.189713
vn 0.977169 0.095654 -0.189713
vn 0.978583 0.203071 0.033739
vn 0.978583 0.203071 0.033739
vn 0.978583 0.203071 0.033739
vn 0.939828 0.338182 0.048534
vn 0.939828 0.338182 0.048534
vn 0.939828 0.338182 0.048534
vn 0.896286 0.405073 0.180519
vn 0.896286 0.405073 0.180519
vn 0.896286 0.405073 0.180519
vn 0.985413 -0.170183 -0.000003
vn 0.985413 -0.170183 -0.000003
vn 0.985413 -0.170183 -0.000003
vn 0.980004 -0.082409 0.181108
vn 0.980004 -0.082409 0.181108
vn 0.980004 -0.082409 0.181108
vn 0.976419 0.082973 0.199303
vn 0.976419 0.082973 0.199303
vn 0.976419 0.082973 0.199303
vn 0.865467 0.342541 0.365557
vn 0.865467 0.342541 0.365557
vn 0.865467 0.342541 0.365557
vn -0.776253 0.414573 0.474933
vn -0.776253 0.414573 0.474933
vn -0.776253 0.414573 0.474933
vn -0.868528 0.347421 0.353492
vn -0.868528 0.347421 0.353492
vn -0.868528 0.347421 0.353492
vn -0.914123 0.390021 0.110735
vn -0.914123 0.390021 0.110735
vn -0.914123 0.390021 0.110735
vn -0.382988 0.066334 -0.921369
vn -0.382988 0.066334 -0.921369
vn -0.382988 0.066334 -0.921369
vn -0.504252 -0.151995 -0.850075
vn -0.504252 -0.151995 -0.850075
vn -0.504252 -0.151995 -0.850075
vn -0.260284 0.138040 -0.955613
vn -0.260284 0.138040 -0.955613
vn -0.260284 0.138040 -0.955613
vn -0.127425 0.105857 -0.986183
vn -0.127425 0.105857 -0.986183
vn -0.127425 0.105857 -0.986183
vn -0.382558 -0.081471 -0.920333
vn -0.382558 -0.081471 -0.920333
vn -0.382558 -0.081471 -0.920333
vn -0.253070 -0.156405 -0.954721
vn -0.253070 -0.156405 -0.954721
vn -0.253070 -0.156405 -0.954721
vn -0.127745 -0.078952 -0.988660
vn -0.127745 -0.078952 -0.988660
vn -0.127745 -0.078952 -0.988660
vn 0.037692 -0.161314 -0.986183
vn 0.037692 -0.161314 -0.986183
vn 0.037692 -0.161314 -0.986183
vn -0.498624 -0.300436 -0.813088
vn -0.498624 -0.300436 -0.813088
vn -0.498624 -0.300436 -0.813088
vn -0.395740 -0.404880 -0.824295
vn -0.395740 -0.404880 -0.824295
vn -0.395740 -0.404880 -0.824295
vn -0.243954 -0.305742 -0.920331
vn -0.243954 -0.305742 -0.920331
vn -0.243954 -0.305742 -0.920331
vn -0.111955 -0.372224 -0.921366
vn -0.111955 -0.372224 -0.921366
vn -0.111955 -0.372224 -0.921366
vn 0.007059 -0.294543 -0.955612
vn 0.007059 -0.294543 -0.955612
vn 0.007059 -0.294543 -0.955612
vn 0.711128 0.305298 -0.633317
vn 0.711128 0.305298 -0.633317
vn 0.711128 0.305298 -0.633317
vn 0.630577 0.070120 -0.772952
vn 0.630577 0.070120 -0.772952
vn 0.630577 0.070120 -0.772952
vn 0.503663 -0.151976 -0.850427
vn 0.503663 -0.151976 -0.850427
vn 0.503663 -0.151976 -0.850427
vn 0.737468 0.157431 -0.656777
vn 0.737468 0.157431 -0.656777
vn 0.737468 0.157431 -0.656777
vn 0.845799 0.074638 -0.528255
vn 0.845799 0.074638 -0.528255
vn 0.845799 0.074638 -0.528255
vn 0.629786 -0.086111 -0.771981
vn 0.629786 -0.086111 -0.771981
vn 0.629786 -0.086111 -0.771981
vn 0.735439 -0.173614 -0.654971
vn 0.735439 -0.173614 -0.654971
vn 0.735439 -0.173614 -0.654971
vn 0.844594 -0.091647 -0.527505
vn 0.844594 -0.091647 -0.527505
vn 0.844594 -0.091647 -0.527505
vn 0.915560 -0.170628 -0.364193
vn 0.915560 -0.170628 -0.364193
vn 0.915560 -0.170628 -0.364193
vn 0.472459 -0.306088 -0.826494
vn 0.472459 -0.306088 -0.826494
vn 0.472459 -0.306088 -0.826494
vn 0.572795 -0.400480 -0.715207
vn 0.572795 -0.400480 -0.715207
vn 0.572795 -0.400480 -0.715207
vn 0.703197 -0.336624 -0.626258
vn 0.703197 -0.336624 -0.626258
vn 0.703197 -0.336624 -0.626258
vn 0.788975 -0.446141 -0.422465
vn 0.788975 -0.446141 -0.422465
vn 0.788975 -0.446141 -0.422465
vn 0.882232 -0.333766 -0.332064
vn 0.882232 -0.333766 -0.332064
vn 0.882232 -0.333766 -0.332064
vn 0.865912 -0.194510 0.460828
vn 0.865912 -0.194510 0.460828
vn 0.865912 -0.194510 0.460828
vn -0.943729 0.327294 0.047470
vn -0.943729 0.327294 0.047470
vn -0.943729 0.327294 0.047470
vn -0.980713 0.190447 0.043954
vn -0.980713 0.190447 0.043954
vn -0.980713 0.190447 0.043954
vn -0.978686 0.077913 -0.190010
vn -0.978686 0.077913 -0.190010
vn -0.978686 0.077913 -0.190010
vn -0.982247 -0.187593 0.000000
vn -0.982247 -0.187593 0.000000
vn -0.982247 -0.187593 0.000000
vn -0.977168 -0.095654 -0.189716
vn -0.977168 -0.095654 -0.189716
vn -0.977168 -0.095654 -0.189716
vn -0.915249 -0.170609 -0.364983
vn -0.915249 -0.170609 -0.364983
vn -0.915249 -0.170609 -0.364983
vn -0.866346 -0.450326 0.215991
vn -0.866346 -0.450326 0.215991
vn -0.866346 -0.450326 0.215991
vn -0.932510 -0.361145 0.000000
vn -0.932510 -0.361145 0.000000
vn -0.932510 -0.361145 0.000000
vn -0.880791 -0.437447 -0.181237
vn -0.880791 -0.437447 -0.181237
vn -0.880791 -0.437447 -0.181237
vn -0.866356 -0.340615 -0.365252
vn -0.866356 -0.340615 -0.365252
vn -0.866356 -0.340615 -0.365252
vn -0.745404 -0.398584 -0.534325
vn -0.745404 -0.398584 -0.534325
vn -0.745404 -0.398584 -0.534325
vn -0.445008 -0.723128 -0.528255
vn -0.445008 -0.723128 -0.528255
vn -0.445008 -0.723128 -0.528255
vn -0.256835 -0.895212 -0.364185
vn -0.256835 -0.895212 -0.364185
vn -0.256835 -0.895212 -0.364185
vn -0.469806 -0.595752 -0.651430
vn -0.469806 -0.595752 -0.651430
vn -0.469806 -0.595752 -0.651430
vn -0.384597 -0.509681 -0.769617
vn -0.384597 -0.509681 -0.769617
vn -0.384597 -0.509681 -0.769617
vn -0.295744 -0.796416 -0.527501
vn -0.295744 -0.796416 -0.527501
vn -0.295744 -0.796416 -0.527501
vn -0.173615 -0.735442 -0.654968
vn -0.173615 -0.735442 -0.654968
vn -0.173615 -0.735442 -0.654968
vn -0.204631 -0.601810 -0.771978
vn -0.204631 -0.601810 -0.771978
vn -0.204631 -0.601810 -0.771978
vn -0.089321 -0.518463 -0.850422
vn -0.089321 -0.518463 -0.850422
vn -0.089321 -0.518463 -0.850422
vn -0.096019 -0.938358 -0.332060
vn -0.096019 -0.938358 -0.332060
vn -0.096019 -0.938358 -0.332060
vn 0.046196 -0.905203 -0.422462
vn 0.046196 -0.905203 -0.422462
vn 0.046196 -0.905203 -0.422462
vn -0.013398 -0.779503 -0.626255
vn -0.013398 -0.779503 -0.626255
vn -0.013398 -0.779503 -0.626255
vn 0.102028 -0.691429 -0.715203
vn 0.102028 -0.691429 -0.715203
vn 0.102028 -0.691429 -0.715203
vn 0.062473 -0.559473 -0.826491
vn 0.062473 -0.559473 -0.826491
vn 0.062473 -0.559473 -0.826491
vn 0.162120 -0.463625 -0.871074
vn 0.162120 -0.463625 -0.871074
vn 0.162120 -0.463625 -0.871074
vn 0.276253 -0.446999 -0.850809
vn 0.276253 -0.446999 -0.850809
vn 0.276253 -0.446999 -0.850809
vn 0.264243 -0.701623 -0.661741
vn 0.264243 -0.701623 -0.661741
vn 0.264243 -0.701623 -0.661741
vn 0.166253 -0.910982 -0.377455
vn 0.166253 -0.910982 -0.377455
vn 0.166253 -0.910982 -0.377455
vn 0.356276 -0.576480 -0.735349
vn 0.356276 -0.576480 -0.735349
vn 0.356276 -0.576480 -0.735349
vn 0.509366 -0.550127 -0.661745
vn 0.509366 -0.550127 -0.661745
vn 0.509366 -0.550127 -0.661745
vn 0.318976 -0.799149 -0.509524
vn 0.318976 -0.799149 -0.509524
vn 0.318976 -0.799149 -0.509524
vn 0.476125 -0.770392 -0.424030
vn 0.476125 -0.770392 -0.424030
vn 0.476125 -0.770392 -0.424030
vn 0.572121 -0.642699 -0.509524
vn 0.572121 -0.642699 -0.509524
vn 0.572121 -0.642699 -0.509524
vn 0.740453 -0.556109 -0.377456
vn 0.740453 -0.556109 -0.377456
vn 0.740453 -0.556109 -0.377456
vn 0.239729 -0.949621 -0.201867
vn 0.239729 -0.949621 -0.201867
vn 0.239729 -0.949621 -0.201867
vn 0.390374 -0.913835 -0.111864
vn 0.390374 -0.913835 -0.111864
vn 0.390374 -0.913835 -0.111864
vn 0.512549 -0.829327 -0.222510
vn 0.512549 -0.829327 -0.222510
vn 0.512549 -0.829327 -0.222510
vn 0.642775 -0.757843 -0.111864
vn 0.642775 -0.757843 -0.111864
vn 0.642775 -0.757843 -0.111864
vn 0.742153 -0.639108 -0.201865
vn 0.742153 -0.639108 -0.201865
vn 0.742153 -0.639108 -0.201865
vn 0.848948 -0.508437 0.144152
vn 0.848948 -0.508437 0.144152
vn 0.848948 -0.508437 0.144152
vn 0.634431 -0.748004 0.194901
vn 0.634431 -0.748004 0.194901
vn 0.634431 -0.748004 0.194901
vn 0.390374 -0.913835 0.111864
vn 0.390374 -0.913835 0.111864
vn 0.390374 -0.913835 0.111864
vn 0.745836 -0.613849 0.258684
vn 0.745836 -0.613849 0.258684
vn 0.745836 -0.613849 0.258684
vn 0.543696 -0.800491 0.252207
vn 0.543696 -0.800491 0.252207
vn 0.543696 -0.800491 0.252207
vn 0.417506 -0.748541 0.515146
vn 0.417506 -0.748541 0.515146
vn 0.417506 -0.748541 0.515146
vn 0.231710 -0.950646 0.206357
vn 0.231710 -0.950646 0.206357
vn 0.231710 -0.950646 0.206357
vn -0.692533 -0.513152 -0.507023
vn -0.692533 -0.513152 -0.507023
vn -0.692533 -0.513152 -0.507023
vn -0.785161 -0.592177 -0.181240
vn -0.785161 -0.592177 -0.181240
vn -0.785161 -0.592177 -0.181240
vn -0.787447 -0.584411 0.195934
vn -0.787447 -0.584411 0.195934
vn -0.787447 -0.584411 0.195934
vn -0.692096 -0.622572 -0.365250
vn -0.692096 -0.622572 -0.365250
vn -0.692096 -0.622572 -0.365250
vn -0.561906 -0.742328 -0.364982
vn -0.561906 -0.742328 -0.364982
vn -0.561906 -0.742328 -0.364982
vn -0.740043 -0.672560 0.000004
vn -0.740043 -0.672560 0.000004
vn -0.740043 -0.672560 0.000004
vn -0.607058 -0.794658 0.000003
vn -0.607058 -0.794658 0.000003
vn -0.607058 -0.794658 0.000003
vn -0.522554 -0.831232 -0.189711
vn -0.522554 -0.831232 -0.189711
vn -0.522554 -0.831232 -0.189711
vn -0.367992 -0.910208 -0.190006
vn -0.367992 -0.910208 -0.190006
vn -0.367992 -0.910208 -0.190006
vn -0.496541 -0.834719 0.238098
vn -0.496541 -0.834719 0.238098
vn -0.496541 -0.834719 0.238098
vn -0.387712 -0.889237 0.242770
vn -0.387712 -0.889237 0.242770
vn -0.387712 -0.889237 0.242770
vn -0.288470 -0.957489 0.000000
vn -0.288470 -0.957489 0.000000
vn -0.288470 -0.957489 0.000000
vn -0.126173 -0.992008 0.000000
vn -0.126173 -0.992008 0.000000
vn -0.126173 -0.992008 0.000000
vn 0.067097 -0.847547 0.526461
vn 0.067097 -0.847547 0.526461
vn 0.067097 -0.847547 0.526461
vn -0.086466 -0.941340 0.326193
vn -0.086466 -0.941340 0.326193
vn -0.086466 -0.941340 0.326193
vn -0.276997 -0.888721 0.365305
vn -0.276997 -0.888721 0.365305
vn -0.276997 -0.888721 0.365305
vn -0.049642 0.249043 0.967219
vn -0.049642 0.249043 0.967219
vn -0.049642 0.249043 0.967219
vn -0.592599 -0.666566 0.452234
vn -0.592599 -0.666566 0.452234
vn -0.592599 -0.666566 0.452234
vn 0.284767 0.269781 0.919851
vn 0.284767 0.269781 0.919851
vn 0.284767 0.269781 0.919851
vn -0.704683 0.333244 0.626395
vn -0.704683 0.333244 0.626395
vn -0.704683 0.333244 0.626395
vn -0.439434 0.269177 0.856995
vn -0.439434 0.269177 0.856995
vn -0.439434 0.269177 0.856995
vn 0.674011 0.310454 0.670319
vn 0.674011 0.310454 0.670319
vn 0.674011 0.310454 0.670319
vn -0.000050 -0.991142 0.132806
vn -0.000050 -0.991142 0.132806
vn -0.000050 -0.991142 0.132806
vn -0.000050 -0.991142 0.132806
vn -0.000050 -0.991142 0.132806
vn -0.000050 -0.991142 0.132806
vn -0.000050 -0.991142 0.132806
vn -0.000050 -0.991142 0.132806
vn -0.829933 -0.264497 0.491174
vn -0.829933 -0.264497 0.491174
vn -0.829933 -0.264497 0.491174
vn -0.976417 0.082971 0.199313
vn -0.976417 0.082971 0.199313
vn -0.976417 0.082971 0.199313
vn -0.417507 -0.748542 0.515143
vn -0.417507 -0.748542 0.515143
vn -0.417507 -0.748542 0.515143
vn 0.276997 -0.888722 0.365303
vn 0.276997 -0.888722 0.365303
vn 0.276997 -0.888722 0.365303
vn -0.111075 0.378485 0.918919
vn -0.111075 0.378485 0.918919
vn -0.111075 0.378485 0.918919
vn -0.361431 0.383360 0.849943
vn -0.361431 0.383360 0.849943
vn -0.361431 0.383360 0.849943
vn -0.600266 0.372093 0.707974
vn -0.600266 0.372093 0.707974
vn -0.600266 0.372093 0.707974
vn -0.766398 0.393114 0.508031
vn -0.766398 0.393114 0.508031
vn -0.766398 0.393114 0.508031
vn 0.983068 -0.122333 0.136424
vn 0.983068 -0.122333 0.136424
vn 0.983068 -0.122333 0.136424
vn 0.000050 -0.991142 0.132806
vn 0.000050 -0.991142 0.132806
vn 0.000050 -0.991142 0.132806
vn 0.000050 -0.991142 0.132806
vn 0.000050 -0.991142 0.132806
vn 0.000050 -0.991142 0.132806
vn 0.000050 -0.991142 0.132806
vn 0.000050 -0.991142 0.132806
vn -0.000014 0.137040 0.990566
vn -0.000014 0.137040 0.990566
vn -0.000014 0.137040 0.990566
vn -0.000014 0.137040 0.990566
vn -0.000014 0.137040 0.990566
vn -0.000014 0.137040 0.990566
vn -0.000014 0.137040 0.990566
vn -0.000014 0.137040 0.990566
vn -0.000014 0.137040 0.990566
vn -0.000014 0.137040 0.990566
vn 0.208979 -0.905924 0.368279
vn 0.208979 -0.905924 0.368279
vn 0.208979 -0.905924 0.368279
vn 0.111076 0.378486 0.918918
vn 0.111076 0.378486 0.918918
vn 0.111076 0.378486 0.918918
vn 0.361434 0.383359 0.849942
vn 0.361434 0.383359 0.849942
vn 0.361434 0.383359 0.849942
vn 0.600268 0.372094 0.707972
vn 0.600268 0.372094 0.707972
vn 0.600268 0.372094 0.707972
vn -0.572040 0.402605 0.714618
vn -0.572040 0.402605 0.714618
vn -0.572040 0.402605 0.714618
vn 0.766400 0.393114 0.508028
vn 0.766400 0.393114 0.508028
vn 0.766400 0.393114 0.508028
vn -0.983067 -0.122334 0.136429
vn -0.983067 -0.122334 0.136429
vn -0.983067 -0.122334 0.136429
vn -0.130850 0.358305 0.924390
vn -0.130850 0.358305 0.924390
vn -0.130850 0.358305 0.924390
vn -0.976200 0.076959 0.202759
vn -0.976200 0.076959 0.202759
vn -0.976200 0.076959 0.202759
vn 0.000016 0.137040 0.990565
vn 0.000016 0.137040 0.990565
vn 0.000016 0.137040 0.990565
vn 0.000016 0.137040 0.990565
vn 0.000016 0.137040 0.990565
vn 0.000016 0.137040 0.990565
vn 0.000016 0.137040 0.990565
vn 0.000016 0.137040 0.990565
vn 0.000016 0.137040 0.990565
vn 0.000016 0.137040 0.990565
vn -0.341758 0.373066 0.862568
vn -0.341758 0.373066 0.862568
vn -0.341758 0.373066 0.862568
vn -0.024846 -0.884152 0.466537
vn -0.024846 -0.884152 0.466537
vn -0.024846 -0.884152 0.466537
vn -0.166014 -0.939874 0.298458
vn -0.166014 -0.939874 0.298458
vn -0.166014 -0.939874 0.298458
vn 0.566714 -0.192507 0.801110
vn 0.566714 -0.192507 0.801110
vn 0.566714 -0.192507 0.801110
vn 0.400385 -0.060078 0.914375
vn 0.400385 -0.060078 0.914375
vn 0.400385 -0.060078 0.914375
vn 0.372164 -0.221433 -0.901366
vn 0.372164 -0.221433 -0.901366
vn 0.372164 -0.221433 -0.901366
vn 0.808819 0.536881 -0.239938
vn 0.808819 0.536881 -0.239938
vn 0.808819 0.536881 -0.239938
vn 0.558582 0.708340 -0.431556
vn 0.558582 0.708340 -0.431556
vn 0.558582 0.708340 -0.431556
vn 0.119259 0.531912 -0.838360
vn 0.119259 0.531912 -0.838360
vn 0.119259 0.531912 -0.838360
vn 0.510623 0.691657 -0.510759
vn 0.510623 0.691657 -0.510759
vn 0.510623 0.691657 -0.510759
vn 0.357220 0.520944 -0.775249
vn 0.357220 0.520944 -0.775249
vn 0.357220 0.520944 -0.775249
vn -0.023989 0.354104 -0.934898
vn -0.023989 0.354104 -0.934898
vn -0.023989 0.354104 -0.934898
vn -0.181908 0.430460 -0.884089
vn -0.181908 0.430460 -0.884089
vn -0.181908 0.430460 -0.884089
vn -0.248227 0.401315 -0.881663
vn -0.248227 0.401315 -0.881663
vn -0.248227 0.401315 -0.881663
vn 0.019891 0.165158 -0.986067
vn 0.019891 0.165158 -0.986067
vn 0.019891 0.165158 -0.986067
vn -0.362877 0.448440 -0.816836
vn -0.362877 0.448440 -0.816836
vn -0.362877 0.448440 -0.816836
vn -0.256813 0.958766 -0.121715
vn -0.256813 0.958766 -0.121715
vn -0.256813 0.958766 -0.121715
vn -0.636031 0.760004 -0.133633
vn -0.636031 0.760004 -0.133633
vn -0.636031 0.760004 -0.133633
vn -0.529849 0.795620 0.293683
vn -0.529849 0.795620 0.293683
vn -0.529849 0.795620 0.293683
vn -0.426101 0.643759 0.635620
vn -0.426101 0.643759 0.635620
vn -0.426101 0.643759 0.635620
vn -0.095858 0.981522 0.165607
vn -0.095858 0.981522 0.165607
vn -0.095858 0.981522 0.165607
vn -0.248867 0.542903 0.802073
vn -0.248867 0.542903 0.802073
vn -0.248867 0.542903 0.802073
vn -0.128373 0.554626 0.822138
vn -0.128373 0.554626 0.822138
vn -0.128373 0.554626 0.822138
vn -0.009610 0.476418 0.879166
vn -0.009610 0.476418 0.879166
vn -0.009610 0.476418 0.879166
vn 0.026059 0.330706 0.943374
vn 0.026059 0.330706 0.943374
vn 0.026059 0.330706 0.943374
vn 0.097250 0.990627 0.095917
vn 0.097250 0.990627 0.095917
vn 0.097250 0.990627 0.095917
vn 0.199304 0.712031 0.673268
vn 0.199304 0.712031 0.673268
vn 0.199304 0.712031 0.673268
vn 0.185329 0.935228 0.301665
vn 0.185329 0.935228 0.301665
vn 0.185329 0.935228 0.301665
vn 0.381002 0.588568 0.713039
vn 0.381002 0.588568 0.713039
vn 0.381002 0.588568 0.713039
vn 0.384811 0.563587 0.730952
vn 0.384811 0.563587 0.730952
vn 0.384811 0.563587 0.730952
vn 0.821558 0.508293 0.258225
vn 0.821558 0.508293 0.258225
vn 0.821558 0.508293 0.258225
vn 0.733348 0.061419 -0.677073
vn 0.733348 0.061419 -0.677073
vn 0.733348 0.061419 -0.677073
vn 0.631626 0.187822 -0.752178
vn 0.631626 0.187822 -0.752178
vn 0.631626 0.187822 -0.752178
vn 0.293160 0.136674 -0.946244
vn 0.293160 0.136674 -0.946244
vn 0.293160 0.136674 -0.946244
vn 0.389324 -0.132135 -0.911574
vn 0.389324 -0.132135 -0.911574
vn 0.389324 -0.132135 -0.911574
vn 0.216899 0.063303 -0.974139
vn 0.216899 0.063303 -0.974139
vn 0.216899 0.063303 -0.974139
vn 0.176267 0.051001 -0.983020
vn 0.176267 0.051001 -0.983020
vn 0.176267 0.051001 -0.983020
vn -0.100177 -0.038652 -0.994219
vn -0.100177 -0.038652 -0.994219
vn -0.100177 -0.038652 -0.994219
vn -0.129166 -0.043612 -0.990664
vn -0.129166 -0.043612 -0.990664
vn -0.129166 -0.043612 -0.990664
vn -0.239838 0.034258 -0.970208
vn -0.239838 0.034258 -0.970208
vn -0.239838 0.034258 -0.970208
vn -0.557450 0.184696 -0.809405
vn -0.557450 0.184696 -0.809405
vn -0.557450 0.184696 -0.809405
vn -0.900203 -0.135007 -0.414014
vn -0.900203 -0.135007 -0.414014
vn -0.900203 -0.135007 -0.414014
vn -0.749915 0.253597 -0.610996
vn -0.749915 0.253597 -0.610996
vn -0.749915 0.253597 -0.610996
vn -0.865916 0.394771 -0.307157
vn -0.865916 0.394771 -0.307157
vn -0.865916 0.394771 -0.307157
vn -0.974283 -0.166303 -0.152038
vn -0.974283 -0.166303 -0.152038
vn -0.974283 -0.166303 -0.152038
vn -0.897343 -0.030500 0.440278
vn -0.897343 -0.030500 0.440278
vn -0.897343 -0.030500 0.440278
vn -0.761917 0.349006 0.545598
vn -0.761917 0.349006 0.545598
vn -0.761917 0.349006 0.545598
vn -0.566702 0.346999 0.747288
vn -0.566702 0.346999 0.747288
vn -0.566702 0.346999 0.747288
vn -0.239837 0.225284 0.944312
vn -0.239837 0.225284 0.944312
vn -0.239837 0.225284 0.944312
vn -0.129165 0.152989 0.979750
vn -0.129165 0.152989 0.979750
vn -0.129165 0.152989 0.979750
vn -0.090185 0.160436 0.982918
vn -0.090185 0.160436 0.982918
vn -0.090185 0.160436 0.982918
vn 0.224819 0.257721 0.939700
vn 0.224819 0.257721 0.939700
vn 0.224819 0.257721 0.939700
vn 0.270846 0.280426 0.920871
vn 0.270846 0.280426 0.920871
vn 0.270846 0.280426 0.920871
vn 0.440188 0.240993 0.864961
vn 0.440188 0.240993 0.864961
vn 0.440188 0.240993 0.864961
vn 0.512116 0.160145 0.843855
vn 0.512116 0.160145 0.843855
vn 0.512116 0.160145 0.843855
vn 0.823082 0.463119 0.328720
vn 0.823082 0.463119 0.328720
vn 0.823082 0.463119 0.328720
vn 0.056059 -0.094917 -0.993905
vn 0.056059 -0.094917 -0.993905
vn 0.056059 -0.094917 -0.993905
vn 0.082136 -0.181048 -0.980038
vn 0.082136 -0.181048 -0.980038
vn 0.082136 -0.181048 -0.980038
vn 0.241441 -0.248765 -0.937988
vn 0.241441 -0.248765 -0.937988
vn 0.241441 -0.248765 -0.937988
vn -0.400386 0.060074 -0.914375
vn -0.400386 0.060074 -0.914375
vn -0.400386 0.060074 -0.914375
vn -0.514238 -0.164963 -0.841633
vn -0.514238 -0.164963 -0.841633
vn -0.514238 -0.164963 -0.841633
vn -0.218016 -0.254330 -0.942224
vn -0.218016 -0.254330 -0.942224
vn -0.218016 -0.254330 -0.942224
vn -0.296152 -0.292720 -0.909180
vn -0.296152 -0.292720 -0.909180
vn -0.296152 -0.292720 -0.909180
vn -0.400381 0.239559 0.884481
vn -0.400381 0.239559 0.884481
vn -0.400381 0.239559 0.884481
vn -0.527411 -0.028467 0.849133
vn -0.527411 -0.028467 0.849133
vn -0.527411 -0.028467 0.849133
vn -0.415513 -0.102552 0.903788
vn -0.415513 -0.102552 0.903788
vn -0.415513 -0.102552 0.903788
vn -0.202269 -0.022897 0.979062
vn -0.202269 -0.022897 0.979062
vn -0.202269 -0.022897 0.979062
vn 0.101232 0.042645 0.993948
vn 0.101232 0.042645 0.993948
vn 0.101232 0.042645 0.993948
vn 0.125295 0.046288 0.991039
vn 0.125295 0.046288 0.991039
vn 0.125295 0.046288 0.991039
vn 0.239839 -0.034262 0.970208
vn 0.239839 -0.034262 0.970208
vn 0.239839 -0.034262 0.970208
vn 0.889111 0.074694 0.451556
vn 0.889111 0.074694 0.451556
vn 0.889111 0.074694 0.451556
vn 0.989666 0.120061 0.078400
vn 0.989666 0.120061 0.078400
vn 0.989666 0.120061 0.078400
vn 0.898004 0.034861 -0.438604
vn 0.898004 0.034861 -0.438604
vn 0.898004 0.034861 -0.438604
vn 0.761912 -0.234317 0.603810
vn 0.761912 -0.234317 0.603810
vn 0.761912 -0.234317 0.603810
vn 0.865917 -0.447675 -0.223101
vn 0.865917 -0.447675 -0.223101
vn 0.865917 -0.447675 -0.223101
vn 0.749915 -0.369320 -0.548844
vn 0.749915 -0.369320 -0.548844
vn 0.749915 -0.369320 -0.548844
vn 0.557438 -0.340983 -0.756964
vn 0.557438 -0.340983 -0.756964
vn 0.557438 -0.340983 -0.756964
vn 0.249120 -0.529268 -0.811057
vn 0.249120 -0.529268 -0.811057
vn 0.249120 -0.529268 -0.811057
vn -0.029782 -0.638754 -0.768834
vn -0.029782 -0.638754 -0.768834
vn -0.029782 -0.638754 -0.768834
vn 0.022013 -0.524361 -0.851211
vn 0.022013 -0.524361 -0.851211
vn 0.022013 -0.524361 -0.851211
vn -0.027060 -0.326460 -0.944824
vn -0.027060 -0.326460 -0.944824
vn -0.027060 -0.326460 -0.944824
vn -0.099121 -0.687121 -0.719750
vn -0.099121 -0.687121 -0.719750
vn -0.099121 -0.687121 -0.719750
vn -0.305790 -0.672574 -0.673896
vn -0.305790 -0.672574 -0.673896
vn -0.305790 -0.672574 -0.673896
vn -0.407473 -0.493188 -0.768590
vn -0.407473 -0.493188 -0.768590
vn -0.407473 -0.493188 -0.768590
vn -0.722734 -0.614652 -0.316004
vn -0.722734 -0.614652 -0.316004
vn -0.722734 -0.614652 -0.316004
vn -0.837237 -0.543292 -0.062197
vn -0.837237 -0.543292 -0.062197
vn -0.837237 -0.543292 -0.062197
vn -0.418941 -0.794211 0.440134
vn -0.418941 -0.794211 0.440134
vn -0.418941 -0.794211 0.440134
vn -0.494510 -0.301126 0.815342
vn -0.494510 -0.301126 0.815342
vn -0.494510 -0.301126 0.815342
vn -0.432576 -0.739657 0.515544
vn -0.432576 -0.739657 0.515544
vn -0.432576 -0.739657 0.515544
vn -0.372731 -0.511411 0.774294
vn -0.372731 -0.511411 0.774294
vn -0.372731 -0.511411 0.774294
vn 0.357596 -0.606581 -0.710060
vn 0.357596 -0.606581 -0.710060
vn 0.357596 -0.606581 -0.710060
vn 0.628241 -0.777604 0.025394
vn 0.628241 -0.777604 0.025394
vn 0.628241 -0.777604 0.025394
vn 0.490605 -0.806253 -0.330550
vn 0.490605 -0.806253 -0.330550
vn 0.490605 -0.806253 -0.330550
vn 0.442236 -0.477358 0.759313
vn 0.442236 -0.477358 0.759313
vn 0.442236 -0.477358 0.759313
vn 0.231947 -0.968321 0.092496
vn 0.231947 -0.968321 0.092496
vn 0.231947 -0.968321 0.092496
vn 0.196700 -0.977620 0.074615
vn 0.196700 -0.977620 0.074615
vn 0.196700 -0.977620 0.074615
vn -0.046213 -0.246337 0.968082
vn -0.046213 -0.246337 0.968082
vn -0.046213 -0.246337 0.968082
vn -0.050333 -0.164780 0.985045
vn -0.050333 -0.164780 0.985045
vn -0.050333 -0.164780 0.985045
vn 0.021643 -0.340885 0.939856
vn 0.021643 -0.340885 0.939856
vn 0.021643 -0.340885 0.939856
vn 0.251764 -0.399688 0.881399
vn 0.251764 -0.399688 0.881399
vn 0.251764 -0.399688 0.881399
vn 0.248231 -0.401319 0.881660
vn 0.248231 -0.401319 0.881660
vn 0.248231 -0.401319 0.881660
vn 0.173576 -0.965743 -0.192903
vn 0.173576 -0.965743 -0.192903
vn 0.173576 -0.965743 -0.192903
vn -0.555907 -0.187202 0.809891
vn -0.555907 -0.187202 0.809891
vn -0.555907 -0.187202 0.809891
vn -0.400380 -0.239560 -0.884481
vn -0.400380 -0.239560 -0.884481
vn -0.400380 -0.239560 -0.884481
vn -0.821548 0.447239 -0.353606
vn -0.821548 0.447239 -0.353606
vn -0.821548 0.447239 -0.353606
vn -0.155491 0.573005 -0.804666
vn -0.155491 0.573005 -0.804666
vn -0.155491 0.573005 -0.804666
vn -0.372038 0.492323 -0.786897
vn -0.372038 0.492323 -0.786897
vn -0.372038 0.492323 -0.786897
vn -0.384812 0.408042 -0.827902
vn -0.384812 0.408042 -0.827902
vn -0.384812 0.408042 -0.827902
vn 0.023988 0.354105 -0.934898
vn 0.023988 0.354105 -0.934898
vn 0.023988 0.354105 -0.934898
vn 0.181907 0.430464 -0.884087
vn 0.181907 0.430464 -0.884087
vn 0.181907 0.430464 -0.884087
vn 0.248222 0.401323 -0.881661
vn 0.248222 0.401323 -0.881661
vn 0.248222 0.401323 -0.881661
vn -0.027058 0.133337 -0.990701
vn -0.027058 0.133337 -0.990701
vn -0.027058 0.133337 -0.990701
vn 0.442237 0.477362 -0.759310
vn 0.442237 0.477362 -0.759310
vn 0.442237 0.477362 -0.759310
vn 0.256812 0.958767 -0.121713
vn 0.256812 0.958767 -0.121713
vn 0.256812 0.958767 -0.121713
vn 0.628240 0.777605 -0.025386
vn 0.628240 0.777605 -0.025386
vn 0.628240 0.777605 -0.025386
vn 0.519020 0.809769 0.273666
vn 0.519020 0.809769 0.273666
vn 0.519020 0.809769 0.273666
vn 0.356611 0.607619 0.709668
vn 0.356611 0.607619 0.709668
vn 0.356611 0.607619 0.709668
vn 0.095859 0.981521 0.165613
vn 0.095859 0.981521 0.165613
vn 0.095859 0.981521 0.165613
vn 0.248868 0.542907 0.802070
vn 0.248868 0.542907 0.802070
vn 0.248868 0.542907 0.802070
vn 0.128371 0.554629 0.822136
vn 0.128371 0.554629 0.822136
vn 0.128371 0.554629 0.822136
vn 0.009609 0.476417 0.879167
vn 0.009609 0.476417 0.879167
vn 0.009609 0.476417 0.879167
vn -0.027056 0.326459 0.944824
vn -0.027056 0.326459 0.944824
vn -0.027056 0.326459 0.944824
vn -0.123762 0.988586 0.085905
vn -0.123762 0.988586 0.085905
vn -0.123762 0.988586 0.085905
vn -0.177172 0.690530 0.701269
vn -0.177172 0.690530 0.701269
vn -0.177172 0.690530 0.701269
vn -0.218970 0.871455 0.438883
vn -0.218970 0.871455 0.438883
vn -0.218970 0.871455 0.438883
vn -0.581930 0.812118 0.042693
vn -0.581930 0.812118 0.042693
vn -0.581930 0.812118 0.042693
vn -0.348624 0.467663 0.812251
vn -0.348624 0.467663 0.812251
vn -0.348624 0.467663 0.812251
vn -0.654064 0.666296 0.358121
vn -0.654064 0.666296 0.358121
vn -0.654064 0.666296 0.358121
vn -0.785777 0.581329 0.211213
vn -0.785777 0.581329 0.211213
vn -0.785777 0.581329 0.211213
vn -0.823074 0.389036 -0.413764
vn -0.823074 0.389036 -0.413764
vn -0.823074 0.389036 -0.413764
vn -0.512123 -0.009746 -0.858857
vn -0.512123 -0.009746 -0.858857
vn -0.512123 -0.009746 -0.858857
vn -0.440189 0.065338 -0.895525
vn -0.440189 0.065338 -0.895525
vn -0.440189 0.065338 -0.895525
vn -0.270850 0.092950 -0.958124
vn -0.270850 0.092950 -0.958124
vn -0.270850 0.092950 -0.958124
vn -0.218019 0.063145 -0.973900
vn -0.218019 0.063145 -0.973900
vn -0.218019 0.063145 -0.973900
vn 0.097474 -0.037437 -0.994534
vn 0.097474 -0.037437 -0.994534
vn 0.097474 -0.037437 -0.994534
vn 0.138219 -0.037337 -0.989698
vn 0.138219 -0.037337 -0.989698
vn 0.138219 -0.037337 -0.989698
vn 0.239841 0.034261 -0.970207
vn 0.239841 0.034261 -0.970207
vn 0.239841 0.034261 -0.970207
vn 0.566705 0.192507 -0.801116
vn 0.566705 0.192507 -0.801116
vn 0.566705 0.192507 -0.801116
vn 0.897341 -0.116891 -0.425577
vn 0.897341 -0.116891 -0.425577
vn 0.897341 -0.116891 -0.425577
vn 0.761915 0.234320 -0.603804
vn 0.761915 0.234320 -0.603804
vn 0.761915 0.234320 -0.603804
vn 0.865918 0.447678 0.223093
vn 0.865918 0.447678 0.223093
vn 0.865918 0.447678 0.223093
vn 0.974284 -0.132984 0.181895
vn 0.974284 -0.132984 0.181895
vn 0.974284 -0.132984 0.181895
vn 0.900191 -0.050532 0.432555
vn 0.900191 -0.050532 0.432555
vn 0.900191 -0.050532 0.432555
vn 0.749922 0.369325 0.548831
vn 0.749922 0.369325 0.548831
vn 0.749922 0.369325 0.548831
vn 0.557435 0.340982 0.756966
vn 0.557435 0.340982 0.756966
vn 0.557435 0.340982 0.756966
vn 0.239840 0.225286 0.944311
vn 0.239840 0.225286 0.944311
vn 0.239840 0.225286 0.944311
vn 0.138221 0.158953 0.977563
vn 0.138221 0.158953 0.977563
vn 0.138221 0.158953 0.977563
vn 0.097478 0.159810 0.982323
vn 0.097478 0.159810 0.982323
vn 0.097478 0.159810 0.982323
vn -0.208471 0.138252 0.968208
vn -0.208471 0.138252 0.968208
vn -0.208471 0.138252 0.968208
vn -0.217099 0.254704 0.942334
vn -0.217099 0.254704 0.942334
vn -0.217099 0.254704 0.942334
vn -0.285529 0.314333 0.905355
vn -0.285529 0.314333 0.905355
vn -0.285529 0.314333 0.905355
vn -0.723320 0.209538 0.657953
vn -0.723320 0.209538 0.657953
vn -0.723320 0.209538 0.657953
vn -0.666989 0.288703 0.686860
vn -0.666989 0.288703 0.686860
vn -0.666989 0.288703 0.686860
vn -0.132814 -0.144606 -0.980535
vn -0.132814 -0.144606 -0.980535
vn -0.132814 -0.144606 -0.980535
vn -0.029417 -0.158536 -0.986915
vn -0.029417 -0.158536 -0.986915
vn -0.029417 -0.158536 -0.986915
vn -0.237714 -0.225056 -0.944903
vn -0.237714 -0.225056 -0.944903
vn -0.237714 -0.225056 -0.944903
vn 0.400384 0.060076 -0.914376
vn 0.400384 0.060076 -0.914376
vn 0.400384 0.060076 -0.914376
vn 0.527405 -0.195682 -0.826772
vn 0.527405 -0.195682 -0.826772
vn 0.527405 -0.195682 -0.826772
vn 0.233616 -0.225736 -0.945763
vn 0.233616 -0.225736 -0.945763
vn 0.233616 -0.225736 -0.945763
vn 0.415512 -0.279100 -0.865710
vn 0.415512 -0.279100 -0.865710
vn 0.415512 -0.279100 -0.865710
vn 0.400379 0.239559 0.884482
vn 0.400379 0.239559 0.884482
vn 0.400379 0.239559 0.884482
vn 0.514238 0.004586 0.857635
vn 0.514238 0.004586 0.857635
vn 0.514238 0.004586 0.857635
vn 0.296154 -0.107306 0.949093
vn 0.296154 -0.107306 0.949093
vn 0.296154 -0.107306 0.949093
vn 0.256933 -0.085074 0.962677
vn 0.256933 -0.085074 0.962677
vn 0.256933 -0.085074 0.962677
vn -0.029416 0.039591 0.998783
vn -0.029416 0.039591 0.998783
vn -0.029416 0.039591 0.998783
vn -0.172770 0.056671 0.983331
vn -0.172770 0.056671 0.983331
vn -0.172770 0.056671 0.983331
vn -0.237781 -0.024222 0.971017
vn -0.237781 -0.024222 0.971017
vn -0.237781 -0.024222 0.971017
vn -0.847897 0.120478 0.516291
vn -0.847897 0.120478 0.516291
vn -0.847897 0.120478 0.516291
vn -0.989664 0.102206 -0.100597
vn -0.989664 0.102206 -0.100597
vn -0.989664 0.102206 -0.100597
vn -0.889106 -0.016001 -0.457421
vn -0.889106 -0.016001 -0.457421
vn -0.889106 -0.016001 -0.457421
vn -0.701038 -0.208734 0.681892
vn -0.701038 -0.208734 0.681892
vn -0.701038 -0.208734 0.681892
vn -0.865921 -0.394773 0.307139
vn -0.865921 -0.394773 0.307139
vn -0.865921 -0.394773 0.307139
vn -0.761918 -0.349004 -0.545598
vn -0.761918 -0.349004 -0.545598
vn -0.761918 -0.349004 -0.545598
vn -0.566703 -0.347001 -0.747287
vn -0.566703 -0.347001 -0.747287
vn -0.566703 -0.347001 -0.747287
vn -0.219141 -0.557651 -0.800626
vn -0.219141 -0.557651 -0.800626
vn -0.219141 -0.557651 -0.800626
vn -0.213457 -0.560625 -0.800085
vn -0.213457 -0.560625 -0.800085
vn -0.213457 -0.560625 -0.800085
vn 0.053086 -0.453690 -0.889577
vn 0.053086 -0.453690 -0.889577
vn 0.053086 -0.453690 -0.889577
vn 0.066448 -0.313402 -0.947293
vn 0.066448 -0.313402 -0.947293
vn 0.066448 -0.313402 -0.947293
vn 0.141744 -0.570740 -0.808805
vn 0.141744 -0.570740 -0.808805
vn 0.141744 -0.570740 -0.808805
vn 0.510062 -0.496589 -0.702308
vn 0.510062 -0.496589 -0.702308
vn 0.510062 -0.496589 -0.702308
vn 0.223034 -0.872144 -0.435455
vn 0.223034 -0.872144 -0.435455
vn 0.223034 -0.872144 -0.435455
vn 0.581930 -0.812117 -0.042688
vn 0.581930 -0.812117 -0.042688
vn 0.581930 -0.812117 -0.042688
vn 0.659057 -0.621010 -0.424253
vn 0.659057 -0.621010 -0.424253
vn 0.659057 -0.621010 -0.424253
vn 0.849160 -0.500058 0.169909
vn 0.849160 -0.500058 0.169909
vn 0.849160 -0.500058 0.169909
vn 0.372040 -0.492325 0.786894
vn 0.372040 -0.492325 0.786894
vn 0.372040 -0.492325 0.786894
vn 0.395355 -0.305265 0.866318
vn 0.395355 -0.305265 0.866318
vn 0.395355 -0.305265 0.866318
vn 0.153978 -0.573445 0.804644
vn 0.153978 -0.573445 0.804644
vn 0.153978 -0.573445 0.804644
vn -0.442227 -0.617970 -0.650037
vn -0.442227 -0.617970 -0.650037
vn -0.442227 -0.617970 -0.650037
vn -0.628238 -0.767291 0.128768
vn -0.628238 -0.767291 0.128768
vn -0.628238 -0.767291 0.128768
vn -0.357592 -0.454318 0.815919
vn -0.357592 -0.454318 0.815919
vn -0.357592 -0.454318 0.815919
vn -0.490604 -0.725049 0.483333
vn -0.490604 -0.725049 0.483333
vn -0.490604 -0.725049 0.483333
vn -0.198481 -0.978543 0.055302
vn -0.198481 -0.978543 0.055302
vn -0.198481 -0.978543 0.055302
vn -0.209674 -0.976922 0.040737
vn -0.209674 -0.976922 0.040737
vn -0.209674 -0.976922 0.040737
vn 0.052913 -0.097524 0.993826
vn 0.052913 -0.097524 0.993826
vn 0.052913 -0.097524 0.993826
vn 0.029783 -0.474251 0.879886
vn 0.029783 -0.474251 0.879886
vn 0.029783 -0.474251 0.879886
vn -0.021242 -0.347813 0.937323
vn -0.021242 -0.347813 0.937323
vn -0.021242 -0.347813 0.937323
vn -0.224005 -0.335882 0.914880
vn -0.224005 -0.335882 0.914880
vn -0.224005 -0.335882 0.914880
f 3/3/3 2/2/2 1/1/1
f 6/6/6 5/5/5 4/4/4
f 9/9/9 8/8/8 7/7/7
f 12/12/12 11/11/11 10/10/10
f 15/15/15 14/14/14 13/13/13
f 18/18/18 17/17/17 16/16/16
f 21/21/21 20/20/20 19/19/19
f 24/24/24 23/23/23 22/22/22
f 27/27/27 26/26/26 25/25/25
f 30/30/30 29/29/29 28/28/28
f 33/33/33 32/32/32 31/31/31
f 36/36/36 35/35/35 34/34/34
f 39/39/39 38/38/38 37/37/37
f 42/42/42 41/41/41 40/40/40
f 45/45/45 44/44/44 43/43/43
f 48/48/48 47/47/47 46/46/46
f 51/51/51 50/50/50 49/49/49
f 54/54/54 53/53/53 52/52/52
f 57/57/57 56/56/56 55/55/55
f 60/60/60 59/59/59 58/58/58
f 63/63/63 62/62/62 61/61/61
f 66/66/66 65/65/65 64/64/64
f 69/69/69 68/68/68 67/67/67
f 72/72/72 71/71/71 70/70/70
f 75/75/75 74/74/74 73/73/73
f 78/78/78 77/77/77 76/76/76
f 81/81/81 80/80/80 79/79/79
f 84/84/84 83/83/83 82/82/82
f 87/87/87 86/86/86 85/85/85
f 90/90/90 89/89/89 88/88/88
f 93/93/93 92/92/92 91/91/91
f 96/96/96 95/95/95 94/94/94
f 99/99/99 98/98/98 97/97/97
f 102/102/102 101/101/101 100/100/100
f 105/105/105 104/104/104 103/103/103
f 108/108/108 107/107/107 106/106/106
f 111/111/111 110/110/110 109/109/109
f 114/114/114 113/113/113 112/112/112
f 117/117/117 116/116/116 115/115/115
f 120/120/120 119/119/119 118/118/118
f 123/123/123 122/122/122 121/121/121
f 126/126/126 125/125/125 124/124/124
f 129/129/129 128/128/128 127/127/127
f 132/132/132 131/131/131 130/130/130
f 135/135/135 134/134/134 133/133/133
f 138/138/138 137/137/137 136/136/136
f 141/141/141 140/140/140 139/139/139
f 144/144/144 143/143/143 142/142/142
f 147/147/147 146/146/146 145/145/145
f 150/150/150 149/149/149 148/148/148
f 153/153/153 152/152/152 151/151/151
f 156/156/156 155/155/155 154/154/154
f 159/159/159 158/158/158 157/157/157
f 162/162/162 161/161/161 160/160/160
f 165/165/165 164/164/164 163/163/163
f 168/168/168 167/167/167 166/166/166
f 171/171/171 170/170/170 169/169/169
f 174/174/174 173/173/173 172/172/172
f 177/177/177 176/176/176 175/175/175
f 180/180/180 179/179/179 178/178/178
f 183/183/183 182/182/182 181/181/181
f 186/186/186 185/185/185 184/184/184
f 189/189/189 188/188/188 187/187/187
f 192/192/192 191/191/191 190/190/190
f 195/195/195 194/194/194 193/193/193
f 198/198/198 197/197/197 196/196/196
f 201/201/201 200/200/200 199/199/199
f 204/204/204 203/203/203 202/202/202
f 207/207/207 206/206/206 205/205/205
f 210/210/210 209/209/209 208/208/208
f 213/213/213 212/212/212 211/211/211
f 216/216/216 215/215/215 214/214/214
f 219/219/219 218/218/218 217/217/217
f 222/222/222 221/221/221 220/220/220
f 225/225/225 224/224/224 223/223/223
f 228/228/228 227/227/227 226/226/226
f 231/231/231 230/230/230 229/229/229
f 234/234/234 233/233/233 232/232/232
f 237/237/237 236/236/236 235/235/235
f 240/240/240 239/239/239 238/238/238
f 243/243/243 242/242/242 241/241/241
f 246/246/246 245/245/245 244/244/244
f 249/249/249 248/248/248 247/247/247
f 252/252/252 251/251/251 250/250/250
f 255/255/255 254/254/254 253/253/253
f 258/258/258 257/257/257 256/256/256
f 261/261/261 260/260/260 259/259/259
f 264/264/264 263/263/263 262/262/262
f 267/267/267 266/266/266 265/265/265
f 270/270/270 269/269/269 268/268/268
f 273/273/273 272/272/272 271/271/271
f 276/276/276 275/275/275 274/274/274
f 279/279/279 278/278/278 277/277/277
f 282/282/282 281/281/281 280/280/280
f 285/285/285 284/284/284 283/283/283
f 288/288/288 287/287/287 286/286/286
f 291/291/291 290/290/290 289/289/289
f 294/294/294 293/293/293 292/292/292
f 297/297/297 296/296/296 295/295/295
f 300/300/300 299/299/299 298/298/298
f 303/303/303 302/302/302 301/301/301
f 306/306/306 305/305/305 304/304/304
f 309/309/309 308/308/308 307/307/307
f 312/312/312 311/311/311 310/310/310
f 315/315/315 314/314/314 313/313/313
f 318/318/318 317/317/317 316/316/316
f 321/321/321 320/320/320 319/319/319
f 324/324/324 323/323/323 322/322/322
f 327/327/327 326/326/326 325/325/325
f 330/330/330 329/329/329 328/328/328
f 333/333/333 332/332/332 331/331/331
f 336/336/336 335/335/335 334/334/334
f 339/339/339 338/338/338 337/337/337
f 342/342/342 341/341/341 340/340/340
f 345/345/345 344/344/344 343/343/343
f 348/348/348 347/347/347 346/346/346
f 351/351/351 350/350/350 349/349/349
f 354/354/354 353/353/353 352/352/352
f 357/357/357 356/356/356 355/355/355
f 360/360/360 359/359/359 358/358/358
f 363/363/363 362/362/362 361/361/361
f 366/366/366 365/365/365 364/364/364
f 369/369/369 368/368/368 367/367/367
f 372/372/372 371/371/371 370/370/370
f 375/375/375 374/374/374 373/373/373
f 378/378/378 377/377/377 376/376/376
f 381/381/381 380/380/380 379/379/379
f 384/384/384 383/383/383 382/382/382
f 387/387/387 386/386/386 385/385/385
f 390/390/390 389/389/389 388/388/388
f 393/393/393 392/392/392 391/391/391
f 396/396/396 395/395/395 394/394/394
f 399/399/399 398/398/398 397/397/397
f 402/402/402 401/401/401 400/400/400
f 405/405/405 404/404/404 403/403/403
f 408/408/408 407/407/407 406/406/406
f 411/411/411 410/410/410 409/409/409
f 414/414/414 413/413/413 412/412/412
f 417/417/417 416/416/416 415/415/415
f 420/420/420 419/419/419 418/418/418
f 423/423/423 422/422/422 421/421/421
f 426/426/426 425/425/425 424/424/424
f 429/429/429 428/428/428 427/427/427
f 432/432/432 431/431/431 430/430/430
f 435/435/435 434/434/434 433/433/433
f 438/438/438 437/437/437 436/436/436
f 441/441/441 440/440/440 439/439/439
f 444/444/444 443/443/443 442/442/442
f 447/447/447 446/446/446 445/445/445
f 450/450/450 449/449/449 448/448/448
f 453/453/453 452/452/452 451/451/451
f 456/456/456 455/455/455 454/454/454
f 459/459/459 458/458/458 457/457/457
f 462/462/462 461/461/461 460/460/460
f 465/465/465 464/464/464 463/463/463
f 468/468/468 467/467/467 466/466/466
f 471/471/471 470/470/470 469/469/469
f 474/474/474 473/473/473 472/472/472
f 477/477/477 476/476/476 475/475/475
f 480/480/480 479/479/479 478/478/478
f 483/483/483 482/482/482 481/481/481
f 486/486/486 485/485/485 484/484/484
f 489/489/489 488/488/488 487/487/487
f 492/492/492 491/491/491 490/490/490
f 495/495/495 494/494/494 493/493/493
f 498/498/498 497/497/497 496/496/496
f 501/501/501 500/500/500 499/499/499
f 504/504/504 503/503/503 502/502/502
f 507/507/507 506/506/506 505/505/505
f 510/510/510 509/509/509 508/508/508
f 513/513/513 512/512/512 511/511/511
f 516/516/516 515/515/515 514/514/514
f 519/519/519 518/518/518 517/517/517
f 522/522/522 521/521/521 520/520/520
f 525/525/525 524/524/524 523/523/523
f 528/528/528 527/527/527 526/526/526
f 531/531/531 530/530/530 529/529/529
f 534/534/534 533/533/533 532/532/532
f 537/537/537 536/536/536 535/535/535
f 540/540/540 539/539/539 538/538/538
f 543/543/543 542/542/542 541/541/541
f 546/546/546 545/545/545 544/544/544
f 549/549/549 548/548/548 547/547/547
f 552/552/552 551/551/551 550/550/550
f 555/555/555 554/554/554 553/553/553
f 558/558/558 557/557/557 556/556/556
f 561/561/561 560/560/560 559/559/559
f 564/564/564 563/563/563 562/562/562
f 567/567/567 566/566/566 565/565/565
f 570/570/570 569/569/569 568/568/568
f 573/573/573 572/572/572 571/571/571
f 576/576/576 575/575/575 574/574/574
f 579/579/579 578/578/578 577/577/577
f 582/582/582 581/581/581 580/580/580
f 585/585/585 584/584/584 583/583/583
f 588/588/588 587/587/587 586/586/586
f 591/591/591 590/590/590 589/589/589
f 594/594/594 593/593/593 592/592/592
f 597/597/597 596/596/596 595/595/595
f 600/600/600 599/599/599 598/598/598
f 603/603/603 602/602/602 601/601/601
f 606/606/606 605/605/605 604/604/604
f 609/609/609 608/608/608 607/607/607
f 612/612/612 611/611/611 610/610/610
f 615/615/615 614/614/614 613/613/613
f 618/618/618 617/617/617 616/616/616
f 621/621/621 620/620/620 619/619/619
f 624/624/624 623/623/623 622/622/622
f 627/627/627 626/626/626 625/625/625
f 630/630/630 629/629/629 628/628/628
f 633/633/633 632/632/632 631/631/631
f 636/636/636 635/635/635 634/634/634
f 639/639/639 638/638/638 637/637/637
f 642/642/642 641/641/641 640/640/640
f 645/645/645 644/644/644 643/643/643
f 648/648/648 647/647/647 646/646/646
f 651/651/651 650/650/650 649/649/649
f 654/654/654 653/653/653 652/652/652
f 657/657/657 656/656/656 655/655/655
f 660/660/660 659/659/659 658/658/658
f 663/663/663 662/662/662 661/661/661
f 666/666/666 665/665/665 664/664/664
f 669/669/669 668/668/668 667/667/667
f 672/672/672 671/671/671 670/670/670
f 675/675/675 674/674/674 673/673/673
f 678/678/678 677/677/677 676/676/676
f 681/681/681 680/680/680 679/679/679
f 684/684/684 683/683/683 682/682/682
f 687/687/687 686/686/686 685/685/685
f 690/690/690 689/689/689 688/688/688
f 693/693/693 692/692/692 691/691/691
f 696/696/696 695/695/695 694/694/694
f 699/699/699 698/698/698 697/697/697
f 702/702/702 701/701/701 700/700/700
f 705/705/705 704/704/704 703/703/703
f 708/708/708 707/707/707 706/706/706
f 711/711/711 710/710/710 709/709/709
f 714/714/714 713/713/713 712/712/712
f 717/717/717 716/716/716 715/715/715
f 720/720/720 719/719/719 718/718/718
f 723/723/723 722/722/722 721/721/721
f 726/726/726 725/725/725 724/724/724
f 729/729/729 728/728/728 727/727/727
f 732/732/732 731/731/731 730/730/730
f 735/735/735 734/734/734 733/733/733
f 738/738/738 737/737/737 736/736/736
f 741/741/741 740/740/740 739/739/739
f 744/744/744 743/743/743 742/742/742
f 747/747/747 746/746/746 745/745/745
f 750/750/750 749/749/749 748/748/748
f 753/753/753 752/752/752 751/751/751
f 756/756/756 755/755/755 754/754/754
f 759/759/759 758/758/758 757/757/757
f 762/762/762 761/761/761 760/760/760
f 765/765/765 764/764/764 763/763/763
f 768/768/768 767/767/767 766/766/766
f 771/771/771 770/770/770 769/769/769
f 774/774/774 773/773/773 772/772/772
f 777/777/777 776/776/776 775/775/775
f 780/780/780 779/779/779 778/778/778
f 783/783/783 782/782/782 781/781/781
f 786/786/786 785/785/785 784/784/784
f 789/789/789 788/788/788 787/787/787
f 792/792/792 791/791/791 790/790/790
f 795/795/795 794/794/794 793/793/793
f 798/798/798 797/797/797 796/796/796
f 801/801/801 800/800/800 799/799/799
f 804/804/804 803/803/803 802/802/802
f 807/807/807 806/806/806 805/805/805
f 810/810/810 809/809/809 808/808/808
f 813/813/813 812/812/812 811/811/811
f 816/816/816 815/815/815 814/814/814
f 819/819/819 818/818/818 817/817/817
f 822/822/822 821/821/821 820/820/820
f 825/825/825 824/824/824 823/823/823
f 828/828/828 827/827/827 826/826/826
f 831/831/831 830/830/830 829/829/829
f 834/834/834 833/833/833 832/832/832
f 837/837/837 836/836/836 835/835/835
f 840/840/840 839/839/839 838/838/838
f 843/843/843 842/842/842 841/841/841
f 846/846/846 845/845/845 844/844/844
f 849/849/849 848/848/848 847/847/847
f 852/852/852 851/851/851 850/850/850
f 855/855/855 854/854/854 853/853/853
f 858/858/858 857/857/857 856/856/856
f 861/861/861 860/860/860 859/859/859
f 864/864/864 863/863/863 862/862/862
f 867/867/867 866/866/866 865/865/865
f 870/870/870 869/869/869 868/868/868
f 873/873/873 872/872/872 871/871/871
f 876/876/876 875/875/875 874/874/874
f 879/879/879 878/878/878 877/877/877
f 882/882/882 881/881/881 880/880/880
f 885/885/885 884/884/884 883/883/883
f 888/888/888 887/887/887 886/886/886
f 891/891/891 890/890/890 889/889/889
f 894/894/894 893/893/893 892/892/892
f 897/897/897 896/896/896 895/895/895
f 900/900/900 899/899/899 898/898/898
f 903/903/903 902/902/902 901/901/901
f 906/906/906 905/905/905 904/904/904
f 909/909/909 908/908/908 907/907/907
f 912/912/912 911/911/911 910/910/910
f 915/915/915 914/914/914 913/913/913
f 918/918/918 917/917/917 916/916/916
f 921/921/921 920/920/920 919/919/919
f 924/924/924 923/923/923 922/922/922
f 927/927/927 926/926/926 925/925/925
f 930/930/930 929/929/929 928/928/928
f 933/933/933 932/932/932 931/931/931
f 936/936/936 935/935/935 934/934/934
f 939/939/939 938/938/938 937/937/937
f 942/942/942 941/941/941 940/940/940
f 945/945/945 944/944/944 943/943/943
f 948/948/948 947/947/947 946/946/946
f 951/951/951 950/950/950 949/949/949
f 954/954/954 953/953/953 952/952/952
f 957/957/957 956/956/956 955/955/955
f 960/960/960 959/959/959 958/958/958
f 963/963/963 962/962/962 961/961/961
f 966/966/966 965/965/965 964/964/964
f 969/969/969 968/968/968 967/967/967
f 972/972/972 971/971/971 970/970/970
f 975/975/975 974/974/974 973/973/973
f 978/978/978 977/977/977 976/976/976
f 981/981/981 980/980/980 979/979/979
f 984/984/984 983/983/983 982/982/982
f 987/987/987 986/986/986 985/985/985
f 990/990/990 989/989/989 988/988/988
f 993/993/993 992/992/992 991/991/991
f 996/996/996 995/995/995 994/994/994
f 999/999/999 998/998/998 997/997/997
f 1002/1002/1002 1001/1001/1001 1000/1000/1000
f 1005/1005/1005 1004/1004/1004 1003/1003/1003
f 1008/1008/1008 1007/1007/1007 1006/1006/1006
f 1011/1011/1011 1010/1010/1010 1009/1009/1009
f 1014/1014/1014 1013/1013/1013 1012/1012/1012
f 1017/1017/1017 1016/1016/1016 1015/1015/1015
f 1020/1020/1020 1019/1019/1019 1018/1018/1018
f 1023/1023/1023 1022/1022/1022 1021/1021/1021
f 1026/1026/1026 1025/1025/1025 1024/1024/1024
f 1029/1029/1029 1028/1028/1028 1027/1027/1027
f 1032/1032/1032 1031/1031/1031 1030/1030/1030
f 1035/1035/1035 1034/1034/1034 1033/1033/1033
f 1038/1038/1038 1037/1037/1037 1036/1036/1036
f 1041/1041/1041 1040/1040/1040 1039/1039/1039
f 1044/1044/1044 1043/1043/1043 1042/1042/1042
f 1047/1047/1047 1046/1046/1046 1045/1045/1045
f 1050/1050/1050 1049/1049/1049 1048/1048/1048
f 1053/1053/1053 1052/1052/1052 1051/1051/1051
f 1056/1056/1056 1055/1055/1055 1054/1054/1054
f 1059/1059/1059 1058/1058/1058 1057/1057/1057
f 1062/1062/1062 1061/1061/1061 1060/1060/1060
f 1065/1065/1065 1064/1064/1064 1063/1063/1063
f 1068/1068/1068 1067/1067/1067 1066/1066/1066
f 1071/1071/1071 1070/1070/1070 1069/1069/1069
f 1074/1074/1074 1073/1073/1073 1072/1072/1072
f 1077/1077/1077 1076/1076/1076 1075/1075/1075
f 1080/1080/1080 1079/1079/1079 1078/1078/1078
f 1083/1083/1083 1082/1082/1082 1081/1081/1081
f 1086/1086/1086 1085/1085/1085 1084/1084/1084
f 1089/1089/1089 1088/1088/1088 1087/1087/1087
f 1092/1092/1092 1091/1091/1091 1090/1090/1090
f 1095/1095/1095 1094/1094/1094 1093/1093/1093
f 1098/1098/1098 1097/1097/1097 1096/1096/1096
f 1101/1101/1101 1100/1100/1100 1099/1099/1099
f 1104/1104/1104 1103/1103/1103 1102/1102/1102
f 1107/1107/1107 1106/1106/1106 1105/1105/1105
f 1110/1110/1110 1109/1109/1109 1108/1108/1108
f 1113/1113/1113 1112/1112/1112 1111/1111/1111
f 1116/1116/1116 1115/1115/1115 1114/1114/1114
f 1119/1119/1119 1118/1118/1118 1117/1117/1117
f 1122/1122/1122 1121/1121/1121 1120/1120/1120
f 1125/1125/1125 1124/1124/1124 1123/1123/1123
f 1128/1128/1128 1127/1127/1127 1126/1126/1126
f 1131/1131/1131 1130/1130/1130 1129/1129/1129
f 1134/1134/1134 1133/1133/1133 1132/1132/1132
f 1137/1137/1137 1136/1136/1136 1135/1135/1135
f 1140/1140/1140 1139/1139/1139 1138/1138/1138
f 1143/1143/1143 1142/1142/1142 1141/1141/1141
f 1146/1146/1146 1145/1145/1145 1144/1144/1144
f 1149/1149/1149 1148/1148/1148 1147/1147/1147
f 1152/1152/1152 1151/1151/1151 1150/1150/1150
f 1155/1155/1155 1154/1154/1154 1153/1153/1153
f 1158/1158/1158 1157/1157/1157 1156/1156/1156
f 1161/1161/1161 1160/1160/1160 1159/1159/1159
f 1164/1164/1164 1163/1163/1163 1162/1162/1162
f 1167/1167/1167 1166/1166/1166 1165/1165/1165
f 1170/1170/1170 1169/1169/1169 1168/1168/1168
f 1173/1173/1173 1172/1172/1172 1171/1171/1171
f 1176/1176/1176 1175/1175/1175 1174/1174/1174
f 1179/1179/1179 1178/1178/1178 1177/1177/1177
f 1182/1182/1182 1181/1181/1181 1180/1180/1180
f 1185/1185/1185 1184/1184/1184 1183/1183/1183
f 1188/1188/1188 1187/1187/1187 1186/1186/1186
f 1191/1191/1191 1190/1190/1190 1189/1189/1189
f 1194/1194/1194 1193/1193/1193 1192/1192/1192
f 1197/1197/1197 1196/1196/1196 1195/1195/1195
f 1200/1200/1200 1199/1199/1199 1198/1198/1198
f 1203/1203/1203 1202/1202/1202 1201/1201/1201
f 1206/1206/1206 1205/1205/1205 1204/1204/1204
f 1209/1209/1209 1208/1208/1208 1207/1207/1207
f 1212/1212/1212 1211/1211/1211 1210/1210/1210
f 1215/1215/1215 1214/1214/1214 1213/1213/1213
f 1218/1218/1218 1217/1217/1217 1216/1216/1216
f 1221/1221/1221 1220/1220/1220 1219/1219/1219
f 1224/1224/1224 1223/1223/1223 1222/1222/1222
f 1227/1227/1227 1226/1226/1226 1225/1225/1225
f 1230/1230/1230 1229/1229/1229 1228/1228/1228
f 1233/1233/1233 1232/1232/1232 1231/1231/1231
f 1236/1236/1236 1235/1235/1235 1234/1234/1234
f 1239/1239/1239 1238/1238/1238 1237/1237/1237
f 1242/1242/1242 1241/1241/1241 1240/1240/1240
f 1245/1245/1245 1244/1244/1244 1243/1243/1243
f 1248/1248/1248 1247/1247/1247 1246/1246/1246
f 1251/1251/1251 1250/1250/1250 1249/1249/1249
f 1254/1254/1254 1253/1253/1253 1252/1252/1252
f 1257/1257/1257 1256/1256/1256 1255/1255/1255
f 1260/1260/1260 1259/1259/1259 1258/1258/1258
f 1263/1263/1263 1262/1262/1262 1261/1261/1261
f 1266/1266/1266 1265/1265/1265 1264/1264/1264
f 1269/1269/1269 1268/1268/1268 1267/1267/1267
f 1272/1272/1272 1271/1271/1271 1270/1270/1270
f 1275/1275/1275 1274/1274/1274 1273/1273/1273
f 1278/1278/1278 1277/1277/1277 1276/1276/1276
f 1281/1281/1281 1280/1280/1280 1279/1279/1279
f 1284/1284/1284 1283/1283/1283 1282/1282/1282
f 1287/1287/1287 1286/1286/1286 1285/1285/1285
f 1290/1290/1290 1289/1289/1289 1288/1288/1288
f 1293/1293/1293 1292/1292/1292 1291/1291/1291
f 1296/1296/1296 1295/1295/1295 1294/1294/1294
f 1299/1299/1299 1298/1298/1298 1297/1297/1297
f 1302/1302/1302 1301/1301/1301 1300/1300/1300
f 1305/1305/1305 1304/1304/1304 1303/1303/1303
f 1308/1308/1308 1307/1307/1307 1306/1306/1306
f 1311/1311/1311 1310/1310/1310 1309/1309/1309
f 1313/1313/1313 1312/1312/1312 1319/1319/1319
f 1319/1319/1319 1318/1318/1318 1317/1317/1317
f 1317/1317/1317 1316/1316/1316 1315/1315/1315
f 1315/1315/1315 1314/1314/1314 1313/1313/1313
f 1313/1313/1313 1319/1319/1319 1317/1317/1317
f 1317/1317/1317 1315/1315/1315 1313/1313/1313
f 1322/1322/1322 1321/1321/1321 1320/1320/1320
f 1325/1325/1325 1324/1324/1324 1323/1323/1323
f 1328/1328/1328 1327/1327/1327 1326/1326/1326
f 1331/1331/1331 1330/1330/1330 1329/1329/1329
f 1334/1334/1334 1333/1333/1333 1332/1332/1332
f 1337/1337/1337 1336/1336/1336 1335/1335/1335
f 1340/1340/1340 1339/1339/1339 1338/1338/1338
f 1343/1343/1343 1342/1342/1342 1341/1341/1341
f 1346/1346/1346 1345/1345/1345 1344/1344/1344
f 1348/1348/1348 1347/1347/1347 1354/1354/1354
f 1354/1354/1354 1353/1353/1353 1352/1352/1352
f 1352/1352/1352 1351/1351/1351 1350/1350/1350
f 1350/1350/1350 1349/1349/1349 1348/1348/1348
f 1348/1348/1348 1354/1354/1354 1352/1352/1352
f 1352/1352/1352 1350/1350/1350 1348/1348/1348
f 1356/1356/1356 1355/1355/1355 1364/1364/1364
f 1364/1364/1364 1363/1363/1363 1362/1362/1362
f 1362/1362/1362 1361/1361/1361 1360/1360/1360
f 1360/1360/1360 1359/1359/1359 1358/1358/1358
f 1358/1358/1358 1357/1357/1357 1356/1356/1356
f 1356/1356/1356 1364/1364/1364 1362/1362/1362
f 1362/1362/1362 1360/1360/1360 1358/1358/1358
f 1358/1358/1358 1356/1356/1356 1362/1362/1362
f 1367/1367/1367 1366/1366/1366 1365/1365/1365
f 1370/1370/1370 1369/1369/1369 1368/1368/1368
f 1373/1373/1373 1372/1372/1372 1371/1371/1371
f 1376/1376/1376 1375/1375/1375 1374/1374/1374
f 1379/1379/1379 1378/1378/1378 1377/1377/1377
f 1382/1382/1382 1381/1381/1381 1380/1380/1380
f 1385/1385/1385 1384/1384/1384 1383/1383/1383
f 1388/1388/1388 1387/1387/1387 1386/1386/1386
f 1391/1391/1391 1390/1390/1390 1389/1389/1389
f 1393/1393/1393 1392/1392/1392 1401/1401/1401
f 1401/1401/1401 1400/1400/1400 1399/1399/1399
f 1399/1399/1399 1398/1398/1398 1397/1397/1397
f 1397/1397/1397 1396/1396/1396 1395/1395/1395
f 1395/1395/1395 1394/1394/1394 1393/1393/1393
f 1393/1393/1393 1401/1401/1401 1399/1399/1399
f 1399/1399/1399 1397/1397/1397 1395/1395/1395
f 1395/1395/1395 1393/1393/1393 1399/1399/1399
f 1404/1404/1404 1403/1403/1403 1402/1402/1402
f 1407/1407/1407 1406/1406/1406 1405/1405/1405
f 1410/1410/1410 1409/1409/1409 1408/1408/1408
f 1413/1413/1413 1412/1412/1412 1411/1411/1411
f 1416/1416/1416 1415/1415/1415 1414/1414/1414
f 1419/1419/1419 1418/1418/1418 1417/1417/1417
f 1422/1422/1422 1421/1421/1421 1420/1420/1420
f 1425/1425/1425 1424/1424/1424 1423/1423/1423
f 1428/1428/1428 1427/1427/1427 1426/1426/1426
f 1431/1431/1431 1430/1430/1430 1429/1429/1429
f 1434/1434/1434 1433/1433/1433 1432/1432/1432
f 1437/1437/1437 1436/1436/1436 1435/1435/1435
f 1440/1440/1440 1439/1439/1439 1438/1438/1438
f 1443/1443/1443 1442/1442/1442 1441/1441/1441
f 1446/1446/1446 1445/1445/1445 1444/1444/1444
f 1449/1449/1449 1448/1448/1448 1447/1447/1447
f 1452/1452/1452 1451/1451/1451 1450/1450/1450
f 1455/1455/1455 1454/1454/1454 1453/1453/1453
f 1458/1458/1458 1457/1457/1457 1456/1456/1456
f 1461/1461/1461 1460/1460/1460 1459/1459/1459
f 1464/1464/1464 1463/1463/1463 1462/1462/1462
f 1467/1467/1467 1466/1466/1466 1465/1465/1465
f 1470/1470/1470 1469/1469/1469 1468/1468/1468
f 1473/1473/1473 1472/1472/1472 1471/1471/1471
f 1476/1476/1476 1475/1475/1475 1474/1474/1474
f 1479/1479/1479 1478/1478/1478 1477/1477/1477
f 1482/1482/1482 1481/1481/1481 1480/1480/1480
f 1485/1485/1485 1484/1484/1484 1483/1483/1483
f 1488/1488/1488 1487/1487/1487 1486/1486/1486
f 1491/1491/1491 1490/1490/1490 1489/1489/1489
f 1494/1494/1494 1493/1493/1493 1492/1492/1492
f 1497/1497/1497 1496/1496/1496 1495/1495/1495
f 1500/1500/1500 1499/1499/1499 1498/1498/1498
f 1503/1503/1503 1502/1502/1502 1501/1501/1501
f 1506/1506/1506 1505/1505/1505 1504/1504/1504
f 1509/1509/1509 1508/1508/1508 1507/1507/1507
f 1512/1512/1512 1511/1511/1511 1510/1510/1510
f 1515/1515/1515 1514/1514/1514 1513/1513/1513
f 1518/1518/1518 1517/1517/1517 1516/1516/1516
f 1521/1521/1521 1520/1520/1520 1519/1519/1519
f 1524/1524/1524 1523/1523/1523 1522/1522/1522
f 1527/1527/1527 1526/1526/1526 1525/1525/1525
f 1530/1530/1530 1529/1529/1529 1528/1528/1528
f 1533/1533/1533 1532/1532/1532 1531/1531/1531
f 1536/1536/1536 1535/1535/1535 1534/1534/1534
f 1539/1539/1539 1538/1538/1538 1537/1537/1537
f 1542/1542/1542 1541/1541/1541 1540/1540/1540
f 1545/1545/1545 1544/1544/1544 1543/1543/1543
f 1548/1548/1548 1547/1547/1547 1546/1546/1546
f 1551/1551/1551 1550/1550/1550 1549/1549/1549
f 1554/1554/1554 1553/1553/1553 1552/1552/1552
f 1557/1557/1557 1556/1556/1556 1555/1555/1555
f 1560/1560/1560 1559/1559/1559 1558/1558/1558
f 1563/1563/1563 1562/1562/1562 1561/1561/1561
f 1566/1566/1566 1565/1565/1565 1564/1564/1564
f 1569/1569/1569 1568/1568/1568 1567/1567/1567
f 1572/1572/1572 1571/1571/1571 1570/1570/1570
f 1575/1575/1575 1574/1574/1574 1573/1573/1573
f 1578/1578/1578 1577/1577/1577 1576/1576/1576
f 1581/1581/1581 1580/1580/1580 1579/1579/1579
f 1584/1584/1584 1583/1583/1583 1582/1582/1582
f 1587/1587/1587 1586/1586/1586 1585/1585/1585
f 1590/1590/1590 1589/1589/1589 1588/1588/1588
f 1593/1593/1593 1592/1592/1592 1591/1591/1591
f 1596/1596/1596 1595/1595/1595 1594/1594/1594
f 1599/1599/1599 1598/1598/1598 1597/1597/1597
f 1602/1602/1602 1601/1601/1601 1600/1600/1600
f 1605/1605/1605 1604/1604/1604 1603/1603/1603
f 1608/1608/1608 1607/1607/1607 1606/1606/1606
f 1611/1611/1611 1610/1610/1610 1609/1609/1609
f 1614/1614/1614 1613/1613/1613 1612/1612/1612
f 1617/1617/1617 1616/1616/1616 1615/1615/1615
f 1620/1620/1620 1619/1619/1619 1618/1618/1618
f 1623/1623/1623 1622/1622/1622 1621/1621/1621
f 1626/1626/1626 1625/1625/1625 1624/1624/1624
f 1629/1629/1629 1628/1628/1628 1627/1627/1627
f 1632/1632/1632 1631/1631/1631 1630/1630/1630
f 1635/1635/1635 1634/1634/1634 1633/1633/1633
f 1638/1638/1638 1637/1637/1637 1636/1636/1636
f 1641/1641/1641 1640/1640/1640 1639/1639/1639
f 1644/1644/1644 1643/1643/1643 1642/1642/1642
f 1647/1647/1647 1646/1646/1646 1645/1645/1645
f 1650/1650/1650 1649/1649/1649 1648/1648/1648
f 1653/1653/1653 1652/1652/1652 1651/1651/1651
f 1656/1656/1656 1655/1655/1655 1654/1654/1654
f 1659/1659/1659 1658/1658/1658 1657/1657/1657
f 1662/1662/1662 1661/1661/1661 1660/1660/1660
f 1665/1665/1665 1664/1664/1664 1663/1663/1663
f 1668/1668/1668 1667/1667/1667 1666/1666/1666
f 1671/1671/1671 1670/1670/1670 1669/1669/1669
f 1674/1674/1674 1673/1673/1673 1672/1672/1672
f 1677/1677/1677 1676/1676/1676 1675/1675/1675
f 1680/1680/1680 1679/1679/1679 1678/1678/1678
f 1683/1683/1683 1682/1682/1682 1681/1681/1681
f 1686/1686/1686 1685/1685/1685 1684/1684/1684
f 1689/1689/1689 1688/1688/1688 1687/1687/1687
f 1692/1692/1692 1691/1691/1691 1690/1690/1690
f 1695/1695/1695 1694/1694/1694 1693/1693/1693
f 1698/1698/1698 1697/1697/1697 1696/1696/1696
f 1701/1701/1701 1700/1700/1700 1699/1699/1699
f 1704/1704/1704 1703/1703/1703 1702/1702/1702
f 1707/1707/1707 1706/1706/1706 1705/1705/1705
f 1710/1710/1710 1709/1709/1709 1708/1708/1708
f 1713/1713/1713 1712/1712/1712 1711/1711/1711
f 1716/1716/1716 1715/1715/1715 1714/1714/1714
f 1719/1719/1719 1718/1718/1718 1717/1717/1717
f 1722/1722/1722 1721/1721/1721 1720/1720/1720
f 1725/1725/1725 1724/1724/1724 1723/1723/1723
f 1728/1728/1728 1727/1727/1727 1726/1726/1726
f 1731/1731/1731 1730/1730/1730 1729/1729/1729
f 1734/1734/1734 1733/1733/1733 1732/1732/1732
f 1737/1737/1737 1736/1736/1736 1735/1735/1735
f 1740/1740/1740 1739/1739/1739 1738/1738/1738
f 1743/1743/1743 1742/1742/1742 1741/1741/1741
f 1746/1746/1746 1745/1745/1745 1744/1744/1744
f 1749/1749/1749 1748/1748/1748 1747/1747/1747
f 1752/1752/1752 1751/1751/1751 1750/1750/1750
f 1755/1755/1755 1754/1754/1754 1753/1753/1753
f 1758/1758/1758 1757/1757/1757 1756/1756/1756
f 1761/1761/1761 1760/1760/1760 1759/1759/1759
f 1764/1764/1764 1763/1763/1763 1762/1762/1762
f 1767/1767/1767 1766/1766/1766 1765/1765/1765
f 1770/1770/1770 1769/1769/1769 1768/1768/1768
f 1773/1773/1773 1772/1772/1772 1771/1771/1771
f 1776/1776/1776 1775/1775/1775 1774/1774/1774
f 1779/1779/1779 1778/1778/1778 1777/1777/1777
f 1782/1782/1782 1781/1781/1781 1780/1780/1780
f 1785/1785/1785 1784/1784/1784 1783/1783/1783
f 1788/1788/1788 1787/1787/1787 1786/1786/1786
f 1791/1791/1791 1790/1790/1790 1789/1789/1789
f 1794/1794/1794 1793/1793/1793 1792/1792/1792
f 1797/1797/1797 1796/1796/1796 1795/1795/1795
f 1800/1800/1800 1799/1799/1799 1798/1798/1798
f 1803/1803/1803 1802/1802/1802 1801/1801/1801
f 1806/1806/1806 1805/1805/1805 1804/1804/1804
f 1809/1809/1809 1808/1808/1808 1807/1807/1807
f 1812/1812/1812 1811/1811/1811 1810/1810/1810
f 1815/1815/1815 1814/1814/1814 1813/1813/1813
f 1818/1818/1818 1817/1817/1817 1816/1816/1816
f 1821/1821/1821 1820/1820/1820 1819/1819/1819
f 1824/1824/1824 1823/1823/1823 1822/1822/1822
f 1827/1827/1827 1826/1826/1826 1825/1825/1825
f 1830/1830/1830 1829/1829/1829 1828/1828/1828
f 1833/1833/1833 1832/1832/1832 1831/1831/1831
f 1836/1836/1836 1835/1835/1835 1834/1834/1834
f 1839/1839/1839 1838/1838/1838 1837/1837/1837
f 1842/1842/1842 1841/1841/1841 1840/1840/1840
f 1845/1845/1845 1844/1844/1844 1843/1843/1843
f 1848/1848/1848 1847/1847/1847 1846/1846/1846
f 1851/1851/1851 1850/1850/1850 1849/1849/1849
f 1854/1854/1854 1853/1853/1853 1852/1852/1852
f 1857/1857/1857 1856/1856/1856 1855/1855/1855
f 1860/1860/1860 1859/1859/1859 1858/1858/1858
f 1863/1863/1863 1862/1862/1862 1861/1861/1861
f 1866/1866/1866 1865/1865/1865 1864/1864/1864
f 1869/1869/1869 1868/1868/1868 1867/1867/1867
f 1872/1872/1872 1871/1871/1871 1870/1870/1870
f 1875/1875/1875 1874/1874/1874 1873/1873/1873
f 1878/1878/1878 1877/1877/1877 1876/1876/1876
f 1881/1881/1881 1880/1880/1880 1879/1879/1879
f 1884/1884/1884 1883/1883/1883 1882/1882/1882
f 1887/1887/1887 1886/1886/1886 1885/1885/1885
f 1890/1890/1890 1889/1889/1889 1888/1888/1888
f 1893/1893/1893 1892/1892/1892 1891/1891/1891
f 1896/1896/1896 1895/1895/1895 1894/1894/1894
f 1899/1899/1899 1898/1898/1898 1897/1897/1897
f 1902/1902/1902 1901/1901/1901 1900/1900/1900
f 1905/1905/1905 1904/1904/1904 1903/1903/1903
f 1908/1908/1908 1907/1907/1907 1906/1906/1906
f 1911/1911/1911 1910/1910/1910 1909/1909/1909
f 1914/1914/1914 1913/1913/1913 1912/1912/1912
f 1917/1917/1917 1916/1916/1916 1915/1915/1915
f 1920/1920/1920 1919/1919/1919 1918/1918/1918
f 1923/1923/1923 1922/1922/1922 1921/1921/1921
f 1926/1926/1926 1925/1925/1925 1924/1924/1924
f 1929/1929/1929 1928/1928/1928 1927/1927/1927
f 1932/1932/1932 1931/1931/1931 1930/1930/1930
f 1935/1935/1935 1934/1934/1934 1933/1933/1933
f 1938/1938/1938 1937/1937/1937 1936/1936/1936
f 1941/1941/1941 1940/1940/1940 1939/1939/1939
f 1944/1944/1944 1943/1943/1943 1942/1942/1942
f 1947/1947/1947 1946/1946/1946 1945/1945/1945
f 1950/1950/1950 1949/1949/1949 1948/1948/1948
f 1953/1953/1953 1952/1952/1952 1951/1951/1951
f 1956/1956/1956 1955/1955/1955 1954/1954/1954
f 1959/1959/1959 1958/1958/1958 1957/1957/1957
f 1962/1962/1962 1961/1961/1961 1960/1960/1960
f 1965/1965/1965 1964/1964/1964 1963/1963/1963
f 1968/1968/1968 1967/1967/1967 1966/1966/1966
f 1971/1971/1971 1970/1970/1970 1969/1969/1969
f 1974/1974/1974 1973/1973/1973 1972/1972/1972
f 1977/1977/1977 1976/1976/1976 1975/1975/1975
f 1980/1980/1980 1979/1979/1979 1978/1978/1978
f 1983/1983/1983 1982/1982/1982 1981/1981/1981
f 1986/1986/1986 1985/1985/1985 1984/1984/1984
f 1989/1989/1989 1988/1988/1988 1987/1987/1987
f 1992/1992/1992 1991/1991/1991 1990/1990/1990
