# Generated from MrEliptik tank_1_green.fbx
v 0.598307 0.353645 -0.493783
v 1.000730 0.397054 -0.495021
v 0.598307 0.480916 -0.517491
v 1.000730 0.179048 -0.871535
v 0.884245 0.173688 -0.852780
v 1.000730 0.173688 -0.796724
v 1.000729 0.283723 -0.993558
v 1.000729 0.188160 -1.111380
v 1.000729 0.267983 -1.144444
v 1.000729 0.206577 -0.932182
v 1.000729 0.067017 -0.990237
v 1.000729 0.119614 -1.058783
v 1.000730 0.173688 -0.796724
v 1.000730 0.033953 -0.739091
v 1.000730 0.022675 -0.824752
v 1.000730 0.400428 -0.650156
v 1.000730 0.397054 -0.495021
v 1.000730 0.334141 -0.643673
v 1.000730 0.467896 -0.682919
v 1.000730 0.587675 -0.590722
v 1.000730 0.519129 -0.538125
v 1.000730 0.523506 -0.759047
v 1.000730 0.673336 -0.739091
v 1.000730 0.640272 -0.659268
v 1.000729 0.377353 -1.004832
v 1.000729 0.353645 -1.155722
v 1.000729 0.439306 -1.144444
v 0.884252 0.278497 -0.879646
v 0.970952 0.285730 -0.842950
v 0.884266 0.259374 -0.821591
v 0.884269 0.433704 -0.774880
v 0.884246 0.461075 -0.677685
v 0.884251 0.389162 -0.739006
v 0.884252 0.426118 -0.883132
v 0.884245 0.523506 -0.890458
v 0.884253 0.446208 -0.836938
v 0.884262 0.377941 -0.915429
v 0.884245 0.467896 -0.966585
v 0.884252 0.426118 -0.883132
v 0.884253 0.446208 -0.836938
v 0.970964 0.423812 -0.833990
v 0.884252 0.426118 -0.883132
v 0.884255 0.341459 -0.732189
v 0.970963 0.355988 -0.754863
v 0.884251 0.389162 -0.739006
v 0.884251 0.389162 -0.739006
v 0.970963 0.355988 -0.754863
v 0.970952 0.404724 -0.776988
v 0.884266 0.259374 -0.821591
v 0.970952 0.285730 -0.842950
v 0.970977 0.298814 -0.779270
v 0.884252 0.426118 -0.883132
v 0.970938 0.395783 -0.879669
v 0.884262 0.377941 -0.915429
v 0.884266 0.259374 -0.821591
v 0.970977 0.298814 -0.779270
v 0.884264 0.287265 -0.758373
v 0.884262 0.377941 -0.915429
v 0.970938 0.395783 -0.879669
v 0.970938 0.361033 -0.893354
v 0.884269 0.433704 -0.774880
v 0.970952 0.404724 -0.776988
v 0.970964 0.423812 -0.833990
v 0.884255 0.317917 -0.911007
v 0.970950 0.318845 -0.885027
v 0.884252 0.278497 -0.879646
v 1.000731 0.151185 0.786332
v 0.598308 0.188160 0.809109
v 0.598308 0.119614 0.756512
v 1.000731 0.287939 0.692342
v 1.000731 0.151185 0.786332
v 1.000731 0.211812 0.636732
v 1.000731 0.287939 0.692342
v 1.000731 0.267984 0.842173
v 1.000731 0.151185 0.786332
v 1.000731 0.172566 0.502978
v 0.884246 0.172566 0.541984
v 1.000731 0.179048 0.569264
v 1.000731 0.279996 0.355911
v 0.884246 0.306862 0.347884
v 0.884246 0.243073 0.378381
v 1.000731 0.279996 0.355911
v 0.884246 0.243073 0.378381
v 1.000731 0.206577 0.415052
v 1.000731 0.206577 0.415052
v 0.884246 0.187074 0.448832
v 1.000731 0.172566 0.502978
v 1.000731 0.353645 0.703237
v 0.884247 0.373148 0.703560
v 1.000731 0.423153 0.690289
v 0.884270 0.332299 0.430605
v 0.884246 0.306862 0.347884
v 0.884246 0.377353 0.342401
v 0.884246 0.288334 0.457170
v 0.884246 0.243073 0.378381
v 0.884270 0.332299 0.430605
v 0.884254 0.267390 0.558209
v 0.884247 0.206578 0.629911
v 0.884246 0.172566 0.541984
v 0.884273 0.309247 0.605701
v 0.884247 0.279996 0.689052
v 0.884247 0.206578 0.629911
v 0.884254 0.438758 0.560114
v 0.884246 0.533602 0.550509
v 0.884246 0.497745 0.633053
v 0.884270 0.445521 0.501136
v 0.884246 0.533602 0.550509
v 0.884254 0.438758 0.560114
v 0.884270 0.445521 0.501136
v 0.884246 0.523506 0.456776
v 0.884246 0.533602 0.550509
v 0.884270 0.403517 0.442422
v 0.884246 0.377353 0.342401
v 0.884246 0.464874 0.377524
v 0.884270 0.332299 0.430605
v 0.884246 0.377353 0.342401
v 0.884270 0.403517 0.442422
v 0.884252 0.367967 0.614435
v 0.970968 0.362883 0.592648
v 0.884252 0.410145 0.596113
v 0.884254 0.267390 0.558209
v 0.970987 0.298816 0.567962
v 0.884273 0.309247 0.605701
v 0.884273 0.309247 0.605701
v 0.970987 0.298816 0.567962
v 0.970968 0.362883 0.592648
v 0.884246 0.288334 0.457170
v 0.970978 0.286841 0.497738
v 0.884263 0.262968 0.498184
v 0.884273 0.309247 0.605701
v 0.970968 0.362883 0.592648
v 0.884252 0.367967 0.614435
v 1.000730 0.089794 0.051324
v 0.598307 0.119614 0.082895
v 0.598307 0.067017 0.014349
v 1.000730 0.480916 0.156125
v 0.598307 0.519129 0.135492
v 0.598307 0.439306 0.168556
v 1.000730 0.284137 -0.318943
v 1.000730 0.188160 -0.437763
v 1.000730 0.267984 -0.470827
v 1.000730 0.246215 -0.004069
v 1.000730 0.089794 0.051324
v 1.000730 0.187074 -0.077486
v 1.000730 0.246215 -0.004069
v 1.000730 0.188160 0.135492
v 1.000730 0.089794 0.051324
v 1.000730 0.334141 0.029943
v 1.000730 0.353645 0.179833
v 1.000730 0.267984 0.168556
v 1.000730 0.520215 -0.224785
v 0.884246 0.500712 -0.258565
v 1.000730 0.464216 -0.295236
v 1.000730 0.172566 -0.170639
v 0.884246 0.172566 -0.131633
v 1.000730 0.187074 -0.077486
v 1.000730 0.377494 -0.332287
v 0.884246 0.329937 -0.331216
v 1.000730 0.284137 -0.318943
v 1.000730 0.377494 -0.332287
v 0.884246 0.423567 -0.319941
v 0.884246 0.329937 -0.331216
v 1.000730 0.534724 -0.131633
v 0.884246 0.534724 -0.170639
v 1.000730 0.520215 -0.224785
v 0.884252 0.316012 -0.236249
v 0.884246 0.329937 -0.331216
v 0.884255 0.365831 -0.243699
v 0.884267 0.443885 -0.123684
v 0.884246 0.497745 -0.040564
v 0.884254 0.408539 -0.075988
v 0.884267 0.443885 -0.123684
v 0.884246 0.528241 -0.104353
v 0.884246 0.497745 -0.040564
v 0.884250 0.410144 -0.224768
v 0.884246 0.500712 -0.258565
v 0.884255 0.439900 -0.186864
v 0.884255 0.365831 -0.243699
v 0.970965 0.344407 -0.221303
v 0.884252 0.316012 -0.236249
v 0.884267 0.443885 -0.123684
v 0.971000 0.411763 -0.109949
v 0.970943 0.420875 -0.169150
v -0.598311 0.267983 -0.505060
v -1.000734 0.226373 -0.517490
v -0.598311 0.188160 -0.538123
v 0.598306 0.267983 -1.144444
v 0.598306 0.353645 -1.155722
v 1.000729 0.353645 -1.155722
v 1.000729 0.267983 -1.144444
v -0.884250 0.173688 -0.852779
v -1.000735 0.179048 -0.871534
v -1.000735 0.173688 -0.796723
v -1.000734 0.226373 -0.517490
v -1.000735 0.334141 -0.643672
v -1.000735 0.263267 -0.668212
v -0.884250 0.381673 -1.004708
v -1.000735 0.419350 -0.994612
v -1.000735 0.325616 -1.004708
v -0.884250 0.287940 -0.994612
v -1.000735 0.325616 -1.004708
v -1.000735 0.263267 -0.981290
v -0.884255 0.318127 -0.739005
v -0.884250 0.325617 -0.644794
v -0.884260 0.365831 -0.732188
v -0.970984 0.362882 -0.754587
v -0.884260 0.365831 -0.732188
v -0.884257 0.412024 -0.752278
v -0.884272 0.381097 -0.914991
v -0.970991 0.394834 -0.882873
v -0.884257 0.428793 -0.879645
v -0.884260 0.317917 -0.911006
v -0.970946 0.335630 -0.891981
v -0.884272 0.381097 -0.914991
v -0.970940 0.407378 -0.781467
v -0.884257 0.412024 -0.752278
v -0.884257 0.440440 -0.791177
v -0.970952 0.305879 -0.773671
v -0.884260 0.279576 -0.767916
v -0.884255 0.318127 -0.739005
v -0.970977 0.423950 -0.824751
v -0.884257 0.440440 -0.791177
v -0.884256 0.445661 -0.836865
v -0.884260 0.365831 -0.732188
v -0.970984 0.362882 -0.754587
v -0.884255 0.318127 -0.739005
v -0.598310 0.673336 0.436821
v -1.000734 0.683376 0.479073
v -0.598310 0.684614 0.522482
v -0.598310 0.439306 0.202791
v -1.000734 0.480916 0.215222
v -0.598310 0.519130 0.235855
v -1.000734 0.534724 0.541986
v -1.000734 0.683376 0.479073
v -1.000734 0.520215 0.448833
v -1.000734 0.464217 0.378383
v -1.000734 0.480916 0.215222
v -1.000734 0.377494 0.341332
v -0.884249 0.172566 0.541986
v -1.000734 0.172566 0.502980
v -1.000734 0.179048 0.569266
v -0.884250 0.243073 0.378383
v -1.000734 0.279996 0.355912
v -1.000734 0.206577 0.415053
v -0.884249 0.187074 0.448833
v -1.000734 0.206577 0.415053
v -1.000734 0.172566 0.502980
v -0.884249 0.373148 0.703561
v -1.000734 0.353645 0.703238
v -1.000734 0.423153 0.690290
v -0.884250 0.243073 0.378383
v -0.884280 0.271518 0.475067
v -0.884273 0.332299 0.430607
v -0.884256 0.412025 0.594956
v -0.884249 0.497745 0.633054
v -0.884268 0.444321 0.546779
v -0.884250 0.377353 0.342403
v -0.884273 0.332299 0.430607
v -0.884273 0.403517 0.442423
v -0.884273 0.403517 0.442423
v -0.970981 0.420449 0.497739
v -0.884257 0.440439 0.488909
v -0.970990 0.408474 0.567963
v -0.884256 0.412025 0.594956
v -0.884268 0.444321 0.546779
v -0.884257 0.440439 0.488909
v -0.970981 0.420449 0.497739
v -0.884268 0.444321 0.546779
v -0.970978 0.344408 0.592647
v -0.884259 0.317917 0.608737
v -0.884255 0.367967 0.614436
v -0.598311 0.033953 -0.236796
v -1.000734 0.046384 -0.278406
v -0.598311 0.067017 -0.316619
v -1.000734 0.208688 -0.262363
v -1.000734 0.046384 -0.278406
v -1.000734 0.172566 -0.170637
v -0.884250 0.500712 -0.258564
v -1.000734 0.520215 -0.224783
v -1.000734 0.464216 -0.295234
v -0.884250 0.172566 -0.131631
v -1.000734 0.172566 -0.170637
v -1.000734 0.187074 -0.077485
v -0.884250 0.534724 -0.170637
v -1.000734 0.534724 -0.131631
v -1.000734 0.520215 -0.224783
v -0.884271 0.303772 -0.071074
v -0.884250 0.325616 0.028822
v -0.884258 0.365831 -0.058571
v -0.884258 0.365831 -0.058571
v -0.884250 0.423566 0.017672
v -0.884256 0.410144 -0.077503
v -0.884250 0.497745 -0.040563
v -0.884277 0.445246 -0.126590
v -0.884256 0.410144 -0.077503
v -0.884277 0.445246 -0.126590
v -0.884250 0.534724 -0.170637
v -0.884276 0.433704 -0.201006
v -0.970955 0.403362 -0.200852
v -0.884276 0.433704 -0.201006
v -0.884273 0.374991 -0.243010
v -0.970950 0.353645 -0.220735
v -0.884273 0.374991 -0.243010
v -0.884256 0.316012 -0.236248
v -0.884277 0.445246 -0.126590
v -0.970959 0.403362 -0.101417
v -0.884256 0.410144 -0.077503
v -0.884271 0.303772 -0.071074
v -0.970955 0.303927 -0.101417
v -0.884268 0.262969 -0.126838
v -0.970997 0.298817 -0.196614
v -0.884256 0.316012 -0.236248
v -0.884273 0.270424 -0.195532
v -0.970961 0.423242 -0.151134
v -0.884277 0.445246 -0.126590
v -0.884276 0.433704 -0.201006
v -0.884258 0.365831 -0.058571
v -0.970954 0.353645 -0.081535
v -0.884271 0.303772 -0.071074
v 0.598306 0.188160 -1.111380
v 0.598306 0.267983 -1.144444
v 1.000729 0.267983 -1.144444
v 1.000729 0.188160 -1.111380
v 0.598306 0.119614 -1.058783
v 0.598306 0.188160 -1.111380
v 1.000729 0.188160 -1.111380
v 1.000729 0.119614 -1.058783
v 0.598306 0.067017 -0.990237
v 0.598306 0.119614 -1.058783
v 1.000729 0.119614 -1.058783
v 1.000729 0.067017 -0.990237
v 0.598306 0.033953 -0.910413
v 0.598306 0.067017 -0.990237
v 1.000729 0.067017 -0.990237
v 1.000730 0.033953 -0.910413
v 0.598306 0.022675 -0.824752
v 0.598306 0.033953 -0.910413
v 1.000730 0.033953 -0.910413
v 1.000730 0.022675 -0.824752
v 0.598306 0.033953 -0.739091
v 0.598306 0.022675 -0.824752
v 1.000730 0.022675 -0.824752
v 1.000730 0.033953 -0.739091
v 0.598306 0.067017 -0.659267
v 0.598306 0.033953 -0.739091
v 1.000730 0.033953 -0.739091
v 1.000730 0.067017 -0.659268
v 0.598307 0.119614 -0.590722
v 0.598306 0.067017 -0.659267
v 1.000730 0.067017 -0.659268
v 1.000730 0.119614 -0.590722
v 0.598307 0.188160 -0.538124
v 0.598307 0.119614 -0.590722
v 1.000730 0.119614 -0.590722
v 1.000730 0.188160 -0.538125
v 0.598307 0.267983 -0.505060
v 0.598307 0.188160 -0.538124
v 1.000730 0.188160 -0.538125
v 1.000730 0.267983 -0.505061
v 0.598307 0.353645 -0.493783
v 0.598307 0.267983 -0.505060
v 1.000730 0.267983 -0.505061
v 1.000730 0.397054 -0.495021
v 0.598307 0.587675 -0.590721
v 0.598307 0.480916 -0.517491
v 1.000730 0.519129 -0.538125
v 1.000730 0.587675 -0.590722
v 0.598307 0.480916 -0.517491
v 1.000730 0.397054 -0.495021
v 1.000730 0.519129 -0.538125
v 0.598306 0.640272 -0.659267
v 0.598307 0.587675 -0.590721
v 1.000730 0.587675 -0.590722
v 1.000730 0.640272 -0.659268
v 1.000730 0.673336 -0.739091
v 0.598306 0.683376 -0.781342
v 0.598306 0.640272 -0.659267
v 1.000730 0.640272 -0.659268
v 0.598306 0.673336 -0.910413
v 0.598306 0.683376 -0.781342
v 1.000730 0.684614 -0.824752
v 1.000730 0.673336 -0.910413
v 1.000730 0.673336 -0.739091
v 1.000730 0.684614 -0.824752
v 0.598306 0.683376 -0.781342
v 0.598306 0.640272 -0.990237
v 0.598306 0.673336 -0.910413
v 1.000730 0.673336 -0.910413
v 1.000729 0.640272 -0.990237
v 1.000729 0.587675 -1.058783
v 0.598306 0.556104 -1.088603
v 0.598306 0.640272 -0.990237
v 1.000729 0.640272 -0.990237
v 0.598306 0.439306 -1.144444
v 0.598306 0.556104 -1.088603
v 1.000729 0.519129 -1.111380
v 1.000729 0.439306 -1.144444
v 1.000729 0.587675 -1.058783
v 1.000729 0.519129 -1.111380
v 0.598306 0.556104 -1.088603
v 0.598306 0.353645 -1.155722
v 0.598306 0.439306 -1.144444
v 1.000729 0.439306 -1.144444
v 1.000729 0.353645 -1.155722
v 0.598306 0.033953 -0.739091
v 0.598306 0.067017 -0.659267
v 0.598307 0.119614 -0.590722
v 0.598307 0.188160 -0.538124
v 0.598307 0.267983 -0.505060
v 0.598307 0.353645 -0.493783
v 0.598307 0.480916 -0.517491
v 0.598307 0.587675 -0.590721
v 0.598306 0.640272 -0.659267
v 0.598306 0.683376 -0.781342
v 0.598306 0.673336 -0.910413
v 0.598306 0.640272 -0.990237
v 0.598306 0.556104 -1.088603
v 0.598306 0.439306 -1.144444
v 0.598306 0.353645 -1.155722
v 0.598306 0.267983 -1.144444
v 0.598306 0.188160 -1.111380
v 0.598306 0.119614 -1.058783
v 0.598306 0.067017 -0.990237
v 0.598306 0.033953 -0.910413
v 0.598306 0.022675 -0.824752
v 1.000729 0.353645 -1.155722
v 1.000729 0.377353 -1.004832
v 1.000729 0.283723 -0.993558
v 1.000729 0.267983 -1.144444
v 1.000729 0.188160 -1.111380
v 1.000729 0.283723 -0.993558
v 1.000729 0.206577 -0.932182
v 1.000729 0.119614 -1.058783
v 1.000730 0.033953 -0.910413
v 1.000729 0.067017 -0.990237
v 1.000729 0.206577 -0.932182
v 1.000730 0.179048 -0.871535
v 1.000730 0.033953 -0.910413
v 1.000730 0.179048 -0.871535
v 1.000730 0.173688 -0.796724
v 1.000730 0.022675 -0.824752
v 1.000730 0.067017 -0.659268
v 1.000730 0.033953 -0.739091
v 1.000730 0.173688 -0.796724
v 1.000730 0.211812 -0.710501
v 1.000730 0.119614 -0.590722
v 1.000730 0.211812 -0.710501
v 1.000730 0.263267 -0.668213
v 1.000730 0.188160 -0.538125
v 1.000730 0.211812 -0.710501
v 1.000730 0.119614 -0.590722
v 1.000730 0.067017 -0.659268
v 1.000730 0.188160 -0.538125
v 1.000730 0.263267 -0.668213
v 1.000730 0.334141 -0.643673
v 1.000730 0.267983 -0.505061
v 1.000730 0.397054 -0.495021
v 1.000730 0.400428 -0.650156
v 1.000730 0.467896 -0.682919
v 1.000730 0.519129 -0.538125
v 1.000730 0.334141 -0.643673
v 1.000730 0.397054 -0.495021
v 1.000730 0.267983 -0.505061
v 1.000730 0.640272 -0.659268
v 1.000730 0.587675 -0.590722
v 1.000730 0.467896 -0.682919
v 1.000730 0.523506 -0.759047
v 1.000730 0.673336 -0.739091
v 1.000730 0.523506 -0.759047
v 1.000730 0.534401 -0.824752
v 1.000730 0.684614 -0.824752
v 1.000730 0.673336 -0.910413
v 1.000730 0.684614 -0.824752
v 1.000730 0.534401 -0.824752
v 1.000730 0.520215 -0.898401
v 1.000729 0.640272 -0.990237
v 1.000730 0.520215 -0.898401
v 1.000729 0.461075 -0.971820
v 1.000729 0.587675 -1.058783
v 1.000730 0.520215 -0.898401
v 1.000729 0.640272 -0.990237
v 1.000730 0.673336 -0.910413
v 1.000729 0.519129 -1.111380
v 1.000729 0.461075 -0.971820
v 1.000729 0.377353 -1.004832
v 1.000729 0.439306 -1.144444
v 1.000729 0.461075 -0.971820
v 1.000729 0.519129 -1.111380
v 1.000729 0.587675 -1.058783
v 0.884245 0.467896 -0.966585
v 1.000729 0.461075 -0.971820
v 1.000730 0.520215 -0.898401
v 0.884245 0.523506 -0.890458
v 0.884246 0.461075 -0.677685
v 1.000730 0.467896 -0.682919
v 1.000730 0.400428 -0.650156
v 0.884246 0.400428 -0.650155
v 0.884245 0.206577 -0.717323
v 1.000730 0.211812 -0.710501
v 1.000730 0.173688 -0.796724
v 0.884245 0.179048 -0.777969
v 1.000730 0.173688 -0.796724
v 0.884245 0.173688 -0.852780
v 0.884245 0.179048 -0.777969
v 0.884245 0.377494 -1.005903
v 1.000729 0.377353 -1.004832
v 1.000729 0.461075 -0.971820
v 0.884245 0.467896 -0.966585
v 0.884245 0.377494 -1.005903
v 0.884245 0.284137 -0.992560
v 1.000729 0.283723 -0.993558
v 1.000729 0.377353 -1.004832
v 0.884245 0.520215 -0.751103
v 1.000730 0.523506 -0.759047
v 1.000730 0.467896 -0.682919
v 0.884246 0.461075 -0.677685
v 0.884246 0.263267 -0.668213
v 1.000730 0.263267 -0.668213
v 1.000730 0.211812 -0.710501
v 0.884245 0.206577 -0.717323
v 0.884245 0.211812 -0.939004
v 1.000729 0.206577 -0.932182
v 1.000729 0.283723 -0.993558
v 0.884245 0.284137 -0.992560
v 0.884245 0.534401 -0.824752
v 1.000730 0.534401 -0.824752
v 1.000730 0.523506 -0.759047
v 0.884245 0.520215 -0.751103
v 0.884246 0.325617 -0.644796
v 1.000730 0.334141 -0.643673
v 1.000730 0.263267 -0.668213
v 0.884246 0.263267 -0.668213
v 0.884245 0.523506 -0.890458
v 1.000730 0.520215 -0.898401
v 1.000730 0.534401 -0.824752
v 0.884245 0.534401 -0.824752
v 0.884245 0.173688 -0.852780
v 1.000730 0.179048 -0.871535
v 1.000729 0.206577 -0.932182
v 0.884245 0.211812 -0.939004
v 0.884246 0.400428 -0.650155
v 1.000730 0.400428 -0.650156
v 1.000730 0.334141 -0.643673
v 0.884246 0.325617 -0.644796
v 0.884245 0.284137 -0.992560
v 0.884245 0.377494 -1.005903
v 0.884262 0.377941 -0.915429
v 0.884255 0.317917 -0.911007
v 0.884245 0.284137 -0.992560
v 0.884255 0.317917 -0.911007
v 0.884252 0.278497 -0.879646
v 0.884245 0.211812 -0.939004
v 0.884245 0.211812 -0.939004
v 0.884252 0.278497 -0.879646
v 0.884266 0.259374 -0.821591
v 0.884245 0.173688 -0.852780
v 0.884245 0.206577 -0.717323
v 0.884245 0.179048 -0.777969
v 0.884266 0.259374 -0.821591
v 0.884264 0.287265 -0.758373
v 0.884266 0.259374 -0.821591
v 0.884245 0.179048 -0.777969
v 0.884245 0.173688 -0.852780
v 0.884246 0.325617 -0.644796
v 0.884246 0.263267 -0.668213
v 0.884264 0.287265 -0.758373
v 0.884255 0.341459 -0.732189
v 0.884264 0.287265 -0.758373
v 0.884246 0.263267 -0.668213
v 0.884245 0.206577 -0.717323
v 0.884246 0.325617 -0.644796
v 0.884255 0.341459 -0.732189
v 0.884251 0.389162 -0.739006
v 0.884246 0.400428 -0.650155
v 0.884245 0.520215 -0.751103
v 0.884269 0.433704 -0.774880
v 0.884253 0.446208 -0.836938
v 0.884245 0.534401 -0.824752
v 0.884251 0.389162 -0.739006
v 0.884246 0.461075 -0.677685
v 0.884246 0.400428 -0.650155
v 0.884269 0.433704 -0.774880
v 0.884245 0.520215 -0.751103
v 0.884246 0.461075 -0.677685
v 0.884253 0.446208 -0.836938
v 0.884245 0.523506 -0.890458
v 0.884245 0.534401 -0.824752
v 0.884252 0.426118 -0.883132
v 0.884245 0.467896 -0.966585
v 0.884245 0.523506 -0.890458
v 0.884262 0.377941 -0.915429
v 0.884245 0.377494 -1.005903
v 0.884245 0.467896 -0.966585
v 0.970938 0.361033 -0.893354
v 0.970950 0.318845 -0.885027
v 0.884255 0.317917 -0.911007
v 0.884262 0.377941 -0.915429
v 0.970964 0.423812 -0.833990
v 0.970952 0.404724 -0.776988
v 0.970963 0.355988 -0.754863
v 0.970977 0.298814 -0.779270
v 0.970952 0.285730 -0.842950
v 0.970950 0.318845 -0.885027
v 0.970938 0.361033 -0.893354
v 0.970938 0.395783 -0.879669
v 0.884252 0.426118 -0.883132
v 0.970964 0.423812 -0.833990
v 0.970938 0.395783 -0.879669
v 0.884269 0.433704 -0.774880
v 0.884251 0.389162 -0.739006
v 0.970952 0.404724 -0.776988
v 0.970977 0.298814 -0.779270
v 0.970963 0.355988 -0.754863
v 0.884255 0.341459 -0.732189
v 0.884264 0.287265 -0.758373
v 0.884253 0.446208 -0.836938
v 0.884269 0.433704 -0.774880
v 0.970964 0.423812 -0.833990
v 0.598307 0.267984 0.202790
v 0.598307 0.353645 0.191512
v 1.000730 0.353645 0.191512
v 1.000730 0.267984 0.202789
v 0.884252 0.278497 -0.879646
v 0.970950 0.318845 -0.885027
v 0.970952 0.285730 -0.842950
v 0.598307 0.188160 0.235854
v 0.598307 0.267984 0.202790
v 1.000730 0.267984 0.202789
v 1.000730 0.188160 0.235853
v 0.598307 0.119614 0.288451
v 0.598307 0.188160 0.235854
v 1.000730 0.188160 0.235853
v 1.000731 0.119614 0.288451
v 0.598307 0.067017 0.356997
v 0.598307 0.119614 0.288451
v 1.000731 0.119614 0.288451
v 1.000731 0.067017 0.356997
v 0.598307 0.033953 0.436820
v 0.598307 0.067017 0.356997
v 1.000731 0.067017 0.356997
v 1.000731 0.033953 0.436820
v 0.598307 0.022676 0.522481
v 0.598307 0.033953 0.436820
v 1.000731 0.033953 0.436820
v 1.000731 0.022676 0.522481
v 0.598307 0.033953 0.608143
v 0.598307 0.022676 0.522481
v 1.000731 0.022676 0.522481
v 1.000731 0.033953 0.608142
v 0.598307 0.067017 0.687966
v 0.598307 0.033953 0.608143
v 1.000731 0.033953 0.608142
v 1.000731 0.067017 0.687966
v 0.598308 0.119614 0.756512
v 0.598307 0.067017 0.687966
v 1.000731 0.067017 0.687966
v 1.000731 0.151185 0.786332
v 1.000731 0.267984 0.842173
v 0.598308 0.310234 0.852213
v 0.598308 0.188160 0.809109
v 1.000731 0.151185 0.786332
v 0.598308 0.439306 0.842173
v 0.598308 0.310234 0.852213
v 1.000731 0.353645 0.853450
v 1.000731 0.439306 0.842173
v 1.000731 0.267984 0.842173
v 1.000731 0.353645 0.853450
v 0.598308 0.310234 0.852213
v 0.598308 0.519129 0.809109
v 0.598308 0.439306 0.842173
v 1.000731 0.439306 0.842173
v 1.000731 0.519129 0.809109
v 0.598307 0.587675 0.756512
v 0.598308 0.519129 0.809109
v 1.000731 0.519129 0.809109
v 1.000731 0.587675 0.756512
v 0.598307 0.640272 0.687966
v 0.598307 0.587675 0.756512
v 1.000731 0.587675 0.756512
v 1.000731 0.640272 0.687966
v 0.598307 0.673336 0.608143
v 0.598307 0.640272 0.687966
v 1.000731 0.640272 0.687966
v 1.000731 0.673336 0.608142
v 0.598307 0.684614 0.522481
v 0.598307 0.673336 0.608143
v 1.000731 0.673336 0.608142
v 1.000731 0.684614 0.522481
v 0.598307 0.673336 0.436820
v 0.598307 0.684614 0.522481
v 1.000731 0.684614 0.522481
v 1.000731 0.673337 0.436820
v 1.000731 0.640273 0.356997
v 0.598307 0.617496 0.320021
v 0.598307 0.673336 0.436820
v 1.000731 0.673337 0.436820
v 0.598307 0.519130 0.235854
v 0.598307 0.617496 0.320021
v 1.000731 0.587676 0.288451
v 1.000730 0.519130 0.235853
v 1.000731 0.640273 0.356997
v 1.000731 0.587676 0.288451
v 0.598307 0.617496 0.320021
v 0.598307 0.439306 0.202790
v 0.598307 0.519130 0.235854
v 1.000730 0.519130 0.235853
v 1.000730 0.439306 0.202789
v 1.000731 0.172566 0.502978
v 0.884246 0.187074 0.448832
v 0.884246 0.172566 0.541984
v 1.000730 0.353645 0.191512
v 0.598307 0.353645 0.191512
v 0.598307 0.439306 0.202790
v 1.000730 0.439306 0.202789
v 1.000730 0.267984 0.202789
v 1.000730 0.353645 0.191512
v 1.000731 0.377494 0.341330
v 1.000731 0.279996 0.355911
v 0.598307 0.439306 0.202790
v 0.598307 0.353645 0.191512
v 0.598307 0.267984 0.202790
v 0.598307 0.188160 0.235854
v 0.598307 0.119614 0.288451
v 0.598307 0.067017 0.356997
v 0.598307 0.033953 0.436820
v 0.598307 0.022676 0.522481
v 0.598307 0.033953 0.608143
v 0.598307 0.067017 0.687966
v 0.598308 0.119614 0.756512
v 0.598308 0.188160 0.809109
v 0.598308 0.310234 0.852213
v 0.598308 0.439306 0.842173
v 0.598308 0.519129 0.809109
v 0.598307 0.587675 0.756512
v 0.598307 0.640272 0.687966
v 0.598307 0.673336 0.608143
v 0.598307 0.684614 0.522481
v 0.598307 0.673336 0.436820
v 0.598307 0.617496 0.320021
v 0.598307 0.519130 0.235854
v 1.000730 0.188160 0.235853
v 1.000731 0.279996 0.355911
v 1.000731 0.206577 0.415052
v 1.000731 0.119614 0.288451
v 1.000731 0.279996 0.355911
v 1.000730 0.188160 0.235853
v 1.000730 0.267984 0.202789
v 1.000731 0.033953 0.436820
v 1.000731 0.067017 0.356997
v 1.000731 0.206577 0.415052
v 1.000731 0.172566 0.502978
v 1.000731 0.206577 0.415052
v 1.000731 0.067017 0.356997
v 1.000731 0.119614 0.288451
v 1.000731 0.033953 0.608142
v 1.000731 0.022676 0.522481
v 1.000731 0.172566 0.502978
v 1.000731 0.179048 0.569264
v 1.000731 0.172566 0.502978
v 1.000731 0.022676 0.522481
v 1.000731 0.033953 0.436820
v 1.000731 0.033953 0.608142
v 1.000731 0.179048 0.569264
v 1.000731 0.211812 0.636732
v 1.000731 0.067017 0.687966
v 1.000731 0.267984 0.842173
v 1.000731 0.287939 0.692342
v 1.000731 0.353645 0.703237
v 1.000731 0.353645 0.853450
v 1.000731 0.211812 0.636732
v 1.000731 0.151185 0.786332
v 1.000731 0.067017 0.687966
v 1.000731 0.439306 0.842173
v 1.000731 0.353645 0.853450
v 1.000731 0.353645 0.703237
v 1.000731 0.423153 0.690289
v 1.000731 0.519129 0.809109
v 1.000731 0.423153 0.690289
v 1.000731 0.498602 0.633711
v 1.000731 0.587675 0.756512
v 1.000731 0.423153 0.690289
v 1.000731 0.519129 0.809109
v 1.000731 0.439306 0.842173
v 1.000731 0.673336 0.608142
v 1.000731 0.640272 0.687966
v 1.000731 0.498602 0.633711
v 1.000731 0.534724 0.541984
v 1.000731 0.498602 0.633711
v 1.000731 0.640272 0.687966
v 1.000731 0.587675 0.756512
v 1.000731 0.673337 0.436820
v 1.000731 0.684614 0.522481
v 1.000731 0.534724 0.541984
v 1.000731 0.520215 0.448832
v 1.000731 0.534724 0.541984
v 1.000731 0.684614 0.522481
v 1.000731 0.673336 0.608142
v 1.000731 0.587676 0.288451
v 1.000731 0.640273 0.356997
v 1.000731 0.520215 0.448832
v 1.000731 0.464217 0.378381
v 1.000731 0.520215 0.448832
v 1.000731 0.640273 0.356997
v 1.000731 0.673337 0.436820
v 1.000730 0.439306 0.202789
v 1.000730 0.519130 0.235853
v 1.000731 0.464217 0.378381
v 1.000731 0.377494 0.341330
v 1.000731 0.464217 0.378381
v 1.000730 0.519130 0.235853
v 1.000731 0.587676 0.288451
v 0.884246 0.464874 0.377524
v 1.000731 0.464217 0.378381
v 1.000731 0.520215 0.448832
v 0.884246 0.523506 0.456776
v 1.000731 0.377494 0.341330
v 1.000730 0.353645 0.191512
v 1.000730 0.439306 0.202789
v 0.884247 0.444023 0.679020
v 0.884246 0.497745 0.633053
v 1.000731 0.498602 0.633711
v 1.000731 0.423153 0.690289
v 1.000731 0.423153 0.690289
v 0.884247 0.373148 0.703560
v 0.884247 0.444023 0.679020
v 0.884247 0.206578 0.629911
v 1.000731 0.211812 0.636732
v 1.000731 0.179048 0.569264
v 0.884246 0.172566 0.541984
v 0.884246 0.464874 0.377524
v 0.884246 0.377353 0.342401
v 1.000731 0.377494 0.341330
v 1.000731 0.464217 0.378381
v 0.884246 0.306862 0.347884
v 1.000731 0.279996 0.355911
v 1.000731 0.377494 0.341330
v 0.884246 0.377353 0.342401
v 0.884246 0.533602 0.550509
v 1.000731 0.534724 0.541984
v 1.000731 0.498602 0.633711
v 0.884246 0.497745 0.633053
v 0.884247 0.279996 0.689052
v 1.000731 0.287939 0.692342
v 1.000731 0.211812 0.636732
v 0.884247 0.206578 0.629911
v 0.884246 0.523506 0.456776
v 1.000731 0.520215 0.448832
v 1.000731 0.534724 0.541984
v 0.884246 0.533602 0.550509
v 1.000731 0.206577 0.415052
v 0.884246 0.243073 0.378381
v 0.884246 0.187074 0.448832
v 0.884247 0.373148 0.703560
v 1.000731 0.353645 0.703237
v 1.000731 0.287939 0.692342
v 0.884247 0.279996 0.689052
v 0.884246 0.243073 0.378381
v 0.884246 0.288334 0.457170
v 0.884263 0.262968 0.498184
v 0.884246 0.187074 0.448832
v 0.884270 0.332299 0.430605
v 0.884246 0.243073 0.378381
v 0.884246 0.306862 0.347884
v 0.884247 0.279996 0.689052
v 0.884273 0.309247 0.605701
v 0.884252 0.367967 0.614435
v 0.884247 0.373148 0.703560
v 0.884263 0.262968 0.498184
v 0.884246 0.172566 0.541984
v 0.884246 0.187074 0.448832
v 0.884263 0.262968 0.498184
v 0.884254 0.267390 0.558209
v 0.884246 0.172566 0.541984
v 0.884254 0.267390 0.558209
v 0.884273 0.309247 0.605701
v 0.884247 0.206578 0.629911
v 0.884247 0.444023 0.679020
v 0.884247 0.373148 0.703560
v 0.884252 0.367967 0.614435
v 0.884252 0.410145 0.596113
v 0.884246 0.523506 0.456776
v 0.884270 0.445521 0.501136
v 0.884270 0.403517 0.442422
v 0.884246 0.464874 0.377524
v 0.884252 0.410145 0.596113
v 0.884246 0.497745 0.633053
v 0.884247 0.444023 0.679020
v 0.884252 0.410145 0.596113
v 0.884254 0.438758 0.560114
v 0.884246 0.497745 0.633053
v 0.970978 0.286841 0.497738
v 0.970987 0.298816 0.567962
v 0.884254 0.267390 0.558209
v 0.884263 0.262968 0.498184
v 0.970968 0.362883 0.592648
v 0.970987 0.298816 0.567962
v 0.970978 0.286841 0.497738
v 0.970950 0.333291 0.455576
v 0.970939 0.380135 0.458530
v 0.970968 0.419030 0.495398
v 0.970973 0.414531 0.557634
v 0.884270 0.403517 0.442422
v 0.884270 0.445521 0.501136
v 0.970968 0.419030 0.495398
v 0.970939 0.380135 0.458530
v 0.970950 0.333291 0.455576
v 0.884270 0.332299 0.430605
v 0.884270 0.403517 0.442422
v 0.884270 0.403517 0.442422
v 0.970968 0.419030 0.495398
v 0.970939 0.380135 0.458530
v 0.884252 0.410145 0.596113
v 0.970968 0.362883 0.592648
v 0.970973 0.414531 0.557634
v 0.884254 0.438758 0.560114
v 0.884252 0.410145 0.596113
v 0.970973 0.414531 0.557634
v 0.970950 0.333291 0.455576
v 0.970978 0.286841 0.497738
v 0.884246 0.288334 0.457170
v 0.884270 0.332299 0.430605
v 0.970973 0.414531 0.557634
v 0.970968 0.419030 0.495398
v 0.884270 0.445521 0.501136
v 0.884254 0.438758 0.560114
v 0.598307 0.267984 -0.470827
v 0.598307 0.353645 -0.482105
v 1.000730 0.353645 -0.482105
v 1.000730 0.267984 -0.470827
v 0.598307 0.188160 -0.437763
v 0.598307 0.267984 -0.470827
v 1.000730 0.267984 -0.470827
v 1.000730 0.188160 -0.437763
v 0.598307 0.119614 -0.385166
v 0.598307 0.188160 -0.437763
v 1.000730 0.188160 -0.437763
v 1.000730 0.119614 -0.385166
v 0.598307 0.067017 -0.316620
v 0.598307 0.119614 -0.385166
v 1.000730 0.119614 -0.385166
v 1.000730 0.067017 -0.316620
v 0.598307 0.033953 -0.236797
v 0.598307 0.067017 -0.316620
v 1.000730 0.067017 -0.316620
v 1.000730 0.033953 -0.236797
v 0.598307 0.022675 -0.151135
v 0.598307 0.033953 -0.236797
v 1.000730 0.033953 -0.236797
v 1.000730 0.022676 -0.151136
v 0.598307 0.033953 -0.065474
v 0.598307 0.022675 -0.151135
v 1.000730 0.022676 -0.151136
v 1.000730 0.033953 -0.065475
v 0.598307 0.067017 0.014349
v 0.598307 0.033953 -0.065474
v 1.000730 0.033953 -0.065475
v 1.000730 0.089794 0.051324
v 1.000730 0.188160 0.135492
v 0.598307 0.188160 0.135492
v 0.598307 0.119614 0.082895
v 1.000730 0.089794 0.051324
v 0.598307 0.267984 0.168556
v 0.598307 0.188160 0.135492
v 1.000730 0.188160 0.135492
v 1.000730 0.267984 0.168556
v 1.000730 0.353645 0.179833
v 0.598307 0.353645 0.179834
v 0.598307 0.267984 0.168556
v 1.000730 0.267984 0.168556
v 0.598307 0.439306 0.168556
v 0.598307 0.353645 0.179834
v 1.000730 0.353645 0.179833
v 1.000730 0.480916 0.156125
v 1.000730 0.587675 0.082895
v 0.598307 0.587675 0.082895
v 0.598307 0.519129 0.135492
v 1.000730 0.480916 0.156125
v 0.598307 0.640272 0.014349
v 0.598307 0.587675 0.082895
v 1.000730 0.587675 0.082895
v 1.000730 0.640272 0.014349
v 0.598307 0.673336 -0.065474
v 0.598307 0.640272 0.014349
v 1.000730 0.640272 0.014349
v 1.000730 0.673336 -0.065475
v 0.598307 0.684614 -0.151135
v 0.598307 0.673336 -0.065474
v 1.000730 0.673336 -0.065475
v 1.000730 0.684614 -0.151136
v 0.598307 0.673336 -0.236796
v 0.598307 0.684614 -0.151135
v 1.000730 0.684614 -0.151136
v 1.000730 0.673336 -0.236797
v 0.598307 0.640272 -0.316620
v 0.598307 0.673336 -0.236796
v 1.000730 0.673336 -0.236797
v 1.000730 0.640272 -0.316620
v 0.598307 0.587675 -0.385166
v 0.598307 0.640272 -0.316620
v 1.000730 0.640272 -0.316620
v 1.000730 0.587675 -0.385166
v 0.598307 0.519129 -0.437763
v 0.598307 0.587675 -0.385166
v 1.000730 0.587675 -0.385166
v 1.000730 0.519129 -0.437763
v 0.598307 0.439306 -0.470827
v 0.598307 0.519129 -0.437763
v 1.000730 0.519129 -0.437763
v 1.000730 0.439306 -0.470827
v 1.000730 0.172566 -0.170639
v 0.884246 0.179048 -0.197919
v 0.884246 0.172566 -0.131633
v 1.000730 0.353645 -0.482105
v 0.598307 0.353645 -0.482105
v 0.598307 0.439306 -0.470827
v 1.000730 0.439306 -0.470827
v 1.000730 0.267984 -0.470827
v 1.000730 0.353645 -0.482105
v 1.000730 0.377494 -0.332287
v 1.000730 0.284137 -0.318943
v 0.598307 0.267984 0.168556
v 0.598307 0.353645 0.179834
v 0.598307 0.439306 0.168556
v 0.598307 0.519129 0.135492
v 0.598307 0.587675 0.082895
v 0.598307 0.640272 0.014349
v 0.598307 0.673336 -0.065474
v 0.598307 0.684614 -0.151135
v 0.598307 0.673336 -0.236796
v 0.598307 0.640272 -0.316620
v 0.598307 0.587675 -0.385166
v 0.598307 0.519129 -0.437763
v 0.598307 0.439306 -0.470827
v 0.598307 0.353645 -0.482105
v 0.598307 0.267984 -0.470827
v 0.598307 0.188160 -0.437763
v 0.598307 0.119614 -0.385166
v 0.598307 0.067017 -0.316620
v 0.598307 0.033953 -0.236797
v 0.598307 0.022675 -0.151135
v 0.598307 0.033953 -0.065474
v 0.598307 0.067017 0.014349
v 0.598307 0.119614 0.082895
v 0.598307 0.188160 0.135492
v 1.000730 0.188160 -0.437763
v 1.000730 0.284137 -0.318943
v 1.000730 0.208688 -0.262365
v 1.000730 0.119614 -0.385166
v 1.000730 0.033953 -0.236797
v 1.000730 0.067017 -0.316620
v 1.000730 0.208688 -0.262365
v 1.000730 0.172566 -0.170639
v 1.000730 0.208688 -0.262365
v 1.000730 0.067017 -0.316620
v 1.000730 0.119614 -0.385166
v 1.000730 0.033953 -0.065475
v 1.000730 0.022676 -0.151136
v 1.000730 0.172566 -0.170639
v 1.000730 0.187074 -0.077486
v 1.000730 0.172566 -0.170639
v 1.000730 0.022676 -0.151136
v 1.000730 0.033953 -0.236797
v 1.000730 0.188160 0.135492
v 1.000730 0.246215 -0.004069
v 1.000730 0.334141 0.029943
v 1.000730 0.267984 0.168556
v 1.000730 0.187074 -0.077486
v 1.000730 0.089794 0.051324
v 1.000730 0.033953 -0.065475
v 1.000730 0.353645 0.179833
v 1.000730 0.334141 0.029943
v 1.000730 0.423153 0.016672
v 1.000730 0.480916 0.156125
v 1.000730 0.587675 0.082895
v 1.000730 0.480916 0.156125
v 1.000730 0.423153 0.016672
v 1.000730 0.498602 -0.039907
v 1.000730 0.640272 0.014349
v 1.000730 0.498602 -0.039907
v 1.000730 0.534724 -0.131633
v 1.000730 0.673336 -0.065475
v 1.000730 0.498602 -0.039907
v 1.000730 0.640272 0.014349
v 1.000730 0.587675 0.082895
v 1.000730 0.673336 -0.236797
v 1.000730 0.684614 -0.151136
v 1.000730 0.534724 -0.131633
v 1.000730 0.520215 -0.224785
v 1.000730 0.534724 -0.131633
v 1.000730 0.684614 -0.151136
v 1.000730 0.673336 -0.065475
v 1.000730 0.587675 -0.385166
v 1.000730 0.640272 -0.316620
v 1.000730 0.520215 -0.224785
v 1.000730 0.464216 -0.295236
v 1.000730 0.520215 -0.224785
v 1.000730 0.640272 -0.316620
v 1.000730 0.673336 -0.236797
v 1.000730 0.519129 -0.437763
v 1.000730 0.464216 -0.295236
v 1.000730 0.377494 -0.332287
v 1.000730 0.439306 -0.470827
v 1.000730 0.464216 -0.295236
v 1.000730 0.519129 -0.437763
v 1.000730 0.587675 -0.385166
v 0.884246 0.423566 0.017670
v 0.884246 0.497745 -0.040564
v 1.000730 0.498602 -0.039907
v 1.000730 0.423153 0.016672
v 1.000730 0.377494 -0.332287
v 1.000730 0.353645 -0.482105
v 1.000730 0.439306 -0.470827
v 0.884269 0.259375 -0.154297
v 0.884251 0.280013 -0.207635
v 0.970964 0.294290 -0.188110
v 1.000730 0.464216 -0.295236
v 0.884246 0.500712 -0.258565
v 0.884246 0.423567 -0.319941
v 0.884246 0.239393 -0.009303
v 1.000730 0.246215 -0.004069
v 1.000730 0.187074 -0.077486
v 0.884246 0.197106 -0.060758
v 1.000730 0.187074 -0.077486
v 0.884246 0.172566 -0.131633
v 0.884246 0.197106 -0.060758
v 1.000730 0.377494 -0.332287
v 1.000730 0.464216 -0.295236
v 0.884246 0.423567 -0.319941
v 0.884246 0.528241 -0.104353
v 1.000730 0.534724 -0.131633
v 1.000730 0.498602 -0.039907
v 0.884246 0.497745 -0.040564
v 1.000730 0.284137 -0.318943
v 0.884246 0.329937 -0.331216
v 0.884246 0.263267 -0.307675
v 0.884246 0.263267 -0.307675
v 0.884246 0.209545 -0.261707
v 1.000730 0.208688 -0.262365
v 1.000730 0.284137 -0.318943
v 0.884246 0.325616 0.028821
v 1.000730 0.334141 0.029943
v 1.000730 0.246215 -0.004069
v 0.884246 0.239393 -0.009303
v 1.000730 0.534724 -0.131633
v 0.884246 0.528241 -0.104353
v 0.884246 0.534724 -0.170639
v 0.884246 0.179048 -0.197919
v 1.000730 0.172566 -0.170639
v 1.000730 0.208688 -0.262365
v 0.884246 0.209545 -0.261707
v 0.884246 0.423566 0.017670
v 1.000730 0.423153 0.016672
v 1.000730 0.334141 0.029943
v 0.884246 0.325616 0.028821
v 1.000730 0.520215 -0.224785
v 0.884246 0.534724 -0.170639
v 0.884246 0.500712 -0.258565
v 0.884246 0.263267 -0.307675
v 0.884252 0.316012 -0.236249
v 0.884251 0.280013 -0.207635
v 0.884246 0.209545 -0.261707
v 0.884252 0.316012 -0.236249
v 0.884246 0.263267 -0.307675
v 0.884246 0.329937 -0.331216
v 0.884246 0.209545 -0.261707
v 0.884251 0.280013 -0.207635
v 0.884269 0.259375 -0.154297
v 0.884246 0.179048 -0.197919
v 0.884246 0.172566 -0.131633
v 0.884269 0.259375 -0.154297
v 0.884269 0.284751 -0.086712
v 0.884246 0.197106 -0.060758
v 0.884269 0.259375 -0.154297
v 0.884246 0.172566 -0.131633
v 0.884246 0.179048 -0.197919
v 0.884246 0.239393 -0.009303
v 0.884269 0.284751 -0.086712
v 0.884267 0.350484 -0.056865
v 0.884246 0.325616 0.028821
v 0.884269 0.284751 -0.086712
v 0.884246 0.239393 -0.009303
v 0.884246 0.197106 -0.060758
v 0.970941 0.395783 -0.206052
v 0.970943 0.420875 -0.169150
v 0.971000 0.411763 -0.109949
v 0.970964 0.355988 -0.081246
v 0.970945 0.305879 -0.100056
v 0.970937 0.285016 -0.142101
v 0.970964 0.294290 -0.188110
v 0.970965 0.344407 -0.221303
v 0.884267 0.350484 -0.056865
v 0.884246 0.423566 0.017670
v 0.884246 0.325616 0.028821
v 0.884267 0.350484 -0.056865
v 0.884254 0.408539 -0.075988
v 0.884246 0.423566 0.017670
v 0.884254 0.408539 -0.075988
v 0.884246 0.497745 -0.040564
v 0.884246 0.423566 0.017670
v 0.884267 0.443885 -0.123684
v 0.884246 0.534724 -0.170639
v 0.884246 0.528241 -0.104353
v 0.884267 0.443885 -0.123684
v 0.884255 0.439900 -0.186864
v 0.884246 0.534724 -0.170639
v 0.884255 0.439900 -0.186864
v 0.884246 0.500712 -0.258565
v 0.884246 0.534724 -0.170639
v 0.884250 0.410144 -0.224768
v 0.884246 0.423567 -0.319941
v 0.884246 0.500712 -0.258565
v 0.884250 0.410144 -0.224768
v 0.884255 0.365831 -0.243699
v 0.884246 0.423567 -0.319941
v 0.884255 0.365831 -0.243699
v 0.884246 0.329937 -0.331216
v 0.884246 0.423567 -0.319941
v 0.970941 0.395783 -0.206052
v 0.884250 0.410144 -0.224768
v 0.884255 0.439900 -0.186864
v 0.970943 0.420875 -0.169150
v 0.884269 0.259375 -0.154297
v 0.970964 0.294290 -0.188110
v 0.970937 0.285016 -0.142101
v 0.970964 0.355988 -0.081246
v 0.971000 0.411763 -0.109949
v 0.884254 0.408539 -0.075988
v 0.884267 0.350484 -0.056865
v 0.970937 0.285016 -0.142101
v 0.970945 0.305879 -0.100056
v 0.884269 0.284751 -0.086712
v 0.884269 0.259375 -0.154297
v 0.970941 0.395783 -0.206052
v 0.970965 0.344407 -0.221303
v 0.884255 0.365831 -0.243699
v 0.884250 0.410144 -0.224768
v 0.970964 0.294290 -0.188110
v 0.884251 0.280013 -0.207635
v 0.884252 0.316012 -0.236249
v 0.970965 0.344407 -0.221303
v 0.884267 0.443885 -0.123684
v 0.884254 0.408539 -0.075988
v 0.971000 0.411763 -0.109949
v 0.970945 0.305879 -0.100056
v 0.970964 0.355988 -0.081246
v 0.884267 0.350484 -0.056865
v 0.884269 0.284751 -0.086712
v -1.000735 0.353645 -1.155720
v -0.598311 0.353645 -1.155721
v -0.598311 0.267983 -1.144443
v -1.000735 0.267983 -1.144443
v 0.884255 0.439900 -0.186864
v 0.884267 0.443885 -0.123684
v 0.970943 0.420875 -0.169150
v -1.000735 0.267983 -1.144443
v -0.598311 0.267983 -1.144443
v -0.598311 0.188160 -1.111379
v -1.000735 0.188160 -1.111379
v -1.000735 0.188160 -1.111379
v -0.598311 0.188160 -1.111379
v -0.598311 0.119614 -1.058782
v -1.000735 0.119614 -1.058782
v -1.000735 0.119614 -1.058782
v -0.598311 0.119614 -1.058782
v -0.598311 0.067017 -0.990236
v -1.000735 0.067017 -0.990236
v -1.000735 0.067017 -0.990236
v -0.598311 0.067017 -0.990236
v -0.598311 0.033953 -0.910412
v -1.000735 0.033953 -0.910412
v -1.000735 0.033953 -0.910412
v -0.598311 0.033953 -0.910412
v -0.598311 0.022675 -0.824751
v -1.000735 0.022675 -0.824751
v -1.000735 0.022675 -0.824751
v -0.598311 0.022675 -0.824751
v -0.598311 0.033953 -0.739090
v -1.000735 0.033953 -0.739090
v -1.000735 0.033953 -0.739090
v -0.598311 0.033953 -0.739090
v -0.598311 0.067017 -0.659267
v -1.000735 0.067017 -0.659266
v -1.000735 0.067017 -0.659266
v -0.598311 0.067017 -0.659267
v -0.598311 0.119614 -0.590721
v -1.000735 0.119614 -0.590720
v -1.000735 0.119614 -0.590720
v -0.598311 0.119614 -0.590721
v -0.598311 0.188160 -0.538123
v -1.000734 0.226373 -0.517490
v -1.000734 0.353645 -0.493782
v -1.000734 0.226373 -0.517490
v -0.598311 0.267983 -0.505060
v -0.598311 0.353645 -0.493782
v -1.000734 0.439306 -0.505059
v -1.000734 0.353645 -0.493782
v -0.598311 0.353645 -0.493782
v -0.598311 0.480916 -0.517491
v -1.000734 0.519129 -0.538123
v -0.598311 0.480916 -0.517491
v -0.598311 0.587675 -0.590720
v -1.000735 0.587675 -0.590720
v -0.598311 0.480916 -0.517491
v -1.000734 0.519129 -0.538123
v -1.000734 0.439306 -0.505059
v -1.000735 0.587675 -0.590720
v -0.598311 0.587675 -0.590720
v -0.598311 0.640272 -0.659267
v -1.000735 0.640272 -0.659266
v -1.000735 0.640272 -0.659266
v -0.598311 0.640272 -0.659267
v -0.598311 0.673336 -0.739090
v -1.000735 0.673336 -0.739090
v -1.000735 0.673336 -0.739090
v -0.598311 0.673336 -0.739090
v -0.598311 0.684614 -0.824751
v -1.000735 0.684614 -0.824751
v -1.000735 0.684614 -0.824751
v -0.598311 0.684614 -0.824751
v -0.598311 0.673336 -0.910412
v -1.000735 0.673336 -0.910412
v -1.000735 0.673336 -0.910412
v -0.598311 0.673336 -0.910412
v -0.598311 0.640272 -0.990236
v -1.000735 0.640272 -0.990235
v -1.000735 0.640272 -0.990235
v -0.598311 0.640272 -0.990236
v -0.598311 0.587675 -1.058782
v -1.000735 0.587675 -1.058782
v -1.000735 0.587675 -1.058782
v -0.598311 0.587675 -1.058782
v -0.598311 0.519129 -1.111379
v -1.000735 0.519129 -1.111379
v -1.000735 0.519129 -1.111379
v -0.598311 0.519129 -1.111379
v -0.598311 0.439306 -1.144443
v -1.000735 0.439306 -1.144443
v -1.000735 0.439306 -1.144443
v -0.598311 0.439306 -1.144443
v -0.598311 0.353645 -1.155721
v -1.000735 0.353645 -1.155720
v -0.598311 0.267983 -1.144443
v -0.598311 0.353645 -1.155721
v -0.598311 0.439306 -1.144443
v -0.598311 0.519129 -1.111379
v -0.598311 0.587675 -1.058782
v -0.598311 0.640272 -0.990236
v -0.598311 0.673336 -0.910412
v -0.598311 0.684614 -0.824751
v -0.598311 0.673336 -0.739090
v -0.598311 0.640272 -0.659267
v -0.598311 0.587675 -0.590720
v -0.598311 0.480916 -0.517491
v -0.598311 0.353645 -0.493782
v -0.598311 0.267983 -0.505060
v -0.598311 0.188160 -0.538123
v -0.598311 0.119614 -0.590721
v -0.598311 0.067017 -0.659267
v -0.598311 0.033953 -0.739090
v -0.598311 0.022675 -0.824751
v -0.598311 0.033953 -0.910412
v -0.598311 0.067017 -0.990236
v -0.598311 0.119614 -1.058782
v -0.598311 0.188160 -1.111379
v -1.000735 0.188160 -1.111379
v -1.000735 0.263267 -0.981290
v -1.000735 0.325616 -1.004708
v -1.000735 0.267983 -1.144443
v -1.000735 0.353645 -1.155720
v -1.000735 0.267983 -1.144443
v -1.000735 0.325616 -1.004708
v -1.000735 0.206577 -0.932181
v -1.000735 0.263267 -0.981290
v -1.000735 0.188160 -1.111379
v -1.000735 0.119614 -1.058782
v -1.000735 0.033953 -0.910412
v -1.000735 0.179048 -0.871534
v -1.000735 0.206577 -0.932181
v -1.000735 0.067017 -0.990236
v -1.000735 0.206577 -0.932181
v -1.000735 0.119614 -1.058782
v -1.000735 0.067017 -0.990236
v -1.000735 0.173688 -0.796723
v -1.000735 0.179048 -0.871534
v -1.000735 0.033953 -0.910412
v -1.000735 0.022675 -0.824751
v -1.000735 0.067017 -0.659266
v -1.000735 0.211812 -0.710500
v -1.000735 0.173688 -0.796723
v -1.000735 0.033953 -0.739090
v -1.000735 0.173688 -0.796723
v -1.000735 0.022675 -0.824751
v -1.000735 0.033953 -0.739090
v -1.000735 0.263267 -0.668212
v -1.000735 0.211812 -0.710500
v -1.000735 0.119614 -0.590720
v -1.000734 0.226373 -0.517490
v -1.000735 0.067017 -0.659266
v -1.000735 0.119614 -0.590720
v -1.000735 0.211812 -0.710500
v -1.000735 0.400428 -0.650154
v -1.000735 0.334141 -0.643672
v -1.000734 0.353645 -0.493782
v -1.000734 0.439306 -0.505059
v -1.000734 0.226373 -0.517490
v -1.000734 0.353645 -0.493782
v -1.000735 0.334141 -0.643672
v -1.000735 0.467896 -0.682918
v -1.000735 0.400428 -0.650154
v -1.000734 0.439306 -0.505059
v -1.000734 0.519129 -0.538123
v -1.000735 0.640272 -0.659266
v -1.000735 0.523506 -0.759045
v -1.000735 0.467896 -0.682918
v -1.000735 0.587675 -0.590720
v -1.000735 0.467896 -0.682918
v -1.000734 0.519129 -0.538123
v -1.000735 0.587675 -0.590720
v -1.000735 0.533601 -0.852778
v -1.000735 0.523506 -0.759045
v -1.000735 0.673336 -0.739090
v -1.000735 0.684614 -0.824751
v -1.000735 0.523506 -0.759045
v -1.000735 0.640272 -0.659266
v -1.000735 0.673336 -0.739090
v -1.000735 0.495478 -0.939002
v -1.000735 0.533601 -0.852778
v -1.000735 0.673336 -0.910412
v -1.000735 0.640272 -0.990235
v -1.000735 0.533601 -0.852778
v -1.000735 0.684614 -0.824751
v -1.000735 0.673336 -0.910412
v -1.000735 0.419350 -0.994612
v -1.000735 0.495478 -0.939002
v -1.000735 0.587675 -1.058782
v -1.000735 0.519129 -1.111379
v -1.000735 0.640272 -0.990235
v -1.000735 0.587675 -1.058782
v -1.000735 0.495478 -0.939002
v -1.000735 0.353645 -1.155720
v -1.000735 0.325616 -1.004708
v -1.000735 0.419350 -0.994612
v -1.000735 0.439306 -1.144443
v -1.000735 0.519129 -1.111379
v -1.000735 0.439306 -1.144443
v -1.000735 0.419350 -0.994612
v -0.884257 0.278497 -0.879645
v -0.884267 0.259769 -0.824751
v -0.970971 0.283338 -0.824751
v -0.970943 0.299912 -0.868035
v -1.000735 0.400428 -0.650154
v -1.000735 0.467896 -0.682918
v -0.884250 0.461074 -0.677684
v -0.884250 0.400428 -0.650154
v -1.000735 0.495478 -0.939002
v -1.000735 0.419350 -0.994612
v -0.884250 0.444023 -0.981290
v -0.884250 0.500712 -0.932181
v -0.884250 0.179048 -0.777968
v -0.884250 0.173688 -0.852779
v -1.000735 0.173688 -0.796723
v -1.000735 0.173688 -0.796723
v -1.000735 0.211812 -0.710500
v -0.884250 0.206577 -0.717321
v -0.884250 0.179048 -0.777968
v -1.000735 0.467896 -0.682918
v -1.000735 0.523506 -0.759045
v -0.884250 0.520215 -0.751102
v -0.884250 0.461074 -0.677684
v -0.884250 0.381673 -1.004708
v -0.884250 0.444023 -0.981290
v -1.000735 0.419350 -0.994612
v -0.884250 0.287940 -0.994612
v -0.884250 0.381673 -1.004708
v -1.000735 0.325616 -1.004708
v -1.000735 0.211812 -0.710500
v -1.000735 0.263267 -0.668212
v -0.884250 0.263267 -0.668212
v -0.884250 0.206577 -0.717321
v -1.000735 0.263267 -0.981290
v -1.000735 0.206577 -0.932181
v -0.884250 0.211812 -0.939002
v -0.884250 0.287940 -0.994612
v -1.000735 0.523506 -0.759045
v -1.000735 0.533601 -0.852778
v -0.884250 0.534724 -0.844254
v -0.884250 0.520215 -0.751102
v -1.000735 0.263267 -0.668212
v -1.000735 0.334141 -0.643672
v -0.884250 0.325617 -0.644794
v -0.884250 0.263267 -0.668212
v -1.000735 0.206577 -0.932181
v -1.000735 0.179048 -0.871534
v -0.884250 0.173688 -0.852779
v -0.884250 0.211812 -0.939002
v -1.000735 0.533601 -0.852778
v -1.000735 0.495478 -0.939002
v -0.884250 0.500712 -0.932181
v -0.884250 0.534724 -0.844254
v -1.000735 0.334141 -0.643672
v -1.000735 0.400428 -0.650154
v -0.884250 0.400428 -0.650154
v -0.884250 0.325617 -0.644794
v -0.884250 0.287940 -0.994612
v -0.884260 0.317917 -0.911006
v -0.884272 0.381097 -0.914991
v -0.884250 0.381673 -1.004708
v -0.884257 0.278497 -0.879645
v -0.884260 0.317917 -0.911006
v -0.884250 0.287940 -0.994612
v -0.884250 0.211812 -0.939002
v -0.884267 0.259769 -0.824751
v -0.884257 0.278497 -0.879645
v -0.884250 0.211812 -0.939002
v -0.884250 0.173688 -0.852779
v -0.884250 0.206577 -0.717321
v -0.884260 0.279576 -0.767916
v -0.884267 0.259769 -0.824751
v -0.884250 0.179048 -0.777968
v -0.884267 0.259769 -0.824751
v -0.884250 0.173688 -0.852779
v -0.884250 0.179048 -0.777968
v -0.884255 0.318127 -0.739005
v -0.884260 0.279576 -0.767916
v -0.884250 0.206577 -0.717321
v -0.884250 0.263267 -0.668212
v -0.884257 0.412024 -0.752278
v -0.884260 0.365831 -0.732188
v -0.884250 0.400428 -0.650154
v -0.884250 0.461074 -0.677684
v -0.884250 0.263267 -0.668212
v -0.884250 0.325617 -0.644794
v -0.884255 0.318127 -0.739005
v -0.884260 0.365831 -0.732188
v -0.884250 0.325617 -0.644794
v -0.884250 0.400428 -0.650154
v -0.884257 0.440440 -0.791177
v -0.884257 0.412024 -0.752278
v -0.884250 0.461074 -0.677684
v -0.884250 0.520215 -0.751102
v -0.884256 0.445661 -0.836865
v -0.884257 0.440440 -0.791177
v -0.884250 0.520215 -0.751102
v -0.884250 0.534724 -0.844254
v -0.884257 0.428793 -0.879645
v -0.884256 0.445661 -0.836865
v -0.884250 0.534724 -0.844254
v -0.884250 0.500712 -0.932181
v -0.884272 0.381097 -0.914991
v -0.884257 0.428793 -0.879645
v -0.884250 0.500712 -0.932181
v -0.884250 0.444023 -0.981290
v -0.970977 0.423950 -0.824751
v -0.884256 0.445661 -0.836865
v -0.884257 0.428793 -0.879645
v -0.970991 0.394834 -0.882873
v -0.884250 0.444023 -0.981290
v -0.884250 0.381673 -1.004708
v -0.884272 0.381097 -0.914991
v -0.970971 0.283338 -0.824751
v -0.970952 0.305879 -0.773671
v -0.970984 0.362882 -0.754587
v -0.970940 0.407378 -0.781467
v -0.970977 0.423950 -0.824751
v -0.970991 0.394834 -0.882873
v -0.970946 0.335630 -0.891981
v -0.970943 0.299912 -0.868035
v -0.970971 0.283338 -0.824751
v -0.884267 0.259769 -0.824751
v -0.884260 0.279576 -0.767916
v -0.970952 0.305879 -0.773671
v -0.970940 0.407378 -0.781467
v -0.970984 0.362882 -0.754587
v -0.884257 0.412024 -0.752278
v -0.884260 0.317917 -0.911006
v -0.884257 0.278497 -0.879645
v -0.970943 0.299912 -0.868035
v -0.970946 0.335630 -0.891981
v -0.884272 0.381097 -0.914991
v -0.970946 0.335630 -0.891981
v -0.970991 0.394834 -0.882873
v -0.970977 0.423950 -0.824751
v -0.970940 0.407378 -0.781467
v -0.884257 0.440440 -0.791177
v -1.000734 0.353645 0.191513
v -0.598310 0.353645 0.191513
v -0.598310 0.267984 0.202791
v -1.000734 0.226373 0.215222
v -0.884255 0.318127 -0.739005
v -0.970984 0.362882 -0.754587
v -0.970952 0.305879 -0.773671
v -1.000734 0.119614 0.288452
v -1.000734 0.226373 0.215222
v -0.598310 0.188160 0.235855
v -0.598310 0.119614 0.288452
v -0.598310 0.267984 0.202791
v -0.598310 0.188160 0.235855
v -1.000734 0.226373 0.215222
v -1.000734 0.119614 0.288452
v -0.598310 0.119614 0.288452
v -0.598310 0.067017 0.356998
v -1.000734 0.067017 0.356998
v -1.000734 0.067017 0.356998
v -0.598310 0.067017 0.356998
v -0.598310 0.033953 0.436821
v -1.000734 0.033953 0.436822
v -1.000734 0.033953 0.436822
v -0.598310 0.033953 0.436821
v -0.598310 0.022676 0.522482
v -1.000734 0.022676 0.522483
v -1.000734 0.022676 0.522483
v -0.598310 0.022676 0.522482
v -0.598310 0.033953 0.608144
v -1.000734 0.033953 0.608144
v -1.000734 0.033953 0.608144
v -0.598310 0.033953 0.608144
v -0.598310 0.067017 0.687967
v -1.000734 0.067017 0.687967
v -1.000734 0.067017 0.687967
v -0.598310 0.067017 0.687967
v -0.598310 0.119614 0.756513
v -1.000733 0.119614 0.756513
v -1.000733 0.119614 0.756513
v -0.598310 0.119614 0.756513
v -0.598310 0.188160 0.809110
v -1.000733 0.188160 0.809110
v -1.000733 0.188160 0.809110
v -0.598310 0.188160 0.809110
v -0.598310 0.267984 0.842174
v -1.000733 0.267984 0.842174
v -1.000733 0.267984 0.842174
v -0.598310 0.267984 0.842174
v -0.598310 0.353645 0.853451
v -1.000733 0.353645 0.853452
v -1.000733 0.353645 0.853452
v -0.598310 0.353645 0.853451
v -0.598310 0.439306 0.842174
v -1.000733 0.439306 0.842174
v -1.000733 0.439306 0.842174
v -0.598310 0.439306 0.842174
v -0.598310 0.519129 0.809110
v -1.000733 0.519129 0.809110
v -1.000733 0.519129 0.809110
v -0.598310 0.519129 0.809110
v -0.598310 0.587675 0.756513
v -1.000733 0.587675 0.756513
v -1.000733 0.587675 0.756513
v -0.598310 0.587675 0.756513
v -0.598310 0.640272 0.687967
v -1.000734 0.640272 0.687967
v -1.000734 0.640272 0.687967
v -0.598310 0.640272 0.687967
v -0.598310 0.673336 0.608144
v -1.000734 0.673336 0.608144
v -1.000734 0.673336 0.608144
v -0.598310 0.673336 0.608144
v -0.598310 0.684614 0.522482
v -1.000734 0.683376 0.479073
v -1.000734 0.640273 0.356998
v -1.000734 0.683376 0.479073
v -0.598310 0.673336 0.436821
v -0.598310 0.617496 0.320022
v -1.000734 0.587676 0.288452
v -0.598310 0.617496 0.320022
v -0.598310 0.519130 0.235855
v -1.000734 0.480916 0.215222
v -0.598310 0.617496 0.320022
v -1.000734 0.587676 0.288452
v -1.000734 0.640273 0.356998
v -1.000734 0.353645 0.191513
v -1.000734 0.480916 0.215222
v -0.598310 0.439306 0.202791
v -0.598310 0.353645 0.191513
v -0.884249 0.172566 0.541986
v -0.884249 0.187074 0.448833
v -1.000734 0.172566 0.502980
v -1.000734 0.226373 0.215222
v -1.000734 0.279996 0.355912
v -1.000734 0.377494 0.341332
v -1.000734 0.353645 0.191513
v -0.598310 0.673336 0.608144
v -0.598310 0.640272 0.687967
v -0.598310 0.587675 0.756513
v -0.598310 0.519129 0.809110
v -0.598310 0.439306 0.842174
v -0.598310 0.353645 0.853451
v -0.598310 0.267984 0.842174
v -0.598310 0.188160 0.809110
v -0.598310 0.119614 0.756513
v -0.598310 0.067017 0.687967
v -0.598310 0.033953 0.608144
v -0.598310 0.022676 0.522482
v -0.598310 0.033953 0.436821
v -0.598310 0.067017 0.356998
v -0.598310 0.119614 0.288452
v -0.598310 0.188160 0.235855
v -0.598310 0.267984 0.202791
v -0.598310 0.353645 0.191513
v -0.598310 0.439306 0.202791
v -0.598310 0.519130 0.235855
v -0.598310 0.617496 0.320022
v -0.598310 0.673336 0.436821
v -0.598310 0.684614 0.522482
v -1.000734 0.206577 0.415053
v -1.000734 0.279996 0.355912
v -1.000734 0.226373 0.215222
v -1.000734 0.119614 0.288452
v -1.000734 0.033953 0.436822
v -1.000734 0.172566 0.502980
v -1.000734 0.206577 0.415053
v -1.000734 0.067017 0.356998
v -1.000734 0.119614 0.288452
v -1.000734 0.067017 0.356998
v -1.000734 0.206577 0.415053
v -1.000734 0.179048 0.569266
v -1.000734 0.172566 0.502980
v -1.000734 0.022676 0.522483
v -1.000734 0.033953 0.608144
v -1.000734 0.033953 0.436822
v -1.000734 0.022676 0.522483
v -1.000734 0.172566 0.502980
v -1.000734 0.211812 0.636734
v -1.000734 0.179048 0.569266
v -1.000734 0.033953 0.608144
v -1.000734 0.067017 0.687967
v -1.000734 0.287939 0.692343
v -1.000734 0.211812 0.636734
v -1.000733 0.119614 0.756513
v -1.000733 0.188160 0.809110
v -1.000734 0.067017 0.687967
v -1.000733 0.119614 0.756513
v -1.000734 0.211812 0.636734
v -1.000734 0.353645 0.703238
v -1.000734 0.287939 0.692343
v -1.000733 0.267984 0.842174
v -1.000733 0.353645 0.853452
v -1.000734 0.287939 0.692343
v -1.000733 0.188160 0.809110
v -1.000733 0.267984 0.842174
v -1.000733 0.439306 0.842174
v -1.000734 0.423153 0.690290
v -1.000734 0.353645 0.703238
v -1.000733 0.353645 0.853452
v -1.000734 0.498602 0.633712
v -1.000734 0.423153 0.690290
v -1.000733 0.519129 0.809110
v -1.000733 0.587675 0.756513
v -1.000733 0.439306 0.842174
v -1.000733 0.519129 0.809110
v -1.000734 0.423153 0.690290
v -1.000734 0.673336 0.608144
v -1.000734 0.534724 0.541986
v -1.000734 0.498602 0.633712
v -1.000734 0.640272 0.687967
v -1.000733 0.587675 0.756513
v -1.000734 0.640272 0.687967
v -1.000734 0.498602 0.633712
v -1.000734 0.587676 0.288452
v -1.000734 0.464217 0.378383
v -1.000734 0.520215 0.448833
v -1.000734 0.640273 0.356998
v -1.000734 0.673336 0.608144
v -1.000734 0.683376 0.479073
v -1.000734 0.534724 0.541986
v -1.000734 0.683376 0.479073
v -1.000734 0.640273 0.356998
v -1.000734 0.520215 0.448833
v -1.000734 0.520215 0.448833
v -1.000734 0.464217 0.378383
v -0.884249 0.464874 0.377526
v -0.884249 0.523506 0.456777
v -1.000734 0.587676 0.288452
v -1.000734 0.480916 0.215222
v -1.000734 0.464217 0.378383
v -1.000734 0.480916 0.215222
v -1.000734 0.353645 0.191513
v -1.000734 0.377494 0.341332
v -0.884249 0.444023 0.679021
v -1.000734 0.423153 0.690290
v -1.000734 0.498602 0.633712
v -0.884249 0.497745 0.633054
v -0.884249 0.444023 0.679021
v -0.884249 0.373148 0.703561
v -1.000734 0.423153 0.690290
v -1.000734 0.179048 0.569266
v -1.000734 0.211812 0.636734
v -0.884249 0.206578 0.629912
v -0.884249 0.172566 0.541986
v -0.884249 0.464874 0.377526
v -1.000734 0.464217 0.378383
v -1.000734 0.377494 0.341332
v -0.884250 0.377353 0.342403
v -1.000734 0.377494 0.341332
v -1.000734 0.279996 0.355912
v -0.884249 0.306862 0.347886
v -0.884250 0.377353 0.342403
v -1.000734 0.498602 0.633712
v -1.000734 0.534724 0.541986
v -0.884249 0.533602 0.550510
v -0.884249 0.497745 0.633054
v -1.000734 0.279996 0.355912
v -0.884250 0.243073 0.378383
v -0.884249 0.306862 0.347886
v -1.000734 0.211812 0.636734
v -1.000734 0.287939 0.692343
v -0.884249 0.279996 0.689053
v -0.884249 0.206578 0.629912
v -1.000734 0.534724 0.541986
v -1.000734 0.520215 0.448833
v -0.884249 0.523506 0.456777
v -0.884249 0.533602 0.550510
v -0.884249 0.187074 0.448833
v -0.884250 0.243073 0.378383
v -1.000734 0.206577 0.415053
v -1.000734 0.287939 0.692343
v -1.000734 0.353645 0.703238
v -0.884249 0.373148 0.703561
v -0.884249 0.279996 0.689053
v -0.884255 0.261691 0.536804
v -0.884280 0.271518 0.475067
v -0.884249 0.187074 0.448833
v -0.884249 0.172566 0.541986
v -0.884273 0.332299 0.430607
v -0.884250 0.377353 0.342403
v -0.884249 0.306862 0.347886
v -0.884249 0.306862 0.347886
v -0.884250 0.243073 0.378383
v -0.884273 0.332299 0.430607
v -0.884250 0.243073 0.378383
v -0.884249 0.187074 0.448833
v -0.884280 0.271518 0.475067
v -0.884249 0.206578 0.629912
v -0.884255 0.280013 0.578982
v -0.884255 0.261691 0.536804
v -0.884249 0.172566 0.541986
v -0.884249 0.279996 0.689053
v -0.884259 0.317917 0.608737
v -0.884255 0.280013 0.578982
v -0.884249 0.206578 0.629912
v -0.884255 0.367967 0.614436
v -0.884259 0.317917 0.608737
v -0.884249 0.279996 0.689053
v -0.884249 0.373148 0.703561
v -0.884249 0.444023 0.679021
v -0.884256 0.412025 0.594956
v -0.884255 0.367967 0.614436
v -0.884249 0.373148 0.703561
v -0.884249 0.523506 0.456777
v -0.884257 0.440439 0.488909
v -0.884268 0.444321 0.546779
v -0.884249 0.533602 0.550510
v -0.884249 0.444023 0.679021
v -0.884249 0.497745 0.633054
v -0.884256 0.412025 0.594956
v -0.884268 0.444321 0.546779
v -0.884249 0.497745 0.633054
v -0.884249 0.533602 0.550510
v -0.884273 0.403517 0.442423
v -0.884257 0.440439 0.488909
v -0.884249 0.523506 0.456777
v -0.884249 0.464874 0.377526
v -0.884273 0.403517 0.442423
v -0.884249 0.464874 0.377526
v -0.884250 0.377353 0.342403
v -0.884280 0.271518 0.475067
v -0.884255 0.261691 0.536804
v -0.970941 0.285044 0.529871
v -0.970956 0.293370 0.487683
v -0.970990 0.408474 0.567963
v -0.970981 0.420449 0.497739
v -0.970945 0.380135 0.458532
v -0.970951 0.333291 0.455577
v -0.970956 0.293370 0.487683
v -0.970941 0.285044 0.529871
v -0.970939 0.298728 0.564622
v -0.970978 0.344408 0.592647
v -0.884255 0.367967 0.614436
v -0.884256 0.412025 0.594956
v -0.970990 0.408474 0.567963
v -0.970978 0.344408 0.592647
v -0.884255 0.261691 0.536804
v -0.884255 0.280013 0.578982
v -0.970939 0.298728 0.564622
v -0.970941 0.285044 0.529871
v -0.970945 0.380135 0.458532
v -0.970981 0.420449 0.497739
v -0.884273 0.403517 0.442423
v -0.970945 0.380135 0.458532
v -0.884273 0.403517 0.442423
v -0.884273 0.332299 0.430607
v -0.970951 0.333291 0.455577
v -0.970939 0.298728 0.564622
v -0.884255 0.280013 0.578982
v -0.884259 0.317917 0.608737
v -0.970978 0.344408 0.592647
v -0.970951 0.333291 0.455577
v -0.884273 0.332299 0.430607
v -0.884280 0.271518 0.475067
v -0.970956 0.293370 0.487683
v -1.000734 0.353645 -0.482103
v -0.598311 0.353645 -0.482104
v -0.598311 0.267984 -0.470826
v -1.000734 0.267984 -0.470826
v -0.970981 0.420449 0.497739
v -0.970990 0.408474 0.567963
v -0.884268 0.444321 0.546779
v -1.000734 0.188160 -0.437762
v -1.000734 0.267984 -0.470826
v -0.598311 0.267984 -0.470826
v -0.598311 0.151185 -0.414985
v -1.000734 0.119614 -0.385165
v -0.598311 0.151185 -0.414985
v -0.598311 0.067017 -0.316619
v -1.000734 0.046384 -0.278406
v -0.598311 0.151185 -0.414985
v -1.000734 0.119614 -0.385165
v -1.000734 0.188160 -0.437762
v -1.000734 0.022676 -0.151134
v -1.000734 0.046384 -0.278406
v -0.598311 0.033953 -0.236796
v -0.598311 0.022675 -0.151134
v -1.000734 0.022676 -0.151134
v -0.598311 0.022675 -0.151134
v -0.598311 0.033953 -0.065473
v -1.000734 0.033953 -0.065473
v -1.000734 0.033953 -0.065473
v -0.598311 0.033953 -0.065473
v -0.598310 0.067017 0.014350
v -1.000734 0.067017 0.014350
v -1.000734 0.067017 0.014350
v -0.598310 0.067017 0.014350
v -0.598310 0.119614 0.082896
v -1.000734 0.119614 0.082896
v -1.000734 0.119614 0.082896
v -0.598310 0.119614 0.082896
v -0.598310 0.188160 0.135493
v -1.000734 0.188160 0.135493
v -1.000734 0.188160 0.135493
v -0.598310 0.188160 0.135493
v -0.598310 0.267984 0.168557
v -1.000734 0.267984 0.168557
v -1.000734 0.267984 0.168557
v -0.598310 0.267984 0.168557
v -0.598310 0.353645 0.179835
v -1.000734 0.353645 0.179835
v -1.000734 0.353645 0.179835
v -0.598310 0.353645 0.179835
v -0.598310 0.439306 0.168557
v -1.000734 0.439306 0.168557
v -1.000734 0.439306 0.168557
v -0.598310 0.439306 0.168557
v -0.598310 0.519129 0.135493
v -1.000734 0.519129 0.135494
v -1.000734 0.519129 0.135494
v -0.598310 0.519129 0.135493
v -0.598310 0.587675 0.082896
v -1.000734 0.587675 0.082896
v -1.000734 0.587675 0.082896
v -0.598310 0.587675 0.082896
v -0.598310 0.640272 0.014350
v -1.000734 0.640272 0.014350
v -1.000734 0.673336 -0.065473
v -1.000734 0.640272 0.014350
v -0.598310 0.640272 0.014350
v -0.598311 0.683376 -0.107725
v -1.000734 0.684614 -0.151134
v -0.598311 0.683376 -0.107725
v -0.598311 0.673336 -0.236796
v -1.000734 0.673336 -0.236795
v -0.598311 0.683376 -0.107725
v -1.000734 0.684614 -0.151134
v -1.000734 0.673336 -0.065473
v -1.000734 0.673336 -0.236795
v -0.598311 0.673336 -0.236796
v -0.598311 0.640272 -0.316619
v -1.000734 0.640272 -0.316619
v -1.000734 0.640272 -0.316619
v -0.598311 0.640272 -0.316619
v -0.598311 0.587675 -0.385165
v -1.000734 0.587675 -0.385165
v -1.000734 0.587675 -0.385165
v -0.598311 0.587675 -0.385165
v -0.598311 0.519129 -0.437762
v -1.000734 0.519129 -0.437762
v -1.000734 0.519129 -0.437762
v -0.598311 0.519129 -0.437762
v -0.598311 0.439306 -0.470826
v -1.000734 0.439306 -0.470826
v -0.884250 0.172566 -0.131631
v -0.884250 0.179048 -0.197917
v -1.000734 0.172566 -0.170637
v -1.000734 0.353645 -0.482103
v -1.000734 0.439306 -0.470826
v -0.598311 0.439306 -0.470826
v -0.598311 0.353645 -0.482104
v -0.598310 0.439306 0.168557
v -0.598310 0.353645 0.179835
v -0.598310 0.267984 0.168557
v -0.598310 0.188160 0.135493
v -0.598310 0.119614 0.082896
v -0.598310 0.067017 0.014350
v -0.598311 0.033953 -0.065473
v -0.598311 0.022675 -0.151134
v -0.598311 0.033953 -0.236796
v -0.598311 0.067017 -0.316619
v -0.598311 0.151185 -0.414985
v -0.598311 0.267984 -0.470826
v -0.598311 0.353645 -0.482104
v -0.598311 0.439306 -0.470826
v -0.598311 0.519129 -0.437762
v -0.598311 0.587675 -0.385165
v -0.598311 0.640272 -0.316619
v -0.598311 0.673336 -0.236796
v -0.598311 0.683376 -0.107725
v -0.598310 0.640272 0.014350
v -0.598310 0.587675 0.082896
v -0.598310 0.519129 0.135493
v -1.000734 0.267984 -0.470826
v -1.000734 0.284137 -0.318942
v -1.000734 0.377494 -0.332285
v -1.000734 0.353645 -0.482103
v -1.000734 0.208688 -0.262363
v -1.000734 0.284137 -0.318942
v -1.000734 0.188160 -0.437762
v -1.000734 0.119614 -0.385165
v -1.000734 0.284137 -0.318942
v -1.000734 0.267984 -0.470826
v -1.000734 0.188160 -0.437762
v -1.000734 0.033953 -0.065473
v -1.000734 0.187074 -0.077485
v -1.000734 0.172566 -0.170637
v -1.000734 0.022676 -0.151134
v -1.000734 0.119614 -0.385165
v -1.000734 0.046384 -0.278406
v -1.000734 0.208688 -0.262363
v -1.000734 0.046384 -0.278406
v -1.000734 0.022676 -0.151134
v -1.000734 0.172566 -0.170637
v -1.000734 0.246215 -0.004067
v -1.000734 0.187074 -0.077485
v -1.000734 0.067017 0.014350
v -1.000734 0.119614 0.082896
v -1.000734 0.033953 -0.065473
v -1.000734 0.067017 0.014350
v -1.000734 0.187074 -0.077485
v -1.000734 0.334141 0.029945
v -1.000734 0.246215 -0.004067
v -1.000734 0.188160 0.135493
v -1.000734 0.267984 0.168557
v -1.000734 0.246215 -0.004067
v -1.000734 0.119614 0.082896
v -1.000734 0.188160 0.135493
v -1.000734 0.423153 0.016674
v -1.000734 0.334141 0.029945
v -1.000734 0.353645 0.179835
v -1.000734 0.439306 0.168557
v -1.000734 0.334141 0.029945
v -1.000734 0.267984 0.168557
v -1.000734 0.353645 0.179835
v -1.000734 0.587675 0.082896
v -1.000734 0.498602 -0.039905
v -1.000734 0.423153 0.016674
v -1.000734 0.519129 0.135494
v -1.000734 0.423153 0.016674
v -1.000734 0.439306 0.168557
v -1.000734 0.519129 0.135494
v -1.000734 0.534724 -0.131631
v -1.000734 0.498602 -0.039905
v -1.000734 0.640272 0.014350
v -1.000734 0.673336 -0.065473
v -1.000734 0.587675 0.082896
v -1.000734 0.640272 0.014350
v -1.000734 0.498602 -0.039905
v -1.000734 0.673336 -0.236795
v -1.000734 0.520215 -0.224783
v -1.000734 0.534724 -0.131631
v -1.000734 0.684614 -0.151134
v -1.000734 0.673336 -0.065473
v -1.000734 0.684614 -0.151134
v -1.000734 0.534724 -0.131631
v -1.000734 0.587675 -0.385165
v -1.000734 0.464216 -0.295234
v -1.000734 0.520215 -0.224783
v -1.000734 0.640272 -0.316619
v -1.000734 0.673336 -0.236795
v -1.000734 0.640272 -0.316619
v -1.000734 0.520215 -0.224783
v -1.000734 0.377494 -0.332285
v -1.000734 0.464216 -0.295234
v -1.000734 0.519129 -0.437762
v -1.000734 0.439306 -0.470826
v -1.000734 0.587675 -0.385165
v -1.000734 0.519129 -0.437762
v -1.000734 0.464216 -0.295234
v -0.884250 0.423566 0.017672
v -1.000734 0.423153 0.016674
v -1.000734 0.498602 -0.039905
v -0.884250 0.497745 -0.040563
v -1.000734 0.439306 -0.470826
v -1.000734 0.353645 -0.482103
v -1.000734 0.377494 -0.332285
v -0.884250 0.444023 -0.307673
v -0.884250 0.500712 -0.258564
v -1.000734 0.464216 -0.295234
v -0.884250 0.444023 -0.307673
v -1.000734 0.464216 -0.295234
v -1.000734 0.377494 -0.332285
v -0.884250 0.377353 -0.331214
v -0.884250 0.197106 -0.060756
v -0.884250 0.172566 -0.131631
v -1.000734 0.187074 -0.077485
v -1.000734 0.377494 -0.332285
v -1.000734 0.284137 -0.318942
v -0.884250 0.283723 -0.319940
v -0.884250 0.377353 -0.331214
v -1.000734 0.187074 -0.077485
v -1.000734 0.246215 -0.004067
v -0.884250 0.239393 -0.009301
v -0.884250 0.197106 -0.060756
v -1.000734 0.498602 -0.039905
v -1.000734 0.534724 -0.131631
v -0.884250 0.528241 -0.104351
v -0.884250 0.497745 -0.040563
v -0.884250 0.283723 -0.319940
v -1.000734 0.284137 -0.318942
v -1.000734 0.208688 -0.262363
v -0.884250 0.209545 -0.261706
v -1.000734 0.246215 -0.004067
v -1.000734 0.334141 0.029945
v -0.884250 0.325616 0.028822
v -0.884250 0.239393 -0.009301
v -0.884250 0.534724 -0.170637
v -0.884250 0.528241 -0.104351
v -1.000734 0.534724 -0.131631
v -1.000734 0.208688 -0.262363
v -1.000734 0.172566 -0.170637
v -0.884250 0.179048 -0.197917
v -0.884250 0.209545 -0.261706
v -1.000734 0.334141 0.029945
v -1.000734 0.423153 0.016674
v -0.884250 0.423566 0.017672
v -0.884250 0.325616 0.028822
v -0.884250 0.500712 -0.258564
v -0.884250 0.534724 -0.170637
v -1.000734 0.520215 -0.224783
v -0.884256 0.316012 -0.236248
v -0.884273 0.374991 -0.243010
v -0.884250 0.377353 -0.331214
v -0.884250 0.283723 -0.319940
v -0.884273 0.270424 -0.195532
v -0.884256 0.316012 -0.236248
v -0.884250 0.283723 -0.319940
v -0.884250 0.209545 -0.261706
v -0.884268 0.262969 -0.126838
v -0.884273 0.270424 -0.195532
v -0.884250 0.179048 -0.197917
v -0.884250 0.172566 -0.131631
v -0.884250 0.209545 -0.261706
v -0.884250 0.179048 -0.197917
v -0.884273 0.270424 -0.195532
v -0.884271 0.303772 -0.071074
v -0.884268 0.262969 -0.126838
v -0.884250 0.197106 -0.060756
v -0.884250 0.239393 -0.009301
v -0.884250 0.172566 -0.131631
v -0.884250 0.197106 -0.060756
v -0.884268 0.262969 -0.126838
v -0.884273 0.374991 -0.243010
v -0.884276 0.433704 -0.201006
v -0.884250 0.500712 -0.258564
v -0.884250 0.444023 -0.307673
v -0.884250 0.239393 -0.009301
v -0.884250 0.325616 0.028822
v -0.884271 0.303772 -0.071074
v -0.884250 0.325616 0.028822
v -0.884250 0.423566 0.017672
v -0.884258 0.365831 -0.058571
v -0.884250 0.423566 0.017672
v -0.884250 0.497745 -0.040563
v -0.884256 0.410144 -0.077503
v -0.884277 0.445246 -0.126590
v -0.884250 0.497745 -0.040563
v -0.884250 0.528241 -0.104351
v -0.884250 0.528241 -0.104351
v -0.884250 0.534724 -0.170637
v -0.884277 0.445246 -0.126590
v -0.884250 0.534724 -0.170637
v -0.884250 0.500712 -0.258564
v -0.884276 0.433704 -0.201006
v -0.884273 0.374991 -0.243010
v -0.884250 0.444023 -0.307673
v -0.884250 0.377353 -0.331214
v -0.884273 0.270424 -0.195532
v -0.884268 0.262969 -0.126838
v -0.970942 0.285044 -0.143745
v -0.970997 0.298817 -0.196614
v -0.970955 0.303927 -0.101417
v -0.970954 0.353645 -0.081535
v -0.970959 0.403362 -0.101417
v -0.970961 0.423242 -0.151134
v -0.970955 0.403362 -0.200852
v -0.970950 0.353645 -0.220735
v -0.970997 0.298817 -0.196614
v -0.970942 0.285044 -0.143745
v -0.970955 0.403362 -0.200852
v -0.970961 0.423242 -0.151134
v -0.884276 0.433704 -0.201006
v -0.884258 0.365831 -0.058571
v -0.884256 0.410144 -0.077503
v -0.970959 0.403362 -0.101417
v -0.970954 0.353645 -0.081535
v -0.970955 0.303927 -0.101417
v -0.970942 0.285044 -0.143745
v -0.884268 0.262969 -0.126838
v -0.884273 0.374991 -0.243010
v -0.970950 0.353645 -0.220735
v -0.970955 0.403362 -0.200852
v -0.970997 0.298817 -0.196614
v -0.970950 0.353645 -0.220735
v -0.884256 0.316012 -0.236248
v -0.884277 0.445246 -0.126590
v -0.970961 0.423242 -0.151134
v -0.970959 0.403362 -0.101417
v -0.884271 0.303772 -0.071074
v -0.970954 0.353645 -0.081535
v -0.970955 0.303927 -0.101417
v 0.422830 0.025957 -0.052031
v 0.422830 0.000297 -0.052062
v 1.039629 0.000297 -0.052063
v 1.039629 0.025957 -0.052032
v 1.039629 0.025957 -0.052032
v 1.039629 0.000297 -0.052063
v 1.039629 0.000297 -0.259184
v 1.039629 0.025957 -0.259215
v 1.039629 0.025957 -0.259215
v 1.039629 0.000297 -0.259184
v 0.422830 0.000297 -0.259184
v 0.422830 0.025957 -0.259214
v 0.422830 0.025957 -0.259214
v 0.422830 0.000297 -0.259184
v 0.422830 0.000297 -0.052062
v 0.422830 0.025957 -0.052031
v 1.039629 0.025957 -0.052032
v 1.039629 0.025957 -0.259215
v 0.422830 0.025957 -0.259214
v 0.422830 0.025957 -0.052031
v 1.039629 0.000297 -0.259184
v 1.039629 0.000297 -0.052063
v 0.422830 0.000297 -0.052062
v 0.422830 0.000297 -0.259184
v 0.422830 0.025937 -0.269572
v 0.422830 0.000276 -0.269541
v 1.039629 0.000276 -0.269541
v 1.039629 0.025937 -0.269572
v 1.039629 0.025937 -0.269572
v 1.039629 0.000276 -0.269541
v 1.039629 0.000005 -0.476773
v 1.039629 0.025665 -0.476645
v 1.039629 0.025665 -0.476645
v 1.039629 0.000005 -0.476773
v 0.422830 0.000005 -0.476772
v 0.422830 0.025665 -0.476645
v 0.422830 0.025665 -0.476645
v 0.422830 0.000005 -0.476772
v 0.422830 0.000276 -0.269541
v 0.422830 0.025937 -0.269572
v 1.039629 0.025937 -0.269572
v 1.039629 0.025665 -0.476645
v 0.422830 0.025665 -0.476645
v 0.422830 0.025937 -0.269572
v 1.039629 0.000005 -0.476773
v 1.039629 0.000276 -0.269541
v 0.422830 0.000276 -0.269541
v 0.422830 0.000005 -0.476772
v 0.422830 0.025726 -0.486985
v 0.422830 0.000066 -0.487146
v 1.039629 0.000066 -0.487147
v 1.039629 0.025726 -0.486985
v 1.039629 0.025726 -0.486985
v 1.039629 0.000066 -0.487147
v 1.039629 0.003134 -0.694804
v 1.039629 0.028769 -0.693522
v 1.039629 0.028769 -0.693522
v 1.039629 0.003134 -0.694804
v 0.422830 0.003134 -0.694804
v 0.422830 0.028769 -0.693522
v 0.422830 0.028769 -0.693522
v 0.422830 0.003134 -0.694804
v 0.422830 0.000066 -0.487146
v 0.422830 0.025726 -0.486985
v 1.039629 0.025726 -0.486985
v 1.039629 0.028769 -0.693522
v 0.422830 0.028769 -0.693522
v 0.422830 0.025726 -0.486985
v 1.039629 0.003134 -0.694804
v 1.039629 0.000066 -0.487147
v 0.422830 0.000066 -0.487146
v 0.422830 0.003134 -0.694804
v 0.422830 0.029206 -0.703806
v 0.422830 0.003576 -0.705209
v 1.039629 0.003576 -0.705210
v 1.039629 0.029205 -0.703807
v 1.039629 0.029205 -0.703807
v 1.039629 0.003576 -0.705210
v 1.039629 0.023216 -0.913115
v 1.039629 0.048270 -0.906864
v 1.039629 0.048270 -0.906864
v 1.039629 0.023216 -0.913115
v 0.422829 0.023216 -0.913115
v 0.422829 0.048270 -0.906864
v 0.422829 0.048270 -0.906864
v 0.422829 0.023216 -0.913115
v 0.422830 0.003576 -0.705209
v 0.422830 0.029206 -0.703806
v 1.039629 0.029205 -0.703807
v 1.039629 0.048270 -0.906864
v 0.422829 0.048270 -0.906864
v 0.422830 0.029206 -0.703806
v 1.039629 0.023216 -0.913115
v 1.039629 0.003576 -0.705210
v 0.422830 0.003576 -0.705209
v 0.422829 0.023216 -0.913115
v 0.422830 0.050467 -0.916606
v 0.422830 0.025525 -0.923401
v 1.039628 0.025525 -0.923402
v 1.039628 0.050467 -0.916606
v 1.039628 0.050467 -0.916606
v 1.039628 0.025525 -0.923402
v 1.039628 0.114924 -1.106295
v 1.039628 0.131245 -1.083976
v 1.039628 0.131245 -1.083976
v 1.039628 0.114924 -1.106295
v 0.422829 0.114924 -1.106294
v 0.422829 0.131245 -1.083976
v 0.422829 0.131245 -1.083976
v 0.422829 0.114924 -1.106294
v 0.422830 0.025525 -0.923401
v 0.422830 0.050467 -0.916606
v 1.039628 0.050467 -0.916606
v 1.039628 0.131245 -1.083976
v 0.422829 0.131245 -1.083976
v 0.422830 0.050467 -0.916606
v 1.039628 0.114924 -1.106295
v 1.039628 0.025525 -0.923402
v 0.422830 0.025525 -0.923401
v 0.422829 0.114924 -1.106294
v 0.422829 0.138341 -1.089287
v 0.422829 0.122892 -1.112380
v 1.039628 0.122892 -1.112381
v 1.039628 0.138341 -1.089287
v 1.039628 0.138341 -1.089287
v 1.039628 0.122892 -1.112381
v 1.039628 0.300775 -1.175354
v 1.039628 0.302742 -1.146517
v 1.039628 0.302742 -1.146517
v 1.039628 0.300775 -1.175354
v 0.422829 0.300775 -1.175354
v 0.422829 0.302742 -1.146517
v 0.422829 0.302742 -1.146517
v 0.422829 0.300775 -1.175354
v 0.422829 0.122892 -1.112380
v 0.422829 0.138341 -1.089287
v 1.039628 0.138341 -1.089287
v 1.039628 0.302742 -1.146517
v 0.422829 0.302742 -1.146517
v 0.422829 0.138341 -1.089287
v 1.039628 0.300775 -1.175354
v 1.039628 0.122892 -1.112381
v 0.422829 0.122892 -1.112380
v 0.422829 0.300775 -1.175354
v 0.422829 0.311737 -1.147118
v 0.422829 0.310113 -1.175982
v 1.039628 0.310113 -1.175983
v 1.039628 0.311737 -1.147118
v 1.039628 0.311737 -1.147118
v 1.039628 0.310113 -1.175983
v 1.039628 0.496117 -1.158667
v 1.039628 0.489083 -1.130852
v 1.039628 0.489083 -1.130852
v 1.039628 0.496117 -1.158667
v 0.422829 0.496117 -1.158666
v 0.422829 0.489083 -1.130852
v 0.422829 0.489083 -1.130852
v 0.422829 0.496117 -1.158666
v 0.422829 0.310113 -1.175982
v 0.422829 0.311737 -1.147118
v 1.039628 0.311737 -1.147118
v 1.039628 0.489083 -1.130852
v 0.422829 0.489083 -1.130852
v 0.422829 0.311737 -1.147118
v 1.039628 0.496117 -1.158667
v 1.039628 0.310113 -1.175983
v 0.422829 0.310113 -1.175982
v 0.422829 0.496117 -1.158666
v 0.422829 0.497598 -1.128348
v 0.422829 0.505296 -1.155938
v 1.039628 0.505296 -1.155938
v 1.039628 0.497598 -1.128348
v 1.039628 0.497598 -1.128348
v 1.039628 0.505296 -1.155938
v 1.039628 0.649965 -1.027399
v 1.039628 0.627667 -1.013086
v 1.039628 0.627667 -1.013086
v 1.039628 0.649965 -1.027399
v 0.422829 0.649965 -1.027399
v 0.422829 0.627667 -1.013086
v 0.422829 0.627667 -1.013086
v 0.422829 0.649965 -1.027399
v 0.422829 0.505296 -1.155938
v 0.422829 0.497598 -1.128348
v 1.039628 0.497598 -1.128348
v 1.039628 0.627667 -1.013086
v 0.422829 0.627667 -1.013086
v 0.422829 0.497598 -1.128348
v 1.039628 0.649965 -1.027399
v 1.039628 0.505296 -1.155938
v 0.422829 0.505296 -1.155938
v 0.422829 0.649965 -1.027399
v 0.422829 0.631896 -1.004554
v 0.422829 0.654634 -1.017959
v 1.039628 0.654634 -1.017959
v 1.039628 0.631896 -1.004554
v 1.039628 0.631896 -1.004554
v 1.039628 0.654634 -1.017959
v 1.039628 0.700362 -0.814133
v 1.039628 0.674872 -0.810804
v 1.039628 0.674872 -0.810804
v 1.039628 0.700362 -0.814133
v 0.422830 0.700362 -0.814133
v 0.422830 0.674872 -0.810804
v 0.422830 0.674872 -0.810804
v 0.422830 0.700362 -0.814133
v 0.422829 0.654634 -1.017959
v 0.422829 0.631896 -1.004554
v 1.039628 0.631896 -1.004554
v 1.039628 0.674872 -0.810804
v 0.422830 0.674872 -0.810804
v 0.422829 0.631896 -1.004554
v 1.039628 0.700362 -0.814133
v 1.039628 0.654634 -1.017959
v 0.422829 0.654634 -1.017959
v 0.422830 0.700362 -0.814133
v 0.422829 0.675960 -0.800662
v 0.422829 0.701476 -0.803724
v 1.039629 0.701476 -0.803725
v 1.039628 0.675960 -0.800662
v 1.039628 0.675960 -0.800662
v 1.039629 0.701476 -0.803725
v 1.039629 0.710412 -0.595734
v 1.039629 0.684758 -0.595097
v 1.039629 0.684758 -0.595097
v 1.039629 0.710412 -0.595734
v 0.422830 0.710412 -0.595734
v 0.422830 0.684758 -0.595097
v 0.422830 0.684758 -0.595097
v 0.422830 0.710412 -0.595734
v 0.422829 0.701476 -0.803724
v 0.422829 0.675960 -0.800662
v 1.039628 0.675960 -0.800662
v 1.039629 0.684758 -0.595097
v 0.422830 0.684758 -0.595097
v 0.422829 0.675960 -0.800662
v 1.039629 0.710412 -0.595734
v 1.039629 0.701476 -0.803725
v 0.422829 0.701476 -0.803724
v 0.422830 0.710412 -0.595734
v 0.422830 0.684964 -0.584778
v 0.422830 0.710619 -0.585345
v 1.039629 0.710619 -0.585346
v 1.039629 0.684964 -0.584778
v 1.039629 0.684964 -0.584778
v 1.039629 0.710619 -0.585346
v 1.039629 0.711470 -0.377915
v 1.039629 0.685810 -0.377923
v 1.039629 0.685810 -0.377923
v 1.039629 0.711470 -0.377915
v 0.422830 0.711470 -0.377915
v 0.422830 0.685810 -0.377923
v 0.422830 0.685810 -0.377923
v 0.422830 0.711470 -0.377915
v 0.422830 0.710619 -0.585345
v 0.422830 0.684964 -0.584778
v 1.039629 0.684964 -0.584778
v 1.039629 0.685810 -0.377923
v 0.422830 0.685810 -0.377923
v 0.422830 0.684964 -0.584778
v 1.039629 0.711470 -0.377915
v 1.039629 0.710619 -0.585346
v 0.422830 0.710619 -0.585345
v 0.422830 0.711470 -0.377915
v 0.422830 0.685796 -0.367572
v 0.422830 0.711457 -0.367551
v 1.039629 0.711457 -0.367551
v 1.039629 0.685796 -0.367572
v 1.039629 0.685796 -0.367572
v 1.039629 0.711457 -0.367551
v 1.039629 0.711022 -0.160409
v 1.039629 0.685362 -0.160410
v 1.039629 0.685362 -0.160410
v 1.039629 0.711022 -0.160409
v 0.422830 0.711022 -0.160408
v 0.422830 0.685362 -0.160410
v 0.422830 0.685362 -0.160410
v 0.422830 0.711022 -0.160408
v 0.422830 0.711457 -0.367551
v 0.422830 0.685796 -0.367572
v 1.039629 0.685796 -0.367572
v 1.039629 0.685362 -0.160410
v 0.422830 0.685362 -0.160410
v 0.422830 0.685796 -0.367572
v 1.039629 0.711022 -0.160409
v 1.039629 0.711457 -0.367551
v 0.422830 0.711457 -0.367551
v 0.422830 0.711022 -0.160408
v 0.422830 0.685364 -0.150051
v 0.422830 0.711024 -0.150053
v 1.039629 0.711024 -0.150053
v 1.039629 0.685364 -0.150051
v 1.039629 0.685364 -0.150051
v 1.039629 0.711024 -0.150053
v 1.039629 0.711458 0.057090
v 1.039629 0.685797 0.057110
v 1.039629 0.685797 0.057110
v 1.039629 0.711458 0.057090
v 0.422830 0.711458 0.057091
v 0.422830 0.685797 0.057111
v 0.422830 0.685797 0.057111
v 0.422830 0.711458 0.057091
v 0.422830 0.711024 -0.150053
v 0.422830 0.685364 -0.150051
v 1.039629 0.685364 -0.150051
v 1.039629 0.685797 0.057110
v 0.422830 0.685797 0.057111
v 0.422830 0.685364 -0.150051
v 1.039629 0.711458 0.057090
v 1.039629 0.711024 -0.150053
v 0.422830 0.711024 -0.150053
v 0.422830 0.711458 0.057091
v 0.422830 0.685811 0.067462
v 0.422830 0.711471 0.067455
v 1.039629 0.711471 0.067455
v 1.039629 0.685811 0.067461
v 1.039629 0.685811 0.067461
v 1.039629 0.711471 0.067455
v 1.039629 0.710604 0.274886
v 1.039629 0.684948 0.274314
v 1.039629 0.684948 0.274314
v 1.039629 0.710604 0.274886
v 0.422830 0.710604 0.274887
v 0.422830 0.684949 0.274314
v 0.422830 0.684949 0.274314
v 0.422830 0.710604 0.274887
v 0.422830 0.711471 0.067455
v 0.422830 0.685811 0.067462
v 1.039629 0.685811 0.067461
v 1.039629 0.684948 0.274314
v 0.422830 0.684949 0.274314
v 0.422830 0.685811 0.067462
v 1.039629 0.710604 0.274886
v 1.039629 0.711471 0.067455
v 0.422830 0.711471 0.067455
v 0.422830 0.710604 0.274887
v 0.422830 0.684743 0.284634
v 0.422830 0.710397 0.285276
v 1.039629 0.710397 0.285275
v 1.039629 0.684743 0.284633
v 1.039629 0.684743 0.284633
v 1.039629 0.710397 0.285275
v 1.039629 0.701392 0.493267
v 1.039629 0.675878 0.490184
v 1.039629 0.675878 0.490184
v 1.039629 0.701392 0.493267
v 0.422830 0.701392 0.493267
v 0.422830 0.675878 0.490185
v 0.422830 0.675878 0.490185
v 0.422830 0.701392 0.493267
v 0.422830 0.710397 0.285276
v 0.422830 0.684743 0.284634
v 1.039629 0.684743 0.284633
v 1.039629 0.675878 0.490184
v 0.422830 0.675878 0.490185
v 0.422830 0.684743 0.284634
v 1.039629 0.701392 0.493267
v 1.039629 0.710397 0.285275
v 0.422830 0.710397 0.285276
v 0.422830 0.701392 0.493267
v 0.422830 0.674790 0.500327
v 0.422830 0.700277 0.503677
v 1.039629 0.700277 0.503676
v 1.039629 0.674790 0.500327
v 1.039629 0.674790 0.500327
v 1.039629 0.700277 0.503676
v 1.039629 0.654281 0.707428
v 1.039629 0.631575 0.693954
v 1.039629 0.631575 0.693954
v 1.039629 0.654281 0.707428
v 0.422830 0.654281 0.707429
v 0.422830 0.631575 0.693955
v 0.422830 0.631575 0.693955
v 0.422830 0.654281 0.707429
v 0.422830 0.700277 0.503677
v 0.422830 0.674790 0.500327
v 1.039629 0.674790 0.500327
v 1.039629 0.631575 0.693954
v 0.422830 0.631575 0.693955
v 0.422830 0.674790 0.500327
v 1.039629 0.654281 0.707428
v 1.039629 0.700277 0.503676
v 0.422830 0.700277 0.503677
v 0.422830 0.654281 0.707429
v 0.422830 0.627347 0.702487
v 0.422830 0.649610 0.716869
v 1.039629 0.649610 0.716868
v 1.039629 0.627347 0.702487
v 1.039629 0.627347 0.702487
v 1.039629 0.649610 0.716868
v 1.039629 0.504601 0.844898
v 1.039629 0.496953 0.817290
v 1.039629 0.496953 0.817290
v 1.039629 0.504601 0.844898
v 0.422830 0.504601 0.844899
v 0.422830 0.496953 0.817291
v 0.422830 0.496953 0.817291
v 0.422830 0.504601 0.844899
v 0.422830 0.649610 0.716869
v 0.422830 0.627347 0.702487
v 1.039629 0.627347 0.702487
v 1.039629 0.496953 0.817290
v 0.422830 0.496953 0.817291
v 0.422830 0.627347 0.702487
v 1.039629 0.504601 0.844898
v 1.039629 0.649610 0.716868
v 0.422830 0.649610 0.716869
v 0.422830 0.504601 0.844899
v 0.422830 0.488438 0.819796
v 0.422830 0.495422 0.847626
v 1.039629 0.495422 0.847626
v 1.039629 0.488438 0.819795
v 1.039629 0.488438 0.819795
v 1.039629 0.495422 0.847626
v 1.039629 0.309406 0.864688
v 1.039629 0.311055 0.835826
v 1.039629 0.311055 0.835826
v 1.039629 0.309406 0.864688
v 0.422830 0.309405 0.864689
v 0.422830 0.311055 0.835826
v 0.422830 0.311055 0.835826
v 0.422830 0.309405 0.864689
v 0.422830 0.495422 0.847626
v 0.422830 0.488438 0.819796
v 1.039629 0.488438 0.819795
v 1.039629 0.311055 0.835826
v 0.422830 0.311055 0.835826
v 0.422830 0.488438 0.819796
v 1.039629 0.309406 0.864688
v 1.039629 0.495422 0.847626
v 0.422830 0.495422 0.847626
v 0.422830 0.309405 0.864689
v 0.422830 0.302061 0.835225
v 0.422830 0.300068 0.864060
v 1.039629 0.300068 0.864060
v 1.039629 0.302061 0.835225
v 1.039629 0.302061 0.835225
v 1.039629 0.300068 0.864060
v 1.039629 0.122289 0.800673
v 1.039629 0.137805 0.777637
v 1.039629 0.137805 0.777637
v 1.039629 0.122289 0.800673
v 0.422830 0.122289 0.800674
v 0.422830 0.137804 0.777638
v 0.422830 0.137804 0.777638
v 0.422830 0.122289 0.800674
v 0.422830 0.300068 0.864060
v 0.422830 0.302061 0.835225
v 1.039629 0.302061 0.835225
v 1.039629 0.137805 0.777637
v 0.422830 0.137804 0.777638
v 0.422830 0.302061 0.835225
v 1.039629 0.122289 0.800673
v 1.039629 0.300068 0.864060
v 0.422830 0.300068 0.864060
v 0.422830 0.122289 0.800674
v 0.422830 0.130707 0.772329
v 0.422830 0.114322 0.794586
v 1.039629 0.114322 0.794586
v 1.039629 0.130708 0.772328
v 1.039629 0.130708 0.772328
v 1.039629 0.114322 0.794586
v 1.039629 0.025350 0.611376
v 1.039629 0.050301 0.604622
v 1.039629 0.050301 0.604622
v 1.039629 0.025350 0.611376
v 0.422830 0.025350 0.611376
v 0.422830 0.050301 0.604622
v 0.422830 0.050301 0.604622
v 0.422830 0.025350 0.611376
v 0.422830 0.114322 0.794586
v 0.422830 0.130707 0.772329
v 1.039629 0.130708 0.772328
v 1.039629 0.050301 0.604622
v 0.422830 0.050301 0.604622
v 0.422830 0.130707 0.772329
v 1.039629 0.025350 0.611376
v 1.039629 0.114322 0.794586
v 0.422830 0.114322 0.794586
v 0.422830 0.025350 0.611376
v 0.422830 0.048103 0.594880
v 0.422830 0.023042 0.601090
v 1.039629 0.023042 0.601090
v 1.039629 0.048104 0.594880
v 1.039629 0.048104 0.594880
v 1.039629 0.023042 0.601090
v 1.039629 0.003542 0.393176
v 1.039629 0.029173 0.391782
v 1.039629 0.029173 0.391782
v 1.039629 0.003542 0.393176
v 0.422830 0.003542 0.393176
v 0.422830 0.029173 0.391782
v 0.422830 0.029173 0.391782
v 0.422830 0.003542 0.393176
v 0.422830 0.023042 0.601090
v 0.422830 0.048103 0.594880
v 1.039629 0.048104 0.594880
v 1.039629 0.029173 0.391782
v 0.422830 0.029173 0.391782
v 0.422830 0.048103 0.594880
v 1.039629 0.003542 0.393176
v 1.039629 0.023042 0.601090
v 0.422830 0.023042 0.601090
v 0.422830 0.003542 0.393176
v 0.422830 0.028736 0.381498
v 0.422830 0.003100 0.382770
v 1.039629 0.003101 0.382770
v 1.039629 0.028736 0.381497
v 1.039629 0.028736 0.381497
v 1.039629 0.003101 0.382770
v 1.039629 0.000062 0.175115
v 1.039629 0.025722 0.174956
v 1.039629 0.025722 0.174956
v 1.039629 0.000062 0.175115
v 0.422830 0.000062 0.175115
v 0.422830 0.025721 0.174956
v 0.422830 0.025721 0.174956
v 0.422830 0.000062 0.175115
v 0.422830 0.003100 0.382770
v 0.422830 0.028736 0.381498
v 1.039629 0.028736 0.381497
v 1.039629 0.025722 0.174956
v 0.422830 0.025721 0.174956
v 0.422830 0.028736 0.381498
v 1.039629 0.000062 0.175115
v 1.039629 0.003101 0.382770
v 0.422830 0.003100 0.382770
v 0.422830 0.000062 0.175115
v 0.422830 0.025660 0.164616
v 0.422830 0.000000 0.164741
v 1.039629 0.000000 0.164741
v 1.039629 0.025660 0.164616
v 1.039629 0.025660 0.164616
v 1.039629 0.000000 0.164741
v 1.039629 0.000278 -0.042489
v 1.039629 0.025938 -0.042458
v 1.039629 0.025938 -0.042458
v 1.039629 0.000278 -0.042489
v 0.422830 0.000278 -0.042488
v 0.422830 0.025938 -0.042457
v 0.422830 0.025938 -0.042457
v 0.422830 0.000278 -0.042488
v 0.422830 0.000000 0.164741
v 0.422830 0.025660 0.164616
v 1.039629 0.025660 0.164616
v 1.039629 0.025938 -0.042458
v 0.422830 0.025938 -0.042457
v 0.422830 0.025660 0.164616
v 1.039629 0.000278 -0.042489
v 1.039629 0.000000 0.164741
v 0.422830 0.000000 0.164741
v 0.422830 0.000278 -0.042488
v -0.422859 0.025957 -0.052031
v -1.039658 0.025957 -0.052031
v -1.039658 0.000297 -0.052061
v -0.422859 0.000297 -0.052062
v -1.039658 0.025957 -0.052031
v -1.039659 0.025957 -0.259214
v -1.039659 0.000297 -0.259183
v -1.039658 0.000297 -0.052061
v -1.039659 0.025957 -0.259214
v -0.422859 0.025957 -0.259214
v -0.422859 0.000297 -0.259183
v -1.039659 0.000297 -0.259183
v -0.422859 0.025957 -0.259214
v -0.422859 0.025957 -0.052031
v -0.422859 0.000297 -0.052062
v -0.422859 0.000297 -0.259183
v -1.039658 0.025957 -0.052031
v -0.422859 0.025957 -0.052031
v -0.422859 0.025957 -0.259214
v -1.039659 0.025957 -0.259214
v -1.039659 0.000297 -0.259183
v -0.422859 0.000297 -0.259183
v -0.422859 0.000297 -0.052062
v -1.039658 0.000297 -0.052061
v -0.422859 0.025936 -0.269572
v -1.039659 0.025937 -0.269571
v -1.039659 0.000276 -0.269540
v -0.422859 0.000276 -0.269541
v -1.039659 0.025937 -0.269571
v -1.039659 0.025665 -0.476644
v -1.039659 0.000005 -0.476771
v -1.039659 0.000276 -0.269540
v -1.039659 0.025665 -0.476644
v -0.422860 0.025665 -0.476644
v -0.422860 0.000005 -0.476772
v -1.039659 0.000005 -0.476771
v -0.422860 0.025665 -0.476644
v -0.422859 0.025936 -0.269572
v -0.422859 0.000276 -0.269541
v -0.422860 0.000005 -0.476772
v -1.039659 0.025937 -0.269571
v -0.422859 0.025936 -0.269572
v -0.422860 0.025665 -0.476644
v -1.039659 0.025665 -0.476644
v -1.039659 0.000005 -0.476771
v -0.422860 0.000005 -0.476772
v -0.422859 0.000276 -0.269541
v -1.039659 0.000276 -0.269540
v -0.422860 0.025726 -0.486984
v -1.039659 0.025726 -0.486984
v -1.039659 0.000066 -0.487146
v -0.422860 0.000066 -0.487146
v -1.039659 0.025726 -0.486984
v -1.039659 0.028769 -0.693521
v -1.039659 0.003134 -0.694803
v -1.039659 0.000066 -0.487146
v -1.039659 0.028769 -0.693521
v -0.422860 0.028769 -0.693522
v -0.422860 0.003134 -0.694804
v -1.039659 0.003134 -0.694803
v -0.422860 0.028769 -0.693522
v -0.422860 0.025726 -0.486984
v -0.422860 0.000066 -0.487146
v -0.422860 0.003134 -0.694804
v -1.039659 0.025726 -0.486984
v -0.422860 0.025726 -0.486984
v -0.422860 0.028769 -0.693522
v -1.039659 0.028769 -0.693521
v -1.039659 0.003134 -0.694803
v -0.422860 0.003134 -0.694804
v -0.422860 0.000066 -0.487146
v -1.039659 0.000066 -0.487146
v -0.422860 0.029206 -0.703806
v -1.039659 0.029205 -0.703805
v -1.039659 0.003575 -0.705208
v -0.422860 0.003576 -0.705209
v -1.039659 0.029205 -0.703805
v -1.039659 0.048270 -0.906863
v -1.039659 0.023216 -0.913114
v -1.039659 0.003575 -0.705208
v -1.039659 0.048270 -0.906863
v -0.422860 0.048270 -0.906864
v -0.422860 0.023216 -0.913114
v -1.039659 0.023216 -0.913114
v -0.422860 0.048270 -0.906864
v -0.422860 0.029206 -0.703806
v -0.422860 0.003576 -0.705209
v -0.422860 0.023216 -0.913114
v -1.039659 0.029205 -0.703805
v -0.422860 0.029206 -0.703806
v -0.422860 0.048270 -0.906864
v -1.039659 0.048270 -0.906863
v -1.039659 0.023216 -0.913114
v -0.422860 0.023216 -0.913114
v -0.422860 0.003576 -0.705209
v -1.039659 0.003575 -0.705208
v -0.422860 0.050467 -0.916606
v -1.039659 0.050467 -0.916605
v -1.039659 0.025525 -0.923400
v -0.422860 0.025525 -0.923401
v -1.039659 0.050467 -0.916605
v -1.039659 0.131245 -1.083975
v -1.039659 0.114924 -1.106293
v -1.039659 0.025525 -0.923400
v -1.039659 0.131245 -1.083975
v -0.422860 0.131245 -1.083975
v -0.422860 0.114924 -1.106294
v -1.039659 0.114924 -1.106293
v -0.422860 0.131245 -1.083975
v -0.422860 0.050467 -0.916606
v -0.422860 0.025525 -0.923401
v -0.422860 0.114924 -1.106294
v -1.039659 0.050467 -0.916605
v -0.422860 0.050467 -0.916606
v -0.422860 0.131245 -1.083975
v -1.039659 0.131245 -1.083975
v -1.039659 0.114924 -1.106293
v -0.422860 0.114924 -1.106294
v -0.422860 0.025525 -0.923401
v -1.039659 0.025525 -0.923400
v -0.422860 0.138341 -1.089286
v -1.039659 0.138341 -1.089286
v -1.039659 0.122892 -1.112379
v -0.422860 0.122892 -1.112380
v -1.039659 0.138341 -1.089286
v -1.039659 0.302742 -1.146516
v -1.039659 0.300775 -1.175353
v -1.039659 0.122892 -1.112379
v -1.039659 0.302742 -1.146516
v -0.422860 0.302742 -1.146516
v -0.422860 0.300775 -1.175354
v -1.039659 0.300775 -1.175353
v -0.422860 0.302742 -1.146516
v -0.422860 0.138341 -1.089286
v -0.422860 0.122892 -1.112380
v -0.422860 0.300775 -1.175354
v -1.039659 0.138341 -1.089286
v -0.422860 0.138341 -1.089286
v -0.422860 0.302742 -1.146516
v -1.039659 0.302742 -1.146516
v -1.039659 0.300775 -1.175353
v -0.422860 0.300775 -1.175354
v -0.422860 0.122892 -1.112380
v -1.039659 0.122892 -1.112379
v -0.422860 0.311737 -1.147117
v -1.039659 0.311737 -1.147117
v -1.039659 0.310113 -1.175982
v -0.422860 0.310113 -1.175982
v -1.039659 0.311737 -1.147117
v -1.039659 0.489082 -1.130851
v -1.039659 0.496117 -1.158665
v -1.039659 0.310113 -1.175982
v -1.039659 0.489082 -1.130851
v -0.422860 0.489082 -1.130851
v -0.422860 0.496117 -1.158666
v -1.039659 0.496117 -1.158665
v -0.422860 0.489082 -1.130851
v -0.422860 0.311737 -1.147117
v -0.422860 0.310113 -1.175982
v -0.422860 0.496117 -1.158666
v -1.039659 0.311737 -1.147117
v -0.422860 0.311737 -1.147117
v -0.422860 0.489082 -1.130851
v -1.039659 0.489082 -1.130851
v -1.039659 0.496117 -1.158665
v -0.422860 0.496117 -1.158666
v -0.422860 0.310113 -1.175982
v -1.039659 0.310113 -1.175982
v -0.422860 0.497598 -1.128347
v -1.039659 0.497598 -1.128347
v -1.039659 0.505296 -1.155937
v -0.422860 0.505296 -1.155937
v -1.039659 0.497598 -1.128347
v -1.039659 0.627667 -1.013085
v -1.039659 0.649965 -1.027398
v -1.039659 0.505296 -1.155937
v -1.039659 0.627667 -1.013085
v -0.422860 0.627667 -1.013085
v -0.422860 0.649965 -1.027398
v -1.039659 0.649965 -1.027398
v -0.422860 0.627667 -1.013085
v -0.422860 0.497598 -1.128347
v -0.422860 0.505296 -1.155937
v -0.422860 0.649965 -1.027398
v -1.039659 0.497598 -1.128347
v -0.422860 0.497598 -1.128347
v -0.422860 0.627667 -1.013085
v -1.039659 0.627667 -1.013085
v -1.039659 0.649965 -1.027398
v -0.422860 0.649965 -1.027398
v -0.422860 0.505296 -1.155937
v -1.039659 0.505296 -1.155937
v -0.422860 0.631896 -1.004554
v -1.039659 0.631896 -1.004553
v -1.039659 0.654634 -1.017958
v -0.422860 0.654634 -1.017958
v -1.039659 0.631896 -1.004553
v -1.039659 0.674872 -0.810803
v -1.039659 0.700361 -0.814132
v -1.039659 0.654634 -1.017958
v -1.039659 0.674872 -0.810803
v -0.422860 0.674872 -0.810803
v -0.422860 0.700362 -0.814133
v -1.039659 0.700361 -0.814132
v -0.422860 0.674872 -0.810803
v -0.422860 0.631896 -1.004554
v -0.422860 0.654634 -1.017958
v -0.422860 0.700362 -0.814133
v -1.039659 0.631896 -1.004553
v -0.422860 0.631896 -1.004554
v -0.422860 0.674872 -0.810803
v -1.039659 0.674872 -0.810803
v -1.039659 0.700361 -0.814132
v -0.422860 0.700362 -0.814133
v -0.422860 0.654634 -1.017958
v -1.039659 0.654634 -1.017958
v -0.422860 0.675960 -0.800661
v -1.039659 0.675960 -0.800661
v -1.039659 0.701476 -0.803723
v -0.422860 0.701476 -0.803724
v -1.039659 0.675960 -0.800661
v -1.039659 0.684758 -0.595096
v -1.039659 0.710412 -0.595733
v -1.039659 0.701476 -0.803723
v -1.039659 0.684758 -0.595096
v -0.422860 0.684758 -0.595096
v -0.422860 0.710412 -0.595733
v -1.039659 0.710412 -0.595733
v -0.422860 0.684758 -0.595096
v -0.422860 0.675960 -0.800661
v -0.422860 0.701476 -0.803724
v -0.422860 0.710412 -0.595733
v -1.039659 0.675960 -0.800661
v -0.422860 0.675960 -0.800661
v -0.422860 0.684758 -0.595096
v -1.039659 0.684758 -0.595096
v -1.039659 0.710412 -0.595733
v -0.422860 0.710412 -0.595733
v -0.422860 0.701476 -0.803724
v -1.039659 0.701476 -0.803723
v -0.422860 0.684964 -0.584777
v -1.039659 0.684964 -0.584777
v -1.039659 0.710619 -0.585344
v -0.422860 0.710619 -0.585345
v -1.039659 0.684964 -0.584777
v -1.039658 0.685810 -0.377922
v -1.039658 0.711470 -0.377914
v -1.039659 0.710619 -0.585344
v -1.039658 0.685810 -0.377922
v -0.422859 0.685810 -0.377922
v -0.422859 0.711470 -0.377915
v -1.039658 0.711470 -0.377914
v -0.422859 0.685810 -0.377922
v -0.422860 0.684964 -0.584777
v -0.422860 0.710619 -0.585345
v -0.422859 0.711470 -0.377915
v -1.039659 0.684964 -0.584777
v -0.422860 0.684964 -0.584777
v -0.422859 0.685810 -0.377922
v -1.039658 0.685810 -0.377922
v -1.039658 0.711470 -0.377914
v -0.422859 0.711470 -0.377915
v -0.422860 0.710619 -0.585345
v -1.039659 0.710619 -0.585344
v -0.422859 0.685796 -0.367571
v -1.039659 0.685796 -0.367571
v -1.039658 0.711457 -0.367550
v -0.422859 0.711457 -0.367550
v -1.039659 0.685796 -0.367571
v -1.039658 0.685362 -0.160409
v -1.039658 0.711022 -0.160408
v -1.039658 0.711457 -0.367550
v -1.039658 0.685362 -0.160409
v -0.422859 0.685362 -0.160409
v -0.422859 0.711022 -0.160408
v -1.039658 0.711022 -0.160408
v -0.422859 0.685362 -0.160409
v -0.422859 0.685796 -0.367571
v -0.422859 0.711457 -0.367550
v -0.422859 0.711022 -0.160408
v -1.039659 0.685796 -0.367571
v -0.422859 0.685796 -0.367571
v -0.422859 0.685362 -0.160409
v -1.039658 0.685362 -0.160409
v -1.039658 0.711022 -0.160408
v -0.422859 0.711022 -0.160408
v -0.422859 0.711457 -0.367550
v -1.039658 0.711457 -0.367550
v -0.422859 0.685364 -0.150050
v -1.039658 0.685364 -0.150050
v -1.039658 0.711024 -0.150052
v -0.422859 0.711024 -0.150052
v -1.039658 0.685364 -0.150050
v -1.039658 0.685797 0.057112
v -1.039658 0.711458 0.057092
v -1.039658 0.711024 -0.150052
v -1.039658 0.685797 0.057112
v -0.422859 0.685797 0.057111
v -0.422859 0.711458 0.057091
v -1.039658 0.711458 0.057092
v -0.422859 0.685797 0.057111
v -0.422859 0.685364 -0.150050
v -0.422859 0.711024 -0.150052
v -0.422859 0.711458 0.057091
v -1.039658 0.685364 -0.150050
v -0.422859 0.685364 -0.150050
v -0.422859 0.685797 0.057111
v -1.039658 0.685797 0.057112
v -1.039658 0.711458 0.057092
v -0.422859 0.711458 0.057091
v -0.422859 0.711024 -0.150052
v -1.039658 0.711024 -0.150052
v -0.422859 0.685811 0.067462
v -1.039658 0.685811 0.067462
v -1.039658 0.711471 0.067456
v -0.422859 0.711471 0.067456
v -1.039658 0.685811 0.067462
v -1.039658 0.684948 0.274315
v -1.039658 0.710603 0.274888
v -1.039658 0.711471 0.067456
v -1.039658 0.684948 0.274315
v -0.422859 0.684948 0.274314
v -0.422859 0.710604 0.274887
v -1.039658 0.710603 0.274888
v -0.422859 0.684948 0.274314
v -0.422859 0.685811 0.067462
v -0.422859 0.711471 0.067456
v -0.422859 0.710604 0.274887
v -1.039658 0.685811 0.067462
v -0.422859 0.685811 0.067462
v -0.422859 0.684948 0.274314
v -1.039658 0.684948 0.274315
v -1.039658 0.710603 0.274888
v -0.422859 0.710604 0.274887
v -0.422859 0.711471 0.067456
v -1.039658 0.711471 0.067456
v -0.422859 0.684743 0.284634
v -1.039658 0.684743 0.284635
v -1.039658 0.710396 0.285277
v -0.422859 0.710397 0.285276
v -1.039658 0.684743 0.284635
v -1.039658 0.675878 0.490185
v -1.039658 0.701392 0.493268
v -1.039658 0.710396 0.285277
v -1.039658 0.675878 0.490185
v -0.422859 0.675878 0.490185
v -0.422859 0.701392 0.493268
v -1.039658 0.701392 0.493268
v -0.422859 0.675878 0.490185
v -0.422859 0.684743 0.284634
v -0.422859 0.710397 0.285276
v -0.422859 0.701392 0.493268
v -1.039658 0.684743 0.284635
v -0.422859 0.684743 0.284634
v -0.422859 0.675878 0.490185
v -1.039658 0.675878 0.490185
v -1.039658 0.701392 0.493268
v -0.422859 0.701392 0.493268
v -0.422859 0.710397 0.285276
v -1.039658 0.710396 0.285277
v -0.422859 0.674790 0.500328
v -1.039658 0.674789 0.500328
v -1.039658 0.700277 0.503677
v -0.422859 0.700277 0.503677
v -1.039658 0.674789 0.500328
v -1.039658 0.631575 0.693956
v -1.039658 0.654281 0.707430
v -1.039658 0.700277 0.503677
v -1.039658 0.631575 0.693956
v -0.422859 0.631575 0.693955
v -0.422859 0.654281 0.707429
v -1.039658 0.654281 0.707430
v -0.422859 0.631575 0.693955
v -0.422859 0.674790 0.500328
v -0.422859 0.700277 0.503677
v -0.422859 0.654281 0.707429
v -1.039658 0.674789 0.500328
v -0.422859 0.674790 0.500328
v -0.422859 0.631575 0.693955
v -1.039658 0.631575 0.693956
v -1.039658 0.654281 0.707430
v -0.422859 0.654281 0.707429
v -0.422859 0.700277 0.503677
v -1.039658 0.700277 0.503677
v -0.422859 0.627347 0.702488
v -1.039658 0.627347 0.702488
v -1.039658 0.649610 0.716869
v -0.422859 0.649610 0.716869
v -1.039658 0.627347 0.702488
v -1.039658 0.496953 0.817292
v -1.039658 0.504601 0.844900
v -1.039658 0.649610 0.716869
v -1.039658 0.496953 0.817292
v -0.422859 0.496953 0.817291
v -0.422859 0.504601 0.844899
v -1.039658 0.504601 0.844900
v -0.422859 0.496953 0.817291
v -0.422859 0.627347 0.702488
v -0.422859 0.649610 0.716869
v -0.422859 0.504601 0.844899
v -1.039658 0.627347 0.702488
v -0.422859 0.627347 0.702488
v -0.422859 0.496953 0.817291
v -1.039658 0.496953 0.817292
v -1.039658 0.504601 0.844900
v -0.422859 0.504601 0.844899
v -0.422859 0.649610 0.716869
v -1.039658 0.649610 0.716869
v -0.422859 0.488437 0.819796
v -1.039658 0.488438 0.819796
v -1.039658 0.495422 0.847627
v -0.422859 0.495422 0.847627
v -1.039658 0.488438 0.819796
v -1.039658 0.311055 0.835827
v -1.039658 0.309406 0.864689
v -1.039658 0.495422 0.847627
v -1.039658 0.311055 0.835827
v -0.422859 0.311055 0.835827
v -0.422859 0.309405 0.864689
v -1.039658 0.309406 0.864689
v -0.422859 0.311055 0.835827
v -0.422859 0.488437 0.819796
v -0.422859 0.495422 0.847627
v -0.422859 0.309405 0.864689
v -1.039658 0.488438 0.819796
v -0.422859 0.488437 0.819796
v -0.422859 0.311055 0.835827
v -1.039658 0.311055 0.835827
v -1.039658 0.309406 0.864689
v -0.422859 0.309405 0.864689
v -0.422859 0.495422 0.847627
v -1.039658 0.495422 0.847627
v -0.422859 0.302061 0.835225
v -1.039658 0.302061 0.835226
v -1.039658 0.300068 0.864061
v -0.422859 0.300068 0.864061
v -1.039658 0.302061 0.835226
v -1.039658 0.137805 0.777638
v -1.039658 0.122289 0.800675
v -1.039658 0.300068 0.864061
v -1.039658 0.137805 0.777638
v -0.422859 0.137804 0.777638
v -0.422859 0.122288 0.800674
v -1.039658 0.122289 0.800675
v -0.422859 0.137804 0.777638
v -0.422859 0.302061 0.835225
v -0.422859 0.300068 0.864061
v -0.422859 0.122288 0.800674
v -1.039658 0.302061 0.835226
v -0.422859 0.302061 0.835225
v -0.422859 0.137804 0.777638
v -1.039658 0.137805 0.777638
v -1.039658 0.122289 0.800675
v -0.422859 0.122288 0.800674
v -0.422859 0.300068 0.864061
v -1.039658 0.300068 0.864061
v -0.422859 0.130707 0.772329
v -1.039658 0.130708 0.772329
v -1.039658 0.114322 0.794587
v -0.422859 0.114322 0.794587
v -1.039658 0.130708 0.772329
v -1.039658 0.050301 0.604623
v -1.039658 0.025350 0.611377
v -1.039658 0.114322 0.794587
v -1.039658 0.050301 0.604623
v -0.422859 0.050301 0.604623
v -0.422859 0.025350 0.611377
v -1.039658 0.025350 0.611377
v -0.422859 0.050301 0.604623
v -0.422859 0.130707 0.772329
v -0.422859 0.114322 0.794587
v -0.422859 0.025350 0.611377
v -1.039658 0.130708 0.772329
v -0.422859 0.130707 0.772329
v -0.422859 0.050301 0.604623
v -1.039658 0.050301 0.604623
v -1.039658 0.025350 0.611377
v -0.422859 0.025350 0.611377
v -0.422859 0.114322 0.794587
v -1.039658 0.114322 0.794587
v -0.422859 0.048103 0.594881
v -1.039658 0.048104 0.594881
v -1.039658 0.023042 0.601091
v -0.422859 0.023042 0.601090
v -1.039658 0.048104 0.594881
v -1.039658 0.029173 0.391783
v -1.039658 0.003542 0.393177
v -1.039658 0.023042 0.601091
v -1.039658 0.029173 0.391783
v -0.422859 0.029172 0.391782
v -0.422859 0.003542 0.393176
v -1.039658 0.003542 0.393177
v -0.422859 0.029172 0.391782
v -0.422859 0.048103 0.594881
v -0.422859 0.023042 0.601090
v -0.422859 0.003542 0.393176
v -1.039658 0.048104 0.594881
v -0.422859 0.048103 0.594881
v -0.422859 0.029172 0.391782
v -1.039658 0.029173 0.391783
v -1.039658 0.003542 0.393177
v -0.422859 0.003542 0.393176
v -0.422859 0.023042 0.601090
v -1.039658 0.023042 0.601091
v -0.422859 0.028736 0.381498
v -1.039658 0.028736 0.381499
v -1.039658 0.003101 0.382772
v -0.422859 0.003100 0.382771
v -1.039658 0.028736 0.381499
v -1.039658 0.025721 0.174957
v -1.039658 0.000062 0.175116
v -1.039658 0.003101 0.382772
v -1.039658 0.025721 0.174957
v -0.422859 0.025721 0.174957
v -0.422859 0.000061 0.175116
v -1.039658 0.000062 0.175116
v -0.422859 0.025721 0.174957
v -0.422859 0.028736 0.381498
v -0.422859 0.003100 0.382771
v -0.422859 0.000061 0.175116
v -1.039658 0.028736 0.381499
v -0.422859 0.028736 0.381498
v -0.422859 0.025721 0.174957
v -1.039658 0.025721 0.174957
v -1.039658 0.000062 0.175116
v -0.422859 0.000061 0.175116
v -0.422859 0.003100 0.382771
v -1.039658 0.003101 0.382772
v -0.422859 0.025660 0.164617
v -1.039658 0.025660 0.164617
v -1.039658 0.000000 0.164742
v -0.422859 0.000000 0.164742
v -1.039658 0.025660 0.164617
v -1.039658 0.025938 -0.042457
v -1.039658 0.000278 -0.042488
v -1.039658 0.000000 0.164742
v -1.039658 0.025938 -0.042457
v -0.422859 0.025938 -0.042457
v -0.422859 0.000278 -0.042488
v -1.039658 0.000278 -0.042488
v -0.422859 0.025938 -0.042457
v -0.422859 0.025660 0.164617
v -0.422859 0.000000 0.164742
v -0.422859 0.000278 -0.042488
v -1.039658 0.025660 0.164617
v -0.422859 0.025660 0.164617
v -0.422859 0.025938 -0.042457
v -1.039658 0.025938 -0.042457
v -1.039658 0.000278 -0.042488
v -0.422859 0.000278 -0.042488
v -0.422859 0.000000 0.164742
v -1.039658 0.000000 0.164742
vt 0.500000 0.500000
vt 0.479167 0.000000
vt 0.437500 0.500000
vt 0.376608 0.716076
vt 0.378434 0.729947
vt 0.378434 0.770053
vt 0.299730 0.629939
vt 0.370000 0.542154
vt 0.312117 0.518178
vt 0.354996 0.673363
vt 0.457846 0.630000
vt 0.419706 0.580294
vt 0.378434 0.770053
vt 0.481822 0.812117
vt 0.490000 0.750000
vt 0.216076 0.876608
vt 0.218942 0.985911
vt 0.263872 0.879248
vt 0.168417 0.851200
vt 0.080294 0.919706
vt 0.130000 0.957846
vt 0.128747 0.796851
vt 0.018178 0.812117
vt 0.042154 0.870000
vt 0.233037 0.621159
vt 0.250000 0.510000
vt 0.187883 0.518178
vt 0.314843 0.702671
vt 0.326179 0.729445
vt 0.328994 0.752620
vt 0.182899 0.791766
vt 0.173363 0.854996
vt 0.219288 0.824147
vt 0.187501 0.699616
vt 0.128747 0.703149
vt 0.170431 0.739525
vt 0.229432 0.673607
vt 0.168417 0.648800
vt 0.187501 0.699616
vt 0.170431 0.739525
vt 0.172878 0.739887
vt 0.187501 0.699616
vt 0.260475 0.829569
vt 0.247380 0.828994
vt 0.219288 0.824147
vt 0.219288 0.824147
vt 0.247380 0.828994
vt 0.192290 0.804005
vt 0.328994 0.752620
vt 0.326179 0.729445
vt 0.309622 0.799594
vt 0.187501 0.699616
vt 0.201144 0.686329
vt 0.229432 0.673607
vt 0.328994 0.752620
vt 0.309622 0.799594
vt 0.306009 0.805874
vt 0.229432 0.673607
vt 0.201144 0.686329
vt 0.241433 0.670180
vt 0.182899 0.791766
vt 0.192290 0.804005
vt 0.172878 0.739887
vt 0.280712 0.675853
vt 0.289475 0.681438
vt 0.314843 0.702671
vt 0.604166 0.000000
vt 0.583333 0.500000
vt 0.625000 0.500000
vt 0.296851 0.871253
vt 0.394853 0.938776
vt 0.351200 0.831583
vt 0.296851 0.871253
vt 0.312117 0.981822
vt 0.394853 0.938776
vt 0.379248 0.736129
vt 0.379248 0.763871
vt 0.376608 0.783924
vt 0.302611 0.631133
vt 0.283924 0.623392
vt 0.329110 0.646902
vt 0.302611 0.631133
vt 0.329110 0.646902
vt 0.354996 0.673363
vt 0.354996 0.673363
vt 0.368867 0.697389
vt 0.379248 0.736129
vt 0.250000 0.881074
vt 0.236129 0.879248
vt 0.200269 0.870060
vt 0.267915 0.673019
vt 0.283924 0.623392
vt 0.233038 0.621159
vt 0.307239 0.692761
vt 0.329110 0.646902
vt 0.267915 0.673019
vt 0.324146 0.780712
vt 0.354996 0.826637
vt 0.379248 0.763871
vt 0.287229 0.819721
vt 0.302611 0.868867
vt 0.354996 0.826637
vt 0.176590 0.782491
vt 0.121566 0.770053
vt 0.146902 0.829110
vt 0.172819 0.732029
vt 0.121566 0.770053
vt 0.176590 0.782491
vt 0.172819 0.732029
vt 0.128747 0.703149
vt 0.121566 0.770053
vt 0.208234 0.682899
vt 0.233038 0.621159
vt 0.170890 0.646902
vt 0.267915 0.673019
vt 0.233038 0.621159
vt 0.208234 0.682899
vt 0.237616 0.829318
vt 0.239807 0.827112
vt 0.201143 0.813671
vt 0.324146 0.780712
vt 0.309589 0.799684
vt 0.287229 0.819721
vt 0.287229 0.819721
vt 0.309589 0.799684
vt 0.239807 0.827112
vt 0.307239 0.692761
vt 0.322822 0.723236
vt 0.326393 0.729432
vt 0.287229 0.819721
vt 0.239807 0.827112
vt 0.237616 0.829318
vt 0.645833 0.000000
vt 0.625000 0.500000
vt 0.666667 0.500000
vt 0.437500 0.000000
vt 0.416666 0.500000
vt 0.458333 0.500000
vt 0.299731 0.629940
vt 0.370000 0.542154
vt 0.312117 0.518178
vt 0.326637 0.854996
vt 0.438776 0.894853
vt 0.368867 0.802611
vt 0.326637 0.854996
vt 0.370000 0.957846
vt 0.438776 0.894853
vt 0.263872 0.879248
vt 0.250000 0.990000
vt 0.312117 0.981822
vt 0.131133 0.697389
vt 0.145004 0.673363
vt 0.170890 0.646902
vt 0.379248 0.736129
vt 0.379248 0.763871
vt 0.368867 0.802611
vt 0.233038 0.621159
vt 0.266962 0.621159
vt 0.299731 0.629940
vt 0.233038 0.621159
vt 0.200269 0.629940
vt 0.266962 0.621159
vt 0.120752 0.763871
vt 0.120752 0.736129
vt 0.131133 0.697389
vt 0.282491 0.676590
vt 0.266962 0.621159
vt 0.239525 0.670431
vt 0.174433 0.773194
vt 0.146902 0.829110
vt 0.202671 0.814843
vt 0.174433 0.773194
vt 0.123392 0.783924
vt 0.146902 0.829110
vt 0.201144 0.686329
vt 0.145004 0.673363
vt 0.175854 0.719288
vt 0.239525 0.670431
vt 0.260193 0.672888
vt 0.282491 0.676590
vt 0.174433 0.773194
vt 0.186664 0.794755
vt 0.173607 0.729432
vt 0.541666 0.500000
vt 0.562500 0.000000
vt 0.583333 0.500000
vt 0.958333 0.500000
vt 1.000000 0.500000
vt 1.000000 0.000000
vt 0.958333 0.000000
vt 0.378434 0.729947
vt 0.376608 0.716076
vt 0.378434 0.770053
vt 0.341058 0.969834
vt 0.263872 0.879248
vt 0.315537 0.863513
vt 0.229947 0.621566
vt 0.203150 0.628746
vt 0.270053 0.621566
vt 0.296850 0.628746
vt 0.270053 0.621566
vt 0.315537 0.636487
vt 0.280712 0.824146
vt 0.270053 0.878434
vt 0.239525 0.829569
vt 0.239887 0.827122
vt 0.239525 0.829569
vt 0.199616 0.812499
vt 0.227024 0.674375
vt 0.205246 0.686664
vt 0.185157 0.702671
vt 0.280712 0.675853
vt 0.270568 0.673607
vt 0.227024 0.674375
vt 0.187501 0.800384
vt 0.199616 0.812499
vt 0.175117 0.778934
vt 0.304005 0.807710
vt 0.313671 0.798856
vt 0.280712 0.824146
vt 0.171097 0.750137
vt 0.175117 0.778934
vt 0.170431 0.739525
vt 0.239525 0.829569
vt 0.239887 0.827122
vt 0.280712 0.824146
vt 0.208333 0.500000
vt 0.229167 0.000000
vt 0.250000 0.500000
vt 0.041666 0.500000
vt 0.062500 0.000000
vt 0.083333 0.500000
vt 0.120752 0.763871
vt 0.014089 0.718942
vt 0.131133 0.697389
vt 0.170890 0.646902
vt 0.158942 0.530166
vt 0.233038 0.621159
vt 0.379248 0.763871
vt 0.379248 0.736129
vt 0.376608 0.783924
vt 0.329110 0.646902
vt 0.302611 0.631133
vt 0.354996 0.673363
vt 0.368867 0.697389
vt 0.354996 0.673363
vt 0.379248 0.736129
vt 0.236129 0.879248
vt 0.250000 0.881074
vt 0.200269 0.870060
vt 0.329110 0.646902
vt 0.318401 0.710668
vt 0.267915 0.673019
vt 0.199616 0.812499
vt 0.146902 0.829110
vt 0.173558 0.770385
vt 0.233038 0.621159
vt 0.267915 0.673019
vt 0.208234 0.682899
vt 0.208234 0.682899
vt 0.177239 0.723163
vt 0.175117 0.721066
vt 0.190378 0.799594
vt 0.199616 0.812499
vt 0.173558 0.770385
vt 0.175117 0.721066
vt 0.177239 0.723163
vt 0.173558 0.770385
vt 0.260113 0.827122
vt 0.280713 0.824146
vt 0.237616 0.829318
vt 0.791667 0.500000
vt 0.812500 0.000000
vt 0.833333 0.500000
vt 0.353098 0.670890
vt 0.469834 0.658942
vt 0.379248 0.736129
vt 0.145004 0.673363
vt 0.131133 0.697389
vt 0.170890 0.646902
vt 0.379248 0.763871
vt 0.379248 0.736129
vt 0.368867 0.802611
vt 0.120752 0.736129
vt 0.120752 0.763871
vt 0.131133 0.697389
vt 0.291766 0.817101
vt 0.270053 0.878434
vt 0.239525 0.829569
vt 0.239525 0.829569
vt 0.200269 0.870060
vt 0.201144 0.813671
vt 0.146902 0.829110
vt 0.173821 0.770555
vt 0.201144 0.813671
vt 0.173821 0.770555
vt 0.120752 0.736129
vt 0.182899 0.708234
vt 0.194305 0.694109
vt 0.182899 0.708234
vt 0.232085 0.673019
vt 0.250095 0.670887
vt 0.232085 0.673019
vt 0.282491 0.676590
vt 0.173821 0.770555
vt 0.194110 0.805696
vt 0.201144 0.813671
vt 0.291766 0.817101
vt 0.305696 0.805890
vt 0.326393 0.770568
vt 0.309622 0.700406
vt 0.282491 0.676590
vt 0.319834 0.712967
vt 0.170887 0.749905
vt 0.173821 0.770555
vt 0.182899 0.708234
vt 0.239525 0.829569
vt 0.249906 0.829113
vt 0.291766 0.817101
vt 0.916667 0.500000
vt 0.958333 0.500000
vt 0.958333 0.000000
vt 0.916667 0.000000
vt 0.875000 0.500000
vt 0.916667 0.500000
vt 0.916667 0.000000
vt 0.875000 0.000000
vt 0.833333 0.500000
vt 0.875000 0.500000
vt 0.875000 0.000000
vt 0.833333 0.000000
vt 0.791667 0.500000
vt 0.833333 0.500000
vt 0.833333 0.000000
vt 0.791667 0.000000
vt 0.750000 0.500000
vt 0.791667 0.500000
vt 0.791667 0.000000
vt 0.750000 0.000000
vt 0.708333 0.500000
vt 0.750000 0.500000
vt 0.750000 0.000000
vt 0.708333 0.000000
vt 0.666667 0.500000
vt 0.708333 0.500000
vt 0.708333 0.000000
vt 0.666667 0.000000
vt 0.625000 0.500000
vt 0.666667 0.500000
vt 0.666667 0.000000
vt 0.625000 0.000000
vt 0.583333 0.500000
vt 0.625000 0.500000
vt 0.625000 0.000000
vt 0.583333 0.000000
vt 0.541666 0.500000
vt 0.583333 0.500000
vt 0.583333 0.000000
vt 0.541666 0.000000
vt 0.500000 0.500000
vt 0.541666 0.500000
vt 0.541666 0.000000
vt 0.479167 0.000000
vt 0.375000 0.500000
vt 0.437500 0.500000
vt 0.416666 0.000000
vt 0.375000 0.000000
vt 0.437500 0.500000
vt 0.479167 0.000000
vt 0.416666 0.000000
vt 0.333333 0.500000
vt 0.375000 0.500000
vt 0.375000 0.000000
vt 0.333333 0.000000
vt 0.291667 0.000000
vt 0.270833 0.500000
vt 0.333333 0.500000
vt 0.333333 0.000000
vt 0.208333 0.500000
vt 0.270833 0.500000
vt 0.250000 0.000000
vt 0.208333 0.000000
vt 0.291667 0.000000
vt 0.250000 0.000000
vt 0.270833 0.500000
vt 0.166666 0.500000
vt 0.208333 0.500000
vt 0.208333 0.000000
vt 0.166666 0.000000
vt 0.125000 0.000000
vt 0.104166 0.500000
vt 0.166666 0.500000
vt 0.166666 0.000000
vt 0.041666 0.500000
vt 0.104166 0.500000
vt 0.083333 0.000000
vt 0.041666 0.000000
vt 0.125000 0.000000
vt 0.083333 0.000000
vt 0.104166 0.500000
vt -0.000000 0.500000
vt 0.041666 0.500000
vt 0.041666 0.000000
vt -0.000000 0.000000
vt 0.981822 0.812117
vt 0.957846 0.870000
vt 0.919706 0.919706
vt 0.870000 0.957846
vt 0.812117 0.981822
vt 0.750000 0.990000
vt 0.658942 0.969834
vt 0.580294 0.919706
vt 0.542154 0.870000
vt 0.514089 0.781058
vt 0.518178 0.687884
vt 0.542154 0.630000
vt 0.605147 0.561224
vt 0.687883 0.518178
vt 0.750000 0.510000
vt 0.812117 0.518178
vt 0.870000 0.542154
vt 0.919706 0.580294
vt 0.957846 0.630000
vt 0.981822 0.687883
vt 0.990000 0.750000
vt 0.250000 0.510000
vt 0.233037 0.621159
vt 0.299730 0.629939
vt 0.312117 0.518178
vt 0.370000 0.542154
vt 0.299730 0.629939
vt 0.354996 0.673363
vt 0.419706 0.580294
vt 0.481822 0.687883
vt 0.457846 0.630000
vt 0.354996 0.673363
vt 0.376608 0.716076
vt 0.481822 0.687883
vt 0.376608 0.716076
vt 0.378434 0.770053
vt 0.490000 0.750000
vt 0.457846 0.870000
vt 0.481822 0.812117
vt 0.378434 0.770053
vt 0.351201 0.831583
vt 0.419706 0.919706
vt 0.351201 0.831583
vt 0.315537 0.863513
vt 0.370000 0.957846
vt 0.351201 0.831583
vt 0.419706 0.919706
vt 0.457846 0.870000
vt 0.370000 0.957846
vt 0.315537 0.863513
vt 0.263872 0.879248
vt 0.312117 0.981822
vt 0.218942 0.985911
vt 0.216076 0.876608
vt 0.168417 0.851200
vt 0.130000 0.957846
vt 0.263872 0.879248
vt 0.218942 0.985911
vt 0.312117 0.981822
vt 0.042154 0.870000
vt 0.080294 0.919706
vt 0.168417 0.851200
vt 0.128747 0.796851
vt 0.018178 0.812117
vt 0.128747 0.796851
vt 0.118926 0.750000
vt 0.010000 0.750000
vt 0.018178 0.687884
vt 0.010000 0.750000
vt 0.118926 0.750000
vt 0.131133 0.697389
vt 0.042154 0.630000
vt 0.131133 0.697389
vt 0.173363 0.645004
vt 0.080294 0.580294
vt 0.131133 0.697389
vt 0.042154 0.630000
vt 0.018178 0.687884
vt 0.130000 0.542154
vt 0.173363 0.645004
vt 0.233037 0.621159
vt 0.187883 0.518178
vt 0.173363 0.645004
vt 0.130000 0.542154
vt 0.080294 0.580294
vt 0.168417 0.648800
vt 0.173363 0.645004
vt 0.131133 0.697389
vt 0.128747 0.703149
vt 0.173363 0.854996
vt 0.168417 0.851200
vt 0.216076 0.876608
vt 0.216076 0.876608
vt 0.354996 0.826637
vt 0.351201 0.831583
vt 0.378434 0.770053
vt 0.376608 0.783924
vt 0.378434 0.770053
vt 0.378434 0.729947
vt 0.376608 0.783924
vt 0.233037 0.621159
vt 0.233037 0.621159
vt 0.173363 0.645004
vt 0.168417 0.648800
vt 0.233037 0.621159
vt 0.299730 0.629939
vt 0.299730 0.629939
vt 0.233037 0.621159
vt 0.131133 0.802611
vt 0.128747 0.796851
vt 0.168417 0.851200
vt 0.173363 0.854996
vt 0.315537 0.863513
vt 0.315537 0.863513
vt 0.351201 0.831583
vt 0.354996 0.826637
vt 0.351201 0.668417
vt 0.354996 0.673363
vt 0.299730 0.629939
vt 0.299730 0.629939
vt 0.118926 0.750000
vt 0.118926 0.750000
vt 0.128747 0.796851
vt 0.131133 0.802611
vt 0.270053 0.878434
vt 0.263872 0.879248
vt 0.315537 0.863513
vt 0.315537 0.863513
vt 0.128747 0.703149
vt 0.131133 0.697389
vt 0.118926 0.750000
vt 0.118926 0.750000
vt 0.378434 0.729947
vt 0.376608 0.716076
vt 0.354996 0.673363
vt 0.351201 0.668417
vt 0.216076 0.876608
vt 0.216076 0.876608
vt 0.263872 0.879248
vt 0.270053 0.878434
vt 0.299730 0.629939
vt 0.233037 0.621159
vt 0.229432 0.673607
vt 0.280712 0.675853
vt 0.299730 0.629939
vt 0.280712 0.675853
vt 0.314843 0.702671
vt 0.351201 0.668417
vt 0.351201 0.668417
vt 0.314843 0.702671
vt 0.328994 0.752620
vt 0.378434 0.729947
vt 0.354996 0.826637
vt 0.376608 0.783924
vt 0.328994 0.752620
vt 0.306009 0.805874
vt 0.328994 0.752620
vt 0.376608 0.783924
vt 0.378434 0.729947
vt 0.270053 0.878434
vt 0.315537 0.863513
vt 0.306009 0.805874
vt 0.260475 0.829569
vt 0.306009 0.805874
vt 0.315537 0.863513
vt 0.354996 0.826637
vt 0.270053 0.878434
vt 0.260475 0.829569
vt 0.219288 0.824147
vt 0.216076 0.876608
vt 0.131133 0.802611
vt 0.182899 0.791766
vt 0.170431 0.739525
vt 0.118926 0.750000
vt 0.219288 0.824147
vt 0.173363 0.854996
vt 0.216076 0.876608
vt 0.182899 0.791766
vt 0.131133 0.802611
vt 0.173363 0.854996
vt 0.170431 0.739525
vt 0.128747 0.703149
vt 0.118926 0.750000
vt 0.187501 0.699616
vt 0.168417 0.648800
vt 0.128747 0.703149
vt 0.229432 0.673607
vt 0.233037 0.621159
vt 0.168417 0.648800
vt 0.241433 0.670180
vt 0.289475 0.681438
vt 0.280712 0.675853
vt 0.229432 0.673607
vt 0.172878 0.739887
vt 0.192290 0.804005
vt 0.247380 0.828994
vt 0.309622 0.799594
vt 0.326179 0.729445
vt 0.289475 0.681438
vt 0.241433 0.670180
vt 0.201144 0.686329
vt 0.187501 0.699616
vt 0.172878 0.739887
vt 0.201144 0.686329
vt 0.182899 0.791766
vt 0.219288 0.824147
vt 0.192290 0.804005
vt 0.309622 0.799594
vt 0.247380 0.828994
vt 0.260475 0.829569
vt 0.306009 0.805874
vt 0.170431 0.739525
vt 0.182899 0.791766
vt 0.172878 0.739887
vt 0.958333 0.500000
vt 1.000000 0.500000
vt 1.000000 0.000000
vt 0.958333 0.000000
vt 0.314843 0.702671
vt 0.289475 0.681438
vt 0.326179 0.729445
vt 0.916667 0.500000
vt 0.958333 0.500000
vt 0.958333 0.000000
vt 0.916667 0.000000
vt 0.875000 0.500000
vt 0.916667 0.500000
vt 0.916667 0.000000
vt 0.875000 0.000000
vt 0.833333 0.500000
vt 0.875000 0.500000
vt 0.875000 0.000000
vt 0.833333 0.000000
vt 0.791667 0.500000
vt 0.833333 0.500000
vt 0.833333 0.000000
vt 0.791667 0.000000
vt 0.750000 0.500000
vt 0.791667 0.500000
vt 0.791667 0.000000
vt 0.750000 0.000000
vt 0.708333 0.500000
vt 0.750000 0.500000
vt 0.750000 0.000000
vt 0.708333 0.000000
vt 0.666667 0.500000
vt 0.708333 0.500000
vt 0.708333 0.000000
vt 0.666667 0.000000
vt 0.625000 0.500000
vt 0.666667 0.500000
vt 0.666667 0.000000
vt 0.604166 0.000000
vt 0.541666 0.000000
vt 0.520833 0.500000
vt 0.583333 0.500000
vt 0.604166 0.000000
vt 0.458333 0.500000
vt 0.520833 0.500000
vt 0.500000 0.000000
vt 0.458333 0.000000
vt 0.541666 0.000000
vt 0.500000 0.000000
vt 0.520833 0.500000
vt 0.416666 0.500000
vt 0.458333 0.500000
vt 0.458333 0.000000
vt 0.416666 0.000000
vt 0.375000 0.500000
vt 0.416666 0.500000
vt 0.416666 0.000000
vt 0.375000 0.000000
vt 0.333333 0.500000
vt 0.375000 0.500000
vt 0.375000 0.000000
vt 0.333333 0.000000
vt 0.291667 0.500000
vt 0.333333 0.500000
vt 0.333333 0.000000
vt 0.291667 0.000000
vt 0.250000 0.500000
vt 0.291667 0.500000
vt 0.291667 0.000000
vt 0.250000 0.000000
vt 0.208333 0.500000
vt 0.250000 0.500000
vt 0.250000 0.000000
vt 0.208333 0.000000
vt 0.166666 0.000000
vt 0.145833 0.500000
vt 0.208333 0.500000
vt 0.208333 0.000000
vt 0.083333 0.500000
vt 0.145833 0.500000
vt 0.125000 0.000000
vt 0.083333 0.000000
vt 0.166666 0.000000
vt 0.125000 0.000000
vt 0.145833 0.500000
vt 0.041666 0.500000
vt 0.083333 0.500000
vt 0.083333 0.000000
vt 0.041666 0.000000
vt 0.379248 0.736129
vt 0.368867 0.697389
vt 0.379248 0.763871
vt -0.000000 0.000000
vt -0.000000 0.500000
vt 0.041666 0.500000
vt 0.041666 0.000000
vt 0.312117 0.518178
vt 0.250000 0.510000
vt 0.233038 0.621159
vt 0.302611 0.631133
vt 0.687883 0.518178
vt 0.750000 0.510000
vt 0.812117 0.518178
vt 0.870000 0.542154
vt 0.919706 0.580294
vt 0.957846 0.630000
vt 0.981822 0.687883
vt 0.990000 0.750000
vt 0.981822 0.812117
vt 0.957846 0.870000
vt 0.919706 0.919706
vt 0.870000 0.957846
vt 0.781059 0.985911
vt 0.687884 0.981822
vt 0.630000 0.957846
vt 0.580294 0.919706
vt 0.542154 0.870000
vt 0.518178 0.812117
vt 0.510000 0.750000
vt 0.518178 0.687884
vt 0.561224 0.605147
vt 0.630000 0.542154
vt 0.370000 0.542154
vt 0.302611 0.631133
vt 0.354996 0.673363
vt 0.419706 0.580294
vt 0.302611 0.631133
vt 0.370000 0.542154
vt 0.312117 0.518178
vt 0.481822 0.687883
vt 0.457846 0.630000
vt 0.354996 0.673363
vt 0.379248 0.736129
vt 0.354996 0.673363
vt 0.457846 0.630000
vt 0.419706 0.580294
vt 0.481822 0.812117
vt 0.490000 0.750000
vt 0.379248 0.736129
vt 0.376608 0.783924
vt 0.379248 0.736129
vt 0.490000 0.750000
vt 0.481822 0.687883
vt 0.481822 0.812117
vt 0.376608 0.783924
vt 0.351200 0.831583
vt 0.457846 0.870000
vt 0.312117 0.981822
vt 0.296851 0.871253
vt 0.250000 0.881074
vt 0.250000 0.990000
vt 0.351200 0.831583
vt 0.394853 0.938776
vt 0.457846 0.870000
vt 0.187884 0.981822
vt 0.250000 0.990000
vt 0.250000 0.881074
vt 0.200269 0.870060
vt 0.130000 0.957846
vt 0.200269 0.870060
vt 0.146902 0.829110
vt 0.080294 0.919706
vt 0.200269 0.870060
vt 0.130000 0.957846
vt 0.187884 0.981822
vt 0.018178 0.812117
vt 0.042154 0.870000
vt 0.146902 0.829110
vt 0.120752 0.763871
vt 0.146902 0.829110
vt 0.042154 0.870000
vt 0.080294 0.919706
vt 0.018178 0.687884
vt 0.010000 0.750000
vt 0.120752 0.763871
vt 0.131133 0.697389
vt 0.120752 0.763871
vt 0.010000 0.750000
vt 0.018178 0.812117
vt 0.080294 0.580294
vt 0.042154 0.630000
vt 0.131133 0.697389
vt 0.170890 0.646902
vt 0.131133 0.697389
vt 0.042154 0.630000
vt 0.018178 0.687884
vt 0.187883 0.518178
vt 0.130000 0.542154
vt 0.170890 0.646902
vt 0.233038 0.621159
vt 0.170890 0.646902
vt 0.130000 0.542154
vt 0.080294 0.580294
vt 0.170890 0.646902
vt 0.170890 0.646902
vt 0.131133 0.697389
vt 0.128747 0.703149
vt 0.233038 0.621159
vt 0.250000 0.510000
vt 0.187883 0.518178
vt 0.184463 0.863513
vt 0.146902 0.829110
vt 0.146902 0.829110
vt 0.200269 0.870060
vt 0.200269 0.870060
vt 0.236129 0.879248
vt 0.184463 0.863513
vt 0.354996 0.826637
vt 0.351200 0.831583
vt 0.376608 0.783924
vt 0.379248 0.763871
vt 0.170890 0.646902
vt 0.233038 0.621159
vt 0.233038 0.621159
vt 0.170890 0.646902
vt 0.283924 0.623392
vt 0.302611 0.631133
vt 0.233038 0.621159
vt 0.233038 0.621159
vt 0.121566 0.770053
vt 0.120752 0.763871
vt 0.146902 0.829110
vt 0.146902 0.829110
vt 0.302611 0.868867
vt 0.296851 0.871253
vt 0.351200 0.831583
vt 0.354996 0.826637
vt 0.128747 0.703149
vt 0.131133 0.697389
vt 0.120752 0.763871
vt 0.121566 0.770053
vt 0.354996 0.673363
vt 0.329110 0.646902
vt 0.368867 0.697389
vt 0.236129 0.879248
vt 0.250000 0.881074
vt 0.296851 0.871253
vt 0.302611 0.868867
vt 0.329110 0.646902
vt 0.307239 0.692761
vt 0.326393 0.729432
vt 0.368867 0.697389
vt 0.267915 0.673019
vt 0.329110 0.646902
vt 0.283924 0.623392
vt 0.302611 0.868867
vt 0.287229 0.819721
vt 0.237616 0.829318
vt 0.236129 0.879248
vt 0.326393 0.729432
vt 0.379248 0.763871
vt 0.368867 0.697389
vt 0.326393 0.729432
vt 0.324146 0.780712
vt 0.379248 0.763871
vt 0.324146 0.780712
vt 0.287229 0.819721
vt 0.354996 0.826637
vt 0.184463 0.863513
vt 0.236129 0.879248
vt 0.237616 0.829318
vt 0.201143 0.813671
vt 0.128747 0.703149
vt 0.172819 0.732029
vt 0.208234 0.682899
vt 0.170890 0.646902
vt 0.201143 0.813671
vt 0.146902 0.829110
vt 0.184463 0.863513
vt 0.201143 0.813671
vt 0.176590 0.782491
vt 0.146902 0.829110
vt 0.322822 0.723236
vt 0.309589 0.799684
vt 0.324146 0.780712
vt 0.326393 0.729432
vt 0.239807 0.827112
vt 0.309589 0.799684
vt 0.322822 0.723236
vt 0.272976 0.674375
vt 0.219287 0.675854
vt 0.178123 0.720271
vt 0.181599 0.789333
vt 0.208234 0.682899
vt 0.172819 0.732029
vt 0.178123 0.720271
vt 0.219287 0.675854
vt 0.272976 0.674375
vt 0.267915 0.673019
vt 0.208234 0.682899
vt 0.208234 0.682899
vt 0.178123 0.720271
vt 0.219287 0.675854
vt 0.201143 0.813671
vt 0.239807 0.827112
vt 0.181599 0.789333
vt 0.176590 0.782491
vt 0.201143 0.813671
vt 0.181599 0.789333
vt 0.272976 0.674375
vt 0.322822 0.723236
vt 0.307239 0.692761
vt 0.267915 0.673019
vt 0.181599 0.789333
vt 0.178123 0.720271
vt 0.172819 0.732029
vt 0.176590 0.782491
vt 0.958333 0.500000
vt 1.000000 0.500000
vt 1.000000 0.000000
vt 0.958333 0.000000
vt 0.916667 0.500000
vt 0.958333 0.500000
vt 0.958333 0.000000
vt 0.916667 0.000000
vt 0.875000 0.500000
vt 0.916667 0.500000
vt 0.916667 0.000000
vt 0.875000 0.000000
vt 0.833333 0.500000
vt 0.875000 0.500000
vt 0.875000 0.000000
vt 0.833333 0.000000
vt 0.791667 0.500000
vt 0.833333 0.500000
vt 0.833333 0.000000
vt 0.791667 0.000000
vt 0.750000 0.500000
vt 0.791667 0.500000
vt 0.791667 0.000000
vt 0.750000 0.000000
vt 0.708333 0.500000
vt 0.750000 0.500000
vt 0.750000 0.000000
vt 0.708333 0.000000
vt 0.666667 0.500000
vt 0.708333 0.500000
vt 0.708333 0.000000
vt 0.645833 0.000000
vt 0.583333 0.000000
vt 0.583333 0.500000
vt 0.625000 0.500000
vt 0.645833 0.000000
vt 0.541666 0.500000
vt 0.583333 0.500000
vt 0.583333 0.000000
vt 0.541666 0.000000
vt 0.500000 0.000000
vt 0.500000 0.500000
vt 0.541666 0.500000
vt 0.541666 0.000000
vt 0.458333 0.500000
vt 0.500000 0.500000
vt 0.500000 0.000000
vt 0.437500 0.000000
vt 0.375000 0.000000
vt 0.375000 0.500000
vt 0.416666 0.500000
vt 0.437500 0.000000
vt 0.333333 0.500000
vt 0.375000 0.500000
vt 0.375000 0.000000
vt 0.333333 0.000000
vt 0.291667 0.500000
vt 0.333333 0.500000
vt 0.333333 0.000000
vt 0.291667 0.000000
vt 0.250000 0.500000
vt 0.291667 0.500000
vt 0.291667 0.000000
vt 0.250000 0.000000
vt 0.208333 0.500000
vt 0.250000 0.500000
vt 0.250000 0.000000
vt 0.208333 0.000000
vt 0.166666 0.500000
vt 0.208333 0.500000
vt 0.208333 0.000000
vt 0.166666 0.000000
vt 0.125000 0.500000
vt 0.166666 0.500000
vt 0.166666 0.000000
vt 0.125000 0.000000
vt 0.083333 0.500000
vt 0.125000 0.500000
vt 0.125000 0.000000
vt 0.083333 0.000000
vt 0.041666 0.500000
vt 0.083333 0.500000
vt 0.083333 0.000000
vt 0.041666 0.000000
vt 0.379248 0.736129
vt 0.376608 0.716076
vt 0.379248 0.763871
vt -0.000000 0.000000
vt -0.000000 0.500000
vt 0.041666 0.500000
vt 0.041666 0.000000
vt 0.312117 0.518178
vt 0.250000 0.510000
vt 0.233038 0.621159
vt 0.299731 0.629940
vt 0.812117 0.981822
vt 0.750000 0.990000
vt 0.687884 0.981822
vt 0.630000 0.957846
vt 0.580294 0.919706
vt 0.542154 0.870000
vt 0.518178 0.812117
vt 0.510000 0.750000
vt 0.518178 0.687884
vt 0.542154 0.630000
vt 0.580294 0.580294
vt 0.630000 0.542154
vt 0.687883 0.518178
vt 0.750000 0.510000
vt 0.812117 0.518178
vt 0.870000 0.542154
vt 0.919706 0.580294
vt 0.957846 0.630000
vt 0.981822 0.687883
vt 0.990000 0.750000
vt 0.981822 0.812117
vt 0.957846 0.870000
vt 0.919706 0.919706
vt 0.870000 0.957846
vt 0.370000 0.542154
vt 0.299731 0.629940
vt 0.353098 0.670890
vt 0.419706 0.580294
vt 0.481822 0.687883
vt 0.457846 0.630000
vt 0.353098 0.670890
vt 0.379248 0.736129
vt 0.353098 0.670890
vt 0.457846 0.630000
vt 0.419706 0.580294
vt 0.481822 0.812117
vt 0.490000 0.750000
vt 0.379248 0.736129
vt 0.368867 0.802611
vt 0.379248 0.736129
vt 0.490000 0.750000
vt 0.481822 0.687883
vt 0.370000 0.957846
vt 0.326637 0.854996
vt 0.263872 0.879248
vt 0.312117 0.981822
vt 0.368867 0.802611
vt 0.438776 0.894853
vt 0.481822 0.812117
vt 0.250000 0.990000
vt 0.263872 0.879248
vt 0.200269 0.870060
vt 0.158942 0.969834
vt 0.080294 0.919706
vt 0.158942 0.969834
vt 0.200269 0.870060
vt 0.146902 0.829110
vt 0.042154 0.870000
vt 0.146902 0.829110
vt 0.120752 0.763871
vt 0.018178 0.812117
vt 0.146902 0.829110
vt 0.042154 0.870000
vt 0.080294 0.919706
vt 0.018178 0.687884
vt 0.010000 0.750000
vt 0.120752 0.763871
vt 0.131133 0.697389
vt 0.120752 0.763871
vt 0.010000 0.750000
vt 0.018178 0.812117
vt 0.080294 0.580294
vt 0.042154 0.630000
vt 0.131133 0.697389
vt 0.170890 0.646902
vt 0.131133 0.697389
vt 0.042154 0.630000
vt 0.018178 0.687884
vt 0.130000 0.542154
vt 0.170890 0.646902
vt 0.233038 0.621159
vt 0.187883 0.518178
vt 0.170890 0.646902
vt 0.130000 0.542154
vt 0.080294 0.580294
vt 0.200269 0.870060
vt 0.146902 0.829110
vt 0.146902 0.829110
vt 0.200269 0.870060
vt 0.233038 0.621159
vt 0.250000 0.510000
vt 0.187883 0.518178
vt 0.328994 0.747380
vt 0.313671 0.701144
vt 0.317101 0.708234
vt 0.170890 0.646902
vt 0.145004 0.673363
vt 0.200269 0.629940
vt 0.331583 0.851200
vt 0.326637 0.854996
vt 0.368867 0.802611
vt 0.363513 0.815537
vt 0.368867 0.802611
vt 0.379248 0.763871
vt 0.363513 0.815537
vt 0.233038 0.621159
vt 0.170890 0.646902
vt 0.200269 0.629940
vt 0.123392 0.783924
vt 0.120752 0.763871
vt 0.146902 0.829110
vt 0.146902 0.829110
vt 0.299731 0.629940
vt 0.266962 0.621159
vt 0.315537 0.636487
vt 0.315537 0.636487
vt 0.353098 0.670890
vt 0.353098 0.670890
vt 0.299731 0.629940
vt 0.270053 0.878434
vt 0.263872 0.879248
vt 0.326637 0.854996
vt 0.331583 0.851200
vt 0.120752 0.763871
vt 0.123392 0.783924
vt 0.120752 0.736129
vt 0.376608 0.716076
vt 0.379248 0.736129
vt 0.353098 0.670890
vt 0.353098 0.670890
vt 0.200269 0.870060
vt 0.200269 0.870060
vt 0.263872 0.879248
vt 0.270053 0.878434
vt 0.131133 0.697389
vt 0.120752 0.736129
vt 0.145004 0.673363
vt 0.315537 0.636487
vt 0.282491 0.676590
vt 0.313671 0.701144
vt 0.353098 0.670890
vt 0.282491 0.676590
vt 0.315537 0.636487
vt 0.266962 0.621159
vt 0.353098 0.670890
vt 0.313671 0.701144
vt 0.328994 0.747380
vt 0.376608 0.716076
vt 0.379248 0.763871
vt 0.328994 0.747380
vt 0.307710 0.804005
vt 0.363513 0.815537
vt 0.328994 0.747380
vt 0.379248 0.763871
vt 0.376608 0.716076
vt 0.331583 0.851200
vt 0.307710 0.804005
vt 0.252620 0.828994
vt 0.270053 0.878434
vt 0.307710 0.804005
vt 0.331583 0.851200
vt 0.363513 0.815537
vt 0.201144 0.686329
vt 0.173607 0.729432
vt 0.186664 0.794755
vt 0.247380 0.828994
vt 0.304005 0.807710
vt 0.329569 0.760475
vt 0.317101 0.708234
vt 0.260193 0.672888
vt 0.252620 0.828994
vt 0.200269 0.870060
vt 0.270053 0.878434
vt 0.252620 0.828994
vt 0.202671 0.814843
vt 0.200269 0.870060
vt 0.202671 0.814843
vt 0.146902 0.829110
vt 0.200269 0.870060
vt 0.174433 0.773194
vt 0.120752 0.736129
vt 0.123392 0.783924
vt 0.174433 0.773194
vt 0.175854 0.719288
vt 0.120752 0.736129
vt 0.175854 0.719288
vt 0.145004 0.673363
vt 0.120752 0.736129
vt 0.201144 0.686329
vt 0.200269 0.629940
vt 0.145004 0.673363
vt 0.201144 0.686329
vt 0.239525 0.670431
vt 0.200269 0.629940
vt 0.239525 0.670431
vt 0.266962 0.621159
vt 0.200269 0.629940
vt 0.201144 0.686329
vt 0.201144 0.686329
vt 0.175854 0.719288
vt 0.173607 0.729432
vt 0.328994 0.747380
vt 0.317101 0.708234
vt 0.329569 0.760475
vt 0.247380 0.828994
vt 0.186664 0.794755
vt 0.202671 0.814843
vt 0.252620 0.828994
vt 0.329569 0.760475
vt 0.304005 0.807710
vt 0.307710 0.804005
vt 0.328994 0.747380
vt 0.201144 0.686329
vt 0.260193 0.672888
vt 0.239525 0.670431
vt 0.201144 0.686329
vt 0.317101 0.708234
vt 0.313671 0.701144
vt 0.282491 0.676590
vt 0.260193 0.672888
vt 0.174433 0.773194
vt 0.202671 0.814843
vt 0.186664 0.794755
vt 0.304005 0.807710
vt 0.247380 0.828994
vt 0.252620 0.828994
vt 0.307710 0.804005
vt 1.000000 0.000000
vt 1.000000 0.500000
vt 0.958333 0.500000
vt 0.958333 0.000000
vt 0.175854 0.719288
vt 0.174433 0.773194
vt 0.173607 0.729432
vt 0.958333 0.000000
vt 0.958333 0.500000
vt 0.916667 0.500000
vt 0.916667 0.000000
vt 0.916667 0.000000
vt 0.916667 0.500000
vt 0.875000 0.500000
vt 0.875000 0.000000
vt 0.875000 0.000000
vt 0.875000 0.500000
vt 0.833333 0.500000
vt 0.833333 0.000000
vt 0.833333 0.000000
vt 0.833333 0.500000
vt 0.791667 0.500000
vt 0.791667 0.000000
vt 0.791667 0.000000
vt 0.791667 0.500000
vt 0.750000 0.500000
vt 0.750000 0.000000
vt 0.750000 0.000000
vt 0.750000 0.500000
vt 0.708333 0.500000
vt 0.708333 0.000000
vt 0.708333 0.000000
vt 0.708333 0.500000
vt 0.666667 0.500000
vt 0.666667 0.000000
vt 0.666667 0.000000
vt 0.666667 0.500000
vt 0.625000 0.500000
vt 0.625000 0.000000
vt 0.625000 0.000000
vt 0.625000 0.500000
vt 0.583333 0.500000
vt 0.562500 0.000000
vt 0.500000 0.000000
vt 0.562500 0.000000
vt 0.541666 0.500000
vt 0.500000 0.500000
vt 0.458333 0.000000
vt 0.500000 0.000000
vt 0.500000 0.500000
vt 0.437500 0.500000
vt 0.416666 0.000000
vt 0.437500 0.500000
vt 0.375000 0.500000
vt 0.375000 0.000000
vt 0.437500 0.500000
vt 0.416666 0.000000
vt 0.458333 0.000000
vt 0.375000 0.000000
vt 0.375000 0.500000
vt 0.333333 0.500000
vt 0.333333 0.000000
vt 0.333333 0.000000
vt 0.333333 0.500000
vt 0.291667 0.500000
vt 0.291667 0.000000
vt 0.291667 0.000000
vt 0.291667 0.500000
vt 0.250000 0.500000
vt 0.250000 0.000000
vt 0.250000 0.000000
vt 0.250000 0.500000
vt 0.208333 0.500000
vt 0.208333 0.000000
vt 0.208333 0.000000
vt 0.208333 0.500000
vt 0.166666 0.500000
vt 0.166666 0.000000
vt 0.166666 0.000000
vt 0.166666 0.500000
vt 0.125000 0.500000
vt 0.125000 0.000000
vt 0.125000 0.000000
vt 0.125000 0.500000
vt 0.083333 0.500000
vt 0.083333 0.000000
vt 0.083333 0.000000
vt 0.083333 0.500000
vt 0.041666 0.500000
vt 0.041666 0.000000
vt 0.041666 0.000000
vt 0.041666 0.500000
vt -0.000000 0.500000
vt -0.000000 0.000000
vt 0.812117 0.518178
vt 0.750000 0.510000
vt 0.687883 0.518178
vt 0.630000 0.542154
vt 0.580294 0.580294
vt 0.542154 0.630000
vt 0.518178 0.687884
vt 0.510000 0.750000
vt 0.518178 0.812117
vt 0.542154 0.870000
vt 0.580294 0.919706
vt 0.658942 0.969834
vt 0.750000 0.990000
vt 0.812117 0.981822
vt 0.870000 0.957846
vt 0.919706 0.919706
vt 0.957846 0.870000
vt 0.981822 0.812117
vt 0.990000 0.750000
vt 0.981822 0.687883
vt 0.957846 0.630000
vt 0.919706 0.580294
vt 0.870000 0.542154
vt 0.370000 0.542154
vt 0.315537 0.636487
vt 0.270053 0.621566
vt 0.312117 0.518178
vt 0.250000 0.510000
vt 0.312117 0.518178
vt 0.270053 0.621566
vt 0.354996 0.673363
vt 0.315537 0.636487
vt 0.370000 0.542154
vt 0.419706 0.580294
vt 0.481822 0.687883
vt 0.376608 0.716076
vt 0.354996 0.673363
vt 0.457846 0.630000
vt 0.354996 0.673363
vt 0.419706 0.580294
vt 0.457846 0.630000
vt 0.378434 0.770053
vt 0.376608 0.716076
vt 0.481822 0.687883
vt 0.490000 0.750000
vt 0.457846 0.870000
vt 0.351201 0.831583
vt 0.378434 0.770053
vt 0.481822 0.812117
vt 0.378434 0.770053
vt 0.490000 0.750000
vt 0.481822 0.812117
vt 0.315537 0.863513
vt 0.351201 0.831583
vt 0.419706 0.919706
vt 0.341058 0.969834
vt 0.457846 0.870000
vt 0.419706 0.919706
vt 0.351201 0.831583
vt 0.216076 0.876608
vt 0.263872 0.879248
vt 0.250000 0.990000
vt 0.187884 0.981822
vt 0.341058 0.969834
vt 0.250000 0.990000
vt 0.263872 0.879248
vt 0.168417 0.851200
vt 0.216076 0.876608
vt 0.187884 0.981822
vt 0.130000 0.957846
vt 0.042154 0.870000
vt 0.128747 0.796851
vt 0.168417 0.851200
vt 0.080294 0.919706
vt 0.168417 0.851200
vt 0.130000 0.957846
vt 0.080294 0.919706
vt 0.121566 0.729947
vt 0.128747 0.796851
vt 0.018178 0.812117
vt 0.010000 0.750000
vt 0.128747 0.796851
vt 0.042154 0.870000
vt 0.018178 0.812117
vt 0.148800 0.668417
vt 0.121566 0.729947
vt 0.018178 0.687884
vt 0.042154 0.630000
vt 0.121566 0.729947
vt 0.010000 0.750000
vt 0.018178 0.687884
vt 0.203150 0.628746
vt 0.148800 0.668417
vt 0.080294 0.580294
vt 0.130000 0.542154
vt 0.042154 0.630000
vt 0.080294 0.580294
vt 0.148800 0.668417
vt 0.250000 0.510000
vt 0.270053 0.621566
vt 0.203150 0.628746
vt 0.187883 0.518178
vt 0.130000 0.542154
vt 0.187883 0.518178
vt 0.203150 0.628746
vt 0.314843 0.702671
vt 0.329113 0.750095
vt 0.328903 0.749862
vt 0.312499 0.699616
vt 0.216076 0.876608
vt 0.168417 0.851200
vt 0.173363 0.854996
vt 0.216076 0.876608
vt 0.148800 0.668417
vt 0.203150 0.628746
vt 0.184463 0.636487
vt 0.145004 0.673363
vt 0.376608 0.783924
vt 0.378434 0.729947
vt 0.378434 0.770053
vt 0.378434 0.770053
vt 0.351201 0.831583
vt 0.354996 0.826637
vt 0.376608 0.783924
vt 0.168417 0.851200
vt 0.128747 0.796851
vt 0.131133 0.802611
vt 0.173363 0.854996
vt 0.229947 0.621566
vt 0.184463 0.636487
vt 0.203150 0.628746
vt 0.296850 0.628746
vt 0.229947 0.621566
vt 0.270053 0.621566
vt 0.351201 0.831583
vt 0.315537 0.863513
vt 0.315537 0.863513
vt 0.354996 0.826637
vt 0.315537 0.636487
vt 0.354996 0.673363
vt 0.351201 0.668417
vt 0.296850 0.628746
vt 0.128747 0.796851
vt 0.121566 0.729947
vt 0.120752 0.736129
vt 0.131133 0.802611
vt 0.315537 0.863513
vt 0.263872 0.879248
vt 0.270053 0.878434
vt 0.315537 0.863513
vt 0.354996 0.673363
vt 0.376608 0.716076
vt 0.378434 0.729947
vt 0.351201 0.668417
vt 0.121566 0.729947
vt 0.148800 0.668417
vt 0.145004 0.673363
vt 0.120752 0.736129
vt 0.263872 0.879248
vt 0.216076 0.876608
vt 0.216076 0.876608
vt 0.270053 0.878434
vt 0.296850 0.628746
vt 0.280712 0.675853
vt 0.227024 0.674375
vt 0.229947 0.621566
vt 0.314843 0.702671
vt 0.280712 0.675853
vt 0.296850 0.628746
vt 0.351201 0.668417
vt 0.329113 0.750095
vt 0.314843 0.702671
vt 0.351201 0.668417
vt 0.378434 0.729947
vt 0.354996 0.826637
vt 0.313671 0.798856
vt 0.329113 0.750095
vt 0.376608 0.783924
vt 0.329113 0.750095
vt 0.378434 0.729947
vt 0.376608 0.783924
vt 0.280712 0.824146
vt 0.313671 0.798856
vt 0.354996 0.826637
vt 0.315537 0.863513
vt 0.199616 0.812499
vt 0.239525 0.829569
vt 0.216076 0.876608
vt 0.173363 0.854996
vt 0.315537 0.863513
vt 0.270053 0.878434
vt 0.280712 0.824146
vt 0.239525 0.829569
vt 0.270053 0.878434
vt 0.216076 0.876608
vt 0.175117 0.778934
vt 0.199616 0.812499
vt 0.173363 0.854996
vt 0.131133 0.802611
vt 0.170431 0.739525
vt 0.175117 0.778934
vt 0.131133 0.802611
vt 0.120752 0.736129
vt 0.185157 0.702671
vt 0.170431 0.739525
vt 0.120752 0.736129
vt 0.145004 0.673363
vt 0.227024 0.674375
vt 0.185157 0.702671
vt 0.145004 0.673363
vt 0.184463 0.636487
vt 0.171097 0.750137
vt 0.170431 0.739525
vt 0.185157 0.702671
vt 0.205246 0.686664
vt 0.184463 0.636487
vt 0.229947 0.621566
vt 0.227024 0.674375
vt 0.328903 0.749862
vt 0.304005 0.807710
vt 0.239887 0.827122
vt 0.187501 0.800384
vt 0.171097 0.750137
vt 0.205246 0.686664
vt 0.270568 0.673607
vt 0.312499 0.699616
vt 0.328903 0.749862
vt 0.329113 0.750095
vt 0.313671 0.798856
vt 0.304005 0.807710
vt 0.187501 0.800384
vt 0.239887 0.827122
vt 0.199616 0.812499
vt 0.280712 0.675853
vt 0.314843 0.702671
vt 0.312499 0.699616
vt 0.270568 0.673607
vt 0.227024 0.674375
vt 0.270568 0.673607
vt 0.205246 0.686664
vt 0.171097 0.750137
vt 0.187501 0.800384
vt 0.175117 0.778934
vt 1.000000 0.000000
vt 1.000000 0.500000
vt 0.958333 0.500000
vt 0.937500 0.000000
vt 0.280712 0.824146
vt 0.239887 0.827122
vt 0.304005 0.807710
vt 0.875000 0.000000
vt 0.937500 0.000000
vt 0.916667 0.500000
vt 0.875000 0.500000
vt 0.958333 0.500000
vt 0.916667 0.500000
vt 0.937500 0.000000
vt 0.875000 0.000000
vt 0.875000 0.500000
vt 0.833333 0.500000
vt 0.833333 0.000000
vt 0.833333 0.000000
vt 0.833333 0.500000
vt 0.791667 0.500000
vt 0.791667 0.000000
vt 0.791667 0.000000
vt 0.791667 0.500000
vt 0.750000 0.500000
vt 0.750000 0.000000
vt 0.750000 0.000000
vt 0.750000 0.500000
vt 0.708333 0.500000
vt 0.708333 0.000000
vt 0.708333 0.000000
vt 0.708333 0.500000
vt 0.666667 0.500000
vt 0.666667 0.000000
vt 0.666667 0.000000
vt 0.666667 0.500000
vt 0.625000 0.500000
vt 0.625000 0.000000
vt 0.625000 0.000000
vt 0.625000 0.500000
vt 0.583333 0.500000
vt 0.583333 0.000000
vt 0.583333 0.000000
vt 0.583333 0.500000
vt 0.541666 0.500000
vt 0.541666 0.000000
vt 0.541666 0.000000
vt 0.541666 0.500000
vt 0.500000 0.500000
vt 0.500000 0.000000
vt 0.500000 0.000000
vt 0.500000 0.500000
vt 0.458333 0.500000
vt 0.458333 0.000000
vt 0.458333 0.000000
vt 0.458333 0.500000
vt 0.416666 0.500000
vt 0.416666 0.000000
vt 0.416666 0.000000
vt 0.416666 0.500000
vt 0.375000 0.500000
vt 0.375000 0.000000
vt 0.375000 0.000000
vt 0.375000 0.500000
vt 0.333333 0.500000
vt 0.333333 0.000000
vt 0.333333 0.000000
vt 0.333333 0.500000
vt 0.291667 0.500000
vt 0.291667 0.000000
vt 0.291667 0.000000
vt 0.291667 0.500000
vt 0.250000 0.500000
vt 0.229167 0.000000
vt 0.166666 0.000000
vt 0.229167 0.000000
vt 0.208333 0.500000
vt 0.145833 0.500000
vt 0.125000 0.000000
vt 0.145833 0.500000
vt 0.083333 0.500000
vt 0.062500 0.000000
vt 0.145833 0.500000
vt 0.125000 0.000000
vt 0.166666 0.000000
vt -0.000000 0.000000
vt 0.062500 0.000000
vt 0.041666 0.500000
vt -0.000000 0.500000
vt 0.379248 0.763871
vt 0.368867 0.697389
vt 0.379248 0.736129
vt 0.341058 0.530166
vt 0.302611 0.631133
vt 0.233038 0.621159
vt 0.250000 0.510000
vt 0.518178 0.812117
vt 0.542154 0.870000
vt 0.580294 0.919706
vt 0.630000 0.957846
vt 0.687884 0.981822
vt 0.750000 0.990000
vt 0.812117 0.981822
vt 0.870000 0.957846
vt 0.919706 0.919706
vt 0.957846 0.870000
vt 0.981822 0.812117
vt 0.990000 0.750000
vt 0.981822 0.687883
vt 0.957846 0.630000
vt 0.919706 0.580294
vt 0.870000 0.542154
vt 0.812117 0.518178
vt 0.750000 0.510000
vt 0.687883 0.518178
vt 0.630000 0.542154
vt 0.561224 0.605147
vt 0.518178 0.687884
vt 0.510000 0.750000
vt 0.354996 0.673363
vt 0.302611 0.631133
vt 0.341058 0.530166
vt 0.419706 0.580294
vt 0.481822 0.687883
vt 0.379248 0.736129
vt 0.354996 0.673363
vt 0.457846 0.630000
vt 0.419706 0.580294
vt 0.457846 0.630000
vt 0.354996 0.673363
vt 0.376608 0.783924
vt 0.379248 0.736129
vt 0.490000 0.750000
vt 0.481822 0.812117
vt 0.481822 0.687883
vt 0.490000 0.750000
vt 0.379248 0.736129
vt 0.351200 0.831583
vt 0.376608 0.783924
vt 0.481822 0.812117
vt 0.457846 0.870000
vt 0.296851 0.871253
vt 0.351200 0.831583
vt 0.419706 0.919706
vt 0.370000 0.957846
vt 0.457846 0.870000
vt 0.419706 0.919706
vt 0.351200 0.831583
vt 0.250000 0.881074
vt 0.296851 0.871253
vt 0.312117 0.981822
vt 0.250000 0.990000
vt 0.296851 0.871253
vt 0.370000 0.957846
vt 0.312117 0.981822
vt 0.187884 0.981822
vt 0.200269 0.870060
vt 0.250000 0.881074
vt 0.250000 0.990000
vt 0.146902 0.829110
vt 0.200269 0.870060
vt 0.130000 0.957846
vt 0.080294 0.919706
vt 0.187884 0.981822
vt 0.130000 0.957846
vt 0.200269 0.870060
vt 0.018178 0.812117
vt 0.120752 0.763871
vt 0.146902 0.829110
vt 0.042154 0.870000
vt 0.080294 0.919706
vt 0.042154 0.870000
vt 0.146902 0.829110
vt 0.080294 0.580294
vt 0.170890 0.646902
vt 0.131133 0.697389
vt 0.042154 0.630000
vt 0.018178 0.812117
vt 0.014089 0.718942
vt 0.120752 0.763871
vt 0.014089 0.718942
vt 0.042154 0.630000
vt 0.131133 0.697389
vt 0.131133 0.697389
vt 0.170890 0.646902
vt 0.170890 0.646902
vt 0.128747 0.703149
vt 0.080294 0.580294
vt 0.158942 0.530166
vt 0.170890 0.646902
vt 0.158942 0.530166
vt 0.250000 0.510000
vt 0.233038 0.621159
vt 0.184463 0.863513
vt 0.200269 0.870060
vt 0.146902 0.829110
vt 0.146902 0.829110
vt 0.184463 0.863513
vt 0.236129 0.879248
vt 0.200269 0.870060
vt 0.376608 0.783924
vt 0.351200 0.831583
vt 0.354996 0.826637
vt 0.379248 0.763871
vt 0.170890 0.646902
vt 0.170890 0.646902
vt 0.233038 0.621159
vt 0.233038 0.621159
vt 0.233038 0.621159
vt 0.302611 0.631133
vt 0.283924 0.623392
vt 0.233038 0.621159
vt 0.146902 0.829110
vt 0.120752 0.763871
vt 0.121566 0.770053
vt 0.146902 0.829110
vt 0.302611 0.631133
vt 0.329110 0.646902
vt 0.283924 0.623392
vt 0.351200 0.831583
vt 0.296851 0.871253
vt 0.302611 0.868867
vt 0.354996 0.826637
vt 0.120752 0.763871
vt 0.131133 0.697389
vt 0.128747 0.703149
vt 0.121566 0.770053
vt 0.368867 0.697389
vt 0.329110 0.646902
vt 0.354996 0.673363
vt 0.296851 0.871253
vt 0.250000 0.881074
vt 0.236129 0.879248
vt 0.302611 0.868867
vt 0.329318 0.762384
vt 0.318401 0.710668
vt 0.368867 0.697389
vt 0.379248 0.763871
vt 0.267915 0.673019
vt 0.233038 0.621159
vt 0.283924 0.623392
vt 0.283924 0.623392
vt 0.329110 0.646902
vt 0.267915 0.673019
vt 0.329110 0.646902
vt 0.368867 0.697389
vt 0.318401 0.710668
vt 0.354996 0.826637
vt 0.313671 0.798856
vt 0.329318 0.762384
vt 0.379248 0.763871
vt 0.302611 0.868867
vt 0.280713 0.824146
vt 0.313671 0.798856
vt 0.354996 0.826637
vt 0.237616 0.829318
vt 0.280713 0.824146
vt 0.302611 0.868867
vt 0.236129 0.879248
vt 0.184463 0.863513
vt 0.199616 0.812499
vt 0.237616 0.829318
vt 0.236129 0.879248
vt 0.128747 0.703149
vt 0.175117 0.721066
vt 0.173558 0.770385
vt 0.121566 0.770053
vt 0.184463 0.863513
vt 0.146902 0.829110
vt 0.199616 0.812499
vt 0.173558 0.770385
vt 0.146902 0.829110
vt 0.121566 0.770053
vt 0.208234 0.682899
vt 0.175117 0.721066
vt 0.128747 0.703149
vt 0.170890 0.646902
vt 0.208234 0.682899
vt 0.170890 0.646902
vt 0.233038 0.621159
vt 0.318401 0.710668
vt 0.329318 0.762384
vt 0.329820 0.758567
vt 0.318467 0.710361
vt 0.190378 0.799594
vt 0.177239 0.723163
vt 0.219287 0.675854
vt 0.272976 0.674375
vt 0.318467 0.710361
vt 0.329820 0.758567
vt 0.313671 0.798857
vt 0.260113 0.827122
vt 0.237616 0.829318
vt 0.199616 0.812499
vt 0.190378 0.799594
vt 0.260113 0.827122
vt 0.329318 0.762384
vt 0.313671 0.798856
vt 0.313671 0.798857
vt 0.329820 0.758567
vt 0.219287 0.675854
vt 0.177239 0.723163
vt 0.208234 0.682899
vt 0.219287 0.675854
vt 0.208234 0.682899
vt 0.267915 0.673019
vt 0.272976 0.674375
vt 0.313671 0.798857
vt 0.313671 0.798856
vt 0.280713 0.824146
vt 0.260113 0.827122
vt 0.272976 0.674375
vt 0.267915 0.673019
vt 0.318401 0.710668
vt 0.318467 0.710361
vt 1.000000 0.000000
vt 1.000000 0.500000
vt 0.958333 0.500000
vt 0.958333 0.000000
vt 0.177239 0.723163
vt 0.190378 0.799594
vt 0.173558 0.770385
vt 0.916667 0.000000
vt 0.958333 0.000000
vt 0.958333 0.500000
vt 0.895833 0.500000
vt 0.875000 0.000000
vt 0.895833 0.500000
vt 0.833333 0.500000
vt 0.812500 0.000000
vt 0.895833 0.500000
vt 0.875000 0.000000
vt 0.916667 0.000000
vt 0.750000 0.000000
vt 0.812500 0.000000
vt 0.791667 0.500000
vt 0.750000 0.500000
vt 0.750000 0.000000
vt 0.750000 0.500000
vt 0.708333 0.500000
vt 0.708333 0.000000
vt 0.708333 0.000000
vt 0.708333 0.500000
vt 0.666667 0.500000
vt 0.666667 0.000000
vt 0.666667 0.000000
vt 0.666667 0.500000
vt 0.625000 0.500000
vt 0.625000 0.000000
vt 0.625000 0.000000
vt 0.625000 0.500000
vt 0.583333 0.500000
vt 0.583333 0.000000
vt 0.583333 0.000000
vt 0.583333 0.500000
vt 0.541666 0.500000
vt 0.541666 0.000000
vt 0.541666 0.000000
vt 0.541666 0.500000
vt 0.500000 0.500000
vt 0.500000 0.000000
vt 0.500000 0.000000
vt 0.500000 0.500000
vt 0.458333 0.500000
vt 0.458333 0.000000
vt 0.458333 0.000000
vt 0.458333 0.500000
vt 0.416666 0.500000
vt 0.416666 0.000000
vt 0.416666 0.000000
vt 0.416666 0.500000
vt 0.375000 0.500000
vt 0.375000 0.000000
vt 0.375000 0.000000
vt 0.375000 0.500000
vt 0.333333 0.500000
vt 0.333333 0.000000
vt 0.291667 0.000000
vt 0.333333 0.000000
vt 0.333333 0.500000
vt 0.270833 0.500000
vt 0.250000 0.000000
vt 0.270833 0.500000
vt 0.208333 0.500000
vt 0.208333 0.000000
vt 0.270833 0.500000
vt 0.250000 0.000000
vt 0.291667 0.000000
vt 0.208333 0.000000
vt 0.208333 0.500000
vt 0.166666 0.500000
vt 0.166666 0.000000
vt 0.166666 0.000000
vt 0.166666 0.500000
vt 0.125000 0.500000
vt 0.125000 0.000000
vt 0.125000 0.000000
vt 0.125000 0.500000
vt 0.083333 0.500000
vt 0.083333 0.000000
vt 0.083333 0.000000
vt 0.083333 0.500000
vt 0.041666 0.500000
vt 0.041666 0.000000
vt 0.379248 0.763871
vt 0.376608 0.716076
vt 0.379248 0.736129
vt -0.000000 0.000000
vt 0.041666 0.000000
vt 0.041666 0.500000
vt -0.000000 0.500000
vt 0.687884 0.981822
vt 0.750000 0.990000
vt 0.812117 0.981822
vt 0.870000 0.957846
vt 0.919706 0.919706
vt 0.957846 0.870000
vt 0.981822 0.812117
vt 0.990000 0.750000
vt 0.981822 0.687883
vt 0.957846 0.630000
vt 0.894853 0.561224
vt 0.812117 0.518178
vt 0.750000 0.510000
vt 0.687883 0.518178
vt 0.630000 0.542154
vt 0.580294 0.580294
vt 0.542154 0.630000
vt 0.518178 0.687884
vt 0.514089 0.781058
vt 0.542154 0.870000
vt 0.580294 0.919706
vt 0.630000 0.957846
vt 0.312117 0.518178
vt 0.299731 0.629940
vt 0.233038 0.621159
vt 0.250000 0.510000
vt 0.353098 0.670890
vt 0.299731 0.629940
vt 0.370000 0.542154
vt 0.419706 0.580294
vt 0.299731 0.629940
vt 0.312117 0.518178
vt 0.370000 0.542154
vt 0.481822 0.812117
vt 0.368867 0.802611
vt 0.379248 0.736129
vt 0.490000 0.750000
vt 0.419706 0.580294
vt 0.469834 0.658942
vt 0.353098 0.670890
vt 0.469834 0.658942
vt 0.490000 0.750000
vt 0.379248 0.736129
vt 0.326637 0.854996
vt 0.368867 0.802611
vt 0.457846 0.870000
vt 0.419706 0.919706
vt 0.481822 0.812117
vt 0.457846 0.870000
vt 0.368867 0.802611
vt 0.263872 0.879248
vt 0.326637 0.854996
vt 0.370000 0.957846
vt 0.312117 0.981822
vt 0.326637 0.854996
vt 0.419706 0.919706
vt 0.370000 0.957846
vt 0.200269 0.870060
vt 0.263872 0.879248
vt 0.250000 0.990000
vt 0.187884 0.981822
vt 0.263872 0.879248
vt 0.312117 0.981822
vt 0.250000 0.990000
vt 0.080294 0.919706
vt 0.146902 0.829110
vt 0.200269 0.870060
vt 0.130000 0.957846
vt 0.200269 0.870060
vt 0.187884 0.981822
vt 0.130000 0.957846
vt 0.120752 0.763871
vt 0.146902 0.829110
vt 0.042154 0.870000
vt 0.018178 0.812117
vt 0.080294 0.919706
vt 0.042154 0.870000
vt 0.146902 0.829110
vt 0.018178 0.687884
vt 0.131133 0.697389
vt 0.120752 0.763871
vt 0.010000 0.750000
vt 0.018178 0.812117
vt 0.010000 0.750000
vt 0.120752 0.763871
vt 0.080294 0.580294
vt 0.170890 0.646902
vt 0.131133 0.697389
vt 0.042154 0.630000
vt 0.018178 0.687884
vt 0.042154 0.630000
vt 0.131133 0.697389
vt 0.233038 0.621159
vt 0.170890 0.646902
vt 0.130000 0.542154
vt 0.187883 0.518178
vt 0.080294 0.580294
vt 0.130000 0.542154
vt 0.170890 0.646902
vt 0.200269 0.870060
vt 0.200269 0.870060
vt 0.146902 0.829110
vt 0.146902 0.829110
vt 0.187883 0.518178
vt 0.250000 0.510000
vt 0.233038 0.621159
vt 0.184463 0.636487
vt 0.145004 0.673363
vt 0.170890 0.646902
vt 0.184463 0.636487
vt 0.170890 0.646902
vt 0.233038 0.621159
vt 0.233038 0.621159
vt 0.363513 0.815537
vt 0.379248 0.763871
vt 0.368867 0.802611
vt 0.233038 0.621159
vt 0.299731 0.629940
vt 0.299731 0.629940
vt 0.233038 0.621159
vt 0.368867 0.802611
vt 0.326637 0.854996
vt 0.331583 0.851200
vt 0.363513 0.815537
vt 0.146902 0.829110
vt 0.120752 0.763871
vt 0.123392 0.783924
vt 0.146902 0.829110
vt 0.299731 0.629940
vt 0.299731 0.629940
vt 0.353098 0.670890
vt 0.353098 0.670890
vt 0.326637 0.854996
vt 0.263872 0.879248
vt 0.270053 0.878434
vt 0.331583 0.851200
vt 0.120752 0.736129
vt 0.123392 0.783924
vt 0.120752 0.763871
vt 0.353098 0.670890
vt 0.379248 0.736129
vt 0.376608 0.716076
vt 0.353098 0.670890
vt 0.263872 0.879248
vt 0.200269 0.870060
vt 0.200269 0.870060
vt 0.270053 0.878434
vt 0.145004 0.673363
vt 0.120752 0.736129
vt 0.131133 0.697389
vt 0.282491 0.676590
vt 0.232085 0.673019
vt 0.233038 0.621159
vt 0.299731 0.629940
vt 0.319834 0.712967
vt 0.282491 0.676590
vt 0.299731 0.629940
vt 0.353098 0.670890
vt 0.326393 0.770568
vt 0.319834 0.712967
vt 0.376608 0.716076
vt 0.379248 0.763871
vt 0.353098 0.670890
vt 0.376608 0.716076
vt 0.319834 0.712967
vt 0.291766 0.817101
vt 0.326393 0.770568
vt 0.363513 0.815537
vt 0.331583 0.851200
vt 0.379248 0.763871
vt 0.363513 0.815537
vt 0.326393 0.770568
vt 0.232085 0.673019
vt 0.182899 0.708234
vt 0.145004 0.673363
vt 0.184463 0.636487
vt 0.331583 0.851200
vt 0.270053 0.878434
vt 0.291766 0.817101
vt 0.270053 0.878434
vt 0.200269 0.870060
vt 0.239525 0.829569
vt 0.200269 0.870060
vt 0.146902 0.829110
vt 0.201144 0.813671
vt 0.173821 0.770555
vt 0.146902 0.829110
vt 0.123392 0.783924
vt 0.123392 0.783924
vt 0.120752 0.736129
vt 0.173821 0.770555
vt 0.120752 0.736129
vt 0.145004 0.673363
vt 0.182899 0.708234
vt 0.232085 0.673019
vt 0.184463 0.636487
vt 0.233038 0.621159
vt 0.319834 0.712967
vt 0.326393 0.770568
vt 0.329820 0.758567
vt 0.309622 0.700406
vt 0.305696 0.805890
vt 0.249906 0.829113
vt 0.194110 0.805696
vt 0.170887 0.749905
vt 0.194305 0.694109
vt 0.250095 0.670887
vt 0.309622 0.700406
vt 0.329820 0.758567
vt 0.194305 0.694109
vt 0.170887 0.749905
vt 0.182899 0.708234
vt 0.239525 0.829569
vt 0.201144 0.813671
vt 0.194110 0.805696
vt 0.249906 0.829113
vt 0.305696 0.805890
vt 0.329820 0.758567
vt 0.326393 0.770568
vt 0.232085 0.673019
vt 0.250095 0.670887
vt 0.194305 0.694109
vt 0.309622 0.700406
vt 0.250095 0.670887
vt 0.282491 0.676590
vt 0.173821 0.770555
vt 0.170887 0.749905
vt 0.194110 0.805696
vt 0.291766 0.817101
vt 0.249906 0.829113
vt 0.305696 0.805890
vt 0.375000 1.000000
vt 0.625000 1.000000
vt 0.625000 0.750000
vt 0.375000 0.750000
vt 0.375000 0.750000
vt 0.625000 0.750000
vt 0.625000 0.500000
vt 0.375000 0.500000
vt 0.375000 0.500000
vt 0.625000 0.500000
vt 0.625000 0.250000
vt 0.375000 0.250000
vt 0.375000 0.250000
vt 0.625000 0.250000
vt 0.625000 0.000000
vt 0.375000 0.000000
vt 0.125000 0.500000
vt 0.375000 0.500000
vt 0.375000 0.250000
vt 0.125000 0.250000
vt 0.625000 0.500000
vt 0.875000 0.500000
vt 0.875000 0.250000
vt 0.625000 0.250000
vt 0.375000 1.000000
vt 0.625000 1.000000
vt 0.625000 0.750000
vt 0.375000 0.750000
vt 0.375000 0.750000
vt 0.625000 0.750000
vt 0.625000 0.500000
vt 0.375000 0.500000
vt 0.375000 0.500000
vt 0.625000 0.500000
vt 0.625000 0.250000
vt 0.375000 0.250000
vt 0.375000 0.250000
vt 0.625000 0.250000
vt 0.625000 0.000000
vt 0.375000 0.000000
vt 0.125000 0.500000
vt 0.375000 0.500000
vt 0.375000 0.250000
vt 0.125000 0.250000
vt 0.625000 0.500000
vt 0.875000 0.500000
vt 0.875000 0.250000
vt 0.625000 0.250000
vt 0.375000 1.000000
vt 0.625000 1.000000
vt 0.625000 0.750000
vt 0.375000 0.750000
vt 0.375000 0.750000
vt 0.625000 0.750000
vt 0.625000 0.500000
vt 0.375000 0.500000
vt 0.375000 0.500000
vt 0.625000 0.500000
vt 0.625000 0.250000
vt 0.375000 0.250000
vt 0.375000 0.250000
vt 0.625000 0.250000
vt 0.625000 0.000000
vt 0.375000 0.000000
vt 0.125000 0.500000
vt 0.375000 0.500000
vt 0.375000 0.250000
vt 0.125000 0.250000
vt 0.625000 0.500000
vt 0.875000 0.500000
vt 0.875000 0.250000
vt 0.625000 0.250000
vt 0.375000 1.000000
vt 0.625000 1.000000
vt 0.625000 0.750000
vt 0.375000 0.750000
vt 0.375000 0.750000
vt 0.625000 0.750000
vt 0.625000 0.500000
vt 0.375000 0.500000
vt 0.375000 0.500000
vt 0.625000 0.500000
vt 0.625000 0.250000
vt 0.375000 0.250000
vt 0.375000 0.250000
vt 0.625000 0.250000
vt 0.625000 0.000000
vt 0.375000 0.000000
vt 0.125000 0.500000
vt 0.375000 0.500000
vt 0.375000 0.250000
vt 0.125000 0.250000
vt 0.625000 0.500000
vt 0.875000 0.500000
vt 0.875000 0.250000
vt 0.625000 0.250000
vt 0.375000 1.000000
vt 0.625000 1.000000
vt 0.625000 0.750000
vt 0.375000 0.750000
vt 0.375000 0.750000
vt 0.625000 0.750000
vt 0.625000 0.500000
vt 0.375000 0.500000
vt 0.375000 0.500000
vt 0.625000 0.500000
vt 0.625000 0.250000
vt 0.375000 0.250000
vt 0.375000 0.250000
vt 0.625000 0.250000
vt 0.625000 0.000000
vt 0.375000 0.000000
vt 0.125000 0.500000
vt 0.375000 0.500000
vt 0.375000 0.250000
vt 0.125000 0.250000
vt 0.625000 0.500000
vt 0.875000 0.500000
vt 0.875000 0.250000
vt 0.625000 0.250000
vt 0.375000 1.000000
vt 0.625000 1.000000
vt 0.625000 0.750000
vt 0.375000 0.750000
vt 0.375000 0.750000
vt 0.625000 0.750000
vt 0.625000 0.500000
vt 0.375000 0.500000
vt 0.375000 0.500000
vt 0.625000 0.500000
vt 0.625000 0.250000
vt 0.375000 0.250000
vt 0.375000 0.250000
vt 0.625000 0.250000
vt 0.625000 0.000000
vt 0.375000 0.000000
vt 0.125000 0.500000
vt 0.375000 0.500000
vt 0.375000 0.250000
vt 0.125000 0.250000
vt 0.625000 0.500000
vt 0.875000 0.500000
vt 0.875000 0.250000
vt 0.625000 0.250000
vt 0.375000 1.000000
vt 0.625000 1.000000
vt 0.625000 0.750000
vt 0.375000 0.750000
vt 0.375000 0.750000
vt 0.625000 0.750000
vt 0.625000 0.500000
vt 0.375000 0.500000
vt 0.375000 0.500000
vt 0.625000 0.500000
vt 0.625000 0.250000
vt 0.375000 0.250000
vt 0.375000 0.250000
vt 0.625000 0.250000
vt 0.625000 0.000000
vt 0.375000 0.000000
vt 0.125000 0.500000
vt 0.375000 0.500000
vt 0.375000 0.250000
vt 0.125000 0.250000
vt 0.625000 0.500000
vt 0.875000 0.500000
vt 0.875000 0.250000
vt 0.625000 0.250000
vt 0.375000 1.000000
vt 0.625000 1.000000
vt 0.625000 0.750000
vt 0.375000 0.750000
vt 0.375000 0.750000
vt 0.625000 0.750000
vt 0.625000 0.500000
vt 0.375000 0.500000
vt 0.375000 0.500000
vt 0.625000 0.500000
vt 0.625000 0.250000
vt 0.375000 0.250000
vt 0.375000 0.250000
vt 0.625000 0.250000
vt 0.625000 0.000000
vt 0.375000 0.000000
vt 0.125000 0.500000
vt 0.375000 0.500000
vt 0.375000 0.250000
vt 0.125000 0.250000
vt 0.625000 0.500000
vt 0.875000 0.500000
vt 0.875000 0.250000
vt 0.625000 0.250000
vt 0.375000 1.000000
vt 0.625000 1.000000
vt 0.625000 0.750000
vt 0.375000 0.750000
vt 0.375000 0.750000
vt 0.625000 0.750000
vt 0.625000 0.500000
vt 0.375000 0.500000
vt 0.375000 0.500000
vt 0.625000 0.500000
vt 0.625000 0.250000
vt 0.375000 0.250000
vt 0.375000 0.250000
vt 0.625000 0.250000
vt 0.625000 0.000000
vt 0.375000 0.000000
vt 0.125000 0.500000
vt 0.375000 0.500000
vt 0.375000 0.250000
vt 0.125000 0.250000
vt 0.625000 0.500000
vt 0.875000 0.500000
vt 0.875000 0.250000
vt 0.625000 0.250000
vt 0.375000 1.000000
vt 0.625000 1.000000
vt 0.625000 0.750000
vt 0.375000 0.750000
vt 0.375000 0.750000
vt 0.625000 0.750000
vt 0.625000 0.500000
vt 0.375000 0.500000
vt 0.375000 0.500000
vt 0.625000 0.500000
vt 0.625000 0.250000
vt 0.375000 0.250000
vt 0.375000 0.250000
vt 0.625000 0.250000
vt 0.625000 0.000000
vt 0.375000 0.000000
vt 0.125000 0.500000
vt 0.375000 0.500000
vt 0.375000 0.250000
vt 0.125000 0.250000
vt 0.625000 0.500000
vt 0.875000 0.500000
vt 0.875000 0.250000
vt 0.625000 0.250000
vt 0.375000 1.000000
vt 0.625000 1.000000
vt 0.625000 0.750000
vt 0.375000 0.750000
vt 0.375000 0.750000
vt 0.625000 0.750000
vt 0.625000 0.500000
vt 0.375000 0.500000
vt 0.375000 0.500000
vt 0.625000 0.500000
vt 0.625000 0.250000
vt 0.375000 0.250000
vt 0.375000 0.250000
vt 0.625000 0.250000
vt 0.625000 0.000000
vt 0.375000 0.000000
vt 0.125000 0.500000
vt 0.375000 0.500000
vt 0.375000 0.250000
vt 0.125000 0.250000
vt 0.625000 0.500000
vt 0.875000 0.500000
vt 0.875000 0.250000
vt 0.625000 0.250000
vt 0.375000 1.000000
vt 0.625000 1.000000
vt 0.625000 0.750000
vt 0.375000 0.750000
vt 0.375000 0.750000
vt 0.625000 0.750000
vt 0.625000 0.500000
vt 0.375000 0.500000
vt 0.375000 0.500000
vt 0.625000 0.500000
vt 0.625000 0.250000
vt 0.375000 0.250000
vt 0.375000 0.250000
vt 0.625000 0.250000
vt 0.625000 0.000000
vt 0.375000 0.000000
vt 0.125000 0.500000
vt 0.375000 0.500000
vt 0.375000 0.250000
vt 0.125000 0.250000
vt 0.625000 0.500000
vt 0.875000 0.500000
vt 0.875000 0.250000
vt 0.625000 0.250000
vt 0.375000 1.000000
vt 0.625000 1.000000
vt 0.625000 0.750000
vt 0.375000 0.750000
vt 0.375000 0.750000
vt 0.625000 0.750000
vt 0.625000 0.500000
vt 0.375000 0.500000
vt 0.375000 0.500000
vt 0.625000 0.500000
vt 0.625000 0.250000
vt 0.375000 0.250000
vt 0.375000 0.250000
vt 0.625000 0.250000
vt 0.625000 0.000000
vt 0.375000 0.000000
vt 0.125000 0.500000
vt 0.375000 0.500000
vt 0.375000 0.250000
vt 0.125000 0.250000
vt 0.625000 0.500000
vt 0.875000 0.500000
vt 0.875000 0.250000
vt 0.625000 0.250000
vt 0.375000 1.000000
vt 0.625000 1.000000
vt 0.625000 0.750000
vt 0.375000 0.750000
vt 0.375000 0.750000
vt 0.625000 0.750000
vt 0.625000 0.500000
vt 0.375000 0.500000
vt 0.375000 0.500000
vt 0.625000 0.500000
vt 0.625000 0.250000
vt 0.375000 0.250000
vt 0.375000 0.250000
vt 0.625000 0.250000
vt 0.625000 0.000000
vt 0.375000 0.000000
vt 0.125000 0.500000
vt 0.375000 0.500000
vt 0.375000 0.250000
vt 0.125000 0.250000
vt 0.625000 0.500000
vt 0.875000 0.500000
vt 0.875000 0.250000
vt 0.625000 0.250000
vt 0.375000 1.000000
vt 0.625000 1.000000
vt 0.625000 0.750000
vt 0.375000 0.750000
vt 0.375000 0.750000
vt 0.625000 0.750000
vt 0.625000 0.500000
vt 0.375000 0.500000
vt 0.375000 0.500000
vt 0.625000 0.500000
vt 0.625000 0.250000
vt 0.375000 0.250000
vt 0.375000 0.250000
vt 0.625000 0.250000
vt 0.625000 0.000000
vt 0.375000 0.000000
vt 0.125000 0.500000
vt 0.375000 0.500000
vt 0.375000 0.250000
vt 0.125000 0.250000
vt 0.625000 0.500000
vt 0.875000 0.500000
vt 0.875000 0.250000
vt 0.625000 0.250000
vt 0.375000 1.000000
vt 0.625000 1.000000
vt 0.625000 0.750000
vt 0.375000 0.750000
vt 0.375000 0.750000
vt 0.625000 0.750000
vt 0.625000 0.500000
vt 0.375000 0.500000
vt 0.375000 0.500000
vt 0.625000 0.500000
vt 0.625000 0.250000
vt 0.375000 0.250000
vt 0.375000 0.250000
vt 0.625000 0.250000
vt 0.625000 0.000000
vt 0.375000 0.000000
vt 0.125000 0.500000
vt 0.375000 0.500000
vt 0.375000 0.250000
vt 0.125000 0.250000
vt 0.625000 0.500000
vt 0.875000 0.500000
vt 0.875000 0.250000
vt 0.625000 0.250000
vt 0.375000 1.000000
vt 0.625000 1.000000
vt 0.625000 0.750000
vt 0.375000 0.750000
vt 0.375000 0.750000
vt 0.625000 0.750000
vt 0.625000 0.500000
vt 0.375000 0.500000
vt 0.375000 0.500000
vt 0.625000 0.500000
vt 0.625000 0.250000
vt 0.375000 0.250000
vt 0.375000 0.250000
vt 0.625000 0.250000
vt 0.625000 0.000000
vt 0.375000 0.000000
vt 0.125000 0.500000
vt 0.375000 0.500000
vt 0.375000 0.250000
vt 0.125000 0.250000
vt 0.625000 0.500000
vt 0.875000 0.500000
vt 0.875000 0.250000
vt 0.625000 0.250000
vt 0.375000 1.000000
vt 0.625000 1.000000
vt 0.625000 0.750000
vt 0.375000 0.750000
vt 0.375000 0.750000
vt 0.625000 0.750000
vt 0.625000 0.500000
vt 0.375000 0.500000
vt 0.375000 0.500000
vt 0.625000 0.500000
vt 0.625000 0.250000
vt 0.375000 0.250000
vt 0.375000 0.250000
vt 0.625000 0.250000
vt 0.625000 0.000000
vt 0.375000 0.000000
vt 0.125000 0.500000
vt 0.375000 0.500000
vt 0.375000 0.250000
vt 0.125000 0.250000
vt 0.625000 0.500000
vt 0.875000 0.500000
vt 0.875000 0.250000
vt 0.625000 0.250000
vt 0.375000 1.000000
vt 0.625000 1.000000
vt 0.625000 0.750000
vt 0.375000 0.750000
vt 0.375000 0.750000
vt 0.625000 0.750000
vt 0.625000 0.500000
vt 0.375000 0.500000
vt 0.375000 0.500000
vt 0.625000 0.500000
vt 0.625000 0.250000
vt 0.375000 0.250000
vt 0.375000 0.250000
vt 0.625000 0.250000
vt 0.625000 0.000000
vt 0.375000 0.000000
vt 0.125000 0.500000
vt 0.375000 0.500000
vt 0.375000 0.250000
vt 0.125000 0.250000
vt 0.625000 0.500000
vt 0.875000 0.500000
vt 0.875000 0.250000
vt 0.625000 0.250000
vt 0.375000 1.000000
vt 0.625000 1.000000
vt 0.625000 0.750000
vt 0.375000 0.750000
vt 0.375000 0.750000
vt 0.625000 0.750000
vt 0.625000 0.500000
vt 0.375000 0.500000
vt 0.375000 0.500000
vt 0.625000 0.500000
vt 0.625000 0.250000
vt 0.375000 0.250000
vt 0.375000 0.250000
vt 0.625000 0.250000
vt 0.625000 0.000000
vt 0.375000 0.000000
vt 0.125000 0.500000
vt 0.375000 0.500000
vt 0.375000 0.250000
vt 0.125000 0.250000
vt 0.625000 0.500000
vt 0.875000 0.500000
vt 0.875000 0.250000
vt 0.625000 0.250000
vt 0.375000 1.000000
vt 0.625000 1.000000
vt 0.625000 0.750000
vt 0.375000 0.750000
vt 0.375000 0.750000
vt 0.625000 0.750000
vt 0.625000 0.500000
vt 0.375000 0.500000
vt 0.375000 0.500000
vt 0.625000 0.500000
vt 0.625000 0.250000
vt 0.375000 0.250000
vt 0.375000 0.250000
vt 0.625000 0.250000
vt 0.625000 0.000000
vt 0.375000 0.000000
vt 0.125000 0.500000
vt 0.375000 0.500000
vt 0.375000 0.250000
vt 0.125000 0.250000
vt 0.625000 0.500000
vt 0.875000 0.500000
vt 0.875000 0.250000
vt 0.625000 0.250000
vt 0.375000 1.000000
vt 0.625000 1.000000
vt 0.625000 0.750000
vt 0.375000 0.750000
vt 0.375000 0.750000
vt 0.625000 0.750000
vt 0.625000 0.500000
vt 0.375000 0.500000
vt 0.375000 0.500000
vt 0.625000 0.500000
vt 0.625000 0.250000
vt 0.375000 0.250000
vt 0.375000 0.250000
vt 0.625000 0.250000
vt 0.625000 0.000000
vt 0.375000 0.000000
vt 0.125000 0.500000
vt 0.375000 0.500000
vt 0.375000 0.250000
vt 0.125000 0.250000
vt 0.625000 0.500000
vt 0.875000 0.500000
vt 0.875000 0.250000
vt 0.625000 0.250000
vt 0.375000 1.000000
vt 0.625000 1.000000
vt 0.625000 0.750000
vt 0.375000 0.750000
vt 0.375000 0.750000
vt 0.625000 0.750000
vt 0.625000 0.500000
vt 0.375000 0.500000
vt 0.375000 0.500000
vt 0.625000 0.500000
vt 0.625000 0.250000
vt 0.375000 0.250000
vt 0.375000 0.250000
vt 0.625000 0.250000
vt 0.625000 0.000000
vt 0.375000 0.000000
vt 0.125000 0.500000
vt 0.375000 0.500000
vt 0.375000 0.250000
vt 0.125000 0.250000
vt 0.625000 0.500000
vt 0.875000 0.500000
vt 0.875000 0.250000
vt 0.625000 0.250000
vt 0.375000 1.000000
vt 0.375000 0.750000
vt 0.625000 0.750000
vt 0.625000 1.000000
vt 0.375000 0.750000
vt 0.375000 0.500000
vt 0.625000 0.500000
vt 0.625000 0.750000
vt 0.375000 0.500000
vt 0.375000 0.250000
vt 0.625000 0.250000
vt 0.625000 0.500000
vt 0.375000 0.250000
vt 0.375000 0.000000
vt 0.625000 0.000000
vt 0.625000 0.250000
vt 0.125000 0.500000
vt 0.125000 0.250000
vt 0.375000 0.250000
vt 0.375000 0.500000
vt 0.625000 0.500000
vt 0.625000 0.250000
vt 0.875000 0.250000
vt 0.875000 0.500000
vt 0.375000 1.000000
vt 0.375000 0.750000
vt 0.625000 0.750000
vt 0.625000 1.000000
vt 0.375000 0.750000
vt 0.375000 0.500000
vt 0.625000 0.500000
vt 0.625000 0.750000
vt 0.375000 0.500000
vt 0.375000 0.250000
vt 0.625000 0.250000
vt 0.625000 0.500000
vt 0.375000 0.250000
vt 0.375000 0.000000
vt 0.625000 0.000000
vt 0.625000 0.250000
vt 0.125000 0.500000
vt 0.125000 0.250000
vt 0.375000 0.250000
vt 0.375000 0.500000
vt 0.625000 0.500000
vt 0.625000 0.250000
vt 0.875000 0.250000
vt 0.875000 0.500000
vt 0.375000 1.000000
vt 0.375000 0.750000
vt 0.625000 0.750000
vt 0.625000 1.000000
vt 0.375000 0.750000
vt 0.375000 0.500000
vt 0.625000 0.500000
vt 0.625000 0.750000
vt 0.375000 0.500000
vt 0.375000 0.250000
vt 0.625000 0.250000
vt 0.625000 0.500000
vt 0.375000 0.250000
vt 0.375000 0.000000
vt 0.625000 0.000000
vt 0.625000 0.250000
vt 0.125000 0.500000
vt 0.125000 0.250000
vt 0.375000 0.250000
vt 0.375000 0.500000
vt 0.625000 0.500000
vt 0.625000 0.250000
vt 0.875000 0.250000
vt 0.875000 0.500000
vt 0.375000 1.000000
vt 0.375000 0.750000
vt 0.625000 0.750000
vt 0.625000 1.000000
vt 0.375000 0.750000
vt 0.375000 0.500000
vt 0.625000 0.500000
vt 0.625000 0.750000
vt 0.375000 0.500000
vt 0.375000 0.250000
vt 0.625000 0.250000
vt 0.625000 0.500000
vt 0.375000 0.250000
vt 0.375000 0.000000
vt 0.625000 0.000000
vt 0.625000 0.250000
vt 0.125000 0.500000
vt 0.125000 0.250000
vt 0.375000 0.250000
vt 0.375000 0.500000
vt 0.625000 0.500000
vt 0.625000 0.250000
vt 0.875000 0.250000
vt 0.875000 0.500000
vt 0.375000 1.000000
vt 0.375000 0.750000
vt 0.625000 0.750000
vt 0.625000 1.000000
vt 0.375000 0.750000
vt 0.375000 0.500000
vt 0.625000 0.500000
vt 0.625000 0.750000
vt 0.375000 0.500000
vt 0.375000 0.250000
vt 0.625000 0.250000
vt 0.625000 0.500000
vt 0.375000 0.250000
vt 0.375000 0.000000
vt 0.625000 0.000000
vt 0.625000 0.250000
vt 0.125000 0.500000
vt 0.125000 0.250000
vt 0.375000 0.250000
vt 0.375000 0.500000
vt 0.625000 0.500000
vt 0.625000 0.250000
vt 0.875000 0.250000
vt 0.875000 0.500000
vt 0.375000 1.000000
vt 0.375000 0.750000
vt 0.625000 0.750000
vt 0.625000 1.000000
vt 0.375000 0.750000
vt 0.375000 0.500000
vt 0.625000 0.500000
vt 0.625000 0.750000
vt 0.375000 0.500000
vt 0.375000 0.250000
vt 0.625000 0.250000
vt 0.625000 0.500000
vt 0.375000 0.250000
vt 0.375000 0.000000
vt 0.625000 0.000000
vt 0.625000 0.250000
vt 0.125000 0.500000
vt 0.125000 0.250000
vt 0.375000 0.250000
vt 0.375000 0.500000
vt 0.625000 0.500000
vt 0.625000 0.250000
vt 0.875000 0.250000
vt 0.875000 0.500000
vt 0.375000 1.000000
vt 0.375000 0.750000
vt 0.625000 0.750000
vt 0.625000 1.000000
vt 0.375000 0.750000
vt 0.375000 0.500000
vt 0.625000 0.500000
vt 0.625000 0.750000
vt 0.375000 0.500000
vt 0.375000 0.250000
vt 0.625000 0.250000
vt 0.625000 0.500000
vt 0.375000 0.250000
vt 0.375000 0.000000
vt 0.625000 0.000000
vt 0.625000 0.250000
vt 0.125000 0.500000
vt 0.125000 0.250000
vt 0.375000 0.250000
vt 0.375000 0.500000
vt 0.625000 0.500000
vt 0.625000 0.250000
vt 0.875000 0.250000
vt 0.875000 0.500000
vt 0.375000 1.000000
vt 0.375000 0.750000
vt 0.625000 0.750000
vt 0.625000 1.000000
vt 0.375000 0.750000
vt 0.375000 0.500000
vt 0.625000 0.500000
vt 0.625000 0.750000
vt 0.375000 0.500000
vt 0.375000 0.250000
vt 0.625000 0.250000
vt 0.625000 0.500000
vt 0.375000 0.250000
vt 0.375000 0.000000
vt 0.625000 0.000000
vt 0.625000 0.250000
vt 0.125000 0.500000
vt 0.125000 0.250000
vt 0.375000 0.250000
vt 0.375000 0.500000
vt 0.625000 0.500000
vt 0.625000 0.250000
vt 0.875000 0.250000
vt 0.875000 0.500000
vt 0.375000 1.000000
vt 0.375000 0.750000
vt 0.625000 0.750000
vt 0.625000 1.000000
vt 0.375000 0.750000
vt 0.375000 0.500000
vt 0.625000 0.500000
vt 0.625000 0.750000
vt 0.375000 0.500000
vt 0.375000 0.250000
vt 0.625000 0.250000
vt 0.625000 0.500000
vt 0.375000 0.250000
vt 0.375000 0.000000
vt 0.625000 0.000000
vt 0.625000 0.250000
vt 0.125000 0.500000
vt 0.125000 0.250000
vt 0.375000 0.250000
vt 0.375000 0.500000
vt 0.625000 0.500000
vt 0.625000 0.250000
vt 0.875000 0.250000
vt 0.875000 0.500000
vt 0.375000 1.000000
vt 0.375000 0.750000
vt 0.625000 0.750000
vt 0.625000 1.000000
vt 0.375000 0.750000
vt 0.375000 0.500000
vt 0.625000 0.500000
vt 0.625000 0.750000
vt 0.375000 0.500000
vt 0.375000 0.250000
vt 0.625000 0.250000
vt 0.625000 0.500000
vt 0.375000 0.250000
vt 0.375000 0.000000
vt 0.625000 0.000000
vt 0.625000 0.250000
vt 0.125000 0.500000
vt 0.125000 0.250000
vt 0.375000 0.250000
vt 0.375000 0.500000
vt 0.625000 0.500000
vt 0.625000 0.250000
vt 0.875000 0.250000
vt 0.875000 0.500000
vt 0.375000 1.000000
vt 0.375000 0.750000
vt 0.625000 0.750000
vt 0.625000 1.000000
vt 0.375000 0.750000
vt 0.375000 0.500000
vt 0.625000 0.500000
vt 0.625000 0.750000
vt 0.375000 0.500000
vt 0.375000 0.250000
vt 0.625000 0.250000
vt 0.625000 0.500000
vt 0.375000 0.250000
vt 0.375000 0.000000
vt 0.625000 0.000000
vt 0.625000 0.250000
vt 0.125000 0.500000
vt 0.125000 0.250000
vt 0.375000 0.250000
vt 0.375000 0.500000
vt 0.625000 0.500000
vt 0.625000 0.250000
vt 0.875000 0.250000
vt 0.875000 0.500000
vt 0.375000 1.000000
vt 0.375000 0.750000
vt 0.625000 0.750000
vt 0.625000 1.000000
vt 0.375000 0.750000
vt 0.375000 0.500000
vt 0.625000 0.500000
vt 0.625000 0.750000
vt 0.375000 0.500000
vt 0.375000 0.250000
vt 0.625000 0.250000
vt 0.625000 0.500000
vt 0.375000 0.250000
vt 0.375000 0.000000
vt 0.625000 0.000000
vt 0.625000 0.250000
vt 0.125000 0.500000
vt 0.125000 0.250000
vt 0.375000 0.250000
vt 0.375000 0.500000
vt 0.625000 0.500000
vt 0.625000 0.250000
vt 0.875000 0.250000
vt 0.875000 0.500000
vt 0.375000 1.000000
vt 0.375000 0.750000
vt 0.625000 0.750000
vt 0.625000 1.000000
vt 0.375000 0.750000
vt 0.375000 0.500000
vt 0.625000 0.500000
vt 0.625000 0.750000
vt 0.375000 0.500000
vt 0.375000 0.250000
vt 0.625000 0.250000
vt 0.625000 0.500000
vt 0.375000 0.250000
vt 0.375000 0.000000
vt 0.625000 0.000000
vt 0.625000 0.250000
vt 0.125000 0.500000
vt 0.125000 0.250000
vt 0.375000 0.250000
vt 0.375000 0.500000
vt 0.625000 0.500000
vt 0.625000 0.250000
vt 0.875000 0.250000
vt 0.875000 0.500000
vt 0.375000 1.000000
vt 0.375000 0.750000
vt 0.625000 0.750000
vt 0.625000 1.000000
vt 0.375000 0.750000
vt 0.375000 0.500000
vt 0.625000 0.500000
vt 0.625000 0.750000
vt 0.375000 0.500000
vt 0.375000 0.250000
vt 0.625000 0.250000
vt 0.625000 0.500000
vt 0.375000 0.250000
vt 0.375000 0.000000
vt 0.625000 0.000000
vt 0.625000 0.250000
vt 0.125000 0.500000
vt 0.125000 0.250000
vt 0.375000 0.250000
vt 0.375000 0.500000
vt 0.625000 0.500000
vt 0.625000 0.250000
vt 0.875000 0.250000
vt 0.875000 0.500000
vt 0.375000 1.000000
vt 0.375000 0.750000
vt 0.625000 0.750000
vt 0.625000 1.000000
vt 0.375000 0.750000
vt 0.375000 0.500000
vt 0.625000 0.500000
vt 0.625000 0.750000
vt 0.375000 0.500000
vt 0.375000 0.250000
vt 0.625000 0.250000
vt 0.625000 0.500000
vt 0.375000 0.250000
vt 0.375000 0.000000
vt 0.625000 0.000000
vt 0.625000 0.250000
vt 0.125000 0.500000
vt 0.125000 0.250000
vt 0.375000 0.250000
vt 0.375000 0.500000
vt 0.625000 0.500000
vt 0.625000 0.250000
vt 0.875000 0.250000
vt 0.875000 0.500000
vt 0.375000 1.000000
vt 0.375000 0.750000
vt 0.625000 0.750000
vt 0.625000 1.000000
vt 0.375000 0.750000
vt 0.375000 0.500000
vt 0.625000 0.500000
vt 0.625000 0.750000
vt 0.375000 0.500000
vt 0.375000 0.250000
vt 0.625000 0.250000
vt 0.625000 0.500000
vt 0.375000 0.250000
vt 0.375000 0.000000
vt 0.625000 0.000000
vt 0.625000 0.250000
vt 0.125000 0.500000
vt 0.125000 0.250000
vt 0.375000 0.250000
vt 0.375000 0.500000
vt 0.625000 0.500000
vt 0.625000 0.250000
vt 0.875000 0.250000
vt 0.875000 0.500000
vt 0.375000 1.000000
vt 0.375000 0.750000
vt 0.625000 0.750000
vt 0.625000 1.000000
vt 0.375000 0.750000
vt 0.375000 0.500000
vt 0.625000 0.500000
vt 0.625000 0.750000
vt 0.375000 0.500000
vt 0.375000 0.250000
vt 0.625000 0.250000
vt 0.625000 0.500000
vt 0.375000 0.250000
vt 0.375000 0.000000
vt 0.625000 0.000000
vt 0.625000 0.250000
vt 0.125000 0.500000
vt 0.125000 0.250000
vt 0.375000 0.250000
vt 0.375000 0.500000
vt 0.625000 0.500000
vt 0.625000 0.250000
vt 0.875000 0.250000
vt 0.875000 0.500000
vt 0.375000 1.000000
vt 0.375000 0.750000
vt 0.625000 0.750000
vt 0.625000 1.000000
vt 0.375000 0.750000
vt 0.375000 0.500000
vt 0.625000 0.500000
vt 0.625000 0.750000
vt 0.375000 0.500000
vt 0.375000 0.250000
vt 0.625000 0.250000
vt 0.625000 0.500000
vt 0.375000 0.250000
vt 0.375000 0.000000
vt 0.625000 0.000000
vt 0.625000 0.250000
vt 0.125000 0.500000
vt 0.125000 0.250000
vt 0.375000 0.250000
vt 0.375000 0.500000
vt 0.625000 0.500000
vt 0.625000 0.250000
vt 0.875000 0.250000
vt 0.875000 0.500000
vt 0.375000 1.000000
vt 0.375000 0.750000
vt 0.625000 0.750000
vt 0.625000 1.000000
vt 0.375000 0.750000
vt 0.375000 0.500000
vt 0.625000 0.500000
vt 0.625000 0.750000
vt 0.375000 0.500000
vt 0.375000 0.250000
vt 0.625000 0.250000
vt 0.625000 0.500000
vt 0.375000 0.250000
vt 0.375000 0.000000
vt 0.625000 0.000000
vt 0.625000 0.250000
vt 0.125000 0.500000
vt 0.125000 0.250000
vt 0.375000 0.250000
vt 0.375000 0.500000
vt 0.625000 0.500000
vt 0.625000 0.250000
vt 0.875000 0.250000
vt 0.875000 0.500000
vt 0.375000 1.000000
vt 0.375000 0.750000
vt 0.625000 0.750000
vt 0.625000 1.000000
vt 0.375000 0.750000
vt 0.375000 0.500000
vt 0.625000 0.500000
vt 0.625000 0.750000
vt 0.375000 0.500000
vt 0.375000 0.250000
vt 0.625000 0.250000
vt 0.625000 0.500000
vt 0.375000 0.250000
vt 0.375000 0.000000
vt 0.625000 0.000000
vt 0.625000 0.250000
vt 0.125000 0.500000
vt 0.125000 0.250000
vt 0.375000 0.250000
vt 0.375000 0.500000
vt 0.625000 0.500000
vt 0.625000 0.250000
vt 0.875000 0.250000
vt 0.875000 0.500000
vt 0.375000 1.000000
vt 0.375000 0.750000
vt 0.625000 0.750000
vt 0.625000 1.000000
vt 0.375000 0.750000
vt 0.375000 0.500000
vt 0.625000 0.500000
vt 0.625000 0.750000
vt 0.375000 0.500000
vt 0.375000 0.250000
vt 0.625000 0.250000
vt 0.625000 0.500000
vt 0.375000 0.250000
vt 0.375000 0.000000
vt 0.625000 0.000000
vt 0.625000 0.250000
vt 0.125000 0.500000
vt 0.125000 0.250000
vt 0.375000 0.250000
vt 0.375000 0.500000
vt 0.625000 0.500000
vt 0.625000 0.250000
vt 0.875000 0.250000
vt 0.875000 0.500000
vt 0.375000 1.000000
vt 0.375000 0.750000
vt 0.625000 0.750000
vt 0.625000 1.000000
vt 0.375000 0.750000
vt 0.375000 0.500000
vt 0.625000 0.500000
vt 0.625000 0.750000
vt 0.375000 0.500000
vt 0.375000 0.250000
vt 0.625000 0.250000
vt 0.625000 0.500000
vt 0.375000 0.250000
vt 0.375000 0.000000
vt 0.625000 0.000000
vt 0.625000 0.250000
vt 0.125000 0.500000
vt 0.125000 0.250000
vt 0.375000 0.250000
vt 0.375000 0.500000
vt 0.625000 0.500000
vt 0.625000 0.250000
vt 0.875000 0.250000
vt 0.875000 0.500000
vt 0.375000 1.000000
vt 0.375000 0.750000
vt 0.625000 0.750000
vt 0.625000 1.000000
vt 0.375000 0.750000
vt 0.375000 0.500000
vt 0.625000 0.500000
vt 0.625000 0.750000
vt 0.375000 0.500000
vt 0.375000 0.250000
vt 0.625000 0.250000
vt 0.625000 0.500000
vt 0.375000 0.250000
vt 0.375000 0.000000
vt 0.625000 0.000000
vt 0.625000 0.250000
vt 0.125000 0.500000
vt 0.125000 0.250000
vt 0.375000 0.250000
vt 0.375000 0.500000
vt 0.625000 0.500000
vt 0.625000 0.250000
vt 0.875000 0.250000
vt 0.875000 0.500000
vn 0.003216 -0.058280 -0.998295
vn 1.000000 -0.000000 -0.000000
vn -0.003175 -0.097565 -0.995224
vn -1.000000 -0.000000 0.000000
vn 0.003172 -0.413118 -0.910672
vn 1.000000 -0.000002 -0.000009
vn -1.000000 -0.000002 0.000006
vn -0.003027 -0.952327 -0.305065
vn -0.009086 -0.987145 -0.159570
vn -1.000000 0.000149 0.000089
vn -1.000000 0.000000 -0.000000
vn 0.009086 -0.987145 0.159571
vn -1.000000 -0.000000 0.000000
vn -0.009275 -0.391444 -0.920155
vn -0.000000 0.461552 0.887113
vn -1.000000 -0.000000 0.000000
vn -0.000000 0.216225 0.976344
vn -1.000000 -0.000000 0.000000
vn -1.000000 -0.000002 0.000004
vn -0.000656 -0.704251 -0.709951
vn -0.000000 0.843273 0.537486
vn -1.000000 -0.000003 0.000008
vn -0.000000 0.675425 0.737428
vn -1.000000 -0.000000 0.000000
vn -0.000000 0.976343 -0.216227
vn -1.000000 0.000000 -0.000000
vn -0.000000 0.999038 0.043844
vn -1.000000 -0.000000 0.000000
vn -1.000000 0.000000 -0.000000
vn -0.005215 0.209133 0.977873
vn -1.000000 -0.000000 0.000000
vn -0.000005 -0.203527 0.979069
vn -1.000000 0.000000 -0.000000
vn -0.003695 0.596150 0.802865
vn 0.004939 -0.648912 -0.760848
vn -1.000000 -0.000000 -0.000000
vn -0.003218 -0.448675 -0.893689
vn -1.000000 0.000000 -0.000000
vn -1.000000 -0.000000 -0.000000
vn -0.004467 0.863627 0.504111
vn 0.003075 -0.965920 -0.258822
vn -1.000000 -0.000000 -0.000000
vn 0.003848 -0.881733 -0.471733
vn -1.000000 -0.000000 -0.000000
vn -1.000000 -0.000000 0.000000
vn -0.002610 0.130989 -0.991380
vn -0.000000 -0.043844 0.999038
vn -1.000000 -0.000000 0.000000
vn 0.004941 -0.334460 0.942397
vn -1.000000 -0.000000 -0.000000
vn -0.842187 0.442309 0.308356
vn -0.445094 0.870926 0.208278
vn -0.812398 0.579082 -0.068356
vn -0.892259 -0.405237 -0.199141
vn 0.004465 0.710460 0.703723
vn -1.000000 -0.000053 -0.000168
vn -0.815344 -0.241793 -0.526070
vn -0.845352 -0.422157 0.327360
vn 0.004468 0.863628 -0.504109
vn -1.000000 -0.000076 0.000039
vn -0.890102 -0.454641 0.031953
vn -0.821146 -0.100859 0.561735
vn 0.003685 0.542746 -0.839888
vn -1.000000 -0.000106 0.000086
vn -0.403619 -0.912127 0.071527
vn -0.939595 0.063861 -0.336278
vn -0.405209 0.094662 -0.909310
vn -0.897435 -0.315610 -0.308221
vn -0.803592 0.499351 -0.323865
vn -0.764912 -0.410171 0.496658
vn -0.877347 0.303646 -0.371567
vn -0.369194 -0.064621 0.927103
vn -0.951195 0.104513 0.290353
vn -0.852492 0.231096 0.468883
vn -0.000965 0.582666 -0.812711
vn -1.000000 -0.000000 -0.000000
vn 1.000000 0.000000 -0.000002
vn -0.009357 0.448660 -0.893654
vn -0.003077 0.707103 -0.707103
vn 1.000000 0.000027 -0.000035
vn -1.000000 0.000000 -0.000000
vn -0.004465 -0.504114 0.863625
vn -1.000000 -0.000000 0.000000
vn -0.015375 -0.827886 0.560685
vn 0.009355 0.314658 -0.949159
vn -1.000000 0.000000 -0.000000
vn -1.000000 0.000000 -0.000000
vn 0.008651 -0.985829 -0.167532
vn -0.014509 -0.982927 0.183420
vn -1.000000 0.000137 -0.000039
vn -1.000000 0.000000 0.000000
vn -0.012540 -0.959471 0.281527
vn -1.000000 -0.000000 0.000006
vn 0.014367 -0.338223 -0.940956
vn 0.006869 -0.258811 -0.965903
vn -1.000000 0.000072 0.000268
vn -0.009956 -0.637994 -0.769977
vn -1.000000 0.000143 0.000024
vn -1.000000 -0.000000 -0.000000
vn 0.018368 -0.799352 -0.600582
vn -0.016312 -0.923326 -0.383670
vn -1.000000 0.000073 0.000100
vn -0.004036 -0.054458 0.998508
vn -1.000000 -0.000000 -0.000000
vn -0.009673 0.097923 0.995147
vn -1.000000 -0.000070 -0.000133
vn -1.000000 0.000000 -0.000000
vn 0.006903 0.460992 0.887377
vn -0.884786 0.154817 0.439529
vn 0.007840 0.150525 -0.988575
vn -1.000000 -0.000048 0.000267
vn -0.917262 0.278037 0.285177
vn -1.000000 0.000156 -0.000011
vn -0.277068 0.882574 -0.379864
vn 0.007165 -0.741186 0.671261
vn -1.000000 0.000182 -0.000057
vn -0.893133 0.198373 -0.403686
vn -0.005358 -0.342024 0.939676
vn -1.000000 0.000119 -0.000270
vn -0.834314 -0.534347 -0.135624
vn 0.006785 0.999106 0.041725
vn -1.000000 -0.000170 -0.000078
vn 0.009194 0.808940 0.587820
vn -1.000000 -0.000063 -0.000049
vn -0.946669 -0.308678 0.092393
vn 0.003691 0.889979 -0.455986
vn -1.000000 -0.000251 0.000100
vn -0.800747 -0.290539 0.523824
vn 0.009270 0.616263 -0.787486
vn -1.000000 -0.000181 0.000197
vn -0.789051 -0.058278 -0.611557
vn -0.459496 -0.081396 -0.884443
vn -0.881761 -0.278017 -0.381057
vn -0.670547 0.634941 -0.383689
vn -0.827510 0.486222 0.280741
vn -0.831487 0.554781 0.029097
vn -0.003962 0.793347 -0.608757
vn -1.000000 -0.000000 -0.000000
vn -0.003077 0.707103 -0.707103
vn 1.000000 -0.000000 -0.000000
vn 1.000000 -0.000000 -0.000000
vn -0.003076 0.866021 -0.499998
vn -0.003962 -0.382681 -0.923872
vn -1.000000 0.000000 -0.000000
vn -0.003076 -0.499998 -0.866021
vn 1.000000 -0.000000 -0.000000
vn -0.003076 -0.258822 -0.965920
vn 1.000000 -0.000000 -0.000000
vn -1.000000 0.000000 0.000000
vn 0.014185 -0.434246 -0.900683
vn -0.000000 0.461549 0.887115
vn -1.000000 -0.000000 0.000000
vn -0.000000 0.216226 0.976343
vn -1.000000 0.000000 -0.000000
vn -1.000000 0.000000 -0.000000
vn 0.005359 -0.642772 0.766039
vn -1.000000 0.000000 -0.000000
vn 0.017310 -0.923966 0.382082
vn -0.000000 0.549622 -0.835413
vn -1.000000 0.000000 -0.000000
vn -1.000000 0.000000 0.000000
vn -0.006778 -0.218285 0.975862
vn -0.000002 -0.058281 -0.998300
vn -1.000000 -0.000000 0.000000
vn -0.000001 0.258819 -0.965926
vn -1.000000 0.000000 0.000000
vn -1.000000 -0.000000 0.000000
vn 0.016314 0.923323 -0.383677
vn -0.019811 0.795755 -0.605294
vn -1.000000 -0.000050 0.000058
vn -1.000000 -0.000000 0.000000
vn 0.017493 0.609052 -0.792938
vn -1.000000 0.000000 -0.000000
vn 0.016858 -0.982992 -0.182873
vn 0.000463 -0.990151 0.140006
vn -1.000000 0.000256 -0.000034
vn -1.000000 -0.000000 0.000000
vn 0.016627 0.126759 -0.991794
vn -0.012182 -0.100445 -0.994868
vn -1.000000 0.000020 0.000086
vn -0.018066 0.391881 -0.919839
vn -1.000000 -0.000044 0.000062
vn -1.000000 0.000000 -0.000000
vn 0.016856 0.982993 0.182870
vn -0.008650 0.985828 -0.167535
vn -1.000000 -0.000152 0.000069
vn -0.944284 0.127531 0.303420
vn -0.919540 -0.047590 0.390104
vn -0.873575 -0.473471 -0.112660
vn 0.007838 0.780868 0.624647
vn -1.000000 -0.000089 -0.000139
vn -0.910988 -0.239972 -0.335432
vn 0.010507 0.961832 0.273439
vn -1.000000 -0.000234 -0.000066
vn -0.805498 -0.347530 0.479995
vn -0.912946 -0.387061 0.129284
vn -0.683258 0.109281 0.721953
vn -0.423667 -0.633188 -0.647749
vn -0.856025 -0.501202 0.126565
vn 0.003074 0.258815 -0.965922
vn -1.000000 -0.000000 -0.000000
vn 0.003960 0.382679 -0.923873
vn 1.000000 -0.000000 -0.000006
vn -1.000000 -0.000000 -0.000000
vn 0.003076 0.499998 -0.866021
vn -0.000000 0.043844 0.999038
vn 1.000000 -0.000000 -0.000000
vn -0.000000 0.300920 0.953649
vn 1.000000 -0.000000 -0.000000
vn 0.009086 -0.987145 -0.159571
vn 1.000000 0.000129 0.000069
vn 1.000000 0.000000 0.000000
vn 0.003028 -0.952326 -0.305067
vn 1.000000 0.000000 0.000000
vn -0.009086 -0.987145 0.159571
vn 1.000000 0.000001 -0.000007
vn -0.000001 -0.203537 0.979067
vn 1.000000 0.000003 -0.000006
vn 0.005216 -0.543578 0.839342
vn 0.008650 0.093328 -0.995598
vn 1.000000 0.000039 0.000191
vn 1.000000 0.000000 -0.000000
vn -0.014510 0.431570 -0.901963
vn 1.000000 -0.000000 -0.000000
vn -0.008650 -0.093328 -0.995598
vn 0.014511 -0.431571 -0.901962
vn 1.000000 0.000041 0.000105
vn 1.000000 -0.000000 0.000000
vn 0.012539 -0.520264 -0.853913
vn 0.807830 0.210650 -0.550488
vn -0.000001 -0.056807 0.998385
vn 1.000000 0.000035 -0.000081
vn 0.942810 -0.046650 -0.330049
vn 0.411399 -0.097729 -0.906201
vn 0.846144 -0.311721 -0.432284
vn 0.807503 -0.136541 0.573842
vn 0.847836 -0.365350 0.384308
vn 1.000000 -0.000156 0.000035
vn 0.267942 -0.742681 0.613703
vn 0.950690 0.101063 0.293215
vn 0.369450 0.228919 0.900613
vn 0.836850 -0.423168 -0.347292
vn 0.853308 -0.485329 -0.190582
vn 0.850452 0.394040 -0.348517
vn 0.939613 0.282902 -0.192599
vn 0.427411 -0.902946 0.044807
vn 0.834894 -0.530294 0.147449
vn 0.009357 -0.949159 0.314658
vn -1.000000 -0.000000 -0.000000
vn 0.000964 -0.986681 0.162663
vn 1.000000 -0.000000 0.000000
vn -1.000000 -0.000000 -0.000000
vn 0.003076 -0.999995 0.000000
vn -1.000000 0.000000 -0.000000
vn 0.003076 -0.258820 0.965921
vn 0.000965 -0.412495 0.910959
vn 1.000000 0.000000 0.000000
vn 0.009358 -0.549595 0.835379
vn -1.000000 -0.000000 -0.000000
vn 1.000000 0.000000 0.000000
vn 0.003689 0.977672 0.210105
vn 1.000000 -0.000000 0.000000
vn 0.006778 0.954262 -0.298895
vn 1.000000 0.000000 0.000000
vn 0.002609 0.609130 -0.793066
vn 1.000000 0.000000 0.000000
vn 0.009273 0.121076 -0.992600
vn 0.014510 -0.982927 0.183421
vn 1.000000 0.000152 -0.000079
vn 1.000000 0.000000 0.000000
vn -0.008652 -0.985829 -0.167530
vn 1.000000 0.000000 -0.000000
vn 0.012540 -0.959471 0.281527
vn 0.009961 -0.637991 -0.769979
vn 1.000000 0.000171 0.000254
vn 1.000000 -0.000000 0.000000
vn -0.014361 -0.338220 -0.940957
vn 1.000000 -0.000000 0.000000
vn -0.018366 -0.799353 -0.600581
vn 0.016312 -0.923327 -0.383669
vn 1.000000 0.000325 0.000134
vn 0.009673 0.097923 0.995147
vn 1.000000 -0.000016 -0.000085
vn 0.004036 -0.054458 0.998508
vn 1.000000 -0.000000 -0.000007
vn 1.000000 -0.000003 -0.000006
vn -0.006903 0.460992 0.887378
vn 0.943432 0.276142 0.183523
vn 0.886453 0.163083 0.433135
vn 0.875377 -0.265584 -0.403956
vn -0.009193 0.808938 0.587822
vn 1.000000 -0.000094 -0.000123
vn 0.820494 -0.557214 -0.127680
vn -0.007838 0.150528 -0.988575
vn 1.000000 -0.000047 0.000259
vn 0.799067 -0.275087 0.534621
vn 0.847611 -0.504806 0.163484
vn 0.949511 -0.292195 0.114237
vn 0.514040 -0.683832 -0.517818
vn 0.731888 0.054461 -0.679245
vn 0.956808 0.108691 -0.269637
vn 0.795628 -0.087799 -0.599389
vn 0.003076 0.965921 0.258820
vn -1.000000 -0.000000 -0.000000
vn 0.000965 0.910959 0.412495
vn 1.000000 0.000000 -0.000000
vn 0.009357 0.835375 0.549600
vn -1.000000 -0.000000 -0.000000
vn 1.000000 0.000000 0.000000
vn 0.009270 -0.799080 -0.601154
vn 1.000000 0.000000 -0.000000
vn -0.016859 -0.982992 -0.182873
vn 0.011306 0.816473 -0.577273
vn 1.000000 -0.000247 0.000164
vn 1.000000 0.000000 -0.000000
vn -0.016316 0.923324 -0.383675
vn 1.000000 0.000000 0.000000
vn -0.013011 0.560596 -0.827987
vn -0.000464 -0.990151 0.140006
vn 1.000000 0.000218 -0.000033
vn 1.000000 0.000000 0.000000
vn -0.017313 -0.923966 0.382081
vn 0.008650 0.985828 -0.167535
vn 1.000000 -0.000292 0.000054
vn 1.000000 -0.000000 0.000000
vn -0.016856 0.982992 0.182871
vn 0.842019 0.269820 -0.467121
vn -0.003686 -0.050093 0.998738
vn 1.000000 -0.000015 -0.000166
vn 0.915519 -0.024341 -0.401538
vn -0.009272 0.373851 0.927442
vn 1.000000 -0.000036 -0.000072
vn 0.847791 -0.298360 -0.438441
vn -0.007835 0.780868 0.624647
vn 1.000000 -0.000082 -0.000171
vn 0.878589 -0.463219 -0.116231
vn 0.892393 -0.396632 0.215214
vn 0.398446 -0.601912 0.692056
vn 0.891072 -0.141879 0.431117
vn 0.893971 0.030050 0.447116
vn 0.832511 0.227006 0.505365
vn 0.409271 -0.684182 -0.603649
vn 0.380674 0.678056 -0.628751
vn 0.842215 0.531055 -0.093031
vn 0.395515 0.769148 0.501975
vn 0.930335 0.329963 0.160003
vn 0.771098 -0.635316 0.042207
vn 0.846654 -0.016558 -0.531887
vn 1.000000 0.000000 -0.000000
vn -0.000000 0.537487 0.843272
vn -0.000000 0.737428 0.675425
vn 1.000000 -0.000000 -0.000000
vn -0.000000 0.887115 0.461549
vn 1.000000 -0.000000 -0.000000
vn -0.000000 0.953650 0.300919
vn -1.000000 -0.000002 0.000006
vn -0.000000 0.976343 0.216226
vn 1.000000 -0.000000 -0.000000
vn 1.000000 -0.000001 -0.000002
vn -0.000000 0.999038 -0.043844
vn -0.000000 0.953649 -0.300920
vn 1.000000 -0.000000 -0.000000
vn -0.000001 0.887114 -0.461551
vn -1.000000 -0.000000 -0.000000
vn -0.000001 0.843272 -0.537487
vn 1.000000 -0.000022 0.000006
vn -0.000001 0.737427 -0.675427
vn -1.000000 0.000000 -0.000000
vn -0.000001 0.675425 -0.737428
vn 1.000000 -0.000002 -0.000003
vn -0.000001 0.537490 -0.843270
vn -1.000000 0.000000 0.000000
vn -0.000002 0.461555 -0.887112
vn 1.000000 -0.000000 -0.000000
vn -0.000002 0.255088 -0.966918
vn -1.000000 0.000000 0.000000
vn 1.000000 0.000001 -0.000002
vn -0.004943 0.181550 -0.983369
vn -0.000002 -0.704370 -0.709833
vn 1.000000 -0.000021 -0.000031
vn 1.000000 0.000001 -0.000002
vn -0.000001 -0.893694 -0.448678
vn 0.003961 -0.991437 -0.130525
vn 1.000000 -0.000000 -0.000000
vn 0.003076 -0.999995 0.000000
vn -1.000000 -0.000000 0.000000
vn 0.004941 -0.983369 0.181553
vn -1.000000 0.000000 0.000006
vn -0.000000 -0.966918 0.255086
vn 1.000000 -0.000000 0.000000
vn 0.003850 -0.849400 0.527735
vn -1.000000 -0.000002 0.000008
vn -0.000000 -0.835413 0.549622
vn 1.000000 -0.000000 -0.000000
vn 1.000000 0.000000 -0.000001
vn 0.003962 -0.608758 0.793346
vn 0.003077 -0.707103 0.707103
vn -1.000000 0.000000 0.000004
vn 0.003076 -0.499998 0.866021
vn -1.000000 -0.000000 -0.000000
vn -0.000000 -0.262553 0.964918
vn 1.000000 -0.000000 -0.000000
vn -1.000000 0.000000 0.000000
vn 0.009758 -0.850203 0.526365
vn -1.000000 0.000000 0.000000
vn -0.005218 -0.543582 0.839340
vn -1.000000 -0.000000 -0.000000
vn -0.005220 0.998681 0.051082
vn -1.000000 0.000000 0.000005
vn -0.003692 0.929803 -0.368038
vn -1.000000 0.000002 0.000002
vn -0.006784 0.676969 -0.735981
vn 0.005224 0.307814 0.951432
vn -1.000000 -0.000035 -0.000071
vn 0.003027 -0.952326 0.305068
vn -1.000000 0.000214 -0.000074
vn 0.000001 -0.746132 0.665798
vn -1.000000 0.000173 -0.000123
vn 0.009273 0.139956 -0.990114
vn -1.000000 0.000008 0.000161
vn 0.002607 -0.383112 -0.923698
vn -1.000000 0.000042 0.000105
vn 0.003695 0.929802 0.368041
vn -1.000000 -0.000246 -0.000116
vn 0.005216 -0.455104 0.890423
vn -1.000000 0.000048 -0.000156
vn -0.005980 -0.823674 -0.567033
vn -1.000000 0.000076 0.000053
vn 0.005220 0.998681 -0.051082
vn -1.000000 -0.000166 0.000059
vn -0.000002 -0.056802 0.998385
vn -1.000000 0.000013 -0.000101
vn 1.000000 -0.000000 -0.000000
vn 0.000001 0.000000 1.000000
vn -0.000000 0.000000 1.000000
vn -1.000000 0.000000 0.000007
vn 0.000002 0.216222 0.976344
vn -1.000000 0.000002 0.000006
vn 0.000002 0.300919 0.953650
vn 1.000000 -0.000000 -0.000000
vn 0.000002 0.461552 0.887113
vn -1.000000 -0.000001 0.000009
vn 1.000000 -0.000000 -0.000001
vn 0.000001 0.537488 0.843271
vn 0.000001 0.675428 0.737426
vn -1.000000 -0.000002 0.000004
vn -0.000000 0.737428 0.675425
vn 1.000000 -0.000000 -0.000000
vn -0.000000 0.843272 0.537487
vn -1.000000 0.000000 -0.000000
vn -0.000000 0.887113 0.461552
vn 1.000000 -0.000000 -0.000000
vn -0.000000 0.953650 0.300918
vn -1.000000 0.000000 -0.000000
vn -0.000000 0.976345 0.216219
vn 1.000000 -0.000000 -0.000000
vn -0.000000 0.999039 0.043840
vn -1.000000 0.000000 -0.000000
vn 1.000000 -0.000004 -0.000001
vn -0.000000 0.999039 -0.043840
vn -0.000000 0.976345 -0.216217
vn -1.000000 0.000000 -0.000000
vn -0.000000 0.953651 -0.300916
vn 1.000000 -0.000000 -0.000000
vn -0.000000 0.864087 -0.503342
vn -1.000000 0.000000 0.000000
vn -0.004941 0.823722 -0.566972
vn 1.000000 -0.000006 -0.000001
vn 0.000963 0.162667 -0.986681
vn 1.000000 -0.000000 -0.000000
vn 0.003074 -0.000000 -0.999995
vn -1.000000 0.000000 -0.000000
vn 0.004940 -0.181550 -0.983369
vn -1.000000 -0.000000 -0.000000
vn 0.000000 -0.255087 -0.966918
vn 1.000000 0.000000 -0.000009
vn 0.000000 -0.461552 -0.887113
vn -1.000000 -0.000000 -0.000000
vn 0.000000 -0.537487 -0.843272
vn 1.000000 -0.000017 -0.000041
vn 0.000000 -0.675426 -0.737428
vn -1.000000 0.000000 -0.000000
vn 1.000000 0.000002 -0.000001
vn 0.000000 -0.737428 -0.675425
vn 0.000000 -0.843273 -0.537486
vn -1.000000 -0.000000 -0.000000
vn -0.000000 -0.887114 -0.461551
vn 1.000000 -0.000000 -0.000000
vn -0.000000 -0.953649 -0.300920
vn -1.000000 0.000000 -0.000000
vn -0.000000 -0.976343 -0.216226
vn 1.000000 -0.000000 -0.000000
vn -0.000000 -0.999038 -0.043848
vn -1.000000 0.000000 0.000000
vn 0.000001 -0.999039 0.043840
vn 1.000000 -0.000000 -0.000000
vn 0.003851 -0.957046 0.289912
vn -1.000000 -0.000000 0.000000
vn 1.000000 0.000001 -0.000001
vn 0.000002 -0.949201 0.314672
vn 0.003962 -0.793348 0.608755
vn 1.000000 -0.000000 -0.000000
vn 0.003075 -0.866021 0.499998
vn -1.000000 -0.000000 0.000000
vn 0.003074 -0.707106 0.707101
vn -1.000000 0.000003 0.000005
vn 0.004942 -0.566971 0.823723
vn -1.000000 0.000000 0.000007
vn 0.000002 -0.503338 0.864089
vn 1.000000 -0.000000 -0.000000
vn 0.000002 -0.258819 0.965926
vn -1.000000 -0.000002 0.000006
vn 0.000002 -0.258821 0.965925
vn 1.000000 -0.000000 -0.000000
vn -1.000000 -0.000001 0.000006
vn -0.009273 0.121071 -0.992601
vn -1.000000 0.000000 -0.000000
vn -0.009275 0.799080 0.601154
vn -1.000000 0.000000 -0.000000
vn -0.003688 0.977672 0.210105
vn -1.000000 -0.000000 0.000000
vn -0.006778 0.954262 -0.298895
vn -1.000000 0.000001 0.000004
vn -0.002609 0.609133 -0.793064
vn 0.004042 0.492491 0.870308
vn -1.000000 -0.000034 -0.000046
vn -0.905628 -0.357903 -0.227472
vn -0.906510 -0.177771 0.382933
vn -0.395875 -0.874306 0.280840
vn -0.378108 0.151958 0.913205
vn 1.000000 0.000000 -0.000000
vn -0.000000 0.000000 1.000000
vn -0.000000 0.000000 1.000000
vn -1.000000 0.000000 0.000000
vn -0.000000 0.300919 0.953650
vn 1.000000 -0.000000 -0.000000
vn -0.000000 0.537486 0.843273
vn 1.000000 -0.000000 -0.000000
vn -0.000000 0.675425 0.737428
vn -1.000000 -0.000000 0.000000
vn -0.000000 0.737428 0.675425
vn 1.000000 -0.000000 -0.000000
vn -0.000000 0.843272 0.537487
vn -1.000000 0.000000 -0.000000
vn 1.000000 0.000000 -0.000000
vn -0.000000 0.887113 0.461552
vn -0.000000 0.953650 0.300918
vn -1.000000 0.000000 -0.000000
vn -0.000001 0.976344 0.216222
vn 1.000000 -0.000000 -0.000000
vn -0.000002 0.999038 0.043844
vn -1.000000 0.000000 -0.000000
vn -0.000002 0.999039 -0.043840
vn 1.000000 -0.000000 -0.000000
vn -0.000001 0.964919 -0.262549
vn -1.000000 -0.000000 -0.000000
vn -0.004942 0.942397 -0.334459
vn 1.000000 -0.000000 -0.000000
vn -0.003850 0.527736 -0.849400
vn 1.000000 -0.000000 -0.000000
vn -0.000000 0.258821 -0.965925
vn 1.000000 -0.000000 -0.000000
vn 1.000000 -0.000000 -0.000000
vn -0.003851 -0.032334 -0.999470
vn -0.003850 -0.683868 -0.729595
vn 1.000000 -0.000000 -0.000000
vn 0.000000 -0.664694 -0.747115
vn -1.000000 -0.000000 -0.000000
vn 0.000000 -0.843273 -0.537486
vn -1.000000 -0.000000 -0.000000
vn 1.000000 -0.000000 -0.000000
vn -0.000000 -0.887114 -0.461551
vn -0.000000 -0.953649 -0.300920
vn -1.000000 0.000000 -0.000000
vn -0.000001 -0.976343 -0.216227
vn 1.000000 -0.000000 -0.000000
vn -0.000000 -0.999038 -0.043844
vn -1.000000 0.000000 0.000000
vn 0.000000 -0.999038 0.043844
vn 1.000000 -0.000000 -0.000000
vn 0.000001 -0.976343 0.216227
vn -1.000000 -0.000000 0.000000
vn 0.000000 -0.953649 0.300920
vn 1.000000 -0.000000 -0.000000
vn 0.000000 -0.887114 0.461551
vn -1.000000 -0.000000 0.000000
vn 1.000000 0.000000 -0.000000
vn -0.000000 -0.843273 0.537486
vn -0.000000 -0.737428 0.675425
vn -1.000000 -0.000000 0.000000
vn -0.000000 -0.675425 0.737428
vn 1.000000 -0.000000 -0.000000
vn -0.000000 -0.537487 0.843272
vn -1.000000 -0.000000 -0.000000
vn -0.000000 -0.461552 0.887113
vn 1.000000 -0.000000 -0.000000
vn -0.000000 -0.258823 0.965925
vn -1.000000 -0.000000 -0.000000
vn -0.000000 -0.258823 0.965925
vn 1.000000 -0.000000 -0.000000
vn 0.010515 -0.961831 -0.273441
vn -1.000000 0.000135 0.000131
vn -1.000000 -0.000000 -0.000000
vn -0.009275 -0.799078 -0.601156
vn -1.000000 0.000000 -0.000000
vn -0.002607 0.382248 0.924056
vn -1.000000 -0.000000 -0.000000
vn -0.009270 0.799080 0.601154
vn 0.009272 0.373851 0.927442
vn -1.000000 -0.000096 -0.000135
vn -0.848415 0.527728 -0.041171
vn -0.816509 0.423332 0.392559
vn -0.402858 0.783525 0.473070
vn 0.003023 -0.840919 0.541152
vn -1.000000 0.000231 -0.000112
vn 0.004470 -0.495872 0.868384
vn -1.000000 0.000147 -0.000211
vn 0.005809 -0.499995 -0.866009
vn -1.000000 0.000034 0.000059
vn 0.015157 -0.796570 -0.604357
vn -1.000000 0.000048 0.000036
vn 0.003691 -0.050093 0.998738
vn -1.000000 0.000048 -0.000239
vn -0.893546 0.285334 -0.346642
vn -0.848477 -0.052762 -0.526595
vn -0.418071 -0.511931 0.750429
vn -0.956272 0.289969 -0.038237
vn -0.785096 0.071826 -0.615195
vn -0.360035 0.746337 -0.559782
vn 0.000002 0.043840 0.999039
vn -1.000000 -0.000000 -0.000000
vn -0.000000 0.300920 0.953649
vn -1.000000 -0.000000 -0.000000
vn 0.000001 0.216221 0.976344
vn 1.000000 -0.000000 -0.000000
vn 0.000002 -0.043844 0.999038
vn 1.000000 -0.000000 -0.000000
vn -1.000000 -0.000000 -0.000000
vn -0.000000 0.537487 0.843272
vn -0.000000 0.461552 0.887113
vn 1.000000 -0.000000 -0.000000
vn -0.000000 0.737428 0.675425
vn -1.000000 -0.000000 -0.000000
vn -0.000000 0.675425 0.737428
vn 1.000000 -0.000000 0.000000
vn -0.000000 0.887115 0.461549
vn -1.000000 -0.000000 -0.000000
vn -0.000000 0.843273 0.537486
vn 1.000000 -0.000000 0.000000
vn -0.000000 0.976343 0.216226
vn -1.000000 -0.000000 -0.000000
vn -0.000000 0.953650 0.300919
vn 1.000000 0.000000 -0.000000
vn -1.000000 -0.000000 -0.000000
vn -0.000000 0.999038 -0.043844
vn -0.000000 0.999038 0.043844
vn 1.000000 0.000000 0.000000
vn -0.000000 0.953649 -0.300920
vn -1.000000 -0.000000 -0.000000
vn -0.000000 0.976343 -0.216226
vn 1.000000 0.000000 0.000000
vn -0.000001 0.843272 -0.537487
vn -1.000000 -0.000000 -0.000000
vn -0.000001 0.887114 -0.461551
vn 1.000000 -0.000000 0.000000
vn 0.004940 0.648914 -0.760846
vn -1.000000 -0.000000 -0.000000
vn -0.000002 0.704370 -0.709833
vn 1.000000 -0.000004 -0.000003
vn 0.004347 0.033129 -0.999442
vn -1.000000 -0.000000 -0.000000
vn -0.004349 -0.033132 -0.999442
vn 1.000000 0.000000 -0.000007
vn -0.003963 -0.382679 -0.923873
vn -1.000000 -0.000000 -0.000000
vn -0.003079 -0.258816 -0.965922
vn 1.000000 -0.000001 -0.000006
vn -1.000000 -0.000000 0.000000
vn -0.000000 -0.704370 -0.709833
vn -0.004941 -0.648910 -0.760849
vn 1.000000 0.000002 -0.000003
vn -0.003078 -0.499998 -0.866021
vn 1.000000 0.000001 -0.000007
vn -0.000001 -0.887115 -0.461549
vn -1.000000 -0.000000 -0.000000
vn -0.000001 -0.843274 -0.537484
vn 1.000000 0.000000 -0.000000
vn 0.000000 -0.976343 -0.216227
vn -1.000000 -0.000000 0.000000
vn -0.000000 -0.953649 -0.300920
vn 1.000000 -0.000000 -0.000000
vn -0.000000 -0.999038 0.043844
vn -1.000000 -0.000000 -0.000000
vn 0.000000 -0.999038 -0.043844
vn 1.000000 -0.000000 -0.000000
vn -1.000000 -0.000000 0.000000
vn 0.000000 -0.953649 0.300920
vn -0.000000 -0.976343 0.216227
vn 1.000000 -0.000000 -0.000000
vn 0.000001 -0.843274 0.537484
vn -1.000000 -0.000000 -0.000000
vn 0.000001 -0.887115 0.461549
vn 1.000000 0.000000 -0.000000
vn -0.000000 -0.675425 0.737428
vn -1.000000 -0.000000 -0.000000
vn 0.000001 -0.737430 0.675424
vn 1.000000 0.000000 -0.000000
vn -0.000000 -0.461552 0.887113
vn -1.000000 -0.000000 -0.000000
vn -0.000000 -0.537487 0.843272
vn 1.000000 0.000000 -0.000000
vn -1.000000 -0.000000 -0.000000
vn 0.000001 -0.216223 0.976344
vn -0.000000 -0.300918 0.953650
vn 1.000000 0.000000 -0.000000
vn 1.000000 -0.000000 0.000000
vn 0.013342 -0.717854 -0.696066
vn 1.000000 -0.000001 -0.000002
vn -0.009761 -0.850204 0.526363
vn 1.000000 -0.000002 -0.000006
vn 0.005218 0.209138 0.977872
vn 1.000000 0.000002 -0.000005
vn 0.003701 0.596152 0.802863
vn 1.000000 0.000000 -0.000000
vn 0.007171 0.889664 0.456560
vn 1.000000 -0.000000 -0.000000
vn 0.007162 0.998751 -0.049439
vn 1.000000 0.000000 -0.000000
vn 0.007162 0.840225 -0.542191
vn 0.779910 0.625527 -0.021373
vn 0.442694 0.894888 -0.056545
vn 0.793074 0.526539 0.306252
vn 0.861764 0.386197 0.328961
vn -0.004460 0.710458 0.703726
vn 1.000000 -0.000063 -0.000065
vn -0.005217 0.307824 0.951429
vn 1.000000 -0.000027 -0.000111
vn -0.012539 0.520264 -0.853913
vn 1.000000 -0.000150 0.000107
vn -0.015375 0.755854 -0.654560
vn 1.000000 -0.000066 0.000035
vn -0.003028 -0.952326 0.305067
vn 1.000000 0.000143 -0.000072
vn -0.000005 -0.746132 0.665798
vn 1.000000 0.000089 -0.000069
vn -0.007162 0.951923 0.306254
vn 1.000000 -0.000071 -0.000035
vn -0.005219 -0.455104 0.890423
vn 1.000000 0.000024 -0.000082
vn 0.005363 -0.819135 -0.573576
vn 1.000000 0.000076 0.000054
vn -0.007169 0.977517 -0.210736
vn 1.000000 -0.000072 0.000008
vn 0.006950 0.000000 0.999976
vn -1.000000 0.000000 -0.000000
vn 0.003075 0.258820 0.965921
vn -1.000000 0.000000 -0.000000
vn 0.003961 0.382681 0.923872
vn 1.000000 -0.000000 -0.000000
vn -0.000000 0.000000 1.000000
vn 1.000000 0.000000 -0.000000
vn 0.003076 0.499996 0.866022
vn -1.000000 -0.000000 -0.000000
vn -1.000000 -0.000000 -0.000000
vn 0.003850 0.683868 0.729595
vn -0.000000 0.664694 0.747115
vn 1.000000 -0.000000 0.000000
vn 0.000000 0.887114 0.461551
vn -1.000000 -0.000000 -0.000000
vn -0.000000 0.843273 0.537486
vn 1.000000 -0.000000 0.000000
vn 0.000001 0.976345 0.216219
vn -1.000000 -0.000000 -0.000000
vn 0.000000 0.953650 0.300917
vn 1.000000 -0.000000 -0.000000
vn 0.000000 0.999039 -0.043840
vn -1.000000 -0.000000 -0.000000
vn 0.000000 0.999039 0.043840
vn 1.000000 -0.000000 -0.000000
vn -1.000000 0.000000 -0.000000
vn -0.000000 0.953650 -0.300917
vn -0.000000 0.976345 -0.216218
vn 1.000000 0.000000 -0.000000
vn -0.000000 0.843272 -0.537487
vn -1.000000 -0.000000 -0.000000
vn -0.000000 0.887113 -0.461552
vn 1.000000 -0.000001 -0.000004
vn -0.000000 0.675425 -0.737428
vn -1.000000 -0.000000 -0.000000
vn -0.000000 0.737428 -0.675425
vn 1.000000 0.000000 -0.000008
vn -0.000000 0.461549 -0.887115
vn -1.000000 -0.000000 -0.000000
vn -0.000000 0.537486 -0.843273
vn 1.000000 0.000004 -0.000006
vn -1.000000 -0.000000 -0.000000
vn -0.000001 0.216222 -0.976344
vn -0.000000 0.300919 -0.953650
vn 1.000000 0.000002 -0.000006
vn -0.000002 -0.043844 -0.999038
vn -1.000000 -0.000000 -0.000000
vn -0.000002 0.043840 -0.999039
vn 1.000000 -0.000000 -0.000007
vn 0.000000 -0.300918 -0.953650
vn -1.000000 -0.000000 -0.000000
vn -0.000001 -0.216223 -0.976344
vn 1.000000 -0.000002 -0.000006
vn 0.000000 -0.537487 -0.843272
vn -1.000000 -0.000000 -0.000000
vn 0.000000 -0.461552 -0.887113
vn 1.000000 -0.000003 -0.000006
vn -1.000000 0.000000 -0.000000
vn 0.000000 -0.737428 -0.675425
vn 0.000000 -0.675425 -0.737428
vn 1.000000 -0.000001 -0.000007
vn 0.000000 -0.887113 -0.461552
vn -1.000000 -0.000000 -0.000000
vn 0.000000 -0.843272 -0.537487
vn 1.000000 0.000001 -0.000003
vn 0.004941 -0.983369 -0.181553
vn -1.000000 -0.000000 -0.000000
vn 0.000000 -0.966918 -0.255088
vn 1.000000 0.000000 0.000000
vn 0.001627 -0.793353 0.608760
vn -1.000000 -0.000000 -0.000000
vn -0.009357 -0.893656 0.448654
vn 1.000000 -0.000000 -0.000000
vn -0.009356 -0.664663 0.747085
vn 1.000000 0.000000 -0.000000
vn 1.000000 0.000001 -0.000006
vn 0.015379 -0.827884 0.560689
vn 1.000000 0.000002 -0.000006
vn 0.004467 -0.504111 0.863627
vn 1.000000 -0.000000 -0.000005
vn 0.009275 0.799078 0.601156
vn -0.009270 0.616260 -0.787488
vn 1.000000 -0.000171 0.000112
vn -0.003691 0.889978 -0.455989
vn 1.000000 -0.000083 0.000033
vn -0.004041 0.492490 0.870308
vn 1.000000 -0.000039 -0.000069
vn -0.007161 -0.741183 0.671265
vn 1.000000 0.000073 -0.000043
vn -0.006860 -0.258811 -0.965903
vn 1.000000 0.000072 0.000268
vn -0.006784 0.999106 0.041725
vn 1.000000 -0.000167 0.000022
vn 0.005358 -0.342024 0.939676
vn 1.000000 0.000046 -0.000103
vn 0.711334 0.702853 -0.000995
vn 0.802461 0.452875 -0.388535
vn 0.918235 0.388456 -0.077113
vn 0.331638 0.787941 0.518812
vn 0.396082 0.667270 -0.630769
vn 0.742305 0.073146 0.666058
vn 0.439526 -0.391027 0.808650
vn 0.000001 0.000000 1.000000
vn -1.000000 0.000000 -0.000000
vn -1.000000 0.000001 0.000002
vn -0.000000 0.314676 0.949199
vn -0.003849 0.289914 0.957045
vn 1.000000 -0.000000 -0.000000
vn 0.000002 0.000000 1.000000
vn 1.000000 0.000000 -0.000000
vn -0.000965 0.634213 0.773158
vn -1.000000 -0.000000 -0.000000
vn -0.003077 0.499996 0.866022
vn 1.000000 -0.000000 -0.000000
vn -0.009358 0.747083 0.664665
vn 1.000000 -0.000000 0.000000
vn -1.000000 0.000002 0.000002
vn 0.003851 0.999470 0.032334
vn 0.000002 0.998300 0.058281
vn 1.000000 -0.000000 0.000000
vn -0.000000 0.953649 -0.300922
vn -1.000000 0.000044 -0.000006
vn 0.000001 0.976344 -0.216223
vn 1.000000 -0.000000 0.000000
vn -0.000000 0.843272 -0.537487
vn -1.000000 -0.000002 0.000006
vn -0.000000 0.887113 -0.461552
vn 1.000000 -0.000000 -0.000000
vn -0.000000 0.675425 -0.737428
vn -1.000000 -0.000000 -0.000000
vn -0.000000 0.737428 -0.675425
vn 1.000000 0.000000 -0.000000
vn -1.000000 0.000001 0.000002
vn -0.000000 0.461549 -0.887115
vn -0.000000 0.537486 -0.843273
vn 1.000000 -0.000000 -0.000000
vn -0.000000 0.216226 -0.976343
vn -1.000000 -0.000000 -0.000000
vn -0.000000 0.300919 -0.953650
vn 1.000000 0.000000 -0.000000
vn -1.000000 -0.000000 -0.000000
vn 0.000000 -0.043844 -0.999038
vn 0.000000 0.043844 -0.999038
vn 1.000000 -0.000000 -0.000000
vn -0.000001 -0.300918 -0.953650
vn -1.000000 -0.000000 -0.000000
vn 0.000000 -0.216223 -0.976344
vn 1.000000 -0.000000 -0.000000
vn -0.000001 -0.537490 -0.843270
vn -1.000000 -0.000000 -0.000000
vn -0.000001 -0.461552 -0.887113
vn 1.000000 0.000000 -0.000000
vn 0.000000 -0.737428 -0.675425
vn -1.000000 -0.000000 -0.000000
vn -0.000001 -0.675428 -0.737426
vn 1.000000 0.000000 0.000000
vn -1.000000 -0.000001 0.000002
vn 0.000000 -0.893694 -0.448678
vn -0.003850 -0.881733 -0.471733
vn 1.000000 -0.000000 0.000000
vn -0.003962 -0.991437 -0.130526
vn -1.000000 -0.000019 0.000001
vn -0.003076 -0.965920 -0.258822
vn 1.000000 -0.000000 0.000000
vn 0.000000 -0.966918 0.255087
vn -1.000000 -0.000008 0.000003
vn -0.004941 -0.983369 0.181553
vn 1.000000 0.000000 -0.000000
vn -0.003076 -0.999995 -0.000000
vn 1.000000 -0.000000 0.000000
vn -0.000000 -0.843272 0.537487
vn -1.000000 -0.000000 -0.000000
vn 0.000000 -0.887114 0.461551
vn 1.000000 0.000000 -0.000000
vn -1.000000 -0.000001 0.000002
vn -0.000000 -0.675425 0.737428
vn -0.000000 -0.737428 0.675425
vn 1.000000 0.000000 -0.000000
vn -0.000000 -0.461552 0.887113
vn -1.000000 -0.000000 -0.000000
vn -0.000000 -0.537487 0.843272
vn 1.000000 0.000000 0.000000
vn -0.000000 -0.258823 0.965925
vn -1.000000 0.000000 -0.000000
vn 0.000001 -0.258820 0.965926
vn 1.000000 0.000000 0.000000
vn -0.010515 -0.961832 -0.273439
vn 1.000000 0.000250 0.000071
vn 1.000000 -0.000000 0.000000
vn -0.000002 -0.382683 -0.923880
vn 1.000000 0.000000 -0.000000
vn 0.009273 0.130521 -0.991402
vn 1.000000 0.000000 -0.000000
vn -0.005361 -0.642774 0.766037
vn 1.000000 0.000000 -0.000000
vn 0.006784 -0.218281 0.975862
vn 1.000000 -0.000000 -0.000000
vn 0.002611 0.382248 0.924056
vn 1.000000 0.000000 0.000000
vn 0.009275 0.799080 0.601154
vn -0.004044 0.507462 -0.861665
vn 1.000000 -0.000135 0.000238
vn -0.006417 0.105103 -0.994441
vn 1.000000 -0.000020 0.000260
vn -0.003026 -0.840920 0.541150
vn 1.000000 0.000177 -0.000096
vn -0.009275 -0.382665 -0.923840
vn 1.000000 0.000096 0.000112
vn -0.004467 -0.495869 0.868386
vn 1.000000 0.000154 -0.000161
vn -0.010507 0.961831 0.273441
vn 1.000000 -0.000302 -0.000086
vn -0.007842 -0.780868 -0.624647
vn 1.000000 0.000084 0.000166
vn 1.000000 -0.000194 -0.000197
vn 0.255978 0.965287 -0.051928
vn 0.000000 1.000000 -0.000000
vn -0.000002 0.001208 -0.999999
vn 1.000000 -0.000000 -0.000000
vn 0.000000 1.000000 -0.000000
vn -0.000002 0.001208 -0.999999
vn -1.000000 -0.000000 -0.000000
vn -0.000000 -1.000000 -0.000000
vn -0.000002 0.001208 -0.999999
vn -1.000000 -0.000000 -0.000000
vn -0.000000 -1.000000 -0.000000
vn -0.000002 0.001208 -0.999999
vn 1.000000 -0.000000 -0.000000
vn -0.000000 1.000000 -0.000000
vn 0.000001 0.001189 0.999999
vn -1.000000 -0.000000 -0.000000
vn -0.000000 -1.000000 -0.000000
vn 0.000002 0.001208 0.999999
vn -1.000000 -0.000000 -0.000000
vn 0.000000 1.000000 -0.000000
vn 0.000000 0.001169 0.999999
vn 1.000000 -0.000000 -0.000000
vn -0.000000 -1.000000 -0.000000
vn 0.000001 0.001189 0.999999
vn 1.000000 -0.000000 -0.000000
vn -0.000000 0.999999 -0.001308
vn 0.000000 -0.001208 -0.999999
vn 1.000000 -0.000000 -0.000000
vn -0.000000 0.999999 -0.001308
vn 0.000000 -0.001208 -0.999999
vn -1.000000 -0.000000 -0.000000
vn -0.000000 -0.999999 0.001314
vn 0.000000 -0.001208 -0.999999
vn -1.000000 -0.000000 -0.000000
vn -0.000000 -0.999999 0.001314
vn 0.000000 -0.001208 -0.999999
vn 1.000000 0.000000 -0.000000
vn -0.000000 0.999999 -0.001308
vn 0.000001 -0.004969 0.999988
vn -1.000000 -0.000000 -0.000000
vn -0.000000 -0.999999 0.001314
vn -0.000000 -0.004988 0.999988
vn -1.000000 -0.000000 -0.000000
vn -0.000000 0.999999 -0.001308
vn 0.000002 -0.004949 0.999988
vn 1.000000 0.000000 -0.000000
vn -0.000000 -0.999999 0.001314
vn 0.000001 -0.004969 0.999988
vn 1.000000 0.000000 -0.000000
vn 0.000000 0.999891 0.014773
vn -0.000001 0.006294 -0.999980
vn 1.000000 -0.000000 -0.000000
vn 0.000000 0.999891 0.014773
vn -0.000002 0.006313 -0.999980
vn -1.000000 -0.000000 -0.000000
vn -0.000000 -0.999891 -0.014732
vn -0.000001 0.006294 -0.999980
vn -1.000000 -0.000000 -0.000000
vn -0.000000 -0.999891 -0.014732
vn -0.000000 0.006274 -0.999980
vn 1.000000 0.000000 -0.000000
vn 0.000000 0.999891 0.014773
vn -0.000000 -0.049947 0.998752
vn -1.000000 -0.000000 -0.000000
vn -0.000000 -0.999891 -0.014732
vn -0.000000 -0.049947 0.998752
vn -1.000000 -0.000000 -0.000000
vn 0.000000 0.999891 0.014773
vn -0.000000 -0.049947 0.998752
vn 1.000000 0.000000 -0.000000
vn -0.000000 -0.999891 -0.014732
vn -0.000000 -0.049947 0.998752
vn 1.000000 0.000000 -0.000000
vn 0.000000 0.995568 0.094047
vn -0.000002 0.054660 -0.998505
vn 1.000000 0.000000 -0.000005
vn 0.000000 0.995568 0.094047
vn -0.000002 0.054661 -0.998505
vn -1.000000 -0.000000 -0.000000
vn -0.000002 -0.995621 -0.093479
vn -0.000002 0.054660 -0.998505
vn -1.000000 -0.000000 -0.000000
vn -0.000001 -0.995622 -0.093476
vn -0.000002 0.054659 -0.998505
vn 1.000000 0.000001 -0.000005
vn 0.000000 0.995568 0.094048
vn -0.000000 -0.242080 0.970256
vn -1.000000 -0.000000 -0.000000
vn -0.000001 -0.995622 -0.093476
vn -0.000000 -0.242080 0.970256
vn -1.000000 -0.000000 -0.000000
vn 0.000000 0.995568 0.094047
vn -0.000000 -0.242080 0.970256
vn 1.000000 0.000001 -0.000005
vn -0.000000 -0.995622 -0.093473
vn -0.000000 -0.242080 0.970256
vn 1.000000 0.000001 -0.000005
vn 0.000001 0.898414 0.439149
vn -0.000001 0.262870 -0.964831
vn 1.000000 0.000001 -0.000005
vn 0.000001 0.898414 0.439149
vn -0.000002 0.262888 -0.964826
vn -1.000000 -0.000000 -0.000000
vn -0.000000 -0.900597 -0.434656
vn -0.000001 0.262870 -0.964831
vn -1.000000 -0.000000 -0.000000
vn -0.000000 -0.900597 -0.434656
vn -0.000000 0.262852 -0.964836
vn 1.000000 0.000003 -0.000004
vn 0.000001 0.898414 0.439149
vn 0.000000 -0.807196 0.590284
vn -1.000000 -0.000000 -0.000000
vn -0.000000 -0.926304 -0.376777
vn -1.000000 -0.000000 -0.000000
vn 0.000001 0.898414 0.439149
vn 0.000001 -0.807190 0.590292
vn 1.000000 0.000003 -0.000004
vn 0.000000 -0.975180 -0.221414
vn 1.000000 0.000005 -0.000004
vn 0.000002 0.333724 0.942671
vn -0.000000 0.831163 -0.556028
vn 1.000000 -0.000000 -0.000000
vn 0.000001 0.333721 0.942672
vn -0.000001 0.831169 -0.556020
vn -1.000000 -0.000000 -0.000000
vn -0.000000 -0.056454 -0.998405
vn -1.000000 -0.000000 -0.000000
vn -0.000000 -0.256527 -0.966537
vn 1.000000 0.000000 -0.000000
vn 0.000000 0.333719 0.942673
vn -0.000000 -0.997682 0.068053
vn -1.000000 -0.000000 -0.000000
vn -0.000000 -0.401540 -0.915841
vn -1.000000 -0.000000 -0.000000
vn 0.000001 0.333721 0.942672
vn -0.000000 -0.997682 0.068053
vn 1.000000 0.000000 -0.000000
vn -0.000000 -0.582193 -0.813051
vn 1.000000 0.000000 -0.000000
vn 0.000002 -0.092694 0.995695
vn -0.000000 0.998421 -0.056174
vn 1.000000 0.000000 -0.000000
vn 0.000002 -0.092694 0.995695
vn -0.000000 0.998421 -0.056173
vn -1.000000 0.000000 -0.000000
vn -0.000000 0.091336 -0.995820
vn -0.000000 0.998421 -0.056174
vn -1.000000 0.000000 -0.000000
vn -0.000000 0.091336 -0.995820
vn -0.000000 0.998421 -0.056175
vn 1.000000 0.000000 0.000000
vn 0.000002 -0.092694 0.995695
vn -0.000000 -0.969480 -0.245171
vn -1.000000 -0.000000 -0.000000
vn -0.000000 0.091336 -0.995820
vn -0.000000 -0.969481 -0.245167
vn -1.000000 0.000000 -0.000000
vn 0.000002 -0.092694 0.995695
vn -0.000000 -0.969479 -0.245176
vn 1.000000 0.000000 0.000000
vn -0.000000 0.091336 -0.995820
vn -0.000000 -0.969480 -0.245171
vn 1.000000 -0.000000 0.000000
vn -0.000000 -0.664203 0.747552
vn -0.000000 0.963210 0.268749
vn 1.000000 -0.000000 -0.000000
vn -0.000000 -0.664203 0.747552
vn -0.000000 0.963210 0.268749
vn -1.000000 0.000000 -0.000000
vn -0.000000 0.829695 -0.558217
vn -1.000000 0.000000 -0.000000
vn -0.000000 0.714921 -0.699205
vn 1.000000 -0.000000 0.000000
vn -0.000000 -0.664203 0.747552
vn -0.000000 -0.540185 -0.841546
vn -1.000000 -0.000000 -0.000000
vn -0.000000 0.607859 -0.794045
vn -1.000000 0.000000 -0.000000
vn -0.000000 -0.664203 0.747552
vn -0.000000 -0.540185 -0.841546
vn 1.000000 -0.000000 0.000000
vn -0.000000 0.444353 -0.895852
vn 1.000000 -0.000000 0.000000
vn -0.000000 -0.975746 0.218907
vn -0.000000 0.507856 0.861442
vn 1.000000 -0.000003 -0.000004
vn -0.000000 -0.975746 0.218907
vn -0.000000 0.507856 0.861442
vn -1.000000 0.000000 -0.000000
vn -0.000000 0.999936 0.011334
vn -1.000000 0.000000 -0.000000
vn -0.000000 0.987796 -0.155754
vn 1.000000 -0.000002 -0.000005
vn -0.000000 -0.975746 0.218907
vn -0.000000 -0.129500 -0.991579
vn -1.000000 -0.000000 -0.000000
vn -0.000000 0.976272 -0.216548
vn -0.000000 -0.129500 -0.991579
vn -1.000000 0.000000 -0.000000
vn -0.000000 -0.975746 0.218907
vn -0.000000 -0.129500 -0.991579
vn 1.000000 -0.000002 -0.000005
vn -0.000000 0.976272 -0.216548
vn -0.000000 -0.129500 -0.991579
vn 1.000000 -0.000001 -0.000005
vn 0.000000 -0.999078 0.042924
vn 0.000001 0.119167 0.992874
vn 1.000000 -0.000001 -0.000005
vn 0.000000 -0.999078 0.042924
vn 0.000002 0.119187 0.992872
vn -1.000000 0.000020 0.000002
vn -0.000000 0.999085 -0.042760
vn 0.000001 0.119167 0.992874
vn -1.000000 0.000040 0.000003
vn -0.000000 0.999085 -0.042760
vn -0.000000 0.119148 0.992876
vn 1.000000 -0.000000 -0.000005
vn -0.000000 -0.999078 0.042924
vn -0.000000 -0.024823 -0.999692
vn -1.000000 -0.000000 0.000000
vn -0.000000 0.999085 -0.042760
vn -0.000000 -0.024823 -0.999692
vn -1.000000 0.000020 0.000002
vn 0.000000 -0.999078 0.042924
vn -0.000000 -0.024823 -0.999692
vn 1.000000 -0.000000 -0.000005
vn -0.000000 0.999085 -0.042760
vn -0.000000 -0.024823 -0.999692
vn 1.000000 -0.000000 -0.000005
vn 0.000000 -0.999992 0.004103
vn 0.000001 0.022115 0.999755
vn 1.000000 -0.000000 -0.000000
vn 0.000000 -0.999992 0.004103
vn 0.000002 0.022135 0.999755
vn -1.000000 0.000000 0.000000
vn -0.000000 0.999992 -0.004090
vn 0.000001 0.022115 0.999755
vn -1.000000 0.000000 -0.000000
vn -0.000000 0.999992 -0.004090
vn -0.000000 0.022096 0.999756
vn 1.000000 -0.000000 0.000000
vn -0.000000 -0.999992 0.004103
vn -0.000000 0.000312 -1.000000
vn -1.000000 -0.000000 0.000000
vn -0.000000 0.999992 -0.004090
vn -0.000000 0.000312 -1.000000
vn -1.000000 0.000000 0.000000
vn 0.000000 -0.999992 0.004103
vn -0.000000 0.000312 -1.000000
vn 1.000000 -0.000000 0.000000
vn -0.000000 0.999992 -0.004090
vn -0.000000 0.000312 -1.000000
vn 1.000000 -0.000000 0.000000
vn -0.000000 -0.999998 -0.002100
vn -0.000000 -0.000818 1.000000
vn 1.000000 -0.000000 0.000000
vn -0.000000 -0.999998 -0.002100
vn -0.000000 -0.000818 1.000000
vn -1.000000 -0.000000 0.000000
vn 0.000000 0.999998 0.002095
vn -0.000000 -0.000818 1.000000
vn -1.000000 -0.000000 0.000000
vn 0.000000 0.999998 0.002095
vn -0.000000 -0.000818 1.000000
vn 1.000000 -0.000000 0.000000
vn -0.000000 -0.999998 -0.002100
vn -0.000001 0.000058 -1.000000
vn -1.000000 -0.000000 -0.000000
vn 0.000000 0.999998 0.002095
vn -0.000000 0.000039 -1.000000
vn -1.000000 -0.000000 0.000000
vn -0.000000 -0.999998 -0.002100
vn -0.000002 0.000078 -1.000000
vn 1.000000 -0.000000 0.000000
vn 0.000000 0.999998 0.002095
vn -0.000001 0.000058 -1.000000
vn 1.000000 -0.000000 -0.000000
vn -0.000000 -0.999998 0.002095
vn -0.000000 0.000078 1.000000
vn 1.000000 -0.000000 -0.000000
vn 0.000000 -0.999998 0.002095
vn -0.000000 0.000078 1.000000
vn -1.000000 0.000000 0.000000
vn -0.000000 0.999998 -0.002090
vn -0.000000 0.000078 1.000000
vn -1.000000 0.000000 -0.000000
vn -0.000000 0.999998 -0.002090
vn -0.000000 0.000078 1.000000
vn 1.000000 -0.000000 0.000000
vn 0.000000 -0.999998 0.002095
vn -0.000002 -0.000779 -1.000000
vn -1.000000 -0.000000 0.000000
vn -0.000000 0.999998 -0.002090
vn -0.000002 -0.000779 -1.000000
vn -1.000000 0.000000 0.000000
vn 0.000000 -0.999998 0.002095
vn -0.000002 -0.000779 -1.000000
vn 1.000000 -0.000000 0.000000
vn -0.000000 0.999998 -0.002090
vn -0.000002 -0.000779 -1.000000
vn 1.000000 -0.000000 0.000000
vn -0.000000 -0.999991 -0.004180
vn 0.000001 0.000253 1.000000
vn 1.000000 -0.000000 0.000000
vn -0.000000 -0.999991 -0.004180
vn -0.000000 0.000234 1.000000
vn -1.000000 0.000000 0.000000
vn 0.000000 0.999991 0.004172
vn 0.000001 0.000253 1.000000
vn -1.000000 0.000000 0.000000
vn 0.000001 0.999991 0.004170
vn 0.000002 0.000273 1.000000
vn 1.000000 -0.000000 0.000000
vn -0.000000 -0.999991 -0.004180
vn -0.000001 0.022309 -0.999751
vn -1.000000 -0.000000 -0.000000
vn 0.000001 0.999991 0.004170
vn 0.000000 0.022289 -0.999752
vn -1.000000 0.000000 0.000000
vn -0.000000 -0.999991 -0.004180
vn -0.000002 0.022329 -0.999751
vn 1.000000 -0.000000 0.000000
vn 0.000002 0.999991 0.004167
vn -0.000001 0.022309 -0.999751
vn 1.000000 -0.000000 -0.000000
vn -0.000000 -0.999064 -0.043255
vn 0.000002 -0.025018 0.999687
vn 1.000000 -0.000000 0.000000
vn -0.000000 -0.999064 -0.043255
vn 0.000002 -0.025018 0.999687
vn -1.000000 -0.000000 0.000000
vn 0.000000 0.999071 0.043088
vn 0.000002 -0.025018 0.999687
vn -1.000000 -0.000000 0.000000
vn 0.000000 0.999071 0.043088
vn 0.000002 -0.025018 0.999687
vn 1.000000 -0.000000 0.000000
vn -0.000000 -0.999064 -0.043254
vn -0.000001 0.119944 -0.992781
vn -1.000000 -0.000000 -0.000000
vn 0.000000 0.999071 0.043088
vn -0.000002 0.119963 -0.992778
vn -1.000000 -0.000000 0.000000
vn -0.000000 -0.999064 -0.043255
vn -0.000000 0.119925 -0.992783
vn 1.000000 -0.000000 0.000000
vn 0.000000 0.999071 0.043088
vn -0.000001 0.119944 -0.992781
vn 1.000000 -0.000000 -0.000000
vn -0.000000 -0.975454 -0.220204
vn 0.000001 -0.130300 0.991475
vn 1.000000 -0.000000 -0.000000
vn -0.000000 -0.975454 -0.220204
vn 0.000002 -0.130280 0.991477
vn -1.000000 -0.000000 0.000000
vn 0.000000 0.975987 0.217828
vn 0.000001 -0.130300 0.991475
vn -1.000000 -0.000000 0.000000
vn 0.000000 0.975987 0.217827
vn -0.000000 -0.130319 0.991472
vn 1.000000 -0.000000 -0.000000
vn -0.000000 -0.975454 -0.220204
vn -0.000001 0.510323 -0.859983
vn -1.000000 -0.000000 -0.000000
vn 0.000000 0.987591 0.157047
vn -1.000000 -0.000000 0.000000
vn -0.000000 -0.975454 -0.220204
vn -0.000001 0.510323 -0.859983
vn 1.000000 -0.000000 -0.000000
vn -0.000000 0.999950 -0.009960
vn 1.000000 -0.000000 -0.000000
vn -0.000001 -0.661857 -0.749630
vn 0.000001 -0.542614 0.839982
vn 1.000000 -0.000000 -0.000000
vn -0.000001 -0.661857 -0.749630
vn 0.000001 -0.542600 0.839991
vn -1.000000 -0.000000 0.000000
vn 0.000000 0.441377 0.897322
vn -1.000000 -0.000000 0.000000
vn 0.000001 0.605273 0.796018
vn 1.000000 -0.000000 -0.000000
vn -0.000001 -0.661857 -0.749630
vn -0.000000 0.963706 -0.266967
vn -1.000000 -0.000000 -0.000000
vn 0.000001 0.712730 0.701438
vn -1.000000 -0.000000 0.000000
vn -0.000001 -0.661857 -0.749630
vn -0.000000 0.963706 -0.266967
vn 1.000000 -0.000000 -0.000000
vn 0.000001 0.828092 0.560592
vn 1.000000 -0.000000 -0.000000
vn -0.000000 -0.091345 -0.995819
vn 0.000000 -0.969926 0.243401
vn 1.000000 -0.000000 -0.000000
vn -0.000001 -0.091342 -0.995820
vn -0.000000 -0.969927 0.243397
vn -1.000000 -0.000000 0.000000
vn 0.000002 0.090008 0.995941
vn 0.000000 -0.969926 0.243401
vn -1.000000 -0.000000 0.000000
vn 0.000001 0.090005 0.995941
vn 0.000000 -0.969925 0.243405
vn 1.000000 -0.000000 -0.000000
vn -0.000001 -0.091340 -0.995820
vn -0.000001 0.998371 0.057057
vn -1.000000 -0.000000 -0.000000
vn 0.000001 0.090005 0.995941
vn 0.000000 0.998372 0.057041
vn -1.000000 -0.000000 0.000000
vn -0.000001 -0.091342 -0.995820
vn -0.000002 0.998370 0.057073
vn 1.000000 -0.000000 -0.000000
vn 0.000000 0.090003 0.995942
vn -0.000001 0.998371 0.057057
vn 1.000000 -0.000000 -0.000000
vn -0.000000 0.335836 -0.941921
vn 0.000000 -0.997620 -0.068953
vn 1.000000 -0.000000 -0.000000
vn -0.000001 0.335838 -0.941920
vn 0.000000 -0.997620 -0.068953
vn -1.000000 -0.000000 -0.000000
vn 0.000000 -0.583850 0.811862
vn -1.000000 -0.000000 -0.000000
vn 0.000001 -0.403539 0.914962
vn 1.000000 -0.000000 -0.000000
vn -0.000002 0.335841 -0.941919
vn 0.000000 0.829413 0.558637
vn -1.000000 -0.000000 -0.000000
vn 0.000001 -0.258706 0.965956
vn -1.000000 -0.000000 -0.000000
vn -0.000001 0.335838 -0.941920
vn 0.000001 0.829421 0.558624
vn 1.000000 -0.000000 -0.000000
vn 0.000002 -0.058862 0.998266
vn 1.000000 -0.000000 -0.000000
vn -0.000000 0.899538 -0.436842
vn 0.000000 -0.805311 -0.592853
vn 1.000000 -0.000000 -0.000000
vn -0.000000 0.899538 -0.436842
vn 0.000000 -0.805309 -0.592856
vn -1.000000 -0.000000 -0.000000
vn 0.000002 -0.975722 0.219014
vn -1.000000 -0.000000 -0.000000
vn 0.000001 -0.927256 0.374428
vn 1.000000 -0.000000 -0.000000
vn -0.000000 0.899538 -0.436842
vn 0.000000 0.261287 0.965261
vn -1.000000 -0.000000 -0.000000
vn 0.000001 -0.901717 0.432326
vn 0.000000 0.261287 0.965261
vn -1.000000 -0.000000 -0.000000
vn -0.000000 0.899538 -0.436842
vn 0.000000 0.261287 0.965261
vn 1.000000 -0.000000 -0.000000
vn -0.000000 -0.901719 0.432323
vn 0.000000 0.261287 0.965261
vn 1.000000 -0.000000 -0.000000
vn -0.000000 0.995631 -0.093379
vn 0.000000 -0.240517 -0.970645
vn 1.000000 -0.000000 -0.000000
vn -0.000000 0.995631 -0.093379
vn 0.000000 -0.240512 -0.970646
vn -1.000000 -0.000000 -0.000000
vn 0.000002 -0.995684 0.092809
vn 0.000000 -0.240517 -0.970645
vn -1.000000 -0.000000 -0.000000
vn 0.000001 -0.995684 0.092806
vn 0.000000 -0.240521 -0.970644
vn 1.000000 -0.000000 -0.000000
vn -0.000000 0.995631 -0.093379
vn 0.000000 0.054307 0.998524
vn -1.000000 -0.000000 -0.000000
vn 0.000001 -0.995684 0.092806
vn 0.000000 0.054307 0.998524
vn -1.000000 -0.000000 -0.000000
vn -0.000000 0.995631 -0.093379
vn 0.000000 0.054307 0.998524
vn 1.000000 -0.000000 -0.000000
vn -0.000000 -0.995684 0.092804
vn 0.000000 0.054307 0.998524
vn 1.000000 -0.000000 -0.000000
vn -0.000002 0.999893 -0.014628
vn -0.000001 -0.049577 -0.998770
vn 1.000000 -0.000000 -0.000000
vn -0.000001 0.999893 -0.014631
vn 0.000000 -0.049598 -0.998769
vn -1.000000 -0.000000 -0.000000
vn 0.000000 -0.999894 0.014591
vn -0.000001 -0.049577 -0.998770
vn -1.000000 -0.000000 -0.000000
vn 0.000001 -0.999894 0.014594
vn -0.000002 -0.049557 -0.998771
vn 1.000000 -0.000000 -0.000000
vn -0.000000 0.999893 -0.014633
vn -0.000000 0.006196 0.999981
vn -1.000000 -0.000000 -0.000000
vn 0.000001 -0.999894 0.014594
vn -0.000000 0.006196 0.999981
vn -1.000000 -0.000000 -0.000000
vn -0.000001 0.999893 -0.014631
vn 0.000000 0.006197 0.999981
vn 1.000000 -0.000000 -0.000000
vn 0.000002 -0.999893 0.014596
vn -0.000000 0.006196 0.999981
vn 1.000000 -0.000000 -0.000000
vn 0.000000 0.999999 0.001342
vn 0.000000 -0.004871 -0.999988
vn 1.000000 -0.000000 -0.000000
vn 0.000000 0.999999 0.001342
vn 0.000000 -0.004871 -0.999988
vn -1.000000 -0.000000 -0.000000
vn -0.000000 -0.999999 -0.001343
vn 0.000000 -0.004871 -0.999988
vn -1.000000 -0.000000 -0.000000
vn -0.000000 -0.999999 -0.001343
vn 0.000000 -0.004871 -0.999988
vn 1.000000 0.000000 -0.000000
vn 0.000000 0.999999 0.001342
vn 0.000002 -0.001208 0.999999
vn -1.000000 -0.000000 -0.000000
vn -0.000000 -0.999999 -0.001343
vn 0.000002 -0.001208 0.999999
vn -1.000000 -0.000000 -0.000000
vn 0.000000 0.999999 0.001342
vn 0.000002 -0.001208 0.999999
vn 1.000000 0.000000 -0.000000
vn -0.000000 -0.999999 -0.001343
vn 0.000002 -0.001208 0.999999
vn 1.000000 0.000000 -0.000000
vn 0.000000 -1.000000 -0.000000
vn -0.000001 0.001189 -0.999999
vn 1.000000 0.000000 -0.000005
vn -0.000000 1.000000 -0.000000
vn -0.000002 0.001169 -0.999999
vn 1.000000 -0.000000 -0.000005
vn -0.000000 1.000000 -0.000000
vn -0.000001 0.001189 -0.999999
vn -1.000000 -0.000000 -0.000000
vn 0.000000 -1.000000 -0.000000
vn -0.000000 0.001208 -0.999999
vn -1.000000 -0.000000 0.000000
vn 0.000000 -1.000000 -0.000000
vn -0.000000 0.001208 0.999999
vn 1.000000 -0.000000 -0.000005
vn -0.000000 1.000000 -0.000000
vn -0.000000 0.001208 0.999999
vn 1.000000 -0.000000 -0.000005
vn -0.000000 -1.000000 -0.000000
vn -0.000000 0.001208 0.999999
vn -1.000000 -0.000000 0.000000
vn -0.000000 1.000000 -0.000000
vn -0.000000 0.001208 0.999999
vn -1.000000 -0.000000 0.000000
vn -0.000002 -0.999999 0.001314
vn -0.000002 -0.001208 -0.999999
vn 1.000000 0.000000 -0.000000
vn -0.000000 0.999999 -0.001308
vn -0.000002 -0.001208 -0.999999
vn 1.000000 0.000000 -0.000000
vn -0.000000 0.999999 -0.001308
vn -0.000002 -0.001208 -0.999999
vn -1.000000 0.000000 0.000005
vn -0.000001 -0.999999 0.001311
vn -0.000002 -0.001208 -0.999999
vn -1.000000 -0.000000 0.000005
vn -0.000001 -0.999999 0.001311
vn -0.000000 -0.004949 0.999988
vn 1.000000 0.000000 -0.000000
vn -0.000000 0.999999 -0.001308
vn 0.000001 -0.004969 0.999988
vn 1.000000 0.000000 -0.000000
vn -0.000000 -0.999999 0.001309
vn 0.000001 -0.004969 0.999988
vn -1.000000 -0.000000 0.000005
vn -0.000000 0.999999 -0.001308
vn 0.000002 -0.004988 0.999988
vn -1.000000 -0.000000 0.000005
vn 0.000000 -0.999891 -0.014732
vn -0.000000 0.006313 -0.999980
vn 1.000000 -0.000000 0.000000
vn 0.000000 0.999891 0.014773
vn -0.000000 0.006313 -0.999980
vn 1.000000 0.000000 0.000000
vn -0.000000 0.999891 0.014773
vn -0.000000 0.006313 -0.999980
vn -1.000000 -0.000000 -0.000000
vn -0.000000 -0.999891 -0.014732
vn -0.000000 0.006313 -0.999980
vn -1.000000 -0.000000 -0.000000
vn -0.000000 -0.999891 -0.014732
vn 0.000002 -0.049947 0.998752
vn 1.000000 0.000000 0.000000
vn 0.000000 0.999891 0.014773
vn 0.000002 -0.049947 0.998752
vn 1.000000 0.000000 -0.000000
vn -0.000000 -0.999891 -0.014732
vn 0.000002 -0.049947 0.998752
vn -1.000000 -0.000000 -0.000000
vn 0.000000 0.999891 0.014773
vn 0.000002 -0.049947 0.998752
vn -1.000000 -0.000000 -0.000000
vn 0.000001 -0.995621 -0.093478
vn -0.000002 0.054659 -0.998505
vn 1.000000 -0.000000 0.000000
vn -0.000001 0.995568 0.094050
vn -0.000002 0.054659 -0.998505
vn 1.000000 0.000000 0.000000
vn -0.000001 0.995568 0.094048
vn -0.000002 0.054659 -0.998505
vn -1.000000 -0.000000 -0.000000
vn 0.000001 -0.995622 -0.093476
vn -0.000002 0.054659 -0.998505
vn -1.000000 -0.000000 -0.000000
vn 0.000001 -0.995622 -0.093476
vn 0.000002 -0.242080 0.970256
vn 1.000000 0.000000 0.000000
vn -0.000000 0.995567 0.094052
vn 0.000001 -0.242062 0.970261
vn 1.000000 0.000000 -0.000000
vn -0.000000 -0.995622 -0.093473
vn 0.000001 -0.242062 0.970261
vn -1.000000 -0.000000 -0.000000
vn -0.000001 0.995568 0.094050
vn -0.000000 -0.242044 0.970265
vn -1.000000 -0.000000 -0.000000
vn -0.000001 -0.900597 -0.434656
vn -0.000002 0.262852 -0.964836
vn 1.000000 -0.000000 0.000000
vn 0.000001 0.898414 0.439149
vn -0.000002 0.262852 -0.964836
vn 1.000000 0.000000 0.000000
vn 0.000001 0.898414 0.439149
vn -0.000002 0.262852 -0.964836
vn -1.000000 -0.000000 -0.000000
vn -0.000000 -0.900596 -0.434657
vn -0.000002 0.262852 -0.964836
vn -1.000000 -0.000000 -0.000000
vn -0.000000 -0.926303 -0.376779
vn 1.000000 0.000000 0.000000
vn 0.000001 0.898414 0.439149
vn 0.000000 -0.807196 0.590284
vn 1.000000 0.000000 -0.000000
vn 0.000000 -0.975180 -0.221415
vn -1.000000 -0.000000 -0.000000
vn 0.000001 0.898414 0.439149
vn 0.000001 -0.807202 0.590275
vn -1.000000 -0.000000 -0.000000
vn -0.000000 -0.056454 -0.998405
vn 1.000000 -0.000000 0.000000
vn 0.000002 0.333724 0.942671
vn -0.000001 0.831158 -0.556037
vn 1.000000 0.000000 0.000000
vn 0.000002 0.333724 0.942671
vn -0.000000 0.831163 -0.556028
vn -1.000000 -0.000000 -0.000000
vn 0.000000 -0.256524 -0.966538
vn -1.000000 -0.000000 -0.000000
vn 0.000000 -0.401540 -0.915841
vn 1.000000 0.000000 0.000000
vn 0.000002 0.333724 0.942671
vn 0.000000 -0.997682 0.068052
vn 1.000000 0.000000 -0.000000
vn 0.000000 -0.582196 -0.813048
vn -1.000000 -0.000000 -0.000000
vn 0.000002 0.333724 0.942671
vn 0.000000 -0.997682 0.068050
vn -1.000000 -0.000000 -0.000000
vn -0.000000 0.091336 -0.995820
vn -0.000000 0.998421 -0.056173
vn 1.000000 -0.000000 0.000000
vn 0.000001 -0.092697 0.995694
vn -0.000000 0.998421 -0.056173
vn 1.000000 -0.000000 0.000000
vn -0.000000 -0.092694 0.995695
vn -0.000000 0.998421 -0.056173
vn -1.000000 -0.000000 -0.000000
vn -0.000000 0.091336 -0.995820
vn -0.000000 0.998421 -0.056173
vn -1.000000 -0.000000 -0.000000
vn -0.000000 0.091336 -0.995820
vn 0.000000 -0.969470 -0.245208
vn 1.000000 -0.000000 0.000000
vn 0.000002 -0.092699 0.995694
vn -0.000000 -0.969471 -0.245204
vn 1.000000 -0.000000 0.000000
vn -0.000000 0.091336 -0.995820
vn -0.000000 -0.969471 -0.245204
vn -1.000000 -0.000000 -0.000000
vn 0.000001 -0.092697 0.995694
vn -0.000000 -0.969473 -0.245200
vn -1.000000 -0.000000 -0.000000
vn 0.000000 0.829695 -0.558217
vn 1.000000 -0.000000 -0.000000
vn -0.000000 -0.664203 0.747552
vn -0.000000 0.963210 0.268749
vn 1.000000 -0.000000 0.000000
vn -0.000000 -0.664203 0.747552
vn 0.000000 0.963210 0.268749
vn -1.000000 0.000000 -0.000000
vn 0.000000 0.714921 -0.699205
vn -1.000000 0.000000 -0.000000
vn 0.000000 0.607859 -0.794045
vn 1.000000 -0.000000 0.000000
vn -0.000000 -0.664203 0.747552
vn 0.000000 -0.540185 -0.841546
vn 1.000000 -0.000000 0.000000
vn 0.000000 0.444353 -0.895852
vn -1.000000 -0.000000 -0.000000
vn -0.000000 -0.664203 0.747552
vn -0.000000 -0.540185 -0.841546
vn -1.000000 0.000000 -0.000000
vn -0.000000 0.999936 0.011334
vn 1.000000 -0.000000 -0.000000
vn 0.000001 -0.975746 0.218905
vn -0.000000 0.507856 0.861442
vn 1.000000 -0.000000 0.000000
vn -0.000000 -0.975746 0.218908
vn 0.000001 0.507842 0.861450
vn -1.000000 0.000000 -0.000000
vn -0.000000 0.987796 -0.155754
vn -1.000000 0.000000 -0.000000
vn -0.000000 0.976272 -0.216548
vn 0.000000 -0.129505 -0.991579
vn 1.000000 -0.000000 0.000000
vn 0.000002 -0.975747 0.218902
vn -0.000001 -0.129522 -0.991577
vn 1.000000 -0.000000 0.000000
vn -0.000000 0.976272 -0.216547
vn -0.000001 -0.129522 -0.991577
vn -1.000000 -0.000000 -0.000000
vn 0.000001 -0.975746 0.218905
vn -0.000001 -0.129539 -0.991574
vn -1.000000 0.000000 -0.000000
vn -0.000000 0.999085 -0.042760
vn 0.000001 0.119167 0.992874
vn 1.000000 -0.000000 -0.000000
vn 0.000000 -0.999078 0.042924
vn 0.000002 0.119148 0.992876
vn 1.000000 -0.000000 -0.000000
vn 0.000000 -0.999078 0.042924
vn 0.000001 0.119167 0.992874
vn -1.000000 0.000000 -0.000000
vn -0.000000 0.999085 -0.042760
vn 0.000000 0.119187 0.992872
vn -1.000000 0.000000 -0.000000
vn -0.000000 0.999085 -0.042760
vn 0.000000 -0.024823 -0.999692
vn 1.000000 -0.000000 -0.000000
vn -0.000000 -0.999078 0.042924
vn 0.000000 -0.024823 -0.999692
vn 1.000000 -0.000000 -0.000000
vn -0.000000 0.999085 -0.042760
vn 0.000000 -0.024823 -0.999692
vn -1.000000 -0.000000 -0.000000
vn 0.000000 -0.999078 0.042924
vn -0.000000 -0.024823 -0.999692
vn -1.000000 0.000000 -0.000000
vn -0.000000 0.999992 -0.004090
vn 0.000001 0.022115 0.999755
vn 1.000000 -0.000000 -0.000005
vn 0.000000 -0.999992 0.004103
vn 0.000002 0.022096 0.999756
vn 1.000000 -0.000000 -0.000005
vn 0.000000 -0.999992 0.004103
vn 0.000001 0.022115 0.999755
vn -1.000000 0.000000 0.000005
vn -0.000000 0.999992 -0.004090
vn 0.000000 0.022135 0.999755
vn -1.000000 0.000000 0.000005
vn -0.000000 0.999992 -0.004090
vn -0.000000 0.000312 -1.000000
vn 1.000000 -0.000000 -0.000005
vn 0.000000 -0.999992 0.004103
vn -0.000001 0.000292 -1.000000
vn 1.000000 0.000000 -0.000005
vn -0.000000 0.999992 -0.004090
vn -0.000001 0.000292 -1.000000
vn -1.000000 -0.000000 0.000005
vn 0.000000 -0.999992 0.004103
vn -0.000002 0.000273 -1.000000
vn -1.000000 0.000000 0.000005
vn -0.000000 0.999998 0.002095
vn -0.000000 -0.000818 1.000000
vn 1.000000 -0.000039 -0.000005
vn 0.000000 -0.999998 -0.002100
vn -0.000000 -0.000818 1.000000
vn 1.000000 -0.000019 -0.000002
vn -0.000000 -0.999998 -0.002100
vn -0.000000 -0.000818 1.000000
vn -1.000000 -0.000000 -0.000000
vn -0.000000 0.999998 0.002095
vn -0.000000 -0.000818 1.000000
vn -1.000000 0.000000 -0.000000
vn -0.000000 0.999998 0.002095
vn -0.000000 0.000039 -1.000000
vn 1.000000 -0.000019 -0.000002
vn 0.000000 -0.999998 -0.002100
vn -0.000000 0.000039 -1.000000
vn 1.000000 -0.000000 -0.000000
vn -0.000000 0.999998 0.002095
vn -0.000000 0.000039 -1.000000
vn -1.000000 0.000000 -0.000000
vn 0.000000 -0.999998 -0.002100
vn -0.000000 0.000039 -1.000000
vn -1.000000 0.000000 -0.000000
vn -0.000000 0.999998 -0.002090
vn 0.000000 0.000078 1.000000
vn 1.000000 -0.000000 -0.000000
vn 0.000000 -0.999998 0.002095
vn -0.000000 0.000078 1.000000
vn 1.000000 -0.000000 -0.000000
vn -0.000000 -0.999998 0.002095
vn 0.000000 0.000078 1.000000
vn -1.000000 0.000000 -0.000000
vn -0.000000 0.999998 -0.002090
vn 0.000000 0.000078 1.000000
vn -1.000000 0.000000 -0.000000
vn -0.000000 0.999998 -0.002090
vn -0.000002 -0.000779 -1.000000
vn 1.000000 -0.000000 -0.000000
vn 0.000000 -0.999998 0.002095
vn -0.000002 -0.000779 -1.000000
vn 1.000000 -0.000000 -0.000000
vn -0.000000 0.999998 -0.002090
vn -0.000002 -0.000779 -1.000000
vn -1.000000 -0.000000 -0.000000
vn 0.000000 -0.999998 0.002095
vn -0.000002 -0.000779 -1.000000
vn -1.000000 0.000000 -0.000000
vn -0.000000 0.999991 0.004172
vn 0.000000 0.000234 1.000000
vn 1.000000 -0.000000 -0.000000
vn 0.000001 -0.999991 -0.004182
vn -0.000000 0.000234 1.000000
vn 1.000000 -0.000000 -0.000000
vn -0.000000 -0.999991 -0.004180
vn 0.000000 0.000234 1.000000
vn -1.000000 0.000000 -0.000000
vn 0.000000 0.999991 0.004172
vn 0.000000 0.000234 1.000000
vn -1.000000 0.000000 -0.000000
vn 0.000000 0.999991 0.004172
vn -0.000002 0.022329 -0.999751
vn 1.000000 -0.000000 -0.000000
vn 0.000002 -0.999991 -0.004184
vn -0.000002 0.022329 -0.999751
vn 1.000000 -0.000000 -0.000000
vn 0.000000 0.999991 0.004172
vn -0.000002 0.022329 -0.999751
vn -1.000000 0.000000 -0.000000
vn 0.000001 -0.999991 -0.004182
vn -0.000002 0.022328 -0.999751
vn -1.000000 0.000000 -0.000000
vn 0.000000 0.999071 0.043088
vn 0.000002 -0.025018 0.999687
vn 1.000000 -0.000000 -0.000000
vn 0.000001 -0.999064 -0.043252
vn 0.000002 -0.025018 0.999687
vn 1.000000 -0.000000 -0.000000
vn 0.000002 -0.999064 -0.043254
vn 0.000002 -0.025018 0.999687
vn -1.000000 -0.000000 -0.000000
vn 0.000000 0.999071 0.043088
vn 0.000002 -0.025018 0.999687
vn -1.000000 0.000000 -0.000000
vn 0.000000 0.999071 0.043088
vn -0.000000 0.119963 -0.992778
vn 1.000000 -0.000000 -0.000000
vn 0.000000 -0.999064 -0.043250
vn -0.000000 0.119963 -0.992778
vn 1.000000 -0.000000 -0.000000
vn -0.000000 0.999071 0.043088
vn -0.000000 0.119963 -0.992778
vn -1.000000 0.000000 -0.000000
vn 0.000001 -0.999064 -0.043252
vn -0.000000 0.119963 -0.992778
vn -1.000000 0.000000 -0.000000
vn -0.000002 0.975989 0.217822
vn 0.000000 -0.130278 0.991478
vn 1.000000 -0.000000 -0.000000
vn -0.000000 -0.975454 -0.220203
vn -0.000000 -0.130275 0.991478
vn 1.000000 -0.000000 -0.000000
vn -0.000000 -0.975454 -0.220204
vn 0.000000 -0.130278 0.991478
vn -1.000000 -0.000000 0.000000
vn -0.000001 0.975988 0.217825
vn 0.000000 -0.130280 0.991477
vn -1.000000 0.000000 0.000000
vn -0.000001 0.987592 0.157045
vn 1.000000 -0.000000 -0.000000
vn -0.000000 -0.975454 -0.220203
vn -0.000001 0.510323 -0.859983
vn 1.000000 -0.000000 -0.000000
vn -0.000000 0.999950 -0.009960
vn -1.000000 0.000000 -0.000000
vn -0.000000 -0.975454 -0.220203
vn -0.000001 0.510323 -0.859983
vn -1.000000 0.000000 0.000000
vn -0.000000 0.441385 0.897318
vn 1.000000 -0.000000 -0.000000
vn -0.000001 -0.661858 -0.749629
vn -0.000000 -0.542600 0.839991
vn 1.000000 -0.000000 -0.000000
vn -0.000000 -0.661857 -0.749630
vn -0.000000 -0.542600 0.839991
vn -1.000000 -0.000000 0.000000
vn 0.000001 0.605274 0.796017
vn -1.000000 0.000000 0.000000
vn 0.000001 0.712730 0.701438
vn 1.000000 -0.000000 -0.000000
vn -0.000001 -0.661860 -0.749628
vn -0.000000 0.963706 -0.266967
vn 1.000000 -0.000000 -0.000000
vn 0.000001 0.828091 0.560594
vn -1.000000 0.000000 -0.000000
vn -0.000001 -0.661858 -0.749629
vn -0.000000 0.963706 -0.266967
vn -1.000000 0.000000 0.000000
vn 0.000000 0.090008 0.995941
vn -0.000001 -0.969923 0.243413
vn 1.000000 -0.000000 -0.000000
vn -0.000000 -0.091340 -0.995820
vn -0.000000 -0.969927 0.243397
vn 1.000000 -0.000000 -0.000000
vn -0.000000 -0.091339 -0.995820
vn -0.000001 -0.969923 0.243413
vn -1.000000 -0.000000 0.000000
vn 0.000000 0.090008 0.995941
vn -0.000002 -0.969919 0.243429
vn -1.000000 0.000000 0.000000
vn 0.000000 0.090008 0.995941
vn -0.000000 0.998372 0.057041
vn 1.000000 -0.000000 -0.000000
vn -0.000000 -0.091340 -0.995820
vn 0.000001 0.998371 0.057058
vn 1.000000 -0.000000 -0.000000
vn -0.000000 0.090009 0.995941
vn 0.000001 0.998371 0.057058
vn -1.000000 0.000000 0.000000
vn -0.000000 -0.091340 -0.995820
vn 0.000002 0.998370 0.057075
vn -1.000000 0.000000 0.000000
vn 0.000001 -0.583853 0.811859
vn 1.000000 0.000000 -0.000000
vn -0.000000 0.335837 -0.941920
vn -0.000000 -0.997620 -0.068953
vn 1.000000 0.000000 -0.000000
vn -0.000000 0.335839 -0.941919
vn -0.000000 -0.997620 -0.068952
vn -1.000000 -0.000000 -0.000000
vn 0.000000 -0.403542 0.914961
vn -1.000000 -0.000000 0.000000
vn 0.000001 -0.258703 0.965957
vn 1.000000 0.000000 -0.000000
vn -0.000001 0.335836 -0.941921
vn 0.000002 0.829410 0.558641
vn 1.000000 -0.000000 -0.000000
vn 0.000000 -0.058857 0.998266
vn -1.000000 -0.000000 0.000000
vn -0.000000 0.335837 -0.941920
vn 0.000002 0.829404 0.558649
vn -1.000000 -0.000000 0.000000
vn -0.000001 -0.975722 0.219014
vn 1.000000 0.000000 -0.000000
vn -0.000000 0.899538 -0.436842
vn -0.000000 -0.805309 -0.592856
vn 1.000000 0.000000 -0.000000
vn -0.000000 0.899538 -0.436842
vn -0.000001 -0.805317 -0.592844
vn -1.000000 -0.000000 -0.000000
vn -0.000001 -0.927256 0.374428
vn -1.000000 -0.000000 0.000000
vn -0.000001 -0.901717 0.432327
vn -0.000000 0.261287 0.965261
vn 1.000000 0.000000 -0.000000
vn -0.000000 0.899538 -0.436842
vn -0.000000 0.261287 0.965261
vn 1.000000 -0.000000 -0.000000
vn -0.000000 -0.901718 0.432325
vn -0.000000 0.261287 0.965261
vn -1.000000 -0.000000 0.000000
vn -0.000000 0.899538 -0.436842
vn -0.000000 0.261287 0.965261
vn -1.000000 -0.000000 0.000000
vn -0.000002 -0.995684 0.092809
vn -0.000001 -0.240498 -0.970650
vn 1.000000 0.000000 -0.000000
vn -0.000000 0.995631 -0.093379
vn -0.000002 -0.240512 -0.970646
vn 1.000000 0.000000 -0.000000
vn -0.000000 0.995631 -0.093379
vn -0.000001 -0.240498 -0.970650
vn -1.000000 -0.000000 -0.000000
vn -0.000002 -0.995684 0.092809
vn -0.000000 -0.240485 -0.970653
vn -1.000000 -0.000000 0.000000
vn -0.000002 -0.995684 0.092809
vn 0.000002 0.054307 0.998524
vn 1.000000 0.000000 -0.000000
vn -0.000000 0.995631 -0.093379
vn 0.000002 0.054308 0.998524
vn 1.000000 -0.000000 -0.000000
vn -0.000001 -0.995684 0.092808
vn 0.000002 0.054308 0.998524
vn -1.000000 -0.000000 0.000000
vn -0.000000 0.995631 -0.093379
vn 0.000002 0.054309 0.998524
vn -1.000000 -0.000000 0.000000
vn 0.000000 -0.999893 0.014596
vn -0.000002 -0.049597 -0.998769
vn 1.000000 0.000000 -0.000000
vn 0.000002 0.999893 -0.014633
vn -0.000002 -0.049598 -0.998769
vn 1.000000 0.000000 -0.000000
vn 0.000002 0.999893 -0.014633
vn -0.000002 -0.049597 -0.998769
vn -1.000000 -0.000000 -0.000000
vn 0.000000 -0.999893 0.014596
vn -0.000002 -0.049596 -0.998769
vn -1.000000 -0.000000 0.000000
vn 0.000000 -0.999893 0.014596
vn -0.000000 0.006197 0.999981
vn 1.000000 0.000000 -0.000000
vn 0.000002 0.999893 -0.014633
vn 0.000000 0.006196 0.999981
vn 1.000000 -0.000000 -0.000000
vn -0.000000 -0.999893 0.014596
vn 0.000000 0.006196 0.999981
vn -1.000000 -0.000000 0.000000
vn 0.000002 0.999893 -0.014633
vn 0.000000 0.006196 0.999981
vn -1.000000 -0.000000 0.000000
vn 0.000000 -0.999999 -0.001343
vn -0.000000 -0.004871 -0.999988
vn 1.000000 0.000000 0.000000
vn -0.000000 0.999999 0.001342
vn -0.000000 -0.004871 -0.999988
vn 1.000000 0.000000 0.000000
vn -0.000000 0.999999 0.001342
vn -0.000000 -0.004871 -0.999988
vn -1.000000 -0.000000 -0.000000
vn 0.000000 -0.999999 -0.001343
vn -0.000000 -0.004871 -0.999988
vn -1.000000 -0.000000 -0.000000
vn 0.000000 -0.999999 -0.001343
vn -0.000000 -0.001208 0.999999
vn 1.000000 0.000000 0.000000
vn -0.000000 0.999999 0.001342
vn -0.000000 -0.001208 0.999999
vn 1.000000 0.000000 -0.000000
vn -0.000000 -0.999999 -0.001343
vn -0.000000 -0.001208 0.999999
vn -1.000000 -0.000000 -0.000000
vn -0.000000 0.999999 0.001342
vn -0.000000 -0.001208 0.999999
vn -1.000000 -0.000000 -0.000000
f 1/1/1 2/2/3 3/3/5
f 4/4/8 5/5/9 6/6/12
f 7/7/13 8/8/16 9/9/18
f 10/10/19 11/11/22 12/12/24
f 13/13/11 14/14/26 15/15/28
f 16/16/29 17/17/4 18/18/31
f 19/19/33 20/20/36 21/21/38
f 22/22/39 23/23/42 24/24/44
f 25/25/45 26/26/48 27/27/50
f 28/28/51 29/29/52 30/30/53
f 31/31/54 32/32/56 33/33/57
f 34/34/58 35/35/60 36/36/61
f 37/37/62 38/38/64 39/39/58
f 40/40/61 41/41/65 42/42/58
f 43/43/66 44/44/67 45/45/57
f 46/46/57 47/47/67 48/48/68
f 49/49/53 50/50/52 51/51/69
f 52/52/58 53/53/70 54/54/62
f 55/55/53 56/56/69 57/57/71
f 58/58/62 59/59/70 60/60/72
f 61/61/54 62/62/68 63/63/65
f 64/64/73 65/65/74 66/66/51
f 67/67/75 68/68/78 69/69/79
f 70/70/81 71/71/76 72/72/83
f 73/73/81 74/74/86 75/75/76
f 76/76/88 77/77/89 78/78/92
f 79/79/94 80/80/95 81/81/97
f 82/82/94 83/83/97 84/84/100
f 85/85/100 86/86/101 87/87/88
f 88/88/103 89/89/105 90/90/108
f 91/91/109 92/92/96 93/93/111
f 94/94/112 95/95/98 96/96/109
f 97/97/113 98/98/116 99/99/90
f 100/100/117 101/101/119 102/102/116
f 103/103/120 104/104/122 105/105/124
f 106/106/125 107/107/122 108/108/120
f 109/109/125 110/110/127 111/111/122
f 112/112/128 113/113/111 114/114/130
f 115/115/109 116/116/111 117/117/128
f 118/118/131 119/119/132 120/120/133
f 121/121/114 122/122/134 123/123/117
f 124/124/117 125/125/134 126/126/132
f 127/127/112 128/128/135 129/129/136
f 130/130/117 131/131/132 132/132/131
f 133/133/137 134/134/139 135/135/142
f 136/136/143 137/137/145 138/138/147
f 139/139/149 140/140/152 141/141/154
f 142/142/155 143/143/138 144/144/157
f 145/145/155 146/146/160 147/147/138
f 148/148/161 149/149/164 150/150/166
f 151/151/168 152/152/169 153/153/172
f 154/154/174 155/155/175 156/156/158
f 157/157/178 158/158/179 159/159/150
f 160/160/178 161/161/181 162/162/179
f 163/163/184 164/164/185 165/165/168
f 166/166/187 167/167/180 168/168/188
f 169/169/189 170/170/191 171/171/192
f 172/172/189 173/173/194 174/174/191
f 175/175/195 176/176/170 177/177/196
f 178/178/188 179/179/197 180/180/187
f 181/181/189 182/182/198 183/183/199
f 184/184/200 185/185/202 186/186/205
f 188/188/206 189/189/47 190/190/17
f 187/187/208 188/188/206 190/190/17
f 191/191/210 192/192/213 193/193/215
f 194/194/203 195/195/216 196/196/218
f 197/197/220 198/198/223 199/199/225
f 200/200/226 201/201/225 202/202/229
f 203/203/230 204/204/232 205/205/233
f 206/206/234 207/207/233 208/208/235
f 209/209/236 210/210/237 211/211/239
f 212/212/240 213/213/241 214/214/236
f 215/215/242 216/216/235 217/217/243
f 218/218/244 219/219/245 220/220/230
f 221/221/246 222/222/243 223/223/247
f 224/224/233 225/225/234 226/226/230
f 227/227/248 228/228/250 229/229/253
f 230/230/255 231/231/256 232/232/258
f 233/233/260 234/234/251 235/235/262
f 236/236/264 237/237/257 238/238/266
f 239/239/268 240/240/271 241/241/273
f 242/242/274 243/243/277 244/244/279
f 245/245/280 246/246/279 247/247/271
f 248/248/282 249/249/284 250/250/287
f 251/251/275 252/252/288 253/253/289
f 254/254/290 255/255/292 256/256/293
f 257/257/295 258/258/289 259/259/296
f 260/260/296 261/261/297 262/262/298
f 263/263/299 264/264/290 265/265/293
f 266/266/298 267/267/297 268/268/293
f 269/269/300 270/270/301 271/271/302
f 272/272/303 273/273/305 274/274/307
f 275/275/309 276/276/306 277/277/311
f 278/278/313 279/279/316 280/280/318
f 281/281/319 282/282/312 283/283/322
f 284/284/323 285/285/326 286/286/316
f 287/287/327 288/288/329 289/289/330
f 290/290/330 291/291/332 292/292/333
f 293/293/335 294/294/336 295/295/333
f 296/296/336 297/297/324 298/298/337
f 299/299/338 300/300/337 301/301/339
f 302/302/340 303/303/339 304/304/341
f 305/305/336 306/306/342 307/307/333
f 308/308/327 309/309/343 310/310/344
f 311/311/345 312/312/341 313/313/346
f 314/314/347 315/315/336 316/316/337
f 317/317/330 318/318/348 319/319/327
f 321/321/208 322/322/17 323/323/15
f 320/320/350 321/321/208 323/323/15
f 325/325/350 326/326/15 327/327/23
f 324/324/351 325/325/350 327/327/23
f 329/329/351 330/330/23 331/331/21
f 328/328/353 329/329/351 331/331/21
f 333/333/353 334/334/21 335/335/355
f 332/332/357 333/333/353 335/335/355
f 337/337/357 338/338/355 339/339/27
f 336/336/360 337/337/357 339/339/27
f 341/341/360 342/342/27 343/343/25
f 340/340/361 341/341/360 343/343/25
f 345/345/361 346/346/25 347/347/363
f 344/344/365 345/345/361 347/347/363
f 349/349/365 350/350/363 351/351/367
f 348/348/369 349/349/365 351/351/367
f 353/353/369 354/354/367 355/355/371
f 352/352/373 353/353/369 355/355/371
f 357/357/373 358/358/371 359/359/375
f 356/356/378 357/357/373 359/359/375
f 361/361/378 362/362/375 363/363/3
f 360/360/1 361/361/378 363/363/3
f 365/365/5 366/366/37 367/367/35
f 364/364/379 365/365/5 367/367/35
f 368/368/5 369/369/3 370/370/37
f 372/372/379 373/373/35 374/374/43
f 371/371/382 372/372/379 374/374/43
f 376/376/383 377/377/382 378/378/43
f 375/375/41 376/376/383 378/378/43
f 380/380/383 381/381/385 382/382/387
f 379/379/389 380/380/383 382/382/387
f 383/383/41 384/384/385 385/385/383
f 387/387/389 388/388/387 389/389/391
f 386/386/393 387/387/389 389/389/391
f 391/391/396 392/392/393 393/393/391
f 390/390/397 391/391/396 393/393/391
f 395/395/396 396/396/399 397/397/49
f 394/394/401 395/395/396 397/397/49
f 398/398/397 399/399/399 400/400/396
f 402/402/401 403/403/49 404/404/47
f 401/401/206 402/402/401 404/404/47
f 425/425/359 405/405/362 406/406/366
f 423/423/354 424/424/358 425/425/359
f 421/421/349 422/422/352 423/423/354
f 419/419/207 420/420/209 421/421/349
f 417/417/395 418/418/402 419/419/207
f 415/415/390 416/416/394 417/417/395
f 413/413/381 414/414/384 415/415/390
f 411/411/6 412/412/380 413/413/381
f 409/409/377 410/410/2 411/411/6
f 407/407/370 408/408/374 409/409/377
f 425/425/359 406/406/366 407/407/370
f 421/421/349 423/423/354 425/425/359
f 417/417/395 419/419/207 421/421/349
f 413/413/381 415/415/390 417/417/395
f 409/409/377 411/411/6 413/413/381
f 425/425/359 407/407/370 409/409/377
f 417/417/395 421/421/349 425/425/359
f 409/409/377 413/413/381 417/417/395
f 417/417/395 425/425/359 409/409/377
f 427/427/45 428/428/13 429/429/18
f 426/426/48 427/427/45 429/429/18
f 431/431/13 432/432/19 433/433/24
f 430/430/16 431/431/13 433/433/24
f 435/435/22 436/436/19 437/437/7
f 434/434/356 435/435/22 437/437/7
f 439/439/7 440/440/11 441/441/28
f 438/438/356 439/439/7 441/441/28
f 443/443/26 444/444/11 445/445/403
f 442/442/364 443/443/26 445/445/403
f 447/447/403 448/448/405 449/449/372
f 446/446/368 447/447/403 449/449/372
f 450/450/403 451/451/368 452/452/364
f 454/454/405 455/455/31 456/456/376
f 453/453/372 454/454/405 456/456/376
f 458/458/29 459/459/33 460/460/38
f 457/457/4 458/458/29 460/460/38
f 461/461/31 462/462/4 463/463/376
f 465/465/36 466/466/33 467/467/39
f 464/464/44 465/465/36 467/467/39
f 469/469/39 470/470/407 471/471/386
f 468/468/42 469/469/39 471/471/386
f 473/473/386 474/474/407 475/475/409
f 472/472/388 473/473/386 475/475/409
f 477/477/409 478/478/411 479/479/398
f 476/476/392 477/477/409 479/479/398
f 480/480/409 481/481/392 482/482/388
f 484/484/411 485/485/45 486/486/50
f 483/483/400 484/484/411 486/486/50
f 487/487/411 488/488/400 489/489/398
f 491/491/412 492/492/410 493/493/59
f 490/490/63 491/491/412 493/493/59
f 495/495/34 496/496/30 497/497/413
f 494/494/55 495/495/34 497/497/413
f 499/499/404 500/500/12 501/501/415
f 498/498/417 499/499/404 501/501/415
f 502/502/12 503/503/9 504/504/415
f 506/506/46 507/507/412 508/508/63
f 505/505/419 506/506/46 508/508/63
f 510/510/421 511/511/14 512/512/46
f 509/509/419 510/510/421 512/512/46
f 514/514/40 515/515/34 516/516/55
f 513/513/423 514/514/40 516/516/55
f 518/518/406 519/519/404 520/520/417
f 517/517/425 518/518/406 520/520/417
f 522/522/20 523/523/14 524/524/421
f 521/521/427 522/522/20 524/524/421
f 526/526/408 527/527/40 528/528/423
f 525/525/429 526/526/408 528/528/423
f 530/530/32 531/531/406 532/532/425
f 529/529/431 530/530/32 532/532/425
f 534/534/410 535/535/408 536/536/429
f 533/533/59 534/534/410 536/536/429
f 538/538/8 539/539/20 540/540/427
f 537/537/9 538/538/8 540/540/427
f 542/542/30 543/543/32 544/544/431
f 541/541/413 542/542/30 544/544/431
f 546/546/420 547/547/62 548/548/73
f 545/545/422 546/546/420 548/548/73
f 550/550/73 551/551/51 552/552/428
f 549/549/422 550/550/73 552/552/428
f 554/554/51 555/555/53 556/556/10
f 553/553/428 554/554/51 556/556/10
f 558/558/416 559/559/53 560/560/71
f 557/557/418 558/558/416 560/560/71
f 561/561/53 562/562/416 563/563/10
f 565/565/426 566/566/71 567/567/66
f 564/564/432 565/565/426 567/567/66
f 568/568/71 569/569/426 570/570/418
f 572/572/66 573/573/57 574/574/414
f 571/571/432 572/572/66 574/574/414
f 576/576/54 577/577/61 578/578/430
f 575/575/424 576/576/54 578/578/430
f 579/579/57 580/580/56 581/581/414
f 582/582/54 583/583/424 584/584/56
f 585/585/61 586/586/60 587/587/430
f 588/588/58 589/589/64 590/590/60
f 591/591/62 592/592/420 593/593/64
f 595/595/74 596/596/73 597/597/62
f 594/594/72 595/595/74 597/597/62
f 605/605/70 598/598/65 599/599/68
f 603/603/74 604/604/72 605/605/70
f 601/601/69 602/602/52 603/603/74
f 599/599/68 600/600/67 601/601/69
f 603/603/74 605/605/70 599/599/68
f 599/599/68 601/601/69 603/603/74
f 606/606/58 607/607/65 608/608/70
f 609/609/54 610/610/57 611/611/68
f 613/613/67 614/614/66 615/615/71
f 612/612/69 613/613/67 615/615/71
f 616/616/61 617/617/54 618/618/65
f 620/620/434 621/621/435 622/622/437
f 619/619/439 620/620/434 622/622/437
f 623/623/51 624/624/74 625/625/52
f 627/627/439 628/628/437 629/629/441
f 626/626/444 627/627/439 629/629/441
f 631/631/444 632/632/441 633/633/445
f 630/630/447 631/631/444 633/633/445
f 635/635/447 636/636/445 637/637/449
f 634/634/451 635/635/447 637/637/449
f 639/639/451 640/640/449 641/641/453
f 638/638/455 639/639/451 641/641/453
f 643/643/455 644/644/453 645/645/457
f 642/642/460 643/643/455 645/645/457
f 647/647/460 648/648/457 649/649/461
f 646/646/463 647/647/460 649/649/461
f 651/651/463 652/652/461 653/653/465
f 650/650/467 651/651/463 653/653/465
f 655/655/467 656/656/465 657/657/75
f 654/654/79 655/655/467 657/657/75
f 659/659/469 660/660/78 661/661/75
f 658/658/85 659/659/469 661/661/75
f 663/663/469 664/664/471 665/665/473
f 662/662/475 663/663/469 665/665/473
f 666/666/85 667/667/471 668/668/469
f 670/670/475 671/671/473 672/672/477
f 669/669/479 670/670/475 672/672/477
f 674/674/479 675/675/477 676/676/481
f 673/673/484 674/674/479 676/676/481
f 678/678/484 679/679/481 680/680/485
f 677/677/487 678/678/484 680/680/485
f 682/682/487 683/683/485 684/684/489
f 681/681/491 682/682/487 684/684/489
f 686/686/491 687/687/489 688/688/493
f 685/685/495 686/686/491 688/688/493
f 690/690/495 691/691/493 692/692/497
f 689/689/500 690/690/495 692/692/497
f 694/694/501 695/695/500 696/696/497
f 693/693/503 694/694/501 696/696/497
f 698/698/501 699/699/505 700/700/507
f 697/697/509 698/698/501 700/700/507
f 701/701/503 702/702/505 703/703/501
f 705/705/509 706/706/507 707/707/511
f 704/704/513 705/705/509 707/707/511
f 708/708/88 709/709/101 710/710/89
f 712/712/434 713/713/513 714/714/511
f 711/711/435 712/712/434 714/714/511
f 716/716/436 717/717/515 718/718/93
f 715/715/438 716/716/436 718/718/93
f 740/740/510 719/719/514 720/720/433
f 738/738/499 739/739/502 740/740/510
f 736/736/492 737/737/496 738/738/499
f 734/734/483 735/735/488 736/736/492
f 732/732/476 733/733/480 734/734/483
f 730/730/77 731/731/470 732/732/476
f 728/728/468 729/729/80 730/730/77
f 726/726/459 727/727/464 728/728/468
f 724/724/452 725/725/456 726/726/459
f 722/722/443 723/723/448 724/724/452
f 720/720/433 721/721/440 722/722/443
f 738/738/499 740/740/510 720/720/433
f 734/734/483 736/736/492 738/738/499
f 730/730/77 732/732/476 734/734/483
f 726/726/459 728/728/468 730/730/77
f 722/722/443 724/724/452 726/726/459
f 738/738/499 720/720/433 722/722/443
f 730/730/77 734/734/483 738/738/499
f 722/722/443 726/726/459 730/730/77
f 730/730/77 738/738/499 722/722/443
f 742/742/93 743/743/99 744/744/446
f 741/741/442 742/742/93 744/744/446
f 745/745/93 746/746/442 747/747/438
f 749/749/450 750/750/99 751/751/87
f 748/748/454 749/749/450 751/751/87
f 752/752/99 753/753/450 754/754/446
f 756/756/458 757/757/87 758/758/91
f 755/755/462 756/756/458 758/758/91
f 759/759/87 760/760/458 761/761/454
f 763/763/91 764/764/83 765/765/466
f 762/762/462 763/763/91 765/765/466
f 767/767/81 768/768/104 769/769/472
f 766/766/86 767/767/81 769/769/472
f 770/770/83 771/771/76 772/772/466
f 774/774/472 775/775/104 776/776/107
f 773/773/474 774/774/472 776/776/107
f 778/778/107 779/779/517 780/780/482
f 777/777/478 778/778/107 780/780/482
f 781/781/107 782/782/478 783/783/474
f 785/785/486 786/786/517 787/787/519
f 784/784/490 785/785/486 787/787/519
f 788/788/517 789/789/486 790/790/482
f 792/792/494 793/793/519 794/794/521
f 791/791/498 792/792/494 794/794/521
f 795/795/519 796/796/494 797/797/490
f 799/799/504 800/800/521 801/801/523
f 798/798/506 799/799/504 801/801/523
f 802/802/521 803/803/504 804/804/498
f 806/806/508 807/807/523 808/808/515
f 805/805/512 806/806/508 808/808/515
f 809/809/523 810/810/508 811/811/506
f 813/813/524 814/814/522 815/815/126
f 812/812/129 813/813/524 815/815/126
f 816/816/515 817/817/436 818/818/512
f 820/820/123 821/821/518 822/822/108
f 819/819/525 820/820/123 822/822/108
f 823/823/108 824/824/105 825/825/525
f 827/827/84 828/828/92 829/829/89
f 826/826/115 827/827/84 829/829/89
f 831/831/110 832/832/516 833/833/524
f 830/830/129 831/831/110 833/833/524
f 835/835/94 836/836/516 837/837/110
f 834/834/95 835/835/94 837/837/110
f 839/839/520 840/840/518 841/841/123
f 838/838/121 839/839/520 841/841/123
f 843/843/82 844/844/84 845/845/115
f 842/842/118 843/843/82 845/845/115
f 847/847/522 848/848/520 849/849/121
f 846/846/126 847/847/522 849/849/121
f 850/850/100 851/851/97 852/852/101
f 854/854/103 855/855/82 856/856/118
f 853/853/105 854/854/103 856/856/118
f 858/858/112 859/859/136 860/860/102
f 857/857/98 858/858/112 860/860/102
f 861/861/109 862/862/98 863/863/96
f 865/865/117 866/866/131 867/867/106
f 864/864/119 865/865/117 867/867/106
f 868/868/136 869/869/90 870/870/102
f 871/871/136 872/872/113 873/873/90
f 874/874/113 875/875/117 876/876/116
f 878/878/106 879/879/131 880/880/133
f 877/877/526 878/878/106 880/880/133
f 882/882/125 883/883/128 884/884/130
f 881/881/127 882/882/125 884/884/130
f 885/885/133 886/886/124 887/887/526
f 888/888/133 889/889/120 890/890/124
f 892/892/134 893/893/114 894/894/136
f 891/891/135 892/892/134 894/894/136
f 901/901/527 895/895/132 896/896/134
f 899/899/528 900/900/529 901/901/527
f 897/897/135 898/898/530 899/899/528
f 901/901/527 896/896/134 897/897/135
f 897/897/135 899/899/528 901/901/527
f 902/902/128 903/903/125 904/904/529
f 906/906/530 907/907/109 908/908/128
f 905/905/528 906/906/530 908/908/128
f 909/909/128 910/910/529 911/911/528
f 912/912/133 913/913/132 914/914/527
f 915/915/120 916/916/133 917/917/527
f 919/919/135 920/920/112 921/921/109
f 918/918/530 919/919/135 921/921/109
f 923/923/529 924/924/125 925/925/120
f 922/922/527 923/923/529 925/925/120
f 927/927/532 928/928/533 929/929/153
f 926/926/535 927/927/532 929/929/153
f 931/931/535 932/932/153 933/933/151
f 930/930/537 931/931/535 933/933/151
f 935/935/537 936/936/151 937/937/539
f 934/934/541 935/935/537 937/937/539
f 939/939/541 940/940/539 941/941/543
f 938/938/546 939/939/541 941/941/543
f 943/943/546 944/944/543 945/945/547
f 942/942/549 943/943/546 945/945/547
f 947/947/549 948/948/547 949/949/551
f 946/946/553 947/947/549 949/949/551
f 951/951/553 952/952/551 953/953/555
f 950/950/557 951/951/553 953/953/555
f 955/955/557 956/956/555 957/957/137
f 954/954/142 955/955/557 957/957/137
f 959/959/559 960/960/139 961/961/137
f 958/958/159 959/959/559 961/961/137
f 963/963/559 964/964/159 965/965/165
f 962/962/561 963/963/559 965/965/165
f 967/967/564 968/968/561 969/969/165
f 966/966/163 967/967/564 969/969/165
f 971/971/564 972/972/163 973/973/143
f 970/970/147 971/971/564 973/973/143
f 975/975/565 976/976/145 977/977/143
f 974/974/567 975/975/565 977/977/143
f 979/979/565 980/980/567 981/981/569
f 978/978/572 979/979/565 981/981/569
f 983/983/572 984/984/569 985/985/573
f 982/982/575 983/983/572 985/985/573
f 987/987/575 988/988/573 989/989/577
f 986/986/579 987/987/575 989/989/577
f 991/991/579 992/992/577 993/993/581
f 990/990/583 991/991/579 993/993/581
f 995/995/583 996/996/581 997/997/585
f 994/994/588 995/995/583 997/997/585
f 999/999/588 1000/1000/585 1001/1001/589
f 998/998/591 999/999/588 1001/1001/589
f 1003/1003/591 1004/1004/589 1005/1005/593
f 1002/1002/595 1003/1003/591 1005/1005/593
f 1007/1007/595 1008/1008/593 1009/1009/597
f 1006/1006/599 1007/1007/595 1009/1009/597
f 1010/1010/174 1011/1011/601 1012/1012/175
f 1014/1014/532 1015/1015/599 1016/1016/597
f 1013/1013/533 1014/1014/532 1016/1016/597
f 1018/1018/534 1019/1019/177 1020/1020/149
f 1017/1017/154 1018/1018/534 1020/1020/149
f 1044/1044/560 1021/1021/562 1022/1022/563
f 1042/1042/141 1043/1043/140 1044/1044/560
f 1040/1040/554 1041/1041/558 1042/1042/141
f 1038/1038/545 1039/1039/550 1040/1040/554
f 1036/1036/538 1037/1037/542 1038/1038/545
f 1034/1034/531 1035/1035/536 1036/1036/538
f 1032/1032/596 1033/1033/600 1034/1034/531
f 1030/1030/587 1031/1031/592 1032/1032/596
f 1028/1028/580 1029/1029/584 1030/1030/587
f 1026/1026/571 1027/1027/576 1028/1028/580
f 1024/1024/146 1025/1025/566 1026/1026/571
f 1022/1022/563 1023/1023/148 1024/1024/146
f 1042/1042/141 1044/1044/560 1022/1022/563
f 1038/1038/545 1040/1040/554 1042/1042/141
f 1034/1034/531 1036/1036/538 1038/1038/545
f 1030/1030/587 1032/1032/596 1034/1034/531
f 1026/1026/571 1028/1028/580 1030/1030/587
f 1022/1022/563 1024/1024/146 1026/1026/571
f 1038/1038/545 1042/1042/141 1022/1022/563
f 1030/1030/587 1034/1034/531 1038/1038/545
f 1022/1022/563 1026/1026/571 1030/1030/587
f 1030/1030/587 1038/1038/545 1022/1022/563
f 1046/1046/149 1047/1047/603 1048/1048/540
f 1045/1045/152 1046/1046/149 1048/1048/540
f 1050/1050/544 1051/1051/603 1052/1052/173
f 1049/1049/548 1050/1050/544 1052/1052/173
f 1053/1053/603 1054/1054/544 1055/1055/540
f 1057/1057/552 1058/1058/173 1059/1059/157
f 1056/1056/556 1057/1057/552 1059/1059/157
f 1060/1060/173 1061/1061/552 1062/1062/548
f 1064/1064/155 1065/1065/161 1066/1066/166
f 1063/1063/160 1064/1064/155 1066/1066/166
f 1067/1067/157 1068/1068/138 1069/1069/556
f 1071/1071/161 1072/1072/605 1073/1073/144
f 1070/1070/164 1071/1071/161 1073/1073/144
f 1075/1075/144 1076/1076/605 1077/1077/607
f 1074/1074/568 1075/1075/144 1077/1077/607
f 1079/1079/607 1080/1080/183 1081/1081/574
f 1078/1078/570 1079/1079/607 1081/1081/574
f 1082/1082/607 1083/1083/570 1084/1084/568
f 1086/1086/578 1087/1087/183 1088/1088/167
f 1085/1085/582 1086/1086/578 1088/1088/167
f 1089/1089/183 1090/1090/578 1091/1091/574
f 1093/1093/586 1094/1094/167 1095/1095/171
f 1092/1092/590 1093/1093/586 1095/1095/171
f 1096/1096/167 1097/1097/586 1098/1098/582
f 1100/1100/171 1101/1101/177 1102/1102/598
f 1099/1099/594 1100/1100/171 1102/1102/598
f 1103/1103/171 1104/1104/594 1105/1105/590
f 1107/1107/190 1108/1108/608 1109/1109/606
f 1106/1106/609 1107/1107/190 1109/1109/606
f 1110/1110/177 1111/1111/534 1112/1112/598
f 1113/1113/611 1114/1114/612 1115/1115/613
f 1116/1116/172 1117/1117/169 1118/1118/181
f 1120/1120/156 1121/1121/158 1122/1122/614
f 1119/1119/616 1120/1120/156 1122/1122/614
f 1123/1123/158 1124/1124/175 1125/1125/614
f 1126/1126/178 1127/1127/172 1128/1128/181
f 1130/1130/184 1131/1131/608 1132/1132/190
f 1129/1129/193 1130/1130/184 1132/1132/190
f 1133/1133/150 1134/1134/179 1135/1135/618
f 1137/1137/620 1138/1138/604 1139/1139/150
f 1136/1136/618 1137/1137/620 1139/1139/150
f 1141/1141/162 1142/1142/156 1143/1143/616
f 1140/1140/622 1141/1141/162 1143/1143/616
f 1144/1144/184 1145/1145/193 1146/1146/185
f 1148/1148/174 1149/1149/604 1150/1150/620
f 1147/1147/601 1148/1148/174 1150/1150/620
f 1152/1152/606 1153/1153/162 1154/1154/622
f 1151/1151/609 1152/1152/606 1154/1154/622
f 1155/1155/168 1156/1156/185 1157/1157/169
f 1159/1159/187 1160/1160/612 1161/1161/621
f 1158/1158/619 1159/1159/187 1161/1161/621
f 1162/1162/187 1163/1163/619 1164/1164/180
f 1166/1166/612 1167/1167/611 1168/1168/602
f 1165/1165/621 1166/1166/612 1168/1168/602
f 1170/1170/611 1171/1171/624 1172/1172/615
f 1169/1169/176 1170/1170/611 1172/1172/615
f 1173/1173/611 1174/1174/176 1175/1175/602
f 1177/1177/624 1178/1178/625 1179/1179/623
f 1176/1176/617 1177/1177/624 1179/1179/623
f 1180/1180/624 1181/1181/617 1182/1182/615
f 1190/1190/197 1183/1183/626 1184/1184/199
f 1188/1188/627 1189/1189/613 1190/1190/197
f 1186/1186/628 1187/1187/629 1188/1188/627
f 1184/1184/199 1185/1185/198 1186/1186/628
f 1188/1188/627 1190/1190/197 1184/1184/199
f 1184/1184/199 1186/1186/628 1188/1188/627
f 1191/1191/625 1192/1192/610 1193/1193/623
f 1194/1194/625 1195/1195/192 1196/1196/610
f 1197/1197/192 1198/1198/191 1199/1199/610
f 1200/1200/189 1201/1201/186 1202/1202/194
f 1203/1203/189 1204/1204/196 1205/1205/186
f 1206/1206/196 1207/1207/170 1208/1208/186
f 1209/1209/195 1210/1210/182 1211/1211/170
f 1212/1212/195 1213/1213/188 1214/1214/182
f 1215/1215/188 1216/1216/180 1217/1217/182
f 1219/1219/195 1220/1220/196 1221/1221/199
f 1218/1218/626 1219/1219/195 1221/1221/199
f 1222/1222/611 1223/1223/613 1224/1224/627
f 1226/1226/198 1227/1227/192 1228/1228/625
f 1225/1225/628 1226/1226/198 1228/1228/625
f 1230/1230/629 1231/1231/624 1232/1232/611
f 1229/1229/627 1230/1230/629 1232/1232/611
f 1234/1234/197 1235/1235/188 1236/1236/195
f 1233/1233/626 1234/1234/197 1236/1236/195
f 1238/1238/612 1239/1239/187 1240/1240/197
f 1237/1237/613 1238/1238/612 1240/1240/197
f 1241/1241/189 1242/1242/192 1243/1243/198
f 1245/1245/628 1246/1246/625 1247/1247/624
f 1244/1244/629 1245/1245/628 1247/1247/624
f 1249/1249/630 1250/1250/632 1251/1251/634
f 1248/1248/636 1249/1249/630 1251/1251/634
f 1252/1252/196 1253/1253/189 1254/1254/199
f 1256/1256/632 1257/1257/639 1258/1258/640
f 1255/1255/634 1256/1256/632 1258/1258/640
f 1260/1260/639 1261/1261/642 1262/1262/644
f 1259/1259/640 1260/1260/639 1262/1262/644
f 1264/1264/642 1265/1265/646 1266/1266/648
f 1263/1263/644 1264/1264/642 1266/1266/648
f 1268/1268/646 1269/1269/650 1270/1270/652
f 1267/1267/648 1268/1268/646 1270/1270/652
f 1272/1272/650 1273/1273/655 1274/1274/656
f 1271/1271/652 1272/1272/650 1274/1274/656
f 1276/1276/655 1277/1277/658 1278/1278/660
f 1275/1275/656 1276/1276/655 1278/1278/660
f 1280/1280/658 1281/1281/662 1282/1282/664
f 1279/1279/660 1280/1280/658 1282/1282/664
f 1284/1284/662 1285/1285/666 1286/1286/668
f 1283/1283/664 1284/1284/662 1286/1286/668
f 1288/1288/666 1289/1289/205 1290/1290/202
f 1287/1287/668 1288/1288/666 1290/1290/202
f 1292/1292/202 1293/1293/200 1294/1294/670
f 1291/1291/672 1292/1292/202 1294/1294/670
f 1296/1296/672 1297/1297/670 1298/1298/674
f 1295/1295/676 1296/1296/672 1298/1298/674
f 1300/1300/674 1301/1301/679 1302/1302/680
f 1299/1299/682 1300/1300/674 1302/1302/680
f 1303/1303/674 1304/1304/682 1305/1305/676
f 1307/1307/679 1308/1308/684 1309/1309/686
f 1306/1306/680 1307/1307/679 1309/1309/686
f 1311/1311/684 1312/1312/688 1313/1313/690
f 1310/1310/686 1311/1311/684 1313/1313/690
f 1315/1315/688 1316/1316/692 1317/1317/694
f 1314/1314/690 1315/1315/688 1317/1317/694
f 1319/1319/692 1320/1320/697 1321/1321/698
f 1318/1318/694 1319/1319/692 1321/1321/698
f 1323/1323/697 1324/1324/700 1325/1325/702
f 1322/1322/698 1323/1323/697 1325/1325/702
f 1327/1327/700 1328/1328/704 1329/1329/706
f 1326/1326/702 1327/1327/700 1329/1329/706
f 1331/1331/704 1332/1332/708 1333/1333/710
f 1330/1330/706 1331/1331/704 1333/1333/710
f 1335/1335/708 1336/1336/713 1337/1337/714
f 1334/1334/710 1335/1335/708 1337/1337/714
f 1339/1339/713 1340/1340/630 1341/1341/636
f 1338/1338/714 1339/1339/713 1341/1341/636
f 1364/1364/638 1342/1342/633 1343/1343/631
f 1362/1362/647 1363/1363/643 1364/1364/638
f 1360/1360/654 1361/1361/651 1362/1362/647
f 1358/1358/663 1359/1359/659 1360/1360/654
f 1356/1356/204 1357/1357/667 1358/1358/663
f 1354/1354/671 1355/1355/201 1356/1356/204
f 1352/1352/678 1353/1353/675 1354/1354/671
f 1350/1350/689 1351/1351/685 1352/1352/678
f 1348/1348/696 1349/1349/693 1350/1350/689
f 1346/1346/705 1347/1347/701 1348/1348/696
f 1344/1344/712 1345/1345/709 1346/1346/705
f 1364/1364/638 1343/1343/631 1344/1344/712
f 1360/1360/654 1362/1362/647 1364/1364/638
f 1356/1356/204 1358/1358/663 1360/1360/654
f 1352/1352/678 1354/1354/671 1356/1356/204
f 1348/1348/696 1350/1350/689 1352/1352/678
f 1344/1344/712 1346/1346/705 1348/1348/696
f 1360/1360/654 1364/1364/638 1344/1344/712
f 1352/1352/678 1356/1356/204 1360/1360/654
f 1344/1344/712 1348/1348/696 1352/1352/678
f 1352/1352/678 1360/1360/654 1344/1344/712
f 1366/1366/228 1367/1367/224 1368/1368/635
f 1365/1365/641 1366/1366/228 1368/1368/635
f 1369/1369/637 1370/1370/635 1371/1371/224
f 1373/1373/228 1374/1374/641 1375/1375/645
f 1372/1372/716 1373/1373/228 1375/1375/645
f 1377/1377/212 1378/1378/716 1379/1379/649
f 1376/1376/653 1377/1377/212 1379/1379/649
f 1380/1380/716 1381/1381/645 1382/1382/649
f 1384/1384/212 1385/1385/653 1386/1386/657
f 1383/1383/214 1384/1384/212 1386/1386/657
f 1388/1388/718 1389/1389/214 1390/1390/661
f 1387/1387/665 1388/1388/718 1390/1390/661
f 1391/1391/214 1392/1392/657 1393/1393/661
f 1395/1395/718 1396/1396/669 1397/1397/203
f 1394/1394/218 1395/1395/718 1397/1397/203
f 1398/1398/665 1399/1399/669 1400/1400/718
f 1402/1402/216 1403/1403/673 1404/1404/677
f 1401/1401/720 1402/1402/216 1404/1404/677
f 1405/1405/203 1406/1406/673 1407/1407/216
f 1409/1409/720 1410/1410/677 1411/1411/683
f 1408/1408/722 1409/1409/720 1411/1411/683
f 1413/1413/724 1414/1414/722 1415/1415/681
f 1412/1412/687 1413/1413/724 1415/1415/681
f 1416/1416/722 1417/1417/683 1418/1418/681
f 1420/1420/724 1421/1421/691 1422/1422/695
f 1419/1419/726 1420/1420/724 1422/1422/695
f 1423/1423/724 1424/1424/687 1425/1425/691
f 1427/1427/726 1428/1428/699 1429/1429/703
f 1426/1426/728 1427/1427/726 1429/1429/703
f 1430/1430/726 1431/1431/695 1432/1432/699
f 1434/1434/728 1435/1435/707 1436/1436/711
f 1433/1433/222 1434/1434/728 1436/1436/711
f 1437/1437/703 1438/1438/707 1439/1439/728
f 1441/1441/224 1442/1442/222 1443/1443/715
f 1440/1440/637 1441/1441/224 1443/1443/715
f 1444/1444/711 1445/1445/715 1446/1446/222
f 1448/1448/730 1449/1449/731 1450/1450/732
f 1447/1447/733 1448/1448/730 1450/1450/732
f 1452/1452/723 1453/1453/734 1454/1454/736
f 1451/1451/721 1452/1452/723 1454/1454/736
f 1456/1456/223 1457/1457/738 1458/1458/740
f 1455/1455/729 1456/1456/223 1458/1458/740
f 1459/1459/742 1460/1460/210 1461/1461/215
f 1463/1463/719 1464/1464/744 1465/1465/742
f 1462/1462/215 1463/1463/719 1465/1465/742
f 1467/1467/725 1468/1468/746 1469/1469/734
f 1466/1466/723 1467/1467/725 1469/1469/734
f 1470/1470/220 1471/1471/738 1472/1472/223
f 1473/1473/226 1474/1474/220 1475/1475/225
f 1477/1477/219 1478/1478/748 1479/1479/744
f 1476/1476/719 1477/1477/219 1479/1479/744
f 1481/1481/717 1482/1482/750 1483/1483/226
f 1480/1480/229 1481/1481/717 1483/1483/226
f 1485/1485/727 1486/1486/752 1487/1487/746
f 1484/1484/725 1485/1485/727 1487/1487/746
f 1489/1489/217 1490/1490/231 1491/1491/748
f 1488/1488/219 1489/1489/217 1491/1491/748
f 1493/1493/213 1494/1494/210 1495/1495/750
f 1492/1492/717 1493/1493/213 1495/1495/750
f 1497/1497/729 1498/1498/740 1499/1499/752
f 1496/1496/727 1497/1497/729 1499/1499/752
f 1501/1501/721 1502/1502/736 1503/1503/231
f 1500/1500/217 1501/1501/721 1503/1503/231
f 1505/1505/240 1506/1506/236 1507/1507/221
f 1504/1504/227 1505/1505/240 1507/1507/221
f 1509/1509/240 1510/1510/227 1511/1511/751
f 1508/1508/733 1509/1509/240 1511/1511/751
f 1513/1513/733 1514/1514/751 1515/1515/211
f 1512/1512/730 1513/1513/733 1515/1515/211
f 1517/1517/245 1518/1518/730 1519/1519/743
f 1516/1516/745 1517/1517/245 1519/1519/743
f 1520/1520/730 1521/1521/211 1522/1522/743
f 1524/1524/245 1525/1525/745 1526/1526/749
f 1523/1523/230 1524/1524/245 1526/1526/749
f 1528/1528/233 1529/1529/737 1530/1530/735
f 1527/1527/235 1528/1528/233 1530/1530/735
f 1531/1531/749 1532/1532/232 1533/1533/230
f 1534/1534/233 1535/1535/232 1536/1536/737
f 1538/1538/235 1539/1539/735 1540/1540/747
f 1537/1537/243 1538/1538/235 1540/1540/747
f 1542/1542/243 1543/1543/747 1544/1544/753
f 1541/1541/247 1542/1542/243 1544/1544/753
f 1546/1546/247 1547/1547/753 1548/1548/741
f 1545/1545/238 1546/1546/247 1548/1548/741
f 1550/1550/238 1551/1551/741 1552/1552/739
f 1549/1549/236 1550/1550/238 1552/1552/739
f 1554/1554/247 1555/1555/239 1556/1556/237
f 1553/1553/246 1554/1554/247 1556/1556/237
f 1557/1557/739 1558/1558/221 1559/1559/236
f 1567/1567/732 1560/1560/731 1561/1561/244
f 1565/1565/237 1566/1566/241 1567/1567/732
f 1563/1563/242 1564/1564/246 1565/1565/237
f 1561/1561/244 1562/1562/234 1563/1563/242
f 1565/1565/237 1567/1567/732 1561/1561/244
f 1561/1561/244 1563/1563/242 1565/1565/237
f 1569/1569/730 1570/1570/245 1571/1571/244
f 1568/1568/731 1569/1569/730 1571/1571/244
f 1572/1572/242 1573/1573/234 1574/1574/235
f 1576/1576/733 1577/1577/732 1578/1578/241
f 1575/1575/240 1576/1576/733 1578/1578/241
f 1579/1579/236 1580/1580/241 1581/1581/237
f 1582/1582/246 1583/1583/242 1584/1584/243
f 1586/1586/754 1587/1587/756 1588/1588/758
f 1585/1585/760 1586/1586/754 1588/1588/758
f 1589/1589/230 1590/1590/234 1591/1591/244
f 1593/1593/758 1594/1594/762 1595/1595/765
f 1592/1592/766 1593/1593/758 1595/1595/765
f 1596/1596/756 1597/1597/762 1598/1598/758
f 1600/1600/765 1601/1601/768 1602/1602/770
f 1599/1599/766 1600/1600/765 1602/1602/770
f 1604/1604/768 1605/1605/772 1606/1606/774
f 1603/1603/770 1604/1604/768 1606/1606/774
f 1608/1608/772 1609/1609/776 1610/1610/778
f 1607/1607/774 1608/1608/772 1610/1610/778
f 1612/1612/776 1613/1613/781 1614/1614/782
f 1611/1611/778 1612/1612/776 1614/1614/782
f 1616/1616/781 1617/1617/784 1618/1618/786
f 1615/1615/782 1616/1616/781 1618/1618/786
f 1620/1620/784 1621/1621/788 1622/1622/790
f 1619/1619/786 1620/1620/784 1622/1622/790
f 1624/1624/788 1625/1625/792 1626/1626/794
f 1623/1623/790 1624/1624/788 1626/1626/794
f 1628/1628/792 1629/1629/797 1630/1630/798
f 1627/1627/794 1628/1628/792 1630/1630/798
f 1632/1632/797 1633/1633/800 1634/1634/802
f 1631/1631/798 1632/1632/797 1634/1634/802
f 1636/1636/800 1637/1637/804 1638/1638/806
f 1635/1635/802 1636/1636/800 1638/1638/806
f 1640/1640/804 1641/1641/808 1642/1642/810
f 1639/1639/806 1640/1640/804 1642/1642/810
f 1644/1644/808 1645/1645/813 1646/1646/814
f 1643/1643/810 1644/1644/808 1646/1646/814
f 1648/1648/813 1649/1649/816 1650/1650/818
f 1647/1647/814 1648/1648/813 1650/1650/818
f 1652/1652/816 1653/1653/820 1654/1654/822
f 1651/1651/818 1652/1652/816 1654/1654/822
f 1656/1656/820 1657/1657/253 1658/1658/250
f 1655/1655/822 1656/1656/820 1658/1658/250
f 1660/1660/250 1661/1661/248 1662/1662/824
f 1659/1659/826 1660/1660/250 1662/1662/824
f 1664/1664/824 1665/1665/258 1666/1666/256
f 1663/1663/828 1664/1664/824 1666/1666/256
f 1667/1667/824 1668/1668/828 1669/1669/826
f 1671/1671/256 1672/1672/255 1673/1673/754
f 1670/1670/760 1671/1671/256 1673/1673/754
f 1674/1674/268 1675/1675/280 1676/1676/271
f 1678/1678/276 1679/1679/266 1680/1680/761
f 1677/1677/759 1678/1678/276 1680/1680/761
f 1703/1703/252 1681/1681/821 1682/1682/817
f 1701/1701/825 1702/1702/249 1703/1703/252
f 1699/1699/254 1700/1700/259 1701/1701/825
f 1697/1697/757 1698/1698/755 1699/1699/254
f 1695/1695/764 1696/1696/763 1697/1697/757
f 1693/1693/773 1694/1694/769 1695/1695/764
f 1691/1691/780 1692/1692/777 1693/1693/773
f 1689/1689/789 1690/1690/785 1691/1691/780
f 1687/1687/796 1688/1688/793 1689/1689/789
f 1685/1685/805 1686/1686/801 1687/1687/796
f 1683/1683/812 1684/1684/809 1685/1685/805
f 1703/1703/252 1682/1682/817 1683/1683/812
f 1699/1699/254 1701/1701/825 1703/1703/252
f 1695/1695/764 1697/1697/757 1699/1699/254
f 1691/1691/780 1693/1693/773 1695/1695/764
f 1687/1687/796 1689/1689/789 1691/1691/780
f 1683/1683/812 1685/1685/805 1687/1687/796
f 1699/1699/254 1703/1703/252 1683/1683/812
f 1691/1691/780 1695/1695/764 1699/1699/254
f 1683/1683/812 1687/1687/796 1691/1691/780
f 1691/1691/780 1699/1699/254 1683/1683/812
f 1705/1705/276 1706/1706/759 1707/1707/767
f 1704/1704/278 1705/1705/276 1707/1707/767
f 1709/1709/270 1710/1710/278 1711/1711/771
f 1708/1708/775 1709/1709/270 1711/1711/771
f 1712/1712/767 1713/1713/771 1714/1714/278
f 1716/1716/270 1717/1717/779 1718/1718/783
f 1715/1715/272 1716/1716/270 1718/1718/783
f 1719/1719/775 1720/1720/779 1721/1721/270
f 1723/1723/272 1724/1724/783 1725/1725/787
f 1722/1722/830 1723/1723/272 1725/1725/787
f 1727/1727/830 1728/1728/791 1729/1729/795
f 1726/1726/832 1727/1727/830 1729/1729/795
f 1730/1730/787 1731/1731/791 1732/1732/830
f 1734/1734/832 1735/1735/799 1736/1736/803
f 1733/1733/285 1734/1734/832 1736/1736/803
f 1737/1737/832 1738/1738/795 1739/1739/799
f 1741/1741/286 1742/1742/285 1743/1743/803
f 1740/1740/807 1741/1741/286 1743/1743/803
f 1745/1745/286 1746/1746/811 1747/1747/815
f 1744/1744/834 1745/1745/286 1747/1747/815
f 1748/1748/807 1749/1749/811 1750/1750/286
f 1752/1752/260 1753/1753/834 1754/1754/819
f 1751/1751/823 1752/1752/260 1754/1754/819
f 1755/1755/815 1756/1756/819 1757/1757/834
f 1759/1759/264 1760/1760/262 1761/1761/827
f 1758/1758/829 1759/1759/264 1761/1761/827
f 1762/1762/823 1763/1763/251 1764/1764/260
f 1765/1765/251 1766/1766/827 1767/1767/262
f 1769/1769/265 1770/1770/836 1771/1771/838
f 1768/1768/263 1769/1769/265 1771/1771/838
f 1772/1772/829 1773/1773/257 1774/1774/264
f 1775/1775/257 1776/1776/761 1777/1777/266
f 1779/1779/287 1780/1780/835 1781/1781/291
f 1778/1778/840 1779/1779/287 1781/1781/291
f 1782/1782/840 1783/1783/282 1784/1784/287
f 1786/1786/831 1787/1787/842 1788/1788/268
f 1785/1785/273 1786/1786/831 1788/1788/268
f 1790/1790/265 1791/1791/267 1792/1792/294
f 1789/1789/836 1790/1790/265 1792/1792/294
f 1794/1794/277 1795/1795/844 1796/1796/294
f 1793/1793/267 1794/1794/277 1796/1796/294
f 1798/1798/261 1799/1799/846 1800/1800/291
f 1797/1797/835 1798/1798/261 1800/1800/291
f 1801/1801/277 1802/1802/274 1803/1803/844
f 1805/1805/833 1806/1806/848 1807/1807/842
f 1804/1804/831 1805/1805/833 1807/1807/842
f 1809/1809/263 1810/1810/838 1811/1811/846
f 1808/1808/261 1809/1809/263 1811/1811/846
f 1812/1812/280 1813/1813/274 1814/1814/279
f 1816/1816/284 1817/1817/282 1818/1818/848
f 1815/1815/833 1816/1816/284 1818/1818/848
f 1820/1820/288 1821/1821/281 1822/1822/269
f 1819/1819/850 1820/1820/288 1822/1822/269
f 1823/1823/289 1824/1824/295 1825/1825/845
f 1826/1826/845 1827/1827/275 1828/1828/289
f 1829/1829/275 1830/1830/281 1831/1831/288
f 1833/1833/851 1834/1834/850 1835/1835/269
f 1832/1832/843 1833/1833/851 1835/1835/269
f 1837/1837/301 1838/1838/851 1839/1839/843
f 1836/1836/849 1837/1837/301 1839/1839/843
f 1841/1841/301 1842/1842/849 1843/1843/283
f 1840/1840/302 1841/1841/301 1843/1843/283
f 1845/1845/290 1846/1846/302 1847/1847/283
f 1844/1844/841 1845/1845/290 1847/1847/283
f 1849/1849/298 1850/1850/293 1851/1851/847
f 1848/1848/839 1849/1849/298 1851/1851/847
f 1852/1852/841 1853/1853/292 1854/1854/290
f 1855/1855/293 1856/1856/292 1857/1857/847
f 1859/1859/298 1860/1860/839 1861/1861/837
f 1858/1858/296 1859/1859/298 1861/1861/837
f 1862/1862/296 1863/1863/837 1864/1864/295
f 1866/1866/850 1867/1867/852 1868/1868/853
f 1865/1865/288 1866/1866/850 1868/1868/853
f 1876/1876/300 1869/1869/299 1870/1870/297
f 1874/1874/852 1875/1875/854 1876/1876/300
f 1872/1872/855 1873/1873/853 1874/1874/852
f 1870/1870/297 1871/1871/856 1872/1872/855
f 1874/1874/852 1876/1876/300 1870/1870/297
f 1870/1870/297 1872/1872/855 1874/1874/852
f 1878/1878/290 1879/1879/299 1880/1880/300
f 1877/1877/302 1878/1878/290 1880/1880/300
f 1882/1882/851 1883/1883/854 1884/1884/852
f 1881/1881/850 1882/1882/851 1884/1884/852
f 1885/1885/856 1886/1886/297 1887/1887/296
f 1889/1889/296 1890/1890/289 1891/1891/855
f 1888/1888/856 1889/1889/296 1891/1891/855
f 1893/1893/851 1894/1894/301 1895/1895/300
f 1892/1892/854 1893/1893/851 1895/1895/300
f 1897/1897/289 1898/1898/288 1899/1899/853
f 1896/1896/855 1897/1897/289 1899/1899/853
f 1901/1901/857 1902/1902/860 1903/1903/861
f 1900/1900/863 1901/1901/857 1903/1903/861
f 1904/1904/297 1905/1905/299 1906/1906/293
f 1908/1908/861 1909/1909/860 1910/1910/865
f 1907/1907/867 1908/1908/861 1910/1910/865
f 1912/1912/865 1913/1913/307 1914/1914/305
f 1911/1911/869 1912/1912/865 1914/1914/305
f 1915/1915/865 1916/1916/869 1917/1917/867
f 1919/1919/305 1920/1920/303 1921/1921/872
f 1918/1918/873 1919/1919/305 1921/1921/872
f 1923/1923/872 1924/1924/875 1925/1925/877
f 1922/1922/873 1923/1923/872 1925/1925/877
f 1927/1927/875 1928/1928/879 1929/1929/881
f 1926/1926/877 1927/1927/875 1929/1929/881
f 1931/1931/879 1932/1932/883 1933/1933/885
f 1930/1930/881 1931/1931/879 1933/1933/885
f 1935/1935/883 1936/1936/888 1937/1937/889
f 1934/1934/885 1935/1935/883 1937/1937/889
f 1939/1939/888 1940/1940/891 1941/1941/893
f 1938/1938/889 1939/1939/888 1941/1941/893
f 1943/1943/891 1944/1944/896 1945/1945/897
f 1942/1942/893 1943/1943/891 1945/1945/897
f 1947/1947/896 1948/1948/899 1949/1949/901
f 1946/1946/897 1947/1947/896 1949/1949/901
f 1951/1951/899 1952/1952/903 1953/1953/905
f 1950/1950/901 1951/1951/899 1953/1953/905
f 1955/1955/903 1956/1956/907 1957/1957/909
f 1954/1954/905 1955/1955/903 1957/1957/909
f 1959/1959/907 1960/1960/912 1961/1961/913
f 1958/1958/909 1959/1959/907 1961/1961/913
f 1963/1963/913 1964/1964/912 1965/1965/915
f 1962/1962/917 1963/1963/913 1965/1965/915
f 1967/1967/915 1968/1968/919 1969/1969/921
f 1966/1966/923 1967/1967/915 1969/1969/921
f 1970/1970/915 1971/1971/923 1972/1972/917
f 1974/1974/919 1975/1975/925 1976/1976/927
f 1973/1973/921 1974/1974/919 1976/1976/927
f 1978/1978/925 1979/1979/930 1980/1980/931
f 1977/1977/927 1978/1978/925 1980/1980/931
f 1982/1982/930 1983/1983/933 1984/1984/935
f 1981/1981/931 1982/1982/930 1984/1984/935
f 1986/1986/933 1987/1987/937 1988/1988/939
f 1985/1985/935 1986/1986/933 1988/1988/939
f 1989/1989/319 1990/1990/941 1991/1991/312
f 1993/1993/939 1994/1994/937 1995/1995/857
f 1992/1992/863 1993/1993/939 1995/1995/857
f 2017/2017/904 1996/1996/900 1997/1997/895
f 2015/2015/911 2016/2016/908 2017/2017/904
f 2013/2013/920 2014/2014/916 2015/2015/911
f 2011/2011/929 2012/2012/926 2013/2013/920
f 2009/2009/938 2010/2010/934 2011/2011/929
f 2007/2007/859 2008/2008/858 2009/2009/938
f 2005/2005/308 2006/2006/866 2007/2007/859
f 2003/2003/871 2004/2004/304 2005/2005/308
f 2001/2001/880 2002/2002/876 2003/2003/871
f 1999/1999/887 2000/2000/884 2001/2001/880
f 1997/1997/895 1998/1998/892 1999/1999/887
f 2015/2015/911 2017/2017/904 1997/1997/895
f 2011/2011/929 2013/2013/920 2015/2015/911
f 2007/2007/859 2009/2009/938 2011/2011/929
f 2003/2003/871 2005/2005/308 2007/2007/859
f 1999/1999/887 2001/2001/880 2003/2003/871
f 2015/2015/911 1997/1997/895 1999/1999/887
f 2007/2007/859 2011/2011/929 2015/2015/911
f 1999/1999/887 2003/2003/871 2007/2007/859
f 2007/2007/859 2015/2015/911 1999/1999/887
f 2019/2019/943 2020/2020/945 2021/2021/864
f 2018/2018/862 2019/2019/943 2021/2021/864
f 2023/2023/943 2024/2024/868 2025/2025/870
f 2022/2022/309 2023/2023/943 2025/2025/870
f 2026/2026/943 2027/2027/862 2028/2028/868
f 2030/2030/321 2031/2031/311 2032/2032/874
f 2029/2029/878 2030/2030/321 2032/2032/874
f 2033/2033/870 2034/2034/306 2035/2035/309
f 2036/2036/306 2037/2037/874 2038/2038/311
f 2040/2040/321 2041/2041/882 2042/2042/886
f 2039/2039/947 2040/2040/321 2042/2042/886
f 2043/2043/878 2044/2044/882 2045/2045/321
f 2047/2047/947 2048/2048/890 2049/2049/894
f 2046/2046/949 2047/2047/947 2049/2049/894
f 2050/2050/947 2051/2051/886 2052/2052/890
f 2054/2054/949 2055/2055/898 2056/2056/902
f 2053/2053/951 2054/2054/949 2056/2056/902
f 2057/2057/949 2058/2058/894 2059/2059/898
f 2061/2061/953 2062/2062/951 2063/2063/906
f 2060/2060/910 2061/2061/953 2063/2063/906
f 2064/2064/951 2065/2065/902 2066/2066/906
f 2068/2068/953 2069/2069/914 2070/2070/918
f 2067/2067/325 2068/2068/953 2070/2070/918
f 2071/2071/910 2072/2072/914 2073/2073/953
f 2075/2075/315 2076/2076/325 2077/2077/924
f 2074/2074/922 2075/2075/315 2077/2077/924
f 2078/2078/918 2079/2079/924 2080/2080/325
f 2082/2082/317 2083/2083/315 2084/2084/928
f 2081/2081/932 2082/2082/317 2084/2084/928
f 2085/2085/922 2086/2086/928 2087/2087/315
f 2089/2089/317 2090/2090/936 2091/2091/940
f 2088/2088/945 2089/2089/317 2091/2091/940
f 2092/2092/932 2093/2093/936 2094/2094/317
f 2096/2096/952 2097/2097/954 2098/2098/334
f 2095/2095/331 2096/2096/952 2098/2098/334
f 2099/2099/940 2100/2100/864 2101/2101/945
f 2102/2102/955 2103/2103/313 2104/2104/318
f 2106/2106/318 2107/2107/946 2108/2108/957
f 2105/2105/955 2106/2106/318 2108/2108/957
f 2109/2109/959 2110/2110/319 2111/2111/322
f 2113/2113/944 2114/2114/961 2115/2115/957
f 2112/2112/946 2113/2113/944 2115/2115/957
f 2117/2117/948 2118/2118/963 2119/2119/959
f 2116/2116/322 2117/2117/948 2119/2119/959
f 2121/2121/326 2122/2122/965 2123/2123/334
f 2120/2120/954 2121/2121/326 2123/2123/334
f 2125/2125/944 2126/2126/310 2127/2127/967
f 2124/2124/961 2125/2125/944 2127/2127/967
f 2129/2129/950 2130/2130/328 2131/2131/963
f 2128/2128/948 2129/2129/950 2131/2131/963
f 2132/2132/323 2133/2133/965 2134/2134/326
f 2136/2136/312 2137/2137/941 2138/2138/967
f 2135/2135/310 2136/2136/312 2138/2138/967
f 2140/2140/952 2141/2141/331 2142/2142/328
f 2139/2139/950 2140/2140/952 2142/2142/328
f 2143/2143/313 2144/2144/323 2145/2145/316
f 2147/2147/339 2148/2148/958 2149/2149/962
f 2146/2146/341 2147/2147/339 2149/2149/962
f 2151/2151/341 2152/2152/962 2153/2153/968
f 2150/2150/346 2151/2151/341 2153/2153/968
f 2155/2155/346 2156/2156/942 2157/2157/320
f 2154/2154/344 2155/2155/346 2157/2157/320
f 2158/2158/968 2159/2159/942 2160/2160/346
f 2162/2162/344 2163/2163/960 2164/2164/964
f 2161/2161/327 2162/2162/344 2164/2164/964
f 2165/2165/320 2166/2166/960 2167/2167/344
f 2169/2169/337 2170/2170/314 2171/2171/956
f 2168/2168/339 2169/2169/337 2171/2171/956
f 2172/2172/964 2173/2173/329 2174/2174/327
f 2175/2175/329 2176/2176/332 2177/2177/330
f 2178/2178/332 2179/2179/335 2180/2180/333
f 2181/2181/336 2182/2182/335 2183/2183/966
f 2184/2184/966 2185/2185/324 2186/2186/336
f 2187/2187/324 2188/2188/314 2189/2189/337
f 2190/2190/339 2191/2191/956 2192/2192/958
f 2194/2194/344 2195/2195/970 2196/2196/345
f 2193/2193/346 2194/2194/344 2196/2196/345
f 2204/2204/969 2197/2197/343 2198/2198/348
f 2202/2202/340 2203/2203/345 2204/2204/969
f 2200/2200/347 2201/2201/338 2202/2202/340
f 2198/2198/348 2199/2199/342 2200/2200/347
f 2202/2202/340 2204/2204/969 2198/2198/348
f 2198/2198/348 2200/2200/347 2202/2202/340
f 2205/2205/338 2206/2206/347 2207/2207/337
f 2209/2209/333 2210/2210/342 2211/2211/348
f 2208/2208/330 2209/2209/333 2211/2211/348
f 2212/2212/343 2213/2213/970 2214/2214/344
f 2215/2215/339 2216/2216/340 2217/2217/338
f 2218/2218/345 2219/2219/340 2220/2220/341
f 2221/2221/336 2222/2222/347 2223/2223/342
f 2224/2224/327 2225/2225/348 2226/2226/343
f 2228/2228/972 2229/2229/975 2230/2230/978
f 2227/2227/981 2228/2228/972 2230/2230/978
f 2232/2232/976 2233/2233/985 2234/2234/988
f 2231/2231/979 2232/2232/976 2234/2234/988
f 2236/2236/984 2237/2237/990 2238/2238/993
f 2235/2235/987 2236/2236/984 2238/2238/993
f 2240/2240/991 2241/2241/973 2242/2242/982
f 2239/2239/994 2240/2240/991 2242/2242/982
f 2244/2244/986 2245/2245/992 2246/2246/980
f 2243/2243/977 2244/2244/986 2246/2246/980
f 2248/2248/974 2249/2249/971 2250/2250/989
f 2247/2247/983 2248/2248/974 2250/2250/989
f 2252/2252/996 2253/2253/999 2254/2254/1002
f 2251/2251/1005 2252/2252/996 2254/2254/1002
f 2256/2256/1000 2257/2257/1009 2258/2258/1012
f 2255/2255/1003 2256/2256/1000 2258/2258/1012
f 2260/2260/1008 2261/2261/1014 2262/2262/1017
f 2259/2259/1011 2260/2260/1008 2262/2262/1017
f 2264/2264/1015 2265/2265/997 2266/2266/1006
f 2263/2263/1018 2264/2264/1015 2266/2266/1006
f 2268/2268/1010 2269/2269/1016 2270/2270/1004
f 2267/2267/1001 2268/2268/1010 2270/2270/1004
f 2272/2272/998 2273/2273/995 2274/2274/1013
f 2271/2271/1007 2272/2272/998 2274/2274/1013
f 2276/2276/1020 2277/2277/1023 2278/2278/1026
f 2275/2275/1029 2276/2276/1020 2278/2278/1026
f 2280/2280/1024 2281/2281/1033 2282/2282/1036
f 2279/2279/1027 2280/2280/1024 2282/2282/1036
f 2284/2284/1032 2285/2285/1038 2286/2286/1041
f 2283/2283/1035 2284/2284/1032 2286/2286/1041
f 2288/2288/1039 2289/2289/1021 2290/2290/1030
f 2287/2287/1042 2288/2288/1039 2290/2290/1030
f 2292/2292/1034 2293/2293/1040 2294/2294/1028
f 2291/2291/1025 2292/2292/1034 2294/2294/1028
f 2296/2296/1022 2297/2297/1019 2298/2298/1037
f 2295/2295/1031 2296/2296/1022 2298/2298/1037
f 2300/2300/1044 2301/2301/1047 2302/2302/1050
f 2299/2299/1053 2300/2300/1044 2302/2302/1050
f 2304/2304/1048 2305/2305/1057 2306/2306/1060
f 2303/2303/1051 2304/2304/1048 2306/2306/1060
f 2308/2308/1056 2309/2309/1062 2310/2310/1065
f 2307/2307/1059 2308/2308/1056 2310/2310/1065
f 2312/2312/1063 2313/2313/1045 2314/2314/1054
f 2311/2311/1066 2312/2312/1063 2314/2314/1054
f 2316/2316/1058 2317/2317/1064 2318/2318/1052
f 2315/2315/1049 2316/2316/1058 2318/2318/1052
f 2320/2320/1046 2321/2321/1043 2322/2322/1061
f 2319/2319/1055 2320/2320/1046 2322/2322/1061
f 2324/2324/1068 2325/2325/1071 2326/2326/1074
f 2323/2323/1077 2324/2324/1068 2326/2326/1074
f 2328/2328/1072 2329/2329/1081 2330/2330/1083
f 2327/2327/1075 2328/2328/1072 2330/2330/1083
f 2332/2332/1080 2333/2333/1085 2334/2334/1087
f 2331/2331/1082 2332/2332/1080 2334/2334/1087
f 2336/2336/1086 2337/2337/1069 2338/2338/1078
f 2335/2335/1088 2336/2336/1086 2338/2338/1078
f 2340/2340/1082 2341/2341/1087 2342/2342/1076
f 2339/2339/1073 2340/2340/1082 2342/2342/1076
f 2344/2344/1070 2345/2345/1067 2346/2346/1084
f 2343/2343/1079 2344/2344/1070 2346/2346/1084
f 2348/2348/1090 2349/2349/1093 2350/2350/1095
f 2347/2347/1097 2348/2348/1090 2350/2350/1095
f 2352/2352/1094 2353/2353/1101 2354/2354/1103
f 2351/2351/1096 2352/2352/1094 2354/2354/1103
f 2356/2356/1100 2357/2357/1105 2358/2358/1107
f 2355/2355/1102 2356/2356/1100 2358/2358/1107
f 2360/2360/1106 2361/2361/1091 2362/2362/1098
f 2359/2359/1108 2360/2360/1106 2362/2362/1098
f 2364/2364/1102 2365/2365/1107 2366/2366/1097
f 2363/2363/1095 2364/2364/1102 2366/2366/1097
f 2368/2368/1092 2369/2369/1089 2370/2370/1104
f 2367/2367/1099 2368/2368/1092 2370/2370/1104
f 2372/2372/1110 2373/2373/1113 2374/2374/1116
f 2371/2371/1119 2372/2372/1110 2374/2374/1116
f 2376/2376/1114 2377/2377/1123 2378/2378/1126
f 2375/2375/1117 2376/2376/1114 2378/2378/1126
f 2380/2380/1122 2381/2381/1128 2382/2382/1131
f 2379/2379/1125 2380/2380/1122 2382/2382/1131
f 2384/2384/1129 2385/2385/1111 2386/2386/1120
f 2383/2383/1132 2384/2384/1129 2386/2386/1120
f 2388/2388/1124 2389/2389/1130 2390/2390/1118
f 2387/2387/1115 2388/2388/1124 2390/2390/1118
f 2392/2392/1112 2393/2393/1109 2394/2394/1127
f 2391/2391/1121 2392/2392/1112 2394/2394/1127
f 2396/2396/1134 2397/2397/1137 2398/2398/1139
f 2395/2395/1141 2396/2396/1134 2398/2398/1139
f 2400/2400/1138 2401/2401/1145 2402/2402/1147
f 2399/2399/1140 2400/2400/1138 2402/2402/1147
f 2404/2404/1144 2405/2405/1149 2406/2406/1151
f 2403/2403/1146 2404/2404/1144 2406/2406/1151
f 2408/2408/1150 2409/2409/1135 2410/2410/1142
f 2407/2407/1152 2408/2408/1150 2410/2410/1142
f 2412/2412/1146 2413/2413/1151 2414/2414/1141
f 2411/2411/1139 2412/2412/1146 2414/2414/1141
f 2416/2416/1136 2417/2417/1133 2418/2418/1148
f 2415/2415/1143 2416/2416/1136 2418/2418/1148
f 2420/2420/1154 2421/2421/1157 2422/2422/1159
f 2419/2419/1161 2420/2420/1154 2422/2422/1159
f 2424/2424/1158 2425/2425/1165 2426/2426/1168
f 2423/2423/1160 2424/2424/1158 2426/2426/1168
f 2428/2428/1164 2429/2429/1170 2430/2430/1173
f 2427/2427/1167 2428/2428/1164 2430/2430/1173
f 2432/2432/1171 2433/2433/1155 2434/2434/1162
f 2431/2431/1174 2432/2432/1171 2434/2434/1162
f 2436/2436/1166 2437/2437/1172 2438/2438/1161
f 2435/2435/1159 2436/2436/1166 2438/2438/1161
f 2440/2440/1156 2441/2441/1153 2442/2442/1169
f 2439/2439/1163 2440/2440/1156 2442/2442/1169
f 2444/2444/1176 2445/2445/1179 2446/2446/1182
f 2443/2443/1185 2444/2444/1176 2446/2446/1182
f 2448/2448/1180 2449/2449/1189 2450/2450/1192
f 2447/2447/1183 2448/2448/1180 2450/2450/1192
f 2452/2452/1188 2453/2453/1194 2454/2454/1197
f 2451/2451/1191 2452/2452/1188 2454/2454/1197
f 2456/2456/1195 2457/2457/1177 2458/2458/1186
f 2455/2455/1198 2456/2456/1195 2458/2458/1186
f 2460/2460/1190 2461/2461/1196 2462/2462/1184
f 2459/2459/1181 2460/2460/1190 2462/2462/1184
f 2464/2464/1178 2465/2465/1175 2466/2466/1193
f 2463/2463/1187 2464/2464/1178 2466/2466/1193
f 2468/2468/1200 2469/2469/1203 2470/2470/1206
f 2467/2467/1209 2468/2468/1200 2470/2470/1206
f 2472/2472/1204 2473/2473/1213 2474/2474/1216
f 2471/2471/1207 2472/2472/1204 2474/2474/1216
f 2476/2476/1212 2477/2477/1218 2478/2478/1221
f 2475/2475/1215 2476/2476/1212 2478/2478/1221
f 2480/2480/1219 2481/2481/1201 2482/2482/1210
f 2479/2479/1222 2480/2480/1219 2482/2482/1210
f 2484/2484/1214 2485/2485/1220 2486/2486/1208
f 2483/2483/1205 2484/2484/1214 2486/2486/1208
f 2488/2488/1202 2489/2489/1199 2490/2490/1217
f 2487/2487/1211 2488/2488/1202 2490/2490/1217
f 2492/2492/1224 2493/2493/1227 2494/2494/1230
f 2491/2491/1233 2492/2492/1224 2494/2494/1230
f 2496/2496/1228 2497/2497/1237 2498/2498/1240
f 2495/2495/1231 2496/2496/1228 2498/2498/1240
f 2500/2500/1236 2501/2501/1242 2502/2502/1245
f 2499/2499/1239 2500/2500/1236 2502/2502/1245
f 2504/2504/1243 2505/2505/1225 2506/2506/1234
f 2503/2503/1246 2504/2504/1243 2506/2506/1234
f 2508/2508/1238 2509/2509/1244 2510/2510/1232
f 2507/2507/1229 2508/2508/1238 2510/2510/1232
f 2512/2512/1226 2513/2513/1223 2514/2514/1241
f 2511/2511/1235 2512/2512/1226 2514/2514/1241
f 2516/2516/1248 2517/2517/1251 2518/2518/1254
f 2515/2515/1257 2516/2516/1248 2518/2518/1254
f 2520/2520/1252 2521/2521/1261 2522/2522/1264
f 2519/2519/1255 2520/2520/1252 2522/2522/1264
f 2524/2524/1260 2525/2525/1266 2526/2526/1269
f 2523/2523/1263 2524/2524/1260 2526/2526/1269
f 2528/2528/1267 2529/2529/1249 2530/2530/1258
f 2527/2527/1270 2528/2528/1267 2530/2530/1258
f 2532/2532/1262 2533/2533/1268 2534/2534/1256
f 2531/2531/1253 2532/2532/1262 2534/2534/1256
f 2536/2536/1250 2537/2537/1247 2538/2538/1265
f 2535/2535/1259 2536/2536/1250 2538/2538/1265
f 2540/2540/1272 2541/2541/1275 2542/2542/1278
f 2539/2539/1281 2540/2540/1272 2542/2542/1278
f 2544/2544/1276 2545/2545/1285 2546/2546/1288
f 2543/2543/1279 2544/2544/1276 2546/2546/1288
f 2548/2548/1284 2549/2549/1290 2550/2550/1293
f 2547/2547/1287 2548/2548/1284 2550/2550/1293
f 2552/2552/1291 2553/2553/1273 2554/2554/1282
f 2551/2551/1294 2552/2552/1291 2554/2554/1282
f 2556/2556/1286 2557/2557/1292 2558/2558/1280
f 2555/2555/1277 2556/2556/1286 2558/2558/1280
f 2560/2560/1274 2561/2561/1271 2562/2562/1289
f 2559/2559/1283 2560/2560/1274 2562/2562/1289
f 2564/2564/1296 2565/2565/1299 2566/2566/1302
f 2563/2563/1305 2564/2564/1296 2566/2566/1302
f 2568/2568/1300 2569/2569/1309 2570/2570/1312
f 2567/2567/1303 2568/2568/1300 2570/2570/1312
f 2572/2572/1308 2573/2573/1314 2574/2574/1317
f 2571/2571/1311 2572/2572/1308 2574/2574/1317
f 2576/2576/1315 2577/2577/1297 2578/2578/1306
f 2575/2575/1318 2576/2576/1315 2578/2578/1306
f 2580/2580/1310 2581/2581/1316 2582/2582/1304
f 2579/2579/1301 2580/2580/1310 2582/2582/1304
f 2584/2584/1298 2585/2585/1295 2586/2586/1313
f 2583/2583/1307 2584/2584/1298 2586/2586/1313
f 2588/2588/1320 2589/2589/1323 2590/2590/1326
f 2587/2587/1329 2588/2588/1320 2590/2590/1326
f 2592/2592/1324 2593/2593/1333 2594/2594/1335
f 2591/2591/1327 2592/2592/1324 2594/2594/1335
f 2596/2596/1332 2597/2597/1337 2598/2598/1339
f 2595/2595/1334 2596/2596/1332 2598/2598/1339
f 2600/2600/1338 2601/2601/1321 2602/2602/1330
f 2599/2599/1340 2600/2600/1338 2602/2602/1330
f 2604/2604/1334 2605/2605/1339 2606/2606/1328
f 2603/2603/1325 2604/2604/1334 2606/2606/1328
f 2608/2608/1322 2609/2609/1319 2610/2610/1336
f 2607/2607/1331 2608/2608/1322 2610/2610/1336
f 2612/2612/1342 2613/2613/1345 2614/2614/1347
f 2611/2611/1349 2612/2612/1342 2614/2614/1347
f 2616/2616/1346 2617/2617/1353 2618/2618/1355
f 2615/2615/1348 2616/2616/1346 2618/2618/1355
f 2620/2620/1352 2621/2621/1357 2622/2622/1359
f 2619/2619/1354 2620/2620/1352 2622/2622/1359
f 2624/2624/1358 2625/2625/1343 2626/2626/1350
f 2623/2623/1360 2624/2624/1358 2626/2626/1350
f 2628/2628/1354 2629/2629/1359 2630/2630/1349
f 2627/2627/1347 2628/2628/1354 2630/2630/1349
f 2632/2632/1344 2633/2633/1341 2634/2634/1356
f 2631/2631/1351 2632/2632/1344 2634/2634/1356
f 2636/2636/1362 2637/2637/1365 2638/2638/1368
f 2635/2635/1371 2636/2636/1362 2638/2638/1368
f 2640/2640/1366 2641/2641/1375 2642/2642/1378
f 2639/2639/1369 2640/2640/1366 2642/2642/1378
f 2644/2644/1374 2645/2645/1380 2646/2646/1383
f 2643/2643/1377 2644/2644/1374 2646/2646/1383
f 2648/2648/1381 2649/2649/1363 2650/2650/1372
f 2647/2647/1384 2648/2648/1381 2650/2650/1372
f 2652/2652/1376 2653/2653/1382 2654/2654/1370
f 2651/2651/1367 2652/2652/1376 2654/2654/1370
f 2656/2656/1364 2657/2657/1361 2658/2658/1379
f 2655/2655/1373 2656/2656/1364 2658/2658/1379
f 2660/2660/1386 2661/2661/1389 2662/2662/1391
f 2659/2659/1393 2660/2660/1386 2662/2662/1391
f 2664/2664/1390 2665/2665/1397 2666/2666/1399
f 2663/2663/1392 2664/2664/1390 2666/2666/1399
f 2668/2668/1396 2669/2669/1401 2670/2670/1403
f 2667/2667/1398 2668/2668/1396 2670/2670/1403
f 2672/2672/1402 2673/2673/1387 2674/2674/1394
f 2671/2671/1404 2672/2672/1402 2674/2674/1394
f 2676/2676/1398 2677/2677/1403 2678/2678/1393
f 2675/2675/1391 2676/2676/1398 2678/2678/1393
f 2680/2680/1388 2681/2681/1385 2682/2682/1400
f 2679/2679/1395 2680/2680/1388 2682/2682/1400
f 2684/2684/1406 2685/2685/1409 2686/2686/1411
f 2683/2683/1413 2684/2684/1406 2686/2686/1411
f 2688/2688/1410 2689/2689/1417 2690/2690/1420
f 2687/2687/1412 2688/2688/1410 2690/2690/1420
f 2692/2692/1416 2693/2693/1422 2694/2694/1425
f 2691/2691/1419 2692/2692/1416 2694/2694/1425
f 2696/2696/1423 2697/2697/1407 2698/2698/1414
f 2695/2695/1426 2696/2696/1423 2698/2698/1414
f 2700/2700/1418 2701/2701/1424 2702/2702/1413
f 2699/2699/1411 2700/2700/1418 2702/2702/1413
f 2704/2704/1408 2705/2705/1405 2706/2706/1421
f 2703/2703/1415 2704/2704/1408 2706/2706/1421
f 2708/2708/1428 2709/2709/1431 2710/2710/1434
f 2707/2707/1437 2708/2708/1428 2710/2710/1434
f 2712/2712/1432 2713/2713/1441 2714/2714/1444
f 2711/2711/1435 2712/2712/1432 2714/2714/1444
f 2716/2716/1440 2717/2717/1446 2718/2718/1449
f 2715/2715/1443 2716/2716/1440 2718/2718/1449
f 2720/2720/1447 2721/2721/1429 2722/2722/1438
f 2719/2719/1450 2720/2720/1447 2722/2722/1438
f 2724/2724/1442 2725/2725/1448 2726/2726/1436
f 2723/2723/1433 2724/2724/1442 2726/2726/1436
f 2728/2728/1430 2729/2729/1427 2730/2730/1445
f 2727/2727/1439 2728/2728/1430 2730/2730/1445
f 2732/2732/1452 2733/2733/1455 2734/2734/1458
f 2731/2731/1461 2732/2732/1452 2734/2734/1458
f 2736/2736/1456 2737/2737/1465 2738/2738/1468
f 2735/2735/1459 2736/2736/1456 2738/2738/1468
f 2740/2740/1464 2741/2741/1470 2742/2742/1473
f 2739/2739/1467 2740/2740/1464 2742/2742/1473
f 2744/2744/1471 2745/2745/1453 2746/2746/1462
f 2743/2743/1474 2744/2744/1471 2746/2746/1462
f 2748/2748/1466 2749/2749/1472 2750/2750/1460
f 2747/2747/1457 2748/2748/1466 2750/2750/1460
f 2752/2752/1454 2753/2753/1451 2754/2754/1469
f 2751/2751/1463 2752/2752/1454 2754/2754/1469
f 2756/2756/1476 2757/2757/1479 2758/2758/1482
f 2755/2755/1485 2756/2756/1476 2758/2758/1482
f 2760/2760/1480 2761/2761/1489 2762/2762/1492
f 2759/2759/1483 2760/2760/1480 2762/2762/1492
f 2764/2764/1488 2765/2765/1494 2766/2766/1497
f 2763/2763/1491 2764/2764/1488 2766/2766/1497
f 2768/2768/1495 2769/2769/1477 2770/2770/1486
f 2767/2767/1498 2768/2768/1495 2770/2770/1486
f 2772/2772/1490 2773/2773/1496 2774/2774/1484
f 2771/2771/1481 2772/2772/1490 2774/2774/1484
f 2776/2776/1478 2777/2777/1475 2778/2778/1493
f 2775/2775/1487 2776/2776/1478 2778/2778/1493
f 2780/2780/1500 2781/2781/1503 2782/2782/1506
f 2779/2779/1509 2780/2780/1500 2782/2782/1506
f 2784/2784/1513 2785/2785/1516 2786/2786/1504
f 2783/2783/1501 2784/2784/1513 2786/2786/1504
f 2788/2788/1518 2789/2789/1521 2790/2790/1515
f 2787/2787/1512 2788/2788/1518 2790/2790/1515
f 2792/2792/1510 2793/2793/1507 2794/2794/1522
f 2791/2791/1519 2792/2792/1510 2794/2794/1522
f 2796/2796/1508 2797/2797/1517 2798/2798/1511
f 2795/2795/1499 2796/2796/1508 2798/2798/1511
f 2800/2800/1520 2801/2801/1505 2802/2802/1502
f 2799/2799/1514 2800/2800/1520 2802/2802/1502
f 2804/2804/1524 2805/2805/1527 2806/2806/1530
f 2803/2803/1533 2804/2804/1524 2806/2806/1530
f 2808/2808/1537 2809/2809/1540 2810/2810/1528
f 2807/2807/1525 2808/2808/1537 2810/2810/1528
f 2812/2812/1542 2813/2813/1545 2814/2814/1539
f 2811/2811/1536 2812/2812/1542 2814/2814/1539
f 2816/2816/1534 2817/2817/1531 2818/2818/1546
f 2815/2815/1543 2816/2816/1534 2818/2818/1546
f 2820/2820/1532 2821/2821/1541 2822/2822/1535
f 2819/2819/1523 2820/2820/1532 2822/2822/1535
f 2824/2824/1544 2825/2825/1529 2826/2826/1526
f 2823/2823/1538 2824/2824/1544 2826/2826/1526
f 2828/2828/1548 2829/2829/1551 2830/2830/1554
f 2827/2827/1557 2828/2828/1548 2830/2830/1554
f 2832/2832/1561 2833/2833/1564 2834/2834/1552
f 2831/2831/1549 2832/2832/1561 2834/2834/1552
f 2836/2836/1566 2837/2837/1569 2838/2838/1563
f 2835/2835/1560 2836/2836/1566 2838/2838/1563
f 2840/2840/1558 2841/2841/1555 2842/2842/1570
f 2839/2839/1567 2840/2840/1558 2842/2842/1570
f 2844/2844/1556 2845/2845/1565 2846/2846/1559
f 2843/2843/1547 2844/2844/1556 2846/2846/1559
f 2848/2848/1568 2849/2849/1553 2850/2850/1550
f 2847/2847/1562 2848/2848/1568 2850/2850/1550
f 2852/2852/1572 2853/2853/1575 2854/2854/1578
f 2851/2851/1581 2852/2852/1572 2854/2854/1578
f 2856/2856/1585 2857/2857/1588 2858/2858/1576
f 2855/2855/1573 2856/2856/1585 2858/2858/1576
f 2860/2860/1590 2861/2861/1593 2862/2862/1587
f 2859/2859/1584 2860/2860/1590 2862/2862/1587
f 2864/2864/1582 2865/2865/1579 2866/2866/1594
f 2863/2863/1591 2864/2864/1582 2866/2866/1594
f 2868/2868/1580 2869/2869/1589 2870/2870/1583
f 2867/2867/1571 2868/2868/1580 2870/2870/1583
f 2872/2872/1592 2873/2873/1577 2874/2874/1574
f 2871/2871/1586 2872/2872/1592 2874/2874/1574
f 2876/2876/1596 2877/2877/1599 2878/2878/1602
f 2875/2875/1605 2876/2876/1596 2878/2878/1602
f 2880/2880/1608 2881/2881/1611 2882/2882/1600
f 2879/2879/1597 2880/2880/1608 2882/2882/1600
f 2884/2884/1612 2885/2885/1615 2886/2886/1610
f 2883/2883/1607 2884/2884/1612 2886/2886/1610
f 2888/2888/1606 2889/2889/1603 2890/2890/1616
f 2887/2887/1613 2888/2888/1606 2890/2890/1616
f 2892/2892/1604 2893/2893/1612 2894/2894/1607
f 2891/2891/1595 2892/2892/1604 2894/2894/1607
f 2896/2896/1614 2897/2897/1601 2898/2898/1598
f 2895/2895/1609 2896/2896/1614 2898/2898/1598
f 2900/2900/1617 2901/2901/1620 2902/2902/1623
f 2899/2899/1625 2900/2900/1617 2902/2902/1623
f 2904/2904/1628 2905/2905/1631 2906/2906/1621
f 2903/2903/1618 2904/2904/1628 2906/2906/1621
f 2908/2908/1632 2909/2909/1635 2910/2910/1630
f 2907/2907/1627 2908/2908/1632 2910/2910/1630
f 2912/2912/1626 2913/2913/1624 2914/2914/1636
f 2911/2911/1633 2912/2912/1626 2914/2914/1636
f 2916/2916/1625 2917/2917/1632 2918/2918/1627
f 2915/2915/1617 2916/2916/1625 2918/2918/1627
f 2920/2920/1634 2921/2921/1622 2922/2922/1619
f 2919/2919/1629 2920/2920/1634 2922/2922/1619
f 2924/2924/1638 2925/2925/1641 2926/2926/1644
f 2923/2923/1647 2924/2924/1638 2926/2926/1644
f 2928/2928/1651 2929/2929/1654 2930/2930/1642
f 2927/2927/1639 2928/2928/1651 2930/2930/1642
f 2932/2932/1656 2933/2933/1659 2934/2934/1653
f 2931/2931/1650 2932/2932/1656 2934/2934/1653
f 2936/2936/1648 2937/2937/1645 2938/2938/1660
f 2935/2935/1657 2936/2936/1648 2938/2938/1660
f 2940/2940/1646 2941/2941/1655 2942/2942/1649
f 2939/2939/1637 2940/2940/1646 2942/2942/1649
f 2944/2944/1658 2945/2945/1643 2946/2946/1640
f 2943/2943/1652 2944/2944/1658 2946/2946/1640
f 2948/2948/1661 2949/2949/1664 2950/2950/1667
f 2947/2947/1669 2948/2948/1661 2950/2950/1667
f 2952/2952/1672 2953/2953/1675 2954/2954/1665
f 2951/2951/1662 2952/2952/1672 2954/2954/1665
f 2956/2956/1676 2957/2957/1679 2958/2958/1674
f 2955/2955/1671 2956/2956/1676 2958/2958/1674
f 2960/2960/1670 2961/2961/1668 2962/2962/1680
f 2959/2959/1677 2960/2960/1670 2962/2962/1680
f 2964/2964/1669 2965/2965/1676 2966/2966/1671
f 2963/2963/1661 2964/2964/1669 2966/2966/1671
f 2968/2968/1678 2969/2969/1666 2970/2970/1663
f 2967/2967/1673 2968/2968/1678 2970/2970/1663
f 2972/2972/1681 2973/2973/1684 2974/2974/1687
f 2971/2971/1689 2972/2972/1681 2974/2974/1687
f 2976/2976/1693 2977/2977/1696 2978/2978/1685
f 2975/2975/1682 2976/2976/1693 2978/2978/1685
f 2980/2980/1698 2981/2981/1701 2982/2982/1695
f 2979/2979/1692 2980/2980/1698 2982/2982/1695
f 2984/2984/1690 2985/2985/1688 2986/2986/1702
f 2983/2983/1699 2984/2984/1690 2986/2986/1702
f 2988/2988/1689 2989/2989/1697 2990/2990/1691
f 2987/2987/1681 2988/2988/1689 2990/2990/1691
f 2992/2992/1700 2993/2993/1686 2994/2994/1683
f 2991/2991/1694 2992/2992/1700 2994/2994/1683
f 2996/2996/1704 2997/2997/1707 2998/2998/1710
f 2995/2995/1713 2996/2996/1704 2998/2998/1710
f 3000/3000/1717 3001/3001/1720 3002/3002/1708
f 2999/2999/1705 3000/3000/1717 3002/3002/1708
f 3004/3004/1722 3005/3005/1725 3006/3006/1719
f 3003/3003/1716 3004/3004/1722 3006/3006/1719
f 3008/3008/1714 3009/3009/1711 3010/3010/1726
f 3007/3007/1723 3008/3008/1714 3010/3010/1726
f 3012/3012/1712 3013/3013/1721 3014/3014/1715
f 3011/3011/1703 3012/3012/1712 3014/3014/1715
f 3016/3016/1724 3017/3017/1709 3018/3018/1706
f 3015/3015/1718 3016/3016/1724 3018/3018/1706
f 3020/3020/1728 3021/3021/1731 3022/3022/1734
f 3019/3019/1737 3020/3020/1728 3022/3022/1734
f 3024/3024/1741 3025/3025/1744 3026/3026/1732
f 3023/3023/1729 3024/3024/1741 3026/3026/1732
f 3028/3028/1746 3029/3029/1749 3030/3030/1743
f 3027/3027/1740 3028/3028/1746 3030/3030/1743
f 3032/3032/1738 3033/3033/1735 3034/3034/1750
f 3031/3031/1747 3032/3032/1738 3034/3034/1750
f 3036/3036/1736 3037/3037/1745 3038/3038/1739
f 3035/3035/1727 3036/3036/1736 3038/3038/1739
f 3040/3040/1748 3041/3041/1733 3042/3042/1730
f 3039/3039/1742 3040/3040/1748 3042/3042/1730
f 3044/3044/1752 3045/3045/1755 3046/3046/1758
f 3043/3043/1761 3044/3044/1752 3046/3046/1758
f 3048/3048/1765 3049/3049/1768 3050/3050/1756
f 3047/3047/1753 3048/3048/1765 3050/3050/1756
f 3052/3052/1770 3053/3053/1773 3054/3054/1767
f 3051/3051/1764 3052/3052/1770 3054/3054/1767
f 3056/3056/1762 3057/3057/1759 3058/3058/1774
f 3055/3055/1771 3056/3056/1762 3058/3058/1774
f 3060/3060/1760 3061/3061/1769 3062/3062/1763
f 3059/3059/1751 3060/3060/1760 3062/3062/1763
f 3064/3064/1772 3065/3065/1757 3066/3066/1754
f 3063/3063/1766 3064/3064/1772 3066/3066/1754
f 3068/3068/1776 3069/3069/1779 3070/3070/1782
f 3067/3067/1785 3068/3068/1776 3070/3070/1782
f 3072/3072/1789 3073/3073/1792 3074/3074/1780
f 3071/3071/1777 3072/3072/1789 3074/3074/1780
f 3076/3076/1794 3077/3077/1797 3078/3078/1791
f 3075/3075/1788 3076/3076/1794 3078/3078/1791
f 3080/3080/1786 3081/3081/1783 3082/3082/1798
f 3079/3079/1795 3080/3080/1786 3082/3082/1798
f 3084/3084/1784 3085/3085/1793 3086/3086/1787
f 3083/3083/1775 3084/3084/1784 3086/3086/1787
f 3088/3088/1796 3089/3089/1781 3090/3090/1778
f 3087/3087/1790 3088/3088/1796 3090/3090/1778
f 3092/3092/1800 3093/3093/1803 3094/3094/1806
f 3091/3091/1809 3092/3092/1800 3094/3094/1806
f 3096/3096/1813 3097/3097/1816 3098/3098/1804
f 3095/3095/1801 3096/3096/1813 3098/3098/1804
f 3100/3100/1818 3101/3101/1821 3102/3102/1815
f 3099/3099/1812 3100/3100/1818 3102/3102/1815
f 3104/3104/1810 3105/3105/1807 3106/3106/1822
f 3103/3103/1819 3104/3104/1810 3106/3106/1822
f 3108/3108/1808 3109/3109/1817 3110/3110/1811
f 3107/3107/1799 3108/3108/1808 3110/3110/1811
f 3112/3112/1820 3113/3113/1805 3114/3114/1802
f 3111/3111/1814 3112/3112/1820 3114/3114/1802
f 3116/3116/1824 3117/3117/1827 3118/3118/1830
f 3115/3115/1833 3116/3116/1824 3118/3118/1830
f 3120/3120/1837 3121/3121/1840 3122/3122/1828
f 3119/3119/1825 3120/3120/1837 3122/3122/1828
f 3124/3124/1842 3125/3125/1845 3126/3126/1839
f 3123/3123/1836 3124/3124/1842 3126/3126/1839
f 3128/3128/1834 3129/3129/1831 3130/3130/1846
f 3127/3127/1843 3128/3128/1834 3130/3130/1846
f 3132/3132/1832 3133/3133/1841 3134/3134/1835
f 3131/3131/1823 3132/3132/1832 3134/3134/1835
f 3136/3136/1844 3137/3137/1829 3138/3138/1826
f 3135/3135/1838 3136/3136/1844 3138/3138/1826
f 3140/3140/1848 3141/3141/1851 3142/3142/1854
f 3139/3139/1857 3140/3140/1848 3142/3142/1854
f 3144/3144/1860 3145/3145/1863 3146/3146/1852
f 3143/3143/1849 3144/3144/1860 3146/3146/1852
f 3148/3148/1864 3149/3149/1867 3150/3150/1862
f 3147/3147/1859 3148/3148/1864 3150/3150/1862
f 3152/3152/1858 3153/3153/1855 3154/3154/1868
f 3151/3151/1865 3152/3152/1858 3154/3154/1868
f 3156/3156/1856 3157/3157/1864 3158/3158/1859
f 3155/3155/1847 3156/3156/1856 3158/3158/1859
f 3160/3160/1866 3161/3161/1853 3162/3162/1850
f 3159/3159/1861 3160/3160/1866 3162/3162/1850
f 3164/3164/1869 3165/3165/1872 3166/3166/1875
f 3163/3163/1877 3164/3164/1869 3166/3166/1875
f 3168/3168/1880 3169/3169/1883 3170/3170/1873
f 3167/3167/1870 3168/3168/1880 3170/3170/1873
f 3172/3172/1884 3173/3173/1887 3174/3174/1882
f 3171/3171/1879 3172/3172/1884 3174/3174/1882
f 3176/3176/1878 3177/3177/1876 3178/3178/1888
f 3175/3175/1885 3176/3176/1878 3178/3178/1888
f 3180/3180/1877 3181/3181/1884 3182/3182/1879
f 3179/3179/1869 3180/3180/1877 3182/3182/1879
f 3184/3184/1886 3185/3185/1874 3186/3186/1871
f 3183/3183/1881 3184/3184/1886 3186/3186/1871
f 3188/3188/1890 3189/3189/1893 3190/3190/1896
f 3187/3187/1899 3188/3188/1890 3190/3190/1896
f 3192/3192/1903 3193/3193/1906 3194/3194/1894
f 3191/3191/1891 3192/3192/1903 3194/3194/1894
f 3196/3196/1908 3197/3197/1911 3198/3198/1905
f 3195/3195/1902 3196/3196/1908 3198/3198/1905
f 3200/3200/1900 3201/3201/1897 3202/3202/1912
f 3199/3199/1909 3200/3200/1900 3202/3202/1912
f 3204/3204/1898 3205/3205/1907 3206/3206/1901
f 3203/3203/1889 3204/3204/1898 3206/3206/1901
f 3208/3208/1910 3209/3209/1895 3210/3210/1892
f 3207/3207/1904 3208/3208/1910 3210/3210/1892
f 3212/3212/1913 3213/3213/1916 3214/3214/1919
f 3211/3211/1921 3212/3212/1913 3214/3214/1919
f 3216/3216/1924 3217/3217/1927 3218/3218/1917
f 3215/3215/1914 3216/3216/1924 3218/3218/1917
f 3220/3220/1928 3221/3221/1931 3222/3222/1926
f 3219/3219/1923 3220/3220/1928 3222/3222/1926
f 3224/3224/1922 3225/3225/1920 3226/3226/1932
f 3223/3223/1929 3224/3224/1922 3226/3226/1932
f 3228/3228/1921 3229/3229/1928 3230/3230/1923
f 3227/3227/1913 3228/3228/1921 3230/3230/1923
f 3232/3232/1930 3233/3233/1918 3234/3234/1915
f 3231/3231/1925 3232/3232/1930 3234/3234/1915
f 3236/3236/1933 3237/3237/1936 3238/3238/1939
f 3235/3235/1941 3236/3236/1933 3238/3238/1939
f 3240/3240/1945 3241/3241/1948 3242/3242/1937
f 3239/3239/1934 3240/3240/1945 3242/3242/1937
f 3244/3244/1950 3245/3245/1953 3246/3246/1947
f 3243/3243/1944 3244/3244/1950 3246/3246/1947
f 3248/3248/1942 3249/3249/1940 3250/3250/1954
f 3247/3247/1951 3248/3248/1942 3250/3250/1954
f 3252/3252/1941 3253/3253/1949 3254/3254/1943
f 3251/3251/1933 3252/3252/1941 3254/3254/1943
f 3256/3256/1952 3257/3257/1938 3258/3258/1935
f 3255/3255/1946 3256/3256/1952 3258/3258/1935
f 3260/3260/1956 3261/3261/1959 3262/3262/1962
f 3259/3259/1965 3260/3260/1956 3262/3262/1962
f 3264/3264/1969 3265/3265/1972 3266/3266/1960
f 3263/3263/1957 3264/3264/1969 3266/3266/1960
f 3268/3268/1974 3269/3269/1977 3270/3270/1971
f 3267/3267/1968 3268/3268/1974 3270/3270/1971
f 3272/3272/1966 3273/3273/1963 3274/3274/1978
f 3271/3271/1975 3272/3272/1966 3274/3274/1978
f 3276/3276/1964 3277/3277/1973 3278/3278/1967
f 3275/3275/1955 3276/3276/1964 3278/3278/1967
f 3280/3280/1976 3281/3281/1961 3282/3282/1958
f 3279/3279/1970 3280/3280/1976 3282/3282/1958
f 3284/3284/1980 3285/3285/1983 3286/3286/1986
f 3283/3283/1989 3284/3284/1980 3286/3286/1986
f 3288/3288/1993 3289/3289/1996 3290/3290/1984
f 3287/3287/1981 3288/3288/1993 3290/3290/1984
f 3292/3292/1998 3293/3293/2001 3294/3294/1995
f 3291/3291/1992 3292/3292/1998 3294/3294/1995
f 3296/3296/1990 3297/3297/1987 3298/3298/2002
f 3295/3295/1999 3296/3296/1990 3298/3298/2002
f 3300/3300/1988 3301/3301/1997 3302/3302/1991
f 3299/3299/1979 3300/3300/1988 3302/3302/1991
f 3304/3304/2000 3305/3305/1985 3306/3306/1982
f 3303/3303/1994 3304/3304/2000 3306/3306/1982
f 3308/3308/2004 3309/3309/2007 3310/3310/2010
f 3307/3307/2013 3308/3308/2004 3310/3310/2010
f 3312/3312/2017 3313/3313/2020 3314/3314/2008
f 3311/3311/2005 3312/3312/2017 3314/3314/2008
f 3316/3316/2022 3317/3317/2025 3318/3318/2019
f 3315/3315/2016 3316/3316/2022 3318/3318/2019
f 3320/3320/2014 3321/3321/2011 3322/3322/2026
f 3319/3319/2023 3320/3320/2014 3322/3322/2026
f 3324/3324/2012 3325/3325/2021 3326/3326/2015
f 3323/3323/2003 3324/3324/2012 3326/3326/2015
f 3328/3328/2024 3329/3329/2009 3330/3330/2006
f 3327/3327/2018 3328/3328/2024 3330/3330/2006
