# Exported from tank-game Tank_002.fbx mesh Body
v -1.116022 1.609305 2.425176
v -2.224643 1.609305 2.425176
v -2.224643 1.540678 2.343703
v -1.116022 1.540678 2.343703
v -2.563136 1.105674 -3.183116
v -2.510972 1.077195 -3.186280
v -2.510948 1.289840 -1.394281
v -2.563159 1.318341 -1.407905
v -1.189036 1.467277 -3.087736
v -1.195202 1.690860 -1.295357
v -1.193555 1.689199 -1.295071
v -1.187077 1.465645 -3.087237
v -1.188841 1.465454 -3.088944
v -2.194051 1.465407 -3.106889
v -2.194239 1.467278 -3.105002
v -1.187084 1.378678 -3.062784
v -1.188839 1.378448 -3.064540
v -1.187084 1.378678 -3.062784
v -1.193501 1.592560 -1.333762
v -1.195201 1.590874 -1.333731
v -1.189036 1.377037 -3.062427
v -1.189036 1.377037 -3.062427
v -2.178828 1.374007 -3.117370
v -2.226367 1.374258 -3.120638
v -1.188839 1.378448 -3.064540
v -2.224643 1.611475 2.425183
v -2.300474 1.951734 2.026248
v -2.302152 1.950251 2.025401
v -2.226320 1.610394 2.423864
v -2.224643 1.609305 2.425176
v -1.116022 1.609305 2.425176
v -1.116022 1.611475 2.425183
v -2.226320 1.541784 2.342411
v -2.224643 1.540678 2.343703
v -2.226320 1.541784 2.342411
v -2.302152 1.828667 1.996338
v -2.300474 1.827177 1.995507
v -2.224643 1.540668 2.341128
v -2.224643 1.540668 2.341128
v -1.116022 1.540668 2.341128
v -1.116022 1.540678 2.343703
v -2.224643 1.540678 2.343703
v -1.114344 1.610394 2.423864
v -1.114344 1.950099 2.025842
v -1.116022 1.951734 2.026248
v -1.116022 1.540678 2.343703
v -1.114344 1.541784 2.342411
v -1.116022 1.540668 2.341128
v -1.116022 1.827177 1.995507
v -1.114344 1.828811 1.995913
v -1.114344 1.541784 2.342411
v -1.193501 1.592560 -1.333762
v -1.184277 1.695033 -0.604829
v -1.185970 1.693342 -0.604940
v -1.195201 1.590874 -1.333731
v -1.123352 1.881788 0.976248
v -1.125035 1.880108 0.976252
v -2.302152 2.001492 0.966559
v -2.302152 1.982608 1.931427
v -2.300474 1.984298 1.931673
v -2.300474 2.003167 0.966448
v -2.294889 1.802109 -0.603260
v -2.296567 1.800435 -0.603138
v -2.296591 1.698723 -1.263641
v -2.296567 1.697348 -1.261302
v -1.125035 2.003167 0.966448
v -1.114601 1.984298 1.931673
v -1.112925 1.982608 1.931427
v -1.123360 2.001487 0.966451
v -1.184301 1.800408 -0.603437
v -1.185966 1.802097 -0.603391
v -2.291883 1.375161 -3.126437
v -2.226367 1.374258 -3.120638
v -2.178828 1.374007 -3.117370
v -2.296589 1.373678 -3.125234
v -2.387628 1.328458 -3.136553
v -2.389526 1.328176 -3.138294
v -2.508744 1.077942 -3.186006
v -2.510245 1.078482 -3.187663
v -2.389526 1.328176 -3.138294
v -2.316575 1.447175 -3.109263
v -2.194239 1.467278 -3.105002
v -2.194051 1.465407 -3.106889
v -2.324882 1.443968 -3.111750
v -2.426212 1.391377 -3.125730
v -2.428089 1.391541 -3.124092
v -2.562428 1.106967 -3.184483
v -2.563871 1.108042 -3.182642
v -2.510245 1.078482 -3.187663
v -2.508757 1.290585 -1.393718
v -2.387648 1.544700 -1.360345
v -2.355632 1.579442 -1.335575
v -2.355777 1.581381 -1.333572
v -2.387646 1.547179 -1.358534
v -2.510211 1.291534 -1.392388
v -2.510211 1.291534 -1.392388
v -2.562477 1.320060 -1.405982
v -2.563891 1.320686 -1.408069
v -2.426788 1.610927 -1.360135
v -2.371947 1.648730 -1.347785
v -2.372104 1.650284 -1.349478
v -2.428103 1.611837 -1.361990
v -2.296591 1.698723 -1.263641
v -2.296567 1.697348 -1.261302
v -1.123352 1.881788 0.976248
v -1.112918 1.860868 1.900687
v -1.114601 1.859178 1.900447
v -1.125035 1.880108 0.976252
v -2.300474 1.880108 0.976252
v -2.300474 1.859178 1.900447
v -2.302152 1.860868 1.900687
v -2.302152 1.881784 0.976154
v -2.302152 1.881784 0.976154
v -2.296567 1.695012 -0.605107
v -2.294889 1.693342 -0.604940
v -2.300474 1.880108 0.976252
v -2.296567 1.695012 -0.605107
v -2.296567 1.600119 -1.273775
v -2.296760 1.598083 -1.276506
v -2.294889 1.693342 -0.604940
v -2.296760 1.598083 -1.276506
v -2.296567 1.600119 -1.273775
v -2.300474 1.859178 1.900447
v -2.300474 1.827177 1.995507
v -2.302152 1.828667 1.996338
v -2.302152 1.860868 1.900687
v -1.116022 1.827177 1.995507
v -1.114601 1.859178 1.900447
v -1.112918 1.860868 1.900687
v -1.114344 1.828811 1.995913
v -2.296760 1.598083 -1.276506
v -1.015140 1.800408 -0.603437
v -0.954198 2.001487 0.966451
v -0.954190 1.881788 0.976248
v -1.015115 1.695033 -0.604829
v -2.300474 1.880108 0.976252
v -2.294889 1.693342 -0.604940
v -2.296567 1.695012 -0.605107
v -2.302152 1.881784 0.976154
v -2.387646 1.547179 -1.358534
v -2.355777 1.581381 -1.333572
v -2.291883 1.375161 -3.126437
v -2.389526 1.328176 -3.138294
v -1.024394 1.689199 -1.295071
v -1.024339 1.592560 -1.333762
v -2.296567 1.600119 -1.273775
v -2.296567 1.600119 -1.273775
v -2.226367 1.374258 -3.120638
v -2.302152 1.860868 1.900687
v -2.302152 1.828667 1.996338
v -2.300474 1.859178 1.900447
v -1.114601 1.859178 1.900447
v -1.116022 1.827177 1.995507
v -2.300474 1.827177 1.995507
v -1.114344 1.828811 1.995913
v -1.112918 1.860868 1.900687
v -1.123352 1.881788 0.976248
v -2.226367 1.374258 -3.120638
v -1.193501 1.592560 -1.333762
v -1.189036 1.377037 -3.062427
v -1.188839 1.378448 -3.064540
v -1.187084 1.378678 -3.062784
v -2.224643 1.540678 2.343703
v -1.116022 1.540678 2.343703
v -2.510972 1.077195 -3.186280
v -2.510211 1.291534 -1.392388
v -1.184277 1.695033 -0.604829
v -1.015115 1.695033 -0.604829
v -0.954190 1.881788 0.976248
v -1.123352 1.881788 0.976248
v -1.123352 1.881788 0.976248
v -0.954190 1.881788 0.976248
v -0.954198 2.001487 0.966451
v -1.123360 2.001487 0.966451
v -1.123360 2.001487 0.966451
v -0.954198 2.001487 0.966451
v -1.015140 1.800408 -0.603437
v -1.184301 1.800408 -0.603437
v -1.193555 1.689199 -1.295071
v -1.024394 1.689199 -1.295071
v -1.024339 1.592560 -1.333762
v -1.193501 1.592560 -1.333762
v -1.193501 1.592560 -1.333762
v -1.024339 1.592560 -1.333762
v -1.015115 1.695033 -0.604829
v -1.184277 1.695033 -0.604829
v -1.184301 1.800408 -0.603437
v -1.015140 1.800408 -0.603437
v -1.024394 1.689199 -1.295071
v -1.193555 1.689199 -1.295071
v -1.379489 1.724618 -0.839346
v -1.062989 1.748609 -0.842203
v -1.014928 2.011092 -0.873458
v -1.014928 1.997489 -0.987692
v -1.062989 1.735006 -0.956436
v -1.379489 1.711015 -0.953579
v -1.389187 1.711430 -0.943833
v -1.389187 1.722733 -0.848917
v -1.013188 2.019444 -0.884249
v -1.013188 2.008142 -0.979165
v -1.014928 1.997489 -0.987692
v -1.379489 1.711015 -0.953579
v -1.389187 1.711430 -0.943833
v -1.013188 2.008142 -0.979165
v -1.013188 2.019444 -0.884249
v -1.389187 1.722733 -0.848917
v -1.379489 1.724618 -0.839346
v -1.014928 2.011092 -0.873458
v -1.379489 1.904498 0.770666
v -1.062989 1.928489 0.767809
v -1.014928 2.190972 0.736554
v -1.014928 2.177369 0.622321
v -1.062989 1.914886 0.653576
v -1.379489 1.890895 0.656433
v -1.389187 1.891310 0.666179
v -1.389187 1.902613 0.761095
v -1.013188 2.199325 0.725764
v -1.013188 2.188022 0.630848
v -1.014928 2.177369 0.622321
v -1.379489 1.890895 0.656433
v -1.389187 1.891310 0.666179
v -1.013188 2.188022 0.630848
v -1.013188 2.199325 0.725764
v -1.389187 1.902613 0.761095
v -1.379489 1.904498 0.770666
v -1.014928 2.190972 0.736554
v 1.116022 1.609305 2.425176
v 1.116022 1.540678 2.343703
v 2.224643 1.540678 2.343703
v 2.224643 1.609305 2.425176
v 2.563136 1.105674 -3.183116
v 2.563159 1.318341 -1.407905
v 2.510948 1.289840 -1.394281
v 2.510972 1.077195 -3.186280
v 1.189036 1.467277 -3.087736
v 1.187077 1.465645 -3.087237
v 1.193555 1.689199 -1.295071
v 1.195202 1.690860 -1.295357
v 1.188841 1.465454 -3.088944
v 2.194239 1.467278 -3.105002
v 2.194051 1.465407 -3.106889
v 1.188839 1.378448 -3.064540
v 1.187084 1.378678 -3.062784
v 1.187084 1.378678 -3.062784
v 1.189036 1.377037 -3.062427
v 1.195201 1.590874 -1.333731
v 1.193501 1.592560 -1.333762
v 1.189036 1.377037 -3.062427
v 1.188839 1.378448 -3.064540
v 2.226367 1.374258 -3.120638
v 2.178828 1.374007 -3.117370
v 2.224643 1.611475 2.425183
v 2.226320 1.610394 2.423864
v 2.302152 1.950251 2.025401
v 2.300474 1.951734 2.026248
v 2.224643 1.609305 2.425176
v 1.116022 1.611475 2.425183
v 1.116022 1.609305 2.425176
v 2.224643 1.540678 2.343703
v 2.226320 1.541784 2.342411
v 2.226320 1.541784 2.342411
v 2.224643 1.540668 2.341128
v 2.300474 1.827177 1.995507
v 2.302152 1.828667 1.996338
v 2.224643 1.540668 2.341128
v 2.224643 1.540678 2.343703
v 1.116022 1.540678 2.343703
v 1.116022 1.540668 2.341128
v 1.114344 1.610394 2.423864
v 1.116022 1.951734 2.026248
v 1.114344 1.950099 2.025842
v 1.114344 1.541784 2.342411
v 1.116022 1.540678 2.343703
v 1.116022 1.540668 2.341128
v 1.114344 1.541784 2.342411
v 1.114344 1.828811 1.995913
v 1.116022 1.827177 1.995507
v 1.193501 1.592560 -1.333762
v 1.195201 1.590874 -1.333731
v 1.185970 1.693342 -0.604940
v 1.184277 1.695033 -0.604829
v 1.125035 1.880108 0.976252
v 1.123352 1.881788 0.976248
v 2.302152 2.001492 0.966559
v 2.300474 2.003167 0.966448
v 2.300474 1.984298 1.931673
v 2.302152 1.982608 1.931427
v 2.296567 1.800435 -0.603138
v 2.294889 1.802109 -0.603260
v 2.296567 1.697348 -1.261302
v 2.296591 1.698723 -1.263641
v 1.125035 2.003167 0.966448
v 1.123360 2.001487 0.966451
v 1.112925 1.982608 1.931427
v 1.114601 1.984298 1.931673
v 1.185966 1.802097 -0.603391
v 1.184301 1.800408 -0.603437
v 2.291883 1.375161 -3.126437
v 2.296589 1.373678 -3.125234
v 2.178828 1.374007 -3.117370
v 2.226367 1.374258 -3.120638
v 2.389526 1.328176 -3.138294
v 2.387628 1.328458 -3.136553
v 2.389526 1.328176 -3.138294
v 2.510245 1.078482 -3.187663
v 2.508744 1.077942 -3.186006
v 2.316575 1.447175 -3.109263
v 2.324882 1.443968 -3.111750
v 2.194051 1.465407 -3.106889
v 2.194239 1.467278 -3.105002
v 2.428089 1.391541 -3.124092
v 2.426212 1.391377 -3.125730
v 2.563871 1.108042 -3.182642
v 2.562428 1.106967 -3.184483
v 2.510245 1.078482 -3.187663
v 2.508757 1.290585 -1.393718
v 2.387648 1.544700 -1.360345
v 2.387646 1.547179 -1.358534
v 2.355777 1.581381 -1.333572
v 2.355632 1.579442 -1.335575
v 2.510211 1.291534 -1.392388
v 2.510211 1.291534 -1.392388
v 2.562477 1.320060 -1.405982
v 2.563891 1.320686 -1.408069
v 2.426788 1.610927 -1.360135
v 2.428103 1.611837 -1.361990
v 2.372104 1.650284 -1.349478
v 2.371947 1.648730 -1.347785
v 2.296591 1.698723 -1.263641
v 2.296567 1.697348 -1.261302
v 1.123352 1.881788 0.976248
v 1.125035 1.880108 0.976252
v 1.114601 1.859178 1.900447
v 1.112918 1.860868 1.900687
v 2.300474 1.880108 0.976252
v 2.302152 1.881784 0.976154
v 2.302152 1.860868 1.900687
v 2.300474 1.859178 1.900447
v 2.302152 1.881784 0.976154
v 2.300474 1.880108 0.976252
v 2.294889 1.693342 -0.604940
v 2.296567 1.695012 -0.605107
v 2.296567 1.695012 -0.605107
v 2.294889 1.693342 -0.604940
v 2.296760 1.598083 -1.276506
v 2.296567 1.600119 -1.273775
v 2.296567 1.600119 -1.273775
v 2.296760 1.598083 -1.276506
v 2.300474 1.859178 1.900447
v 2.302152 1.860868 1.900687
v 2.302152 1.828667 1.996338
v 2.300474 1.827177 1.995507
v 1.116022 1.827177 1.995507
v 1.114344 1.828811 1.995913
v 1.112918 1.860868 1.900687
v 1.114601 1.859178 1.900447
v 2.296760 1.598083 -1.276506
v 1.015140 1.800408 -0.603437
v 1.015115 1.695033 -0.604829
v 0.954190 1.881788 0.976248
v 0.954198 2.001487 0.966451
v 2.294889 1.693342 -0.604940
v 2.300474 1.880108 0.976252
v 2.302152 1.881784 0.976154
v 2.296567 1.695012 -0.605107
v 2.355777 1.581381 -1.333572
v 2.387646 1.547179 -1.358534
v 2.291883 1.375161 -3.126437
v 2.389526 1.328176 -3.138294
v 1.024394 1.689199 -1.295071
v 1.024339 1.592560 -1.333762
v 2.296567 1.600119 -1.273775
v 2.296567 1.600119 -1.273775
v 2.226367 1.374258 -3.120638
v 2.302152 1.828667 1.996338
v 2.302152 1.860868 1.900687
v 2.300474 1.859178 1.900447
v 2.300474 1.827177 1.995507
v 1.116022 1.827177 1.995507
v 1.114601 1.859178 1.900447
v 1.112918 1.860868 1.900687
v 1.114344 1.828811 1.995913
v 1.123352 1.881788 0.976248
v 2.226367 1.374258 -3.120638
v 1.193501 1.592560 -1.333762
v 1.189036 1.377037 -3.062427
v 1.187084 1.378678 -3.062784
v 1.188839 1.378448 -3.064540
v 2.224643 1.540678 2.343703
v 1.116022 1.540678 2.343703
v 2.510972 1.077195 -3.186280
v 2.510211 1.291534 -1.392388
v 1.184277 1.695033 -0.604829
v 1.123352 1.881788 0.976248
v 0.954190 1.881788 0.976248
v 1.015115 1.695033 -0.604829
v 1.123352 1.881788 0.976248
v 1.123360 2.001487 0.966451
v 0.954198 2.001487 0.966451
v 0.954190 1.881788 0.976248
v 1.123360 2.001487 0.966451
v 1.184301 1.800408 -0.603437
v 1.015140 1.800408 -0.603437
v 0.954198 2.001487 0.966451
v 1.193555 1.689199 -1.295071
v 1.193501 1.592560 -1.333762
v 1.024339 1.592560 -1.333762
v 1.024394 1.689199 -1.295071
v 1.193501 1.592560 -1.333762
v 1.184277 1.695033 -0.604829
v 1.015115 1.695033 -0.604829
v 1.024339 1.592560 -1.333762
v 1.184301 1.800408 -0.603437
v 1.193555 1.689199 -1.295071
v 1.024394 1.689199 -1.295071
v 1.015140 1.800408 -0.603437
v 1.379489 1.724618 -0.839346
v 1.014928 2.011092 -0.873458
v 1.062989 1.748609 -0.842203
v 1.014928 1.997489 -0.987692
v 1.379489 1.711015 -0.953579
v 1.062989 1.735006 -0.956436
v 1.389187 1.711430 -0.943833
v 1.013188 2.008142 -0.979165
v 1.013188 2.019444 -0.884249
v 1.389187 1.722733 -0.848917
v 1.379489 1.904498 0.770666
v 1.014928 2.190972 0.736554
v 1.062989 1.928489 0.767809
v 1.014928 2.177369 0.622321
v 1.379489 1.890895 0.656433
v 1.062989 1.914886 0.653576
v 1.389187 1.891310 0.666179
v 1.013188 2.188022 0.630848
v 1.013188 2.199325 0.725764
v 1.389187 1.902613 0.761095
v 1.014928 1.997489 -0.987692
v 1.013188 2.008142 -0.979165
v 1.389187 1.711430 -0.943833
v 1.379489 1.711015 -0.953579
v 1.013188 2.019444 -0.884249
v 1.014928 2.011092 -0.873458
v 1.379489 1.724618 -0.839346
v 1.389187 1.722733 -0.848917
v 1.014928 2.177369 0.622321
v 1.013188 2.188022 0.630848
v 1.389187 1.891310 0.666179
v 1.379489 1.890895 0.656433
v 1.013188 2.199325 0.725764
v 1.014928 2.190972 0.736554
v 1.379489 1.904498 0.770666
v 1.389187 1.902613 0.761095
v -0.140663 1.831362 2.057694
v -0.144567 1.989181 1.950023
v -0.235334 2.069942 1.906233
v -0.227678 1.762859 2.115877
v -0.251722 1.640488 1.970685
v -0.234762 1.751368 2.116441
v -0.242818 2.074246 1.895999
v -0.259806 1.963669 1.750147
v 0.808703 1.598204 1.900632
v 0.826221 1.714374 2.044479
v -0.227942 1.745463 2.119668
v -0.244901 1.634574 1.973916
v 0.817347 1.725403 2.046534
v 0.727525 1.814300 1.999791
v -0.131031 1.822955 2.062280
v -0.218033 1.754503 2.120443
v 0.810594 1.955408 1.643601
v 0.827648 2.065654 1.790713
v 0.832870 1.720191 2.039861
v 0.815336 1.603927 1.896049
v 0.821771 2.061831 1.802969
v 0.734333 1.989761 1.871701
v 0.737006 1.823008 1.993081
v 0.826757 1.733676 2.039986
v -0.135321 1.996711 1.943761
v 0.724578 1.997774 1.866452
v 0.812047 2.070034 1.798018
v -0.226081 2.077480 1.899967
v -0.253262 1.968972 1.745725
v -0.236275 2.079579 1.891567
v 0.820775 2.071467 1.787234
v 0.803725 1.961241 1.640169
v -0.143452 1.948863 1.903601
v -0.138449 1.981383 1.946351
v -0.134709 1.830131 2.049541
v -0.139711 1.797504 2.006826
v -0.132901 1.791555 2.010071
v -0.127899 1.824185 2.052784
v 0.722930 1.816594 1.990733
v 0.717925 1.783867 1.948053
v 0.724635 1.790060 1.943294
v 0.729637 1.822767 1.985982
v 0.727088 1.982648 1.869619
v 0.722085 1.950127 1.826869
v 0.715185 1.955778 1.823135
v 0.720189 1.988307 1.865898
v -0.131915 1.986687 1.941931
v -0.136918 1.954166 1.899180
v -0.234762 1.751368 2.116441
v -0.227678 1.762859 2.115877
v -0.235334 2.069942 1.906233
v -0.242818 2.074246 1.895999
v -0.227942 1.745463 2.119668
v -0.234762 1.751368 2.116441
v -0.251722 1.640488 1.970685
v -0.244901 1.634574 1.973916
v -0.218033 1.754503 2.120443
v -0.227942 1.745463 2.119668
v 0.826221 1.714374 2.044479
v 0.817347 1.725403 2.046534
v 0.832870 1.720191 2.039861
v 0.826221 1.714374 2.044479
v 0.808703 1.598204 1.900632
v 0.815336 1.603927 1.896049
v 0.826757 1.733676 2.039986
v 0.832870 1.720191 2.039861
v 0.827648 2.065654 1.790713
v 0.821771 2.061831 1.802969
v -0.236275 2.079579 1.891567
v -0.226081 2.077480 1.899967
v 0.812047 2.070034 1.798018
v 0.820775 2.071467 1.787234
v -0.242818 2.074246 1.895999
v -0.236275 2.079579 1.891567
v -0.253262 1.968972 1.745725
v -0.259806 1.963669 1.750147
v 0.820775 2.071467 1.787234
v 0.827648 2.065654 1.790713
v 0.810594 1.955408 1.643601
v 0.803725 1.961241 1.640169
v -0.134709 1.830131 2.049541
v -0.127899 1.824185 2.052784
v -0.132901 1.791555 2.010071
v -0.139711 1.797504 2.006826
v -0.140663 1.831362 2.057694
v -0.134709 1.830131 2.049541
v -0.138449 1.981383 1.946351
v -0.144567 1.989181 1.950023
v -0.127899 1.824185 2.052784
v -0.131031 1.822955 2.062280
v 0.727525 1.814300 1.999791
v 0.722930 1.816594 1.990733
v 0.722930 1.816594 1.990733
v 0.729637 1.822767 1.985982
v 0.724635 1.790060 1.943294
v 0.717925 1.783867 1.948053
v 0.729637 1.822767 1.985982
v 0.737006 1.823008 1.993081
v 0.734333 1.989761 1.871701
v 0.727088 1.982648 1.869619
v 0.727088 1.982648 1.869619
v 0.720189 1.988307 1.865898
v 0.715185 1.955778 1.823135
v 0.722085 1.950127 1.826869
v 0.720189 1.988307 1.865898
v 0.724578 1.997774 1.866452
v -0.135321 1.996711 1.943761
v -0.131915 1.986687 1.941931
v -0.131915 1.986687 1.941931
v -0.138449 1.981383 1.946351
v -0.143452 1.948863 1.903601
v -0.136918 1.954166 1.899180
v -0.218033 1.754503 2.120443
v -0.227678 1.762859 2.115877
v -0.234762 1.751368 2.116441
v -0.227942 1.745463 2.119668
v 0.826757 1.733676 2.039986
v 0.817347 1.725403 2.046534
v 0.826221 1.714374 2.044479
v 0.832870 1.720191 2.039861
v -0.235334 2.069942 1.906233
v -0.226081 2.077480 1.899967
v -0.236275 2.079579 1.891567
v -0.242818 2.074246 1.895999
v 0.812047 2.070034 1.798018
v 0.821771 2.061831 1.802969
v 0.827648 2.065654 1.790713
v 0.820775 2.071467 1.787234
v -0.127899 1.824185 2.052784
v -0.134709 1.830131 2.049541
v -0.140663 1.831362 2.057694
v -0.131031 1.822955 2.062280
v 0.729637 1.822767 1.985982
v 0.722930 1.816594 1.990733
v 0.727525 1.814300 1.999791
v 0.737006 1.823008 1.993081
v 0.720189 1.988307 1.865898
v 0.727088 1.982648 1.869619
v 0.734333 1.989761 1.871701
v 0.724578 1.997774 1.866452
v -0.138449 1.981383 1.946351
v -0.131915 1.986687 1.941931
v -0.135321 1.996711 1.943761
v -0.144567 1.989181 1.950023
v -0.139498 1.790813 2.011003
v 0.724496 1.780423 1.948543
v 0.721851 1.955426 1.821582
v -0.143525 1.954808 1.899646
v -1.249941 1.123775 -1.743647
v -1.250389 0.999453 -1.738280
v -1.224592 0.973999 -0.598921
v -1.226280 1.113444 -0.598924
v 1.258598 0.953018 -1.737591
v 1.250734 1.031017 -1.739942
v 1.229840 1.113417 -0.598919
v 1.228229 0.973936 -0.598916
v 0.000000 2.252286 1.433194
v -0.000003 2.225595 1.494677
v 0.979812 2.225555 1.379671
v 0.976515 2.252698 1.318636
v -0.976515 2.252698 1.318636
v -0.979822 2.225555 1.379670
v -0.979822 2.225555 1.379670
v -1.016780 2.216081 1.334673
v -1.141004 1.203899 2.367305
v -1.104634 1.205037 2.407829
v -0.976230 2.366290 -0.598860
v -1.017919 2.331965 -0.598886
v -1.017919 2.331965 -0.598886
v -0.958186 1.875163 -1.758757
v -1.017558 1.883044 -1.745227
v 0.000043 1.390752 -3.296980
v -0.014824 1.432739 -3.248215
v 0.920339 1.433178 -3.131313
v 0.933899 1.391274 -3.181135
v -0.933796 1.391273 -3.181135
v -0.920232 1.434163 -3.131636
v -0.987435 1.399767 -3.135882
v -1.129453 1.066834 -3.331705
v -1.177714 1.072873 -3.291440
v 0.000047 0.186358 -2.558105
v 0.000047 0.209749 -2.620397
v 1.145079 0.211890 -2.618323
v 1.144215 0.186361 -2.558105
v -1.054921 0.186343 -2.558105
v -1.055776 0.211890 -2.618323
v -1.055776 0.211890 -2.618323
v -1.103981 0.221454 -2.578676
v -1.185937 0.887019 -3.217723
v -1.137994 0.884182 -3.259218
v -1.054921 0.186343 -2.558105
v -1.035999 0.198836 -1.718953
v -1.080191 0.232427 -1.718976
v 0.000000 0.247052 2.035872
v -0.000000 0.278463 2.089323
v -0.925809 0.280727 2.084625
v -0.919412 0.247045 2.035873
v 0.920299 0.247054 2.035872
v 0.926567 0.280728 2.084624
v -0.963537 0.281795 2.046943
v -0.925809 0.280727 2.084625
v -1.106682 1.028487 2.382623
v -1.142521 1.022826 2.341526
v -0.919412 0.247045 2.035873
v -1.021673 0.241467 -0.599095
v -0.976807 0.207059 -0.599095
v 1.016764 2.216079 1.334673
v 0.979812 2.225555 1.379671
v 1.104202 1.205036 2.407851
v 1.140646 1.203740 2.367305
v 1.017956 2.331619 -0.598872
v 0.976230 2.366367 -0.598864
v 1.017956 2.331619 -0.598872
v 1.013646 1.818790 -1.751673
v 0.958591 1.833632 -1.758527
v 0.987128 1.398987 -3.135939
v 1.178039 1.070268 -3.290408
v 1.129705 1.066833 -3.331703
v 1.197403 0.221461 -2.578688
v 1.145079 0.211890 -2.618323
v 1.137519 0.884182 -3.259219
v 1.185531 0.887444 -3.217901
v 1.085170 0.233718 -1.718945
v 1.041165 0.200130 -1.718921
v 0.926567 0.280728 2.084624
v 0.964406 0.281797 2.046956
v 1.142786 1.022736 2.341471
v 1.106878 1.028476 2.382580
v 0.984142 0.209174 -0.599098
v 1.028946 0.243627 -0.599098
v 1.133265 0.983616 -3.298678
v 1.181453 0.986972 -3.257373
v -1.181461 0.988196 -3.257854
v -1.133344 0.983616 -3.298679
v 1.141621 1.121273 2.355535
v 1.105421 1.124594 2.396338
v -1.105567 1.124599 2.396345
v -1.141695 1.121401 2.355560
v 0.000000 2.366195 -0.796718
v 0.000098 1.836376 -1.867853
v -0.976807 0.207059 -0.599095
v 0.000000 0.208790 -0.796094
v 0.000098 0.199844 -1.718928
v -1.035999 0.198836 -1.718953
v -0.000100 0.880856 -3.373770
v -0.000100 0.981821 -3.413816
v 1.133265 0.983616 -3.298678
v 1.137519 0.884182 -3.259219
v -1.137994 0.884182 -3.259218
v -1.133344 0.983616 -3.298679
v -0.000120 1.122125 2.531853
v -0.000120 1.022958 2.517824
v 1.106878 1.028476 2.382580
v 1.105421 1.124594 2.396338
v -1.105567 1.124599 2.396345
v -1.106682 1.028487 2.382623
v -1.227693 1.230147 -0.598926
v -0.000100 1.066319 -3.447332
v -1.129453 1.066834 -3.331705
v -0.000100 0.880856 -3.373770
v -1.137994 0.884182 -3.259218
v -0.000000 0.278463 2.089323
v -0.925809 0.280727 2.084625
v -0.000120 1.205119 2.543594
v -1.104634 1.205037 2.407829
v 1.231189 1.230151 -0.598921
v 1.129705 1.066833 -3.331703
v 1.137519 0.884182 -3.259219
v 0.926567 0.280728 2.084624
v 1.104202 1.205036 2.407851
v -1.017558 1.883044 -1.745227
v -1.249566 1.227821 -1.748138
v 1.239114 1.120560 -1.741889
v 1.013646 1.818790 -1.751673
v -0.987435 1.399767 -3.135882
v -1.177714 1.072873 -3.291440
v 1.178039 1.070268 -3.290408
v 0.987128 1.398987 -3.135939
v -1.103981 0.221454 -2.578676
v -0.963537 0.281795 2.046943
v 1.197403 0.221461 -2.578688
v 0.964406 0.281797 2.046956
v 1.129705 1.066833 -3.331703
v -1.129453 1.066834 -3.331705
v -0.323936 2.183408 -2.224639
v 0.263071 2.183408 -2.224639
v 0.259162 2.282401 -2.253949
v -0.320027 2.282401 -2.253949
v 0.259162 2.125936 -2.644747
v -0.320027 2.125936 -2.644747
v -0.320027 2.173235 -2.505849
v 0.259162 2.173235 -2.505849
v -0.320027 2.023134 -3.000102
v 0.259162 2.023134 -3.000102
v 0.263071 1.921589 -2.978290
v -0.323936 1.921589 -2.978290
v 0.263071 2.025590 -2.619413
v 0.259162 2.125936 -2.644747
v 0.259162 2.173235 -2.505849
v 0.263071 2.073359 -2.479133
v -0.320027 2.125936 -2.644747
v -0.323936 2.025590 -2.619413
v -0.323936 2.073359 -2.479133
v -0.320027 2.173235 -2.505849
v 0.263071 2.183408 -2.224639
v -0.323936 2.183408 -2.224639
v -0.290767 2.169773 -2.255742
v 0.229902 2.169773 -2.255742
v -0.323936 1.921589 -2.978290
v 0.263071 1.921589 -2.978290
v 0.229902 1.929622 -2.945760
v -0.290767 1.929622 -2.945760
v 0.229902 2.067221 -2.488219
v 0.229902 2.023441 -2.616784
v 0.263071 2.025590 -2.619413
v 0.263071 2.073359 -2.479133
v -0.323936 2.073359 -2.479133
v -0.323936 2.025590 -2.619413
v -0.290767 2.023441 -2.616784
v -0.290767 2.067221 -2.488219
v 0.251177 2.251323 -2.250332
v -0.312043 2.251320 -2.250332
v -0.313275 1.752594 -2.107314
v 0.250166 1.752595 -2.107315
v -0.312055 1.999637 -2.989571
v 0.251189 1.999639 -2.989573
v 0.250163 1.500818 -2.846746
v -0.313272 1.500817 -2.846746
v -0.313272 1.500817 -2.846746
v 0.250163 1.500818 -2.846746
v 0.250166 1.752595 -2.107315
v -0.313275 1.752594 -2.107314
v 0.251189 1.999639 -2.989573
v 0.251177 2.251323 -2.250332
v 0.250166 1.752595 -2.107315
v 0.250163 1.500818 -2.846746
v -0.313275 1.752594 -2.107314
v -0.312043 2.251320 -2.250332
v -0.312055 1.999637 -2.989571
v -0.313272 1.500817 -2.846746
v 0.279562 1.840327 -2.137841
v 0.496200 1.783202 -2.054323
v 0.494245 1.957758 -1.941319
v 0.221573 1.989053 -2.046723
v 0.699917 1.790412 -2.022304
v 0.772310 1.942366 -2.036799
v 0.759483 2.069562 -2.116095
v 0.505657 2.142493 -2.032324
v 0.283678 2.106586 -2.119844
v 0.506192 2.085659 -2.585105
v 0.263320 2.019572 -2.474967
v 0.810456 1.995472 -2.524794
v 0.762524 1.759043 -2.898319
v 0.507333 1.792317 -3.003382
v 0.278513 1.766000 -2.848417
v 0.503641 1.621168 -3.017115
v 0.265286 1.622573 -2.901786
v 0.785184 1.644800 -2.901932
v 0.756955 1.496344 -2.792861
v 0.486197 1.416747 -2.871072
v 0.265384 1.469118 -2.796731
v 0.265384 1.469118 -2.796731
v 0.486197 1.416747 -2.871072
v 0.442279 1.576613 -2.423416
v 0.253381 1.624489 -2.414292
v 0.756955 1.496344 -2.792861
v 0.726912 1.586316 -2.472967
v 0.699917 1.790412 -2.022304
v 0.496200 1.783202 -2.054323
v 0.279562 1.840327 -2.137841
v 0.842503 1.810248 -2.503492
v 0.772310 1.942366 -2.036799
v 0.785184 1.644800 -2.901932
v 0.265384 1.469118 -2.796731
v 0.253381 1.624489 -2.414292
v 0.231970 1.819892 -2.413891
v 0.265286 1.622573 -2.901786
v 0.279562 1.840327 -2.137841
v 0.221573 1.989053 -2.046723
v -0.713309 1.769256 -2.324796
v -0.522900 1.724618 -2.262855
v -0.526210 1.867618 -2.244202
v -0.779597 1.915361 -2.255649
v -0.401112 1.765336 -2.322028
v -0.311645 1.877553 -2.270069
v -0.373887 2.020508 -2.372284
v -0.538946 2.035435 -2.371245
v -0.722594 2.008158 -2.360837
v -0.578981 2.047114 -2.607811
v -0.774418 1.972187 -2.524715
v -0.344255 2.013738 -2.547735
v -0.324956 1.782739 -2.900599
v -0.558580 1.788790 -3.002922
v -0.792390 1.766038 -2.836653
v -0.572537 1.598822 -3.022259
v -0.826262 1.621096 -2.898926
v -0.321803 1.631381 -2.905786
v -0.345666 1.450842 -2.793905
v -0.506917 1.377628 -2.881320
v -0.749177 1.465471 -2.793361
v -0.749177 1.465471 -2.793361
v -0.506917 1.377628 -2.881320
v -0.581793 1.571756 -2.432399
v -0.805256 1.623527 -2.425586
v -0.345666 1.450842 -2.793905
v -0.370364 1.613069 -2.493288
v -0.401112 1.765336 -2.322028
v -0.522900 1.724618 -2.262855
v -0.713309 1.769256 -2.324796
v -0.401112 1.765336 -2.322028
v -0.370364 1.613069 -2.493288
v -0.295934 1.813440 -2.529294
v -0.311645 1.877553 -2.270069
v -0.345666 1.450842 -2.793905
v -0.321803 1.631381 -2.905786
v -0.861644 1.814219 -2.449920
v -0.826262 1.621096 -2.898926
v -0.779597 1.915361 -2.255649
v -0.825399 2.071284 -1.996751
v -0.346971 2.071284 -1.996751
v -0.350874 2.168720 -2.030878
v -0.821496 2.168719 -2.030878
v -0.821496 2.168719 -2.030878
v -0.350874 2.168720 -2.030878
v -0.351065 2.032923 -2.336674
v -0.821681 2.032923 -2.336675
v -0.821681 2.032923 -2.336675
v -0.351065 2.032923 -2.336674
v -0.347151 1.932565 -2.309911
v -0.825595 1.932565 -2.309911
v -0.346971 2.071284 -1.996751
v -0.347151 1.932565 -2.309911
v -0.351065 2.032923 -2.336674
v -0.350874 2.168720 -2.030878
v -0.825595 1.932565 -2.309911
v -0.825399 2.071284 -1.996751
v -0.821496 2.168719 -2.030878
v -0.821681 2.032923 -2.336675
v -0.346971 2.071284 -1.996751
v -0.825399 2.071284 -1.996751
v -0.792234 2.056139 -2.027161
v -0.380136 2.056139 -2.027161
v -0.825595 1.932565 -2.309911
v -0.347151 1.932565 -2.309911
v -0.380324 1.942175 -2.277824
v -0.792422 1.942175 -2.277824
v -0.347151 1.932565 -2.309911
v -0.346971 2.071284 -1.996751
v -0.380136 2.056139 -2.027161
v -0.380324 1.942175 -2.277824
v -0.825399 2.071284 -1.996751
v -0.825595 1.932565 -2.309911
v -0.792422 1.942175 -2.277824
v -0.792234 2.056139 -2.027161
v -0.358848 2.157657 -2.035920
v -0.813520 2.157668 -2.035921
v -0.794342 1.825793 -1.931031
v -0.356457 1.825790 -1.931030
v -0.813696 2.027817 -2.326684
v -0.359047 2.027808 -2.326678
v -0.356406 1.714688 -2.229063
v -0.811273 1.714692 -2.229064
v -0.811273 1.714692 -2.229064
v -0.356406 1.714688 -2.229063
v -0.356457 1.825790 -1.931030
v -0.794342 1.825793 -1.931031
v -0.359047 2.027808 -2.326678
v -0.358848 2.157657 -2.035920
v -0.356457 1.825790 -1.931030
v -0.356406 1.714688 -2.229063
v -0.794342 1.825793 -1.931031
v -0.813520 2.157668 -2.035921
v -0.813696 2.027817 -2.326684
v -0.811273 1.714692 -2.229064
v 0.263071 1.921589 -2.978290
v 0.229902 1.929622 -2.945760
v 0.263071 1.921589 -2.978290
v 0.259162 2.023134 -3.000102
v 0.259162 2.023134 -3.000102
v -0.320027 2.023134 -3.000102
v -0.323936 1.921589 -2.978290
v -0.320027 2.023134 -3.000102
v -0.323936 1.921589 -2.978290
v -0.290767 1.929622 -2.945760
v -0.323936 2.183408 -2.224639
v -0.290767 2.169773 -2.255742
v -0.323936 2.183408 -2.224639
v -0.320027 2.282401 -2.253949
v -0.320027 2.282401 -2.253949
v 0.259162 2.282401 -2.253949
v 0.263071 2.183408 -2.224639
v 0.259162 2.282401 -2.253949
v 0.263071 2.183408 -2.224639
v 0.229902 2.169773 -2.255742
v 0.844055 1.903432 -2.431825
v 0.861576 1.908322 -2.426660
v 0.866049 1.781633 -2.408986
v 0.850165 1.782216 -2.417737
v -0.920698 1.761635 -2.512955
v -0.828599 1.908963 -2.567863
v -0.810970 1.903156 -2.558903
v -0.901098 1.759625 -2.504800
v -0.695973 1.993614 -2.575269
v -0.709473 2.005087 -2.585343
v -0.899116 1.771362 -2.467239
v -0.810033 1.911298 -2.520388
v -0.827274 1.920476 -2.513395
v -0.917896 1.778234 -2.459835
v -0.810970 1.903156 -2.558903
v -0.901098 1.759625 -2.504800
v -0.695808 2.000395 -2.536470
v -0.709239 2.014676 -2.530472
v -0.695973 1.993614 -2.575269
v -0.396123 2.148352 -2.530232
v -0.388843 2.129602 -2.535203
v -0.301482 2.162358 -2.531332
v -0.306457 2.182239 -2.526376
v -0.395576 2.139666 -2.585249
v -0.388457 2.123460 -2.574106
v -0.301095 2.156264 -2.570219
v -0.305912 2.173619 -2.581374
v -0.388457 2.123460 -2.574106
v -0.301095 2.156264 -2.570219
v -0.202628 2.186880 -2.574120
v -0.199423 2.169063 -2.562890
v -0.199823 2.175118 -2.524030
v -0.203195 2.195445 -2.519162
v -0.199423 2.169063 -2.562890
v -0.937497 1.780245 -2.467990
v -0.844903 1.926283 -2.522354
v -0.852593 1.925316 -2.542018
v -0.946437 1.776215 -2.486926
v -0.722739 2.026149 -2.540545
v -0.728399 2.028092 -2.560789
v -0.939478 1.768507 -2.505551
v -0.845840 1.918141 -2.560869
v -0.722905 2.019368 -2.579345
v -0.402857 2.158421 -2.580272
v -0.310887 2.193504 -2.576413
v -0.313107 2.204268 -2.558245
v -0.406032 2.168736 -2.562095
v -0.403243 2.164563 -2.541369
v -0.311272 2.199601 -2.537522
v -0.206400 2.213268 -2.530384
v -0.207560 2.218141 -2.551128
v -0.205998 2.207209 -2.569246
v 0.843512 1.789023 -2.366434
v 0.840521 1.914129 -2.380691
v 0.822952 1.909468 -2.385785
v 0.827642 1.789699 -2.375140
v 0.259535 2.206165 -2.470294
v 0.259621 2.185323 -2.475112
v 0.425753 2.144199 -2.447784
v 0.429954 2.162824 -2.442504
v 0.261718 2.197990 -2.524495
v 0.261169 2.179535 -2.513424
v 0.433009 2.153942 -2.495986
v 0.427929 2.137933 -2.485596
v 0.261169 2.179535 -2.513424
v 0.427929 2.137933 -2.485596
v 0.643799 2.101581 -2.408172
v 0.633794 2.087192 -2.413658
v 0.810449 2.000328 -2.396332
v 0.826050 2.009426 -2.391994
v 0.645926 2.091960 -2.461457
v 0.635278 2.080339 -2.451290
v 0.829026 1.999387 -2.442390
v 0.812535 1.993024 -2.432006
v 0.635278 2.080339 -2.451290
v 0.812535 1.993024 -2.432006
v 0.825480 1.901649 -2.421865
v 0.832349 1.784823 -2.411416
v 0.825480 1.901649 -2.421865
v 0.832349 1.784823 -2.411416
v 0.261644 2.218825 -2.519653
v 0.437207 2.172563 -2.490594
v 0.438062 2.182892 -2.472662
v 0.260978 2.229841 -2.501752
v 0.260101 2.224600 -2.481313
v 0.435058 2.178859 -2.452777
v 0.655920 2.106295 -2.455815
v 0.844598 2.008637 -2.437884
v 0.850155 2.015261 -2.421248
v 0.659417 2.114994 -2.437787
v 0.654400 2.113060 -2.418096
v 0.842480 2.015543 -2.402288
v 0.870688 1.783358 -2.390324
v 0.867815 1.913310 -2.409436
v 0.859106 1.915652 -2.390410
v 0.861349 1.786388 -2.372709
v 0.872162 1.812380 -2.675804
v 0.889780 1.818842 -2.669560
v 0.944427 1.717860 -2.616728
v 0.930118 1.708127 -2.620252
v -0.854858 1.724590 -2.609203
v -0.828304 1.834411 -2.659443
v -0.811687 1.826178 -2.652675
v -0.835172 1.722972 -2.602486
v -0.728900 1.905719 -2.688336
v -0.742709 1.917357 -2.697204
v -0.832764 1.736710 -2.567652
v -0.809187 1.836854 -2.615942
v -0.824827 1.849467 -2.607422
v -0.851449 1.744037 -2.560009
v -0.811687 1.826178 -2.652675
v -0.835172 1.722972 -2.602486
v -0.728122 1.913769 -2.649467
v -0.741514 1.928846 -2.642250
v -0.728900 1.905719 -2.688336
v -0.456589 2.068690 -2.706853
v -0.452940 2.050170 -2.710720
v -0.390497 2.072343 -2.723073
v -0.393636 2.091514 -2.719274
v -0.466459 2.058472 -2.759036
v -0.460002 2.042852 -2.747673
v -0.395698 2.066274 -2.760838
v -0.401202 2.083050 -2.772565
v -0.460002 2.042852 -2.747673
v -0.395698 2.066274 -2.760838
v -0.299313 2.103739 -2.784611
v -0.295079 2.086829 -2.772696
v -0.291464 2.094480 -2.733872
v -0.294519 2.114610 -2.729702
v -0.295079 2.086829 -2.772696
v -0.871139 1.745635 -2.566921
v -0.841563 1.857451 -2.614234
v -0.849488 1.856346 -2.632363
v -0.880296 1.740586 -2.584204
v -0.755291 1.940351 -2.651201
v -0.761404 1.941641 -2.671015
v -0.873552 1.731872 -2.601663
v -0.843961 1.846877 -2.651077
v -0.756198 1.932159 -2.690051
v -0.470309 2.077081 -2.755093
v -0.404707 2.102259 -2.768694
v -0.403886 2.112610 -2.751555
v -0.469143 2.087710 -2.738218
v -0.463415 2.084209 -2.718256
v -0.399203 2.108153 -2.731103
v -0.299323 2.131625 -2.741518
v -0.302627 2.135485 -2.762469
v -0.302444 2.123898 -2.780354
v 0.921185 1.728680 -2.579974
v 0.866303 1.821388 -2.628849
v 0.848575 1.814846 -2.635555
v 0.906851 1.719007 -2.583564
v 0.259110 2.111545 -2.737736
v 0.258788 2.090321 -2.742990
v 0.424288 2.039883 -2.731327
v 0.428872 2.058993 -2.725160
v 0.260149 2.101513 -2.794654
v 0.259528 2.083229 -2.783232
v 0.429929 2.048918 -2.782303
v 0.425037 2.032753 -2.771745
v 0.259528 2.083229 -2.783232
v 0.425037 2.032753 -2.771745
v 0.631118 1.974974 -2.704027
v 0.621316 1.959635 -2.710428
v 0.800113 1.891070 -2.672685
v 0.815588 1.901508 -2.666760
v 0.634780 1.968019 -2.747661
v 0.623875 1.954783 -2.741302
v 0.821047 1.893615 -2.713737
v 0.803969 1.885535 -2.705986
v 0.623875 1.954783 -2.741302
v 0.803969 1.885535 -2.705986
v 0.852788 1.808534 -2.668502
v 0.913198 1.704466 -2.611919
v 0.852788 1.808534 -2.668502
v 0.913198 1.704466 -2.611919
v 0.260480 2.122684 -2.789448
v 0.434573 2.067916 -2.776274
v 0.436208 2.078692 -2.757083
v 0.260323 2.134377 -2.770632
v 0.259753 2.129779 -2.749197
v 0.433831 2.075027 -2.735873
v 0.644610 1.983332 -2.741517
v 0.836520 1.904019 -2.708042
v 0.841323 1.910666 -2.692075
v 0.647590 1.991767 -2.726273
v 0.641992 1.988312 -2.710677
v 0.832655 1.909635 -2.674911
v 0.947758 1.727929 -2.603364
v 0.895405 1.824191 -2.653071
v 0.885709 1.825270 -2.636086
v 0.938137 1.732395 -2.588119
v 0.920970 1.675661 -2.548627
v 0.901430 1.675236 -2.553132
v 0.892848 1.713304 -2.530729
v 0.907083 1.712603 -2.528015
v 0.901430 1.675236 -2.553132
v 0.887337 1.688122 -2.547855
v 0.887337 1.688122 -2.547855
v 0.892848 1.713304 -2.530729
v 0.921850 1.704359 -2.529857
v 0.929078 1.689091 -2.538085
v 0.929078 1.689091 -2.538085
v 0.920970 1.675661 -2.548627
v 0.867046 1.684775 -2.485250
v 0.880091 1.685625 -2.471172
v 0.831306 1.739713 -2.378735
v 0.826011 1.738917 -2.404238
v 0.888568 1.728228 -2.468111
v 0.882691 1.731544 -2.475732
v 0.870569 1.765163 -2.410098
v 0.866472 1.760918 -2.396621
v 0.867203 1.702588 -2.489991
v 0.867046 1.684775 -2.485250
v 0.826011 1.738917 -2.404238
v 0.843175 1.750838 -2.420936
v 0.882691 1.731544 -2.475732
v 0.867203 1.702588 -2.489991
v 0.843175 1.750838 -2.420936
v 0.870569 1.765163 -2.410098
v 0.892915 1.702804 -2.463157
v 0.894231 1.719256 -2.463942
v 0.861270 1.757006 -2.385277
v 0.849759 1.750013 -2.373736
v 0.880091 1.685625 -2.471172
v 0.892915 1.702804 -2.463157
v 0.849759 1.750013 -2.373736
v 0.831306 1.739713 -2.378735
v 0.866049 1.781633 -2.408986
v 0.870688 1.783358 -2.390324
v 0.866472 1.760918 -2.396621
v 0.870569 1.765163 -2.410098
v 0.870688 1.783358 -2.390324
v 0.861349 1.786388 -2.372709
v 0.861270 1.757006 -2.385277
v 0.866472 1.760918 -2.396621
v 0.861349 1.786388 -2.372709
v 0.843512 1.789023 -2.366434
v 0.849759 1.750013 -2.373736
v 0.861270 1.757006 -2.385277
v 0.843512 1.789023 -2.366434
v 0.827642 1.789699 -2.375140
v 0.831306 1.739713 -2.378735
v 0.849759 1.750013 -2.373736
v 0.827642 1.789699 -2.375140
v 0.832349 1.784823 -2.411416
v 0.826011 1.738917 -2.404238
v 0.831306 1.739713 -2.378735
v 0.832349 1.784823 -2.411416
v 0.850165 1.782216 -2.417737
v 0.843175 1.750838 -2.420936
v 0.826011 1.738917 -2.404238
v 0.850165 1.782216 -2.417737
v 0.866049 1.781633 -2.408986
v 0.870569 1.765163 -2.410098
v 0.843175 1.750838 -2.420936
v 0.880091 1.685625 -2.471172
v 0.867046 1.684775 -2.485250
v 0.892915 1.702804 -2.463157
v 0.880091 1.685625 -2.471172
v 0.894231 1.719256 -2.463942
v 0.892915 1.702804 -2.463157
v 0.888568 1.728228 -2.468111
v 0.882691 1.731544 -2.475732
v 0.867203 1.702588 -2.489991
v 0.882691 1.731544 -2.475732
v 0.867046 1.684775 -2.485250
v 0.867203 1.702588 -2.489991
v -0.852834 1.686947 -2.511526
v -0.872367 1.669591 -2.537388
v -0.872367 1.669591 -2.537388
v -0.880910 1.683058 -2.549928
v -0.853092 1.708942 -2.513280
v -0.852834 1.686947 -2.511526
v -0.875630 1.721434 -2.545091
v -0.862841 1.723726 -2.527656
v -0.862841 1.723726 -2.527656
v -0.853092 1.708942 -2.513280
v -0.880910 1.683058 -2.549928
v -0.883101 1.703562 -2.554159
v -0.883101 1.703562 -2.554159
v -0.875630 1.721434 -2.545091
v -0.913858 1.683830 -2.498083
v -0.885712 1.690969 -2.481935
v -0.909126 1.714912 -2.462290
v -0.945089 1.717048 -2.469619
v -0.919507 1.695511 -2.513147
v -0.913858 1.683830 -2.498083
v -0.945089 1.717048 -2.469619
v -0.948113 1.727107 -2.486975
v -0.885712 1.690969 -2.481935
v -0.879090 1.706482 -2.490696
v -0.896259 1.724540 -2.477411
v -0.909126 1.714912 -2.462290
v -0.885753 1.719387 -2.507754
v -0.901303 1.721094 -2.521750
v -0.918177 1.741078 -2.507777
v -0.900120 1.735741 -2.496903
v -0.879090 1.706482 -2.490696
v -0.885753 1.719387 -2.507754
v -0.900120 1.735741 -2.496903
v -0.896259 1.724540 -2.477411
v -0.915570 1.710490 -2.523508
v -0.919507 1.695511 -2.513147
v -0.948113 1.727107 -2.486975
v -0.938613 1.737071 -2.502900
v -0.901303 1.721094 -2.521750
v -0.915570 1.710490 -2.523508
v -0.938613 1.737071 -2.502900
v -0.918177 1.741078 -2.507777
v -0.899116 1.771362 -2.467239
v -0.917896 1.778234 -2.459835
v -0.909126 1.714912 -2.462290
v -0.896259 1.724540 -2.477411
v -0.917896 1.778234 -2.459835
v -0.937497 1.780245 -2.467990
v -0.945089 1.717048 -2.469619
v -0.909126 1.714912 -2.462290
v -0.937497 1.780245 -2.467990
v -0.946437 1.776215 -2.486926
v -0.948113 1.727107 -2.486975
v -0.945089 1.717048 -2.469619
v -0.946437 1.776215 -2.486926
v -0.939478 1.768507 -2.505551
v -0.938613 1.737071 -2.502900
v -0.948113 1.727107 -2.486975
v -0.939478 1.768507 -2.505551
v -0.920698 1.761635 -2.512955
v -0.918177 1.741078 -2.507777
v -0.938613 1.737071 -2.502900
v -0.920698 1.761635 -2.512955
v -0.901098 1.759625 -2.504800
v -0.900120 1.735741 -2.496903
v -0.918177 1.741078 -2.507777
v -0.901098 1.759625 -2.504800
v -0.899116 1.771362 -2.467239
v -0.896259 1.724540 -2.477411
v -0.900120 1.735741 -2.496903
v -0.872367 1.669591 -2.537388
v -0.852834 1.686947 -2.511526
v -0.852834 1.686947 -2.511526
v -0.853092 1.708942 -2.513280
v -0.853092 1.708942 -2.513280
v -0.862841 1.723726 -2.527656
v -0.862841 1.723726 -2.527656
v -0.875630 1.721434 -2.545091
v -0.875630 1.721434 -2.545091
v -0.883101 1.703562 -2.554159
v -0.883101 1.703562 -2.554159
v -0.880910 1.683058 -2.549928
v -0.880910 1.683058 -2.549928
v -0.872367 1.669591 -2.537388
vt 0.543739 0.746242
vt 0.543739 0.666867
vt 0.551366 0.666867
vt 0.551366 0.746242
vt 0.849859 0.035483
vt 0.853705 0.033685
vt 0.850336 0.163262
vt 0.846275 0.161573
vt 0.650629 0.987519
vt 0.666621 0.860757
vt 0.666796 0.860779
vt 0.650782 0.987587
vt 0.650672 0.987635
vt 0.579218 0.987061
vt 0.579159 0.986863
vt 0.655432 0.991087
vt 0.655016 0.991678
vt 0.134851 0.971735
vt 0.010110 0.971735
vt 0.010122 0.971564
vt 0.134839 0.971551
vt 0.693871 0.987301
vt 0.764931 0.993338
vt 0.768342 0.993682
vt 0.693849 0.987483
vt 0.561768 0.594000
vt 0.567581 0.631070
vt 0.567417 0.631088
vt 0.561617 0.594054
vt 0.561697 0.593860
vt 0.636399 0.575044
vt 0.636403 0.575200
vt 0.554459 0.595637
vt 0.554462 0.595462
vt 0.543997 0.766300
vt 0.543997 0.798938
vt 0.543831 0.798896
vt 0.543826 0.766300
vt 0.785791 0.592099
vt 0.706198 0.587381
vt 0.706209 0.587196
vt 0.785802 0.591914
vt 0.636559 0.575179
vt 0.645384 0.611494
vt 0.645242 0.611580
vt 0.643604 0.573614
vt 0.643680 0.573772
vt 0.554735 0.798772
vt 0.554743 0.766627
vt 0.554905 0.766575
vt 0.554905 0.798792
vt 0.697834 0.861974
vt 0.698432 0.808717
vt 0.698602 0.808733
vt 0.698005 0.862008
vt 0.700446 0.693281
vt 0.700615 0.693312
vt 0.581135 0.700237
vt 0.569068 0.637804
vt 0.569234 0.637768
vt 0.581307 0.700231
vt 0.586548 0.808517
vt 0.586377 0.808529
vt 0.587150 0.854028
vt 0.587023 0.853886
vt 0.667352 0.689344
vt 0.647063 0.618379
vt 0.647219 0.618330
vt 0.667525 0.689319
vt 0.666910 0.807718
vt 0.666745 0.807701
vt 0.880346 0.039884
vt 0.885061 0.040482
vt 0.888479 0.040870
vt 0.880031 0.039977
vt 0.872799 0.038740
vt 0.872747 0.038569
vt 0.853873 0.033711
vt 0.853943 0.033588
vt 0.872757 0.038607
vt 0.818760 0.040384
vt 0.809848 0.039860
vt 0.809917 0.039639
vt 0.819388 0.040222
vt 0.827547 0.039691
vt 0.827612 0.039852
vt 0.849812 0.035417
vt 0.849695 0.035546
vt 0.853281 0.033336
vt 0.850501 0.163297
vt 0.870370 0.168894
vt 0.873591 0.170894
vt 0.873631 0.171108
vt 0.870502 0.169079
vt 0.850462 0.163446
vt 0.849962 0.163671
vt 0.846205 0.161692
vt 0.846103 0.161570
vt 0.823499 0.167822
vt 0.818757 0.169261
vt 0.818653 0.169103
vt 0.823464 0.167653
vt 0.812373 0.175681
vt 0.812451 0.175859
vt 0.134851 0.953553
vt 0.068649 0.953553
vt 0.068665 0.953382
vt 0.134849 0.953383
vt 0.134841 0.949916
vt 0.068646 0.949917
vt 0.068632 0.949746
vt 0.134851 0.949746
vt 0.134851 0.960826
vt 0.020859 0.960826
vt 0.020856 0.960656
vt 0.134843 0.960656
vt 0.558743 0.901026
vt 0.558780 0.852679
vt 0.558898 0.852465
vt 0.558913 0.901021
vt 0.877883 0.174739
vt 0.877913 0.174991
vt 0.149476 0.985234
vt 0.149476 0.978052
vt 0.149646 0.978030
vt 0.149646 0.985256
vt 0.160386 0.985256
vt 0.160386 0.978074
vt 0.160555 0.978050
vt 0.160555 0.985245
vt 0.777256 0.860256
vt 0.678815 0.807202
vt 0.679690 0.691880
vt 0.688314 0.692464
vt 0.686282 0.808305
vt 0.784862 0.698219
vt 0.778666 0.811933
vt 0.578928 0.809818
vt 0.572475 0.700669
vt 0.827527 0.171603
vt 0.823068 0.173034
vt 0.819929 0.034829
vt 0.829375 0.034559
vt 0.679077 0.858089
vt 0.685599 0.861799
vt 0.580256 0.855766
vt 0.819277 0.177872
vt 0.815264 0.033336
vt 0.560461 0.639120
vt 0.559028 0.629794
vt 0.788878 0.631864
vt 0.703756 0.626829
vt 0.704284 0.619629
vt 0.789310 0.624662
vt 0.652598 0.606796
vt 0.655286 0.615871
vt 0.674278 0.682870
vt 0.578148 0.993697
vt 0.672078 0.867470
vt 0.183656 0.979610
vt 0.183501 0.979514
vt 0.183656 0.979426
vt 0.543926 0.766145
vt 0.554816 0.798938
vt 0.853795 0.033580
vt 0.850423 0.163433
vt 0.698432 0.808717
vt 0.686282 0.808305
vt 0.688314 0.692464
vt 0.700446 0.693281
vt 0.674278 0.682870
vt 0.683338 0.685920
vt 0.679690 0.691880
vt 0.667525 0.689319
vt 0.667525 0.689319
vt 0.679690 0.691880
vt 0.678815 0.807202
vt 0.666910 0.807718
vt 0.666796 0.860779
vt 0.679077 0.858089
vt 0.682240 0.864519
vt 0.672078 0.867470
vt 0.697834 0.861974
vt 0.685599 0.861799
vt 0.686282 0.808305
vt 0.698432 0.808717
vt 0.666910 0.807718
vt 0.678815 0.807202
vt 0.679077 0.858089
vt 0.666796 0.860779
vt 0.028505 0.890112
vt 0.006519 0.884359
vt 0.006517 0.865122
vt 0.012914 0.859506
vt 0.031988 0.861998
vt 0.034848 0.884544
vt 0.034628 0.885504
vt 0.029485 0.890019
vt 0.006799 0.864178
vt 0.011941 0.859663
vt 0.012914 0.859506
vt 0.034848 0.884544
vt 0.034628 0.885504
vt 0.011941 0.859663
vt 0.006799 0.864178
vt 0.029485 0.890019
vt 0.028505 0.890112
vt 0.006517 0.865122
vt 0.057597 0.890113
vt 0.035610 0.884359
vt 0.035609 0.865122
vt 0.042005 0.859507
vt 0.061080 0.861998
vt 0.063940 0.884544
vt 0.063720 0.885504
vt 0.058577 0.890019
vt 0.035890 0.864179
vt 0.041033 0.859663
vt 0.042005 0.859507
vt 0.063940 0.884544
vt 0.063720 0.885504
vt 0.041033 0.859663
vt 0.035890 0.864179
vt 0.058577 0.890019
vt 0.057597 0.890113
vt 0.035609 0.865122
vt 0.055475 0.985927
vt 0.055475 0.993554
vt 0.134851 0.993554
vt 0.134851 0.985927
vt 0.505632 0.057180
vt 0.379546 0.053456
vt 0.377853 0.057515
vt 0.507426 0.061028
vt 0.913019 0.585745
vt 0.912866 0.585678
vt 0.896852 0.712485
vt 0.897027 0.712507
vt 0.912976 0.585629
vt 0.984489 0.586401
vt 0.984430 0.586203
vt 0.908632 0.581586
vt 0.908216 0.582177
vt 0.134851 0.968099
vt 0.134839 0.967915
vt 0.010134 0.967928
vt 0.010122 0.968099
vt 0.869777 0.585963
vt 0.869799 0.585781
vt 0.795306 0.579583
vt 0.798717 0.579926
vt 1.001880 0.979265
vt 1.002031 0.979211
vt 0.996231 0.942176
vt 0.996067 0.942194
vt 1.001951 0.979404
vt 0.927245 0.998064
vt 0.927249 0.998221
vt 1.009186 0.977802
vt 1.009189 0.977627
vt 0.547463 0.798783
vt 0.547634 0.798783
vt 0.547634 0.766187
vt 0.547468 0.766145
vt 0.777857 0.981165
vt 0.777846 0.981350
vt 0.857439 0.986068
vt 0.857450 0.985883
vt 0.927089 0.998085
vt 0.918406 0.961684
vt 0.918264 0.961771
vt 0.919968 0.999492
vt 0.920044 0.999650
vt 0.551269 0.766741
vt 0.551099 0.766722
vt 0.551107 0.798938
vt 0.551269 0.798886
vt 0.865814 0.711291
vt 0.865643 0.711256
vt 0.865046 0.764531
vt 0.865216 0.764547
vt 0.863033 0.879952
vt 0.863202 0.879983
vt 0.982513 0.873027
vt 0.982341 0.873034
vt 0.994414 0.935497
vt 0.994580 0.935460
vt 0.977271 0.764735
vt 0.977100 0.764747
vt 0.976625 0.719378
vt 0.976498 0.719237
vt 0.896296 0.883920
vt 0.896123 0.883946
vt 0.916429 0.954934
vt 0.916585 0.954885
vt 0.896903 0.765563
vt 0.896738 0.765546
vt 0.501197 0.087662
vt 0.501105 0.087347
vt 0.500202 0.095794
vt 0.500594 0.092376
vt 0.502521 0.080065
vt 0.502349 0.080117
vt 0.502482 0.080075
vt 0.507522 0.061266
vt 0.507399 0.061196
vt 0.500765 0.026075
vt 0.500927 0.026704
vt 0.501521 0.017234
vt 0.501299 0.017164
vt 0.501287 0.034928
vt 0.501448 0.034864
vt 0.505570 0.057016
vt 0.505697 0.057133
vt 0.507775 0.060605
vt 0.377817 0.057680
vt 0.372198 0.077542
vt 0.372013 0.077675
vt 0.369981 0.080802
vt 0.370194 0.080762
vt 0.377669 0.057641
vt 0.377444 0.057141
vt 0.379427 0.053386
vt 0.379549 0.053284
vt 0.373322 0.030673
vt 0.373491 0.030638
vt 0.372046 0.025826
vt 0.371888 0.025929
vt 0.365475 0.019539
vt 0.365298 0.019616
vt 0.134851 0.957190
vt 0.134849 0.957020
vt 0.068653 0.957019
vt 0.068637 0.957190
vt 0.555295 0.834817
vt 0.555126 0.834807
vt 0.555126 0.901026
vt 0.555296 0.901012
vt 0.134851 0.964463
vt 0.134843 0.964293
vt 0.020836 0.964293
vt 0.020839 0.964463
vt 0.562380 0.901026
vt 0.562550 0.901021
vt 0.562534 0.852460
vt 0.562417 0.852674
vt 0.366092 0.085079
vt 0.366345 0.085050
vt 0.153283 0.978052
vt 0.153113 0.978030
vt 0.153113 0.985256
vt 0.153283 0.985234
vt 0.156749 0.985256
vt 0.156919 0.985245
vt 0.156919 0.978050
vt 0.156749 0.978074
vt 0.786392 0.713009
vt 0.884833 0.766062
vt 0.877366 0.764960
vt 0.875334 0.880800
vt 0.883958 0.881385
vt 0.784982 0.761331
vt 0.778786 0.875045
vt 0.991173 0.872595
vt 0.984720 0.763446
vt 0.368111 0.030236
vt 0.369537 0.034697
vt 0.506319 0.027251
vt 0.506579 0.036697
vt 0.884571 0.715175
vt 0.878049 0.711465
vt 0.983392 0.717498
vt 0.363277 0.026440
vt 0.507818 0.022588
vt 1.004620 0.943470
vt 1.003187 0.934145
vt 0.774770 0.941400
vt 0.774338 0.948602
vt 0.859364 0.953635
vt 0.859892 0.946435
vt 0.908361 0.957393
vt 0.911050 0.966468
vt 0.889370 0.890394
vt 0.985500 0.579568
vt 0.891570 0.705794
vt 0.179864 0.979610
vt 0.180021 0.979513
vt 0.179864 0.979428
vt 0.547534 0.798938
vt 0.551188 0.766576
vt 0.507531 0.061118
vt 0.377682 0.057602
vt 0.865216 0.764547
vt 0.863202 0.879983
vt 0.875334 0.880800
vt 0.877366 0.764960
vt 0.889370 0.890394
vt 0.896123 0.883946
vt 0.883958 0.881385
vt 0.880310 0.887345
vt 0.896123 0.883946
vt 0.896738 0.765546
vt 0.884833 0.766062
vt 0.883958 0.881385
vt 0.896852 0.712485
vt 0.891570 0.705794
vt 0.881408 0.708745
vt 0.884571 0.715175
vt 0.865814 0.711291
vt 0.865216 0.764547
vt 0.877366 0.764960
vt 0.878049 0.711465
vt 0.896738 0.765546
vt 0.896852 0.712485
vt 0.884571 0.715175
vt 0.884833 0.766062
vt 0.115761 0.888934
vt 0.090724 0.867000
vt 0.093215 0.886074
vt 0.096340 0.860603
vt 0.121330 0.882591
vt 0.115576 0.860605
vt 0.121237 0.883572
vt 0.095396 0.860885
vt 0.090881 0.866028
vt 0.116721 0.888715
vt 0.086688 0.890113
vt 0.064700 0.865122
vt 0.064702 0.884359
vt 0.071097 0.859507
vt 0.093031 0.884544
vt 0.090171 0.861998
vt 0.092812 0.885504
vt 0.070125 0.859663
vt 0.064982 0.864179
vt 0.087668 0.890019
vt 0.096340 0.860603
vt 0.095396 0.860885
vt 0.121237 0.883572
vt 0.121330 0.882591
vt 0.090881 0.866028
vt 0.090724 0.867000
vt 0.115761 0.888934
vt 0.116721 0.888715
vt 0.071097 0.859507
vt 0.070125 0.859663
vt 0.092812 0.885504
vt 0.093031 0.884544
vt 0.064982 0.864179
vt 0.064700 0.865122
vt 0.086688 0.890113
vt 0.087668 0.890019
vt 0.067993 0.094273
vt 0.050929 0.094318
vt 0.043832 0.100919
vt 0.074539 0.100883
vt 0.075421 0.115056
vt 0.075264 0.101577
vt 0.043121 0.101612
vt 0.044352 0.115058
vt 0.090822 0.022671
vt 0.077042 0.023614
vt 0.076053 0.100830
vt 0.089183 0.102657
vt 0.076241 0.024254
vt 0.068930 0.030927
vt 0.069239 0.093318
vt 0.075372 0.100152
vt 0.042322 0.009100
vt 0.041635 0.022604
vt 0.076199 0.022727
vt 0.076492 0.009102
vt 0.042403 0.023319
vt 0.049673 0.029975
vt 0.067640 0.029993
vt 0.075375 0.023459
vt 0.049717 0.093454
vt 0.048436 0.030876
vt 0.041623 0.024048
vt 0.043007 0.100151
vt 0.029207 0.102622
vt 0.042317 0.100811
vt 0.040884 0.023388
vt 0.027200 0.022140
vt 0.053704 0.091450
vt 0.051375 0.093722
vt 0.067638 0.093685
vt 0.065371 0.091173
vt 0.065790 0.090662
vt 0.068643 0.092884
vt 0.068310 0.031348
vt 0.065556 0.033594
vt 0.065139 0.033221
vt 0.067242 0.030558
vt 0.050101 0.030575
vt 0.052250 0.032876
vt 0.051825 0.033366
vt 0.049055 0.031303
vt 0.050358 0.093043
vt 0.053280 0.091072
vt 0.075264 0.101577
vt 0.074539 0.100883
vt 0.043832 0.100919
vt 0.043121 0.101612
vt 0.076053 0.100830
vt 0.075767 0.101470
vt 0.088986 0.103343
vt 0.089183 0.102657
vt 0.075372 0.100152
vt 0.076053 0.100830
vt 0.077042 0.023614
vt 0.076241 0.024254
vt 0.076764 0.022936
vt 0.077042 0.023614
vt 0.090822 0.022671
vt 0.090645 0.021954
vt 0.075375 0.023459
vt 0.076199 0.022727
vt 0.041635 0.022604
vt 0.042403 0.023319
vt 0.042317 0.100811
vt 0.043007 0.100151
vt 0.041623 0.024048
vt 0.040884 0.023388
vt 0.042565 0.101456
vt 0.042317 0.100811
vt 0.029207 0.102622
vt 0.029359 0.103304
vt 0.040884 0.023388
vt 0.041126 0.022731
vt 0.027338 0.021443
vt 0.027200 0.022140
vt 0.067638 0.093685
vt 0.068643 0.092884
vt 0.065790 0.090662
vt 0.065371 0.091173
vt 0.067993 0.094273
vt 0.067638 0.093685
vt 0.051375 0.093722
vt 0.050929 0.094318
vt 0.068643 0.092884
vt 0.069239 0.093318
vt 0.068930 0.030927
vt 0.068310 0.031348
vt 0.068310 0.031348
vt 0.067242 0.030558
vt 0.065139 0.033221
vt 0.065556 0.033594
vt 0.067242 0.030558
vt 0.067640 0.029993
vt 0.049673 0.029975
vt 0.050101 0.030575
vt 0.050101 0.030575
vt 0.049055 0.031303
vt 0.051825 0.033366
vt 0.052250 0.032876
vt 0.049055 0.031303
vt 0.048436 0.030876
vt 0.049717 0.093454
vt 0.050358 0.093043
vt 0.050358 0.093043
vt 0.051375 0.093722
vt 0.053704 0.091450
vt 0.053280 0.091072
vt 0.075372 0.100152
vt 0.074539 0.100883
vt 0.075767 0.101470
vt 0.076053 0.100830
vt 0.075375 0.023459
vt 0.076241 0.024254
vt 0.077042 0.023614
vt 0.076764 0.022936
vt 0.043832 0.100919
vt 0.043007 0.100151
vt 0.042317 0.100811
vt 0.042565 0.101456
vt 0.041623 0.024048
vt 0.042403 0.023319
vt 0.041126 0.022731
vt 0.040884 0.023388
vt 0.068643 0.092884
vt 0.067638 0.093685
vt 0.067993 0.094273
vt 0.069239 0.093318
vt 0.067242 0.030558
vt 0.068310 0.031348
vt 0.068930 0.030927
vt 0.067640 0.029993
vt 0.049055 0.031303
vt 0.050101 0.030575
vt 0.049673 0.029975
vt 0.048436 0.030876
vt 0.051375 0.093722
vt 0.050358 0.093043
vt 0.049717 0.093454
vt 0.050929 0.094318
vt 0.561176 0.983302
vt 0.561813 0.921279
vt 0.546340 0.920802
vt 0.546984 0.983010
vt 0.384923 0.405198
vt 0.383193 0.396387
vt 0.302222 0.406814
vt 0.303797 0.416804
vt 0.406800 0.758064
vt 0.407025 0.752386
vt 0.325459 0.745310
vt 0.325238 0.755428
vt 0.176675 0.589939
vt 0.172020 0.590244
vt 0.182889 0.659628
vt 0.187820 0.659034
vt 0.178597 0.519972
vt 0.173642 0.520028
vt 0.173673 0.518544
vt 0.177206 0.516262
vt 0.094739 0.455014
vt 0.091047 0.456548
vt 0.316768 0.509763
vt 0.316340 0.505843
vt 0.317465 0.505944
vt 0.407765 0.505358
vt 0.406403 0.501165
vt 0.515421 0.566863
vt 0.511537 0.566115
vt 0.506349 0.631598
vt 0.510386 0.632277
vt 0.509136 0.503385
vt 0.504851 0.504642
vt 0.506098 0.499355
vt 0.530865 0.483196
vt 0.528153 0.479643
vt 0.458198 0.896460
vt 0.462968 0.896917
vt 0.470648 0.815110
vt 0.465957 0.814738
vt 0.451392 0.972047
vt 0.456052 0.972539
vt 0.439023 0.328628
vt 0.435260 0.331249
vt 0.486670 0.373006
vt 0.490819 0.370971
vt 0.433031 0.327223
vt 0.372778 0.336828
vt 0.373500 0.340752
vt 0.128388 0.871594
vt 0.123941 0.871276
vt 0.119331 0.937603
vt 0.123614 0.937451
vt 0.132893 0.805934
vt 0.128675 0.805183
vt 0.104426 0.385041
vt 0.100567 0.384815
vt 0.090422 0.442611
vt 0.094369 0.442081
vt 0.104478 0.380930
vt 0.293349 0.352865
vt 0.292598 0.348869
vt 0.186939 0.662886
vt 0.183145 0.661077
vt 0.109606 0.732934
vt 0.113463 0.733991
vt 0.326070 0.655247
vt 0.325996 0.651277
vt 0.327290 0.654959
vt 0.418644 0.648027
vt 0.418389 0.643903
vt 0.508230 0.636608
vt 0.533074 0.653149
vt 0.534840 0.649235
vt 0.467816 0.810333
vt 0.472215 0.812270
vt 0.517382 0.763434
vt 0.512933 0.762217
vt 0.404950 0.811750
vt 0.404682 0.815768
vt 0.128494 0.802617
vt 0.132297 0.801889
vt 0.114819 0.746828
vt 0.110830 0.746809
vt 0.323267 0.813946
vt 0.323506 0.809882
vt 0.520455 0.756031
vt 0.515967 0.755138
vt 0.490881 0.379620
vt 0.495106 0.377919
vt 0.113941 0.739835
vt 0.109940 0.739402
vt 0.090524 0.450084
vt 0.094432 0.449146
vt 0.335052 0.579637
vt 0.420059 0.574086
vt 0.312337 0.954631
vt 0.331995 0.885600
vt 0.398141 0.890967
vt 0.391729 0.965236
vt 0.555952 0.564030
vt 0.546984 0.564665
vt 0.544720 0.644384
vt 0.553583 0.644743
vt 0.549292 0.484919
vt 0.541241 0.486512
vt 0.063668 0.597349
vt 0.056739 0.597804
vt 0.063841 0.677059
vt 0.071033 0.676376
vt 0.060622 0.518043
vt 0.053406 0.518331
vt 0.305112 0.425168
vt 0.539901 0.565161
vt 0.534615 0.487771
vt 0.535227 0.903838
vt 0.521882 0.984919
vt -0.003499 0.601768
vt -0.005418 0.533741
vt 0.069442 0.596969
vt 0.066685 0.517815
vt 0.325636 0.736844
vt 0.537668 0.644128
vt 0.537087 0.821816
vt 0.003509 0.669515
vt 0.077073 0.675788
vt 0.393971 0.462017
vt 0.386374 0.412558
vt 0.407238 0.745855
vt 0.408725 0.692935
vt 0.488578 0.413955
vt 0.494312 0.385221
vt 0.518443 0.749184
vt 0.508178 0.721714
vt 0.453355 0.976185
vt 0.121330 0.940876
vt 0.468692 0.810766
vt 0.131120 0.802221
vt 0.522952 0.750028
vt 0.498529 0.383487
vt 0.029350 0.453048
vt 0.071379 0.453048
vt 0.071099 0.445656
vt 0.029630 0.445656
vt 0.071099 0.415404
vt 0.029630 0.415404
vt 0.029630 0.425910
vt 0.071099 0.425910
vt 0.029630 0.388587
vt 0.071099 0.388587
vt 0.071379 0.381150
vt 0.029350 0.381150
vt 0.078490 0.414806
vt 0.071099 0.415404
vt 0.071099 0.425910
vt 0.078490 0.425416
vt 0.029630 0.415404
vt 0.022239 0.414806
vt 0.022239 0.425416
vt 0.029630 0.425910
vt 0.071379 0.453048
vt 0.029350 0.453048
vt 0.031725 0.455480
vt 0.069004 0.455480
vt 0.029350 0.381150
vt 0.071379 0.381150
vt 0.069004 0.378751
vt 0.031725 0.378751
vt 0.080874 0.424658
vt 0.080874 0.414934
vt 0.078490 0.414806
vt 0.078490 0.425416
vt 0.022239 0.425416
vt 0.022239 0.414806
vt 0.019855 0.414934
vt 0.019855 0.424658
vt 0.110356 0.041549
vt 0.110354 0.081874
vt 0.147500 0.081965
vt 0.147503 0.041624
vt 0.240577 0.081883
vt 0.240580 0.041556
vt 0.203430 0.041627
vt 0.203427 0.081968
vt 0.203427 0.081968
vt 0.203430 0.041627
vt 0.147503 0.041624
vt 0.147500 0.081965
vt 0.201601 0.004523
vt 0.145689 0.004521
vt 0.147503 0.041624
vt 0.203430 0.041627
vt 0.147500 0.081965
vt 0.145682 0.119067
vt 0.201593 0.119073
vt 0.203427 0.081968
vt 0.776840 0.140208
vt 0.779885 0.121567
vt 0.766225 0.121798
vt 0.762434 0.142217
vt 0.775684 0.105225
vt 0.762804 0.100372
vt 0.750660 0.101916
vt 0.753449 0.121688
vt 0.750556 0.139197
vt 0.719364 0.121841
vt 0.723487 0.139719
vt 0.721476 0.102224
vt 0.689009 0.099756
vt 0.687128 0.120400
vt 0.690325 0.140210
vt 0.676766 0.120099
vt 0.677219 0.139405
vt 0.679654 0.098512
vt 0.665071 0.098338
vt 0.660121 0.121566
vt 0.663261 0.140165
vt 0.691795 0.039508
vt 0.684179 0.055618
vt 0.719403 0.053593
vt 0.722708 0.040043
vt 0.689980 0.076479
vt 0.714814 0.073208
vt 0.751181 0.077478
vt 0.750456 0.061878
vt 0.748996 0.044226
vt 0.717823 0.089788
vt 0.753131 0.090575
vt 0.686134 0.091102
vt 0.683505 0.161346
vt 0.714882 0.166247
vt 0.721582 0.153831
vt 0.681915 0.147641
vt 0.741690 0.159869
vt 0.752445 0.150341
vt 0.613181 0.104356
vt 0.628298 0.106568
vt 0.627672 0.096195
vt 0.608533 0.092253
vt 0.638386 0.103712
vt 0.643701 0.093705
vt 0.639495 0.080889
vt 0.626898 0.081558
vt 0.612311 0.082043
vt 0.624281 0.066899
vt 0.609742 0.070402
vt 0.640026 0.068350
vt 0.643776 0.037989
vt 0.625437 0.035558
vt 0.605595 0.041187
vt 0.623569 0.023950
vt 0.603582 0.028150
vt 0.643734 0.025160
vt 0.642132 0.008881
vt 0.627013 0.006178
vt 0.605528 0.011949
vt 0.580366 0.037972
vt 0.561002 0.032303
vt 0.570273 0.067185
vt 0.584928 0.065790
vt 0.549938 0.042324
vt 0.554695 0.067668
vt 0.560121 0.084630
vt 0.570774 0.084185
vt 0.586381 0.080034
vt 0.662978 0.078982
vt 0.668397 0.061998
vt 0.653303 0.065017
vt 0.652851 0.084776
vt 0.669633 0.036250
vt 0.654080 0.033699
vt 0.597355 0.069309
vt 0.596003 0.033525
vt 0.600573 0.086475
vt 0.368889 0.133220
vt 0.368889 0.098965
vt 0.361497 0.099245
vt 0.361497 0.132940
vt 0.361497 0.132940
vt 0.361497 0.099245
vt 0.337541 0.099258
vt 0.337541 0.132953
vt 0.337541 0.132953
vt 0.337541 0.099258
vt 0.330105 0.098978
vt 0.330105 0.133234
vt 0.360895 0.091872
vt 0.336372 0.091909
vt 0.337541 0.099258
vt 0.361497 0.099245
vt 0.336380 0.140304
vt 0.360903 0.140313
vt 0.361497 0.132940
vt 0.337541 0.132953
vt 0.368889 0.098965
vt 0.368889 0.133220
vt 0.371321 0.130845
vt 0.371321 0.101340
vt 0.330105 0.133234
vt 0.330105 0.098978
vt 0.327706 0.101353
vt 0.327706 0.130859
vt 0.336372 0.091909
vt 0.360895 0.091872
vt 0.358460 0.089500
vt 0.338746 0.089509
vt 0.360903 0.140313
vt 0.336380 0.140304
vt 0.338759 0.142699
vt 0.358474 0.142691
vt 0.288002 0.103121
vt 0.320555 0.103149
vt 0.320420 0.078229
vt 0.287852 0.078201
vt 0.320630 0.031973
vt 0.288078 0.031945
vt 0.287868 0.055428
vt 0.320436 0.055456
vt 0.320436 0.055456
vt 0.287868 0.055428
vt 0.287852 0.078201
vt 0.320420 0.078229
vt 0.264418 0.056693
vt 0.262963 0.079446
vt 0.287852 0.078201
vt 0.287868 0.055428
vt 0.320420 0.078229
vt 0.345307 0.079509
vt 0.343884 0.056754
vt 0.320436 0.055456
vt 0.078490 0.387721
vt 0.080874 0.390112
vt 0.078490 0.387721
vt 0.071099 0.388587
vt 0.071099 0.388587
vt 0.029630 0.388587
vt 0.022239 0.387721
vt 0.029630 0.388587
vt 0.022239 0.387721
vt 0.019855 0.390112
vt 0.022239 0.445358
vt 0.019855 0.442935
vt 0.022239 0.445358
vt 0.029630 0.445656
vt 0.029630 0.445656
vt 0.071099 0.445656
vt 0.078490 0.445358
vt 0.071099 0.445656
vt 0.078490 0.445358
vt 0.080874 0.442935
vt 0.405913 0.482830
vt 0.405898 0.481330
vt 0.395338 0.482204
vt 0.395734 0.483588
vt 0.570900 0.466548
vt 0.556204 0.468318
vt 0.555970 0.469931
vt 0.570930 0.468192
vt 0.543718 0.471138
vt 0.544005 0.469542
vt 0.569329 0.458699
vt 0.554891 0.460101
vt 0.555548 0.461673
vt 0.569419 0.460244
vt 0.554451 0.456919
vt 0.569766 0.455590
vt 0.542580 0.461478
vt 0.543136 0.463027
vt 0.542420 0.458285
vt 0.515626 0.465714
vt 0.515477 0.464038
vt 0.507694 0.464845
vt 0.507847 0.466540
vt 0.516607 0.472531
vt 0.516719 0.474230
vt 0.508924 0.474932
vt 0.508858 0.473228
vt 0.515371 0.460841
vt 0.507646 0.461649
vt 0.500415 0.474127
vt 0.500326 0.475851
vt 0.499091 0.465606
vt 0.499376 0.467302
vt 0.499103 0.462409
vt 0.569768 0.461839
vt 0.556147 0.463242
vt 0.556455 0.464952
vt 0.570218 0.463431
vt 0.543737 0.464534
vt 0.544129 0.466191
vt 0.570644 0.464986
vt 0.556450 0.466682
vt 0.544211 0.467915
vt 0.516408 0.470852
vt 0.508681 0.471543
vt 0.508406 0.469875
vt 0.516139 0.469138
vt 0.515859 0.467410
vt 0.508101 0.468205
vt 0.499776 0.468985
vt 0.500149 0.470685
vt 0.500376 0.472405
vt 0.395968 0.477610
vt 0.405667 0.476316
vt 0.405381 0.474821
vt 0.395863 0.476178
vt 0.461716 0.470842
vt 0.461454 0.469139
vt 0.447254 0.470620
vt 0.447406 0.472227
vt 0.462668 0.477596
vt 0.462624 0.479330
vt 0.448216 0.478802
vt 0.448268 0.480407
vt 0.461386 0.465987
vt 0.447108 0.467502
vt 0.429374 0.474036
vt 0.429600 0.472583
vt 0.413466 0.474516
vt 0.413270 0.475844
vt 0.430010 0.480223
vt 0.430469 0.481670
vt 0.413620 0.481516
vt 0.414200 0.482929
vt 0.429295 0.469494
vt 0.412980 0.471579
vt 0.406097 0.484511
vt 0.396406 0.484961
vt 0.404795 0.471842
vt 0.394775 0.473427
vt 0.462611 0.475881
vt 0.448086 0.477188
vt 0.447876 0.475497
vt 0.462402 0.474201
vt 0.462073 0.472530
vt 0.447627 0.473827
vt 0.429528 0.478818
vt 0.413185 0.480274
vt 0.413011 0.478844
vt 0.429223 0.477187
vt 0.429181 0.475519
vt 0.413041 0.477285
vt 0.395547 0.480715
vt 0.405893 0.479777
vt 0.405815 0.478025
vt 0.395831 0.479135
vt 0.889529 0.630532
vt 0.887849 0.630954
vt 0.887128 0.640498
vt 0.888550 0.640676
vt 0.890283 0.462073
vt 0.890333 0.472187
vt 0.891951 0.472056
vt 0.892013 0.461814
vt 0.892293 0.482822
vt 0.890635 0.482621
vt 0.881290 0.461877
vt 0.881777 0.472009
vt 0.883563 0.471900
vt 0.883162 0.461551
vt 0.878553 0.472473
vt 0.878233 0.462730
vt 0.881933 0.482613
vt 0.883667 0.482212
vt 0.878585 0.483012
vt 0.883976 0.509657
vt 0.882372 0.509394
vt 0.882295 0.515371
vt 0.883967 0.515509
vt 0.890813 0.509292
vt 0.892514 0.509032
vt 0.892764 0.515176
vt 0.890963 0.515290
vt 0.879116 0.509234
vt 0.879013 0.515271
vt 0.891181 0.524100
vt 0.892942 0.524304
vt 0.882288 0.524455
vt 0.884037 0.524316
vt 0.878925 0.524245
vt 0.885016 0.461563
vt 0.885144 0.471940
vt 0.886756 0.472056
vt 0.886737 0.461819
vt 0.885309 0.481968
vt 0.887070 0.482000
vt 0.888480 0.462058
vt 0.888547 0.472170
vt 0.888901 0.482270
vt 0.889196 0.509596
vt 0.889292 0.515420
vt 0.887600 0.515534
vt 0.887498 0.509793
vt 0.885698 0.509816
vt 0.885775 0.515575
vt 0.885803 0.524080
vt 0.887618 0.523924
vt 0.889427 0.523944
vt 0.882918 0.641777
vt 0.882915 0.631065
vt 0.881398 0.630451
vt 0.881303 0.641862
vt 0.883788 0.571298
vt 0.881955 0.571470
vt 0.881999 0.586508
vt 0.883735 0.586380
vt 0.891121 0.571425
vt 0.892925 0.571579
vt 0.890856 0.586392
vt 0.892520 0.586613
vt 0.878492 0.571535
vt 0.878510 0.586472
vt 0.883670 0.605131
vt 0.882070 0.604770
vt 0.882081 0.621495
vt 0.883489 0.622210
vt 0.889804 0.605216
vt 0.891333 0.604930
vt 0.889356 0.622015
vt 0.890857 0.621454
vt 0.879406 0.604758
vt 0.879218 0.621168
vt 0.891315 0.630303
vt 0.889906 0.641304
vt 0.878650 0.629706
vt 0.878846 0.640923
vt 0.889299 0.571241
vt 0.889130 0.586235
vt 0.887252 0.586192
vt 0.887433 0.571135
vt 0.885587 0.571158
vt 0.885414 0.586251
vt 0.888185 0.605516
vt 0.887960 0.622612
vt 0.886525 0.622890
vt 0.886662 0.605629
vt 0.885210 0.605481
vt 0.884981 0.622766
vt 0.885754 0.640650
vt 0.886294 0.631318
vt 0.884610 0.631396
vt 0.884428 0.641183
vt 0.887255 0.646049
vt 0.888894 0.646322
vt 0.881747 0.647148
vt 0.882982 0.647110
vt 0.888894 0.646322
vt 0.890276 0.647067
vt 0.879600 0.645818
vt 0.881747 0.647148
vt 0.884339 0.646771
vt 0.885712 0.646240
vt 0.885712 0.646240
vt 0.887255 0.646049
vt 0.383690 0.480423
vt 0.384805 0.481503
vt 0.392558 0.477210
vt 0.391103 0.476234
vt 0.387965 0.484316
vt 0.388038 0.485061
vt 0.393479 0.482116
vt 0.393612 0.480891
vt 0.387134 0.487640
vt 0.387144 0.489066
vt 0.394742 0.486936
vt 0.393677 0.485169
vt 0.388038 0.485061
vt 0.387134 0.487640
vt 0.393677 0.485169
vt 0.393479 0.482116
vt 0.386277 0.482763
vt 0.387354 0.483632
vt 0.393685 0.479891
vt 0.393530 0.478585
vt 0.384805 0.481503
vt 0.386277 0.482763
vt 0.393530 0.478585
vt 0.392558 0.477210
vt 0.395338 0.482204
vt 0.395547 0.480715
vt 0.393612 0.480891
vt 0.393479 0.482116
vt 0.395547 0.480715
vt 0.395831 0.479135
vt 0.393685 0.479891
vt 0.393612 0.480891
vt 0.395831 0.479135
vt 0.395968 0.477610
vt 0.393530 0.478585
vt 0.393685 0.479891
vt 0.395968 0.477610
vt 0.395863 0.476178
vt 0.392558 0.477210
vt 0.393530 0.478585
vt 0.395863 0.476178
vt 0.394775 0.473427
vt 0.391103 0.476234
vt 0.392558 0.477210
vt 0.396406 0.484961
vt 0.395734 0.483588
vt 0.393677 0.485169
vt 0.394742 0.486936
vt 0.395734 0.483588
vt 0.395338 0.482204
vt 0.393479 0.482116
vt 0.393677 0.485169
vt 0.887010 0.652880
vt 0.888661 0.652429
vt 0.885000 0.652925
vt 0.887010 0.652880
vt 0.883614 0.652837
vt 0.885000 0.652925
vt 0.882689 0.652727
vt 0.881982 0.652263
vt 0.879532 0.650791
vt 0.881982 0.652263
vt 0.888661 0.652429
vt 0.890243 0.652358
vt 0.881281 0.455214
vt 0.878281 0.455403
vt 0.888529 0.454660
vt 0.887836 0.456231
vt 0.882586 0.456483
vt 0.881281 0.455214
vt 0.885205 0.458677
vt 0.883631 0.458032
vt 0.883631 0.458032
vt 0.882586 0.456483
vt 0.887836 0.456231
vt 0.886952 0.457817
vt 0.886952 0.457817
vt 0.885205 0.458677
vt 0.576277 0.461918
vt 0.576209 0.459211
vt 0.573671 0.459543
vt 0.573266 0.462008
vt 0.576254 0.463592
vt 0.576277 0.461918
vt 0.573266 0.462008
vt 0.573031 0.463334
vt 0.576209 0.459211
vt 0.575885 0.457790
vt 0.573375 0.458034
vt 0.573671 0.459543
vt 0.575673 0.468310
vt 0.575967 0.466563
vt 0.573018 0.466440
vt 0.573544 0.468065
vt 0.575885 0.457790
vt 0.575030 0.456063
vt 0.572362 0.456408
vt 0.573375 0.458034
vt 0.576069 0.465095
vt 0.576254 0.463592
vt 0.573031 0.463334
vt 0.572897 0.464832
vt 0.575967 0.466563
vt 0.576069 0.465095
vt 0.572897 0.464832
vt 0.573018 0.466440
vt 0.569329 0.458699
vt 0.569419 0.460244
vt 0.573671 0.459543
vt 0.573375 0.458034
vt 0.569419 0.460244
vt 0.569768 0.461839
vt 0.573266 0.462008
vt 0.573671 0.459543
vt 0.569768 0.461839
vt 0.570218 0.463431
vt 0.573031 0.463334
vt 0.573266 0.462008
vt 0.570218 0.463431
vt 0.570644 0.464986
vt 0.572897 0.464832
vt 0.573031 0.463334
vt 0.570644 0.464986
vt 0.570900 0.466548
vt 0.573018 0.466440
vt 0.572897 0.464832
vt 0.570900 0.466548
vt 0.570930 0.468192
vt 0.573544 0.468065
vt 0.573018 0.466440
vt 0.569766 0.455590
vt 0.569329 0.458699
vt 0.573375 0.458034
vt 0.572362 0.456408
vt 0.580563 0.461757
vt 0.579240 0.458277
vt 0.579240 0.458277
vt 0.578190 0.456385
vt 0.578190 0.456385
vt 0.577212 0.454672
vt 0.578097 0.469037
vt 0.578819 0.467362
vt 0.578819 0.467362
vt 0.579590 0.465642
vt 0.579590 0.465642
vt 0.580278 0.463755
vt 0.580278 0.463755
vt 0.580563 0.461757
vn 0.001380 -0.754867 0.655876
vn -0.001380 -0.754867 0.655876
vn -0.001600 -0.774530 0.632535
vn 0.001600 -0.774530 0.632535
vn -0.502566 -0.858553 0.101560
vn -0.461150 -0.881198 0.104069
vn -0.453115 -0.885060 0.106561
vn -0.506663 -0.855989 0.102839
vn 0.004312 0.992142 -0.125044
vn 0.003974 0.991086 -0.133162
vn 0.999265 0.038307 -0.001670
vn 0.999735 0.023010 -0.000367
vn 0.037462 -0.049475 -0.998072
vn 0.035621 -0.038125 -0.998638
vn -0.021421 0.991846 -0.125626
vn 0.999839 -0.017245 0.004956
vn 0.038227 -0.080940 -0.995986
vn 0.999839 -0.017245 0.004956
vn 0.999779 -0.020086 0.006150
vn 0.000330 -0.991928 0.126799
vn -0.000259 -0.992635 0.121142
vn -0.000259 -0.992635 0.121142
vn 0.003236 -0.992701 0.120558
vn 0.036318 -0.038912 -0.998582
vn 0.038227 -0.080940 -0.995986
vn -0.001144 0.758922 0.651181
vn -0.001540 0.801843 0.597532
vn -0.992797 -0.042021 0.112194
vn -0.986536 -0.065801 0.149725
vn -0.001380 -0.754867 0.655876
vn 0.001380 -0.754867 0.655876
vn 0.001273 0.758864 0.651248
vn -0.987592 -0.090383 0.128422
vn -0.001600 -0.774530 0.632535
vn -0.987592 -0.090383 0.128422
vn -0.991110 -0.075126 0.109802
vn -0.001840 -0.815470 -0.578797
vn -0.001315 -0.772049 -0.635561
vn -0.001315 -0.772049 -0.635561
vn 0.001490 -0.772123 -0.635471
vn 0.001600 -0.774530 0.632535
vn -0.001600 -0.774530 0.632535
vn 0.999812 0.011876 0.015332
vn 0.999682 0.017703 0.017938
vn 0.001170 0.799204 0.601058
vn 0.001600 -0.774530 0.632535
vn 0.999922 -0.011164 -0.005683
vn 0.001490 -0.772123 -0.635471
vn 0.001624 -0.811823 -0.583902
vn 0.999959 -0.008359 -0.003420
vn 0.999922 -0.011164 -0.005683
vn 0.999779 -0.020086 0.006150
vn 0.703776 -0.707366 0.065819
vn 0.001529 -0.992295 0.123885
vn 0.000330 -0.991928 0.126799
vn 0.999475 -0.030980 -0.009512
vn 0.001535 -0.997956 0.063877
vn -0.999877 0.015349 -0.003281
vn -0.999857 0.016889 0.000830
vn -0.001344 0.998819 0.048572
vn -0.001411 0.997513 -0.070465
vn -0.001108 0.990733 -0.135818
vn -0.999917 0.012097 -0.004321
vn -0.007776 0.990988 -0.133725
vn -0.998897 0.007029 0.046432
vn 0.001423 0.997583 -0.069473
vn 0.001363 0.998822 0.048503
vn 0.999821 0.017330 -0.007512
vn 0.999087 0.040177 -0.014540
vn 0.706509 0.697742 -0.118324
vn 0.001842 0.990752 -0.135672
vn 0.029708 0.184019 -0.982473
vn 0.036318 -0.038912 -0.998582
vn 0.003236 -0.992701 0.120558
vn 0.282878 -0.951834 0.118290
vn 0.852514 -0.518880 0.063114
vn 0.038280 0.185054 -0.981982
vn 0.893384 -0.446232 0.052362
vn 0.039057 0.174306 -0.983917
vn 0.038280 0.185054 -0.981982
vn -0.373445 0.919655 -0.121541
vn -0.021421 0.991846 -0.125626
vn 0.035621 -0.038125 -0.998638
vn 0.015333 0.219399 -0.975515
vn -0.006810 0.220041 -0.975467
vn -0.844015 0.532129 -0.066912
vn -0.001800 0.193757 -0.981048
vn -0.902303 0.427743 -0.053706
vn 0.039057 0.174306 -0.983917
vn 0.894836 -0.443135 0.053838
vn 0.811791 -0.579386 0.072846
vn 0.183108 -0.975677 0.120520
vn -0.599563 -0.071898 0.797091
vn -0.219467 -0.050349 0.974320
vn -0.185922 -0.060447 0.980703
vn -0.185922 -0.060447 0.980703
vn -0.236079 -0.036436 0.971051
vn -0.901117 0.430451 -0.051954
vn -0.279945 -0.023371 0.959731
vn -0.643697 -0.034880 0.764485
vn -0.342066 0.931682 -0.122308
vn -0.804797 0.589060 -0.072871
vn -0.007776 0.990988 -0.133725
vn -0.998897 0.007029 0.046432
vn 0.999475 -0.030980 -0.009512
vn 0.999902 -0.010462 -0.009321
vn 0.001531 -0.998650 -0.051928
vn 0.001535 -0.997956 0.063877
vn -0.001501 -0.997891 0.064888
vn -0.001510 -0.998648 -0.051964
vn -0.999938 -0.011105 -0.000568
vn -0.999911 -0.013287 -0.001240
vn -0.999911 -0.013287 -0.001240
vn -0.999911 -0.013298 -0.000819
vn -0.001333 -0.992273 0.124066
vn -0.001501 -0.997891 0.064888
vn -0.999911 -0.013298 -0.000819
vn -0.993624 -0.023835 0.110196
vn 0.000752 -0.991869 0.127264
vn -0.001333 -0.992273 0.124066
vn 0.000752 -0.991869 0.127264
vn -0.993624 -0.023835 0.110196
vn -0.001510 -0.998648 -0.051964
vn -0.001840 -0.815470 -0.578797
vn -0.991110 -0.075126 0.109802
vn -0.999938 -0.011105 -0.000568
vn 0.001624 -0.811823 -0.583902
vn 0.001531 -0.998650 -0.051928
vn 0.999902 -0.010462 -0.009321
vn 0.999959 -0.008359 -0.003420
vn 0.000752 -0.991869 0.127264
vn 0.999474 -0.000241 -0.032437
vn 0.999258 -0.001295 -0.038488
vn 0.999258 -0.001295 -0.038488
vn 0.999534 0.000093 -0.030520
vn -0.001501 -0.997891 0.064888
vn -0.001333 -0.992273 0.124066
vn -0.999911 -0.013298 -0.000819
vn -0.999911 -0.013287 -0.001240
vn -0.219467 -0.050349 0.974320
vn -0.599563 -0.071898 0.797091
vn 0.029708 0.184019 -0.982473
vn 0.038280 0.185054 -0.981982
vn 0.999905 0.003062 -0.013467
vn 0.999905 0.003062 -0.013467
vn -0.993624 -0.023835 0.110196
vn -0.993624 -0.023835 0.110196
vn 0.036318 -0.038912 -0.998582
vn -0.999938 -0.011105 -0.000568
vn -0.991110 -0.075126 0.109802
vn -0.001510 -0.998648 -0.051964
vn 0.001531 -0.998650 -0.051928
vn 0.001624 -0.811823 -0.583902
vn -0.001840 -0.815470 -0.578797
vn 0.999959 -0.008359 -0.003420
vn 0.999902 -0.010462 -0.009321
vn 0.999475 -0.030980 -0.009512
vn 0.036318 -0.038912 -0.998582
vn 0.999779 -0.020086 0.006150
vn -0.000259 -0.992635 0.121142
vn 0.038227 -0.080940 -0.995986
vn 0.999839 -0.017245 0.004956
vn -0.001600 -0.774530 0.632535
vn 0.001600 -0.774530 0.632535
vn -0.461150 -0.881198 0.104069
vn -0.185922 -0.060447 0.980703
vn 0.000000 -0.993096 0.117303
vn 0.000000 -0.993096 0.117303
vn 0.000000 -0.993096 0.117303
vn 0.000000 -0.993096 0.117303
vn 0.000000 0.081572 0.996667
vn 0.000000 0.081572 0.996667
vn 0.000000 0.081572 0.996667
vn 0.000000 0.081572 0.996667
vn 0.000000 0.991897 -0.127047
vn 0.000000 0.991897 -0.127047
vn 0.000000 0.991897 -0.127047
vn 0.000000 0.991897 -0.127047
vn 0.000000 0.371690 -0.928357
vn 0.000000 0.371690 -0.928357
vn 0.000000 0.371690 -0.928357
vn 0.000000 0.371690 -0.928357
vn 0.000000 -0.990263 0.139211
vn 0.000000 -0.990263 0.139211
vn 0.000000 -0.990263 0.139211
vn 0.000000 -0.990263 0.139211
vn 0.000000 0.987318 -0.158753
vn 0.000000 0.987318 -0.158753
vn 0.000000 0.987318 -0.158753
vn 0.000000 0.987318 -0.158753
vn 0.000000 0.118241 0.992985
vn 0.000000 0.118241 0.992985
vn 0.000000 0.118241 0.992985
vn -0.000000 -0.118241 -0.992985
vn -0.000000 -0.118241 -0.992985
vn -0.000000 -0.118241 -0.992985
vn -0.622162 0.777396 -0.092572
vn -0.622162 0.777396 -0.092572
vn -0.622162 0.777396 -0.092572
vn -0.622162 0.777396 -0.092572
vn -0.530514 0.602688 -0.596088
vn -0.530514 0.602688 -0.596088
vn -0.530514 0.602688 -0.596088
vn -0.530514 0.602688 -0.596088
vn -0.530506 0.725813 0.437903
vn -0.530506 0.725813 0.437903
vn -0.530506 0.725813 0.437903
vn -0.530506 0.725813 0.437903
vn -0.000000 0.118241 0.992985
vn -0.000000 0.118241 0.992985
vn -0.000000 0.118241 0.992985
vn -0.000000 -0.118241 -0.992985
vn -0.000000 -0.118241 -0.992985
vn -0.000000 -0.118241 -0.992985
vn -0.622163 0.777395 -0.092572
vn -0.622163 0.777395 -0.092572
vn -0.622163 0.777395 -0.092572
vn -0.622163 0.777395 -0.092572
vn -0.530507 0.602687 -0.596096
vn -0.530507 0.602687 -0.596096
vn -0.530507 0.602687 -0.596096
vn -0.530507 0.602687 -0.596096
vn -0.530502 0.725815 0.437904
vn -0.530502 0.725815 0.437904
vn -0.530502 0.725815 0.437904
vn -0.530502 0.725815 0.437904
vn -0.001380 -0.754867 0.655876
vn -0.001600 -0.774530 0.632535
vn 0.001600 -0.774530 0.632535
vn 0.001380 -0.754867 0.655876
vn 0.502566 -0.858553 0.101560
vn 0.506663 -0.855989 0.102839
vn 0.453115 -0.885060 0.106561
vn 0.461150 -0.881198 0.104069
vn -0.004312 0.992142 -0.125044
vn -0.999735 0.023010 -0.000367
vn -0.999265 0.038307 -0.001670
vn -0.003974 0.991086 -0.133162
vn -0.037462 -0.049475 -0.998072
vn 0.021421 0.991846 -0.125626
vn -0.035621 -0.038125 -0.998638
vn -0.038227 -0.080940 -0.995986
vn -0.999839 -0.017245 0.004956
vn -0.999839 -0.017245 0.004956
vn 0.000259 -0.992635 0.121142
vn -0.000330 -0.991928 0.126799
vn -0.999779 -0.020086 0.006150
vn 0.000259 -0.992635 0.121142
vn -0.038227 -0.080940 -0.995986
vn -0.036318 -0.038912 -0.998582
vn -0.003236 -0.992701 0.120558
vn 0.001144 0.758922 0.651181
vn 0.986536 -0.065801 0.149725
vn 0.992797 -0.042021 0.112194
vn 0.001540 0.801843 0.597532
vn 0.001380 -0.754867 0.655876
vn -0.001273 0.758864 0.651248
vn -0.001380 -0.754867 0.655876
vn 0.001600 -0.774530 0.632535
vn 0.987592 -0.090383 0.128422
vn 0.987592 -0.090383 0.128422
vn 0.001315 -0.772049 -0.635561
vn 0.001840 -0.815470 -0.578797
vn 0.991110 -0.075126 0.109802
vn 0.001315 -0.772049 -0.635561
vn 0.001600 -0.774530 0.632535
vn -0.001600 -0.774530 0.632535
vn -0.001490 -0.772123 -0.635471
vn -0.999812 0.011876 0.015332
vn -0.001170 0.799204 0.601058
vn -0.999682 0.017703 0.017938
vn -0.999922 -0.011164 -0.005683
vn -0.001600 -0.774530 0.632535
vn -0.001490 -0.772123 -0.635471
vn -0.999922 -0.011164 -0.005683
vn -0.999959 -0.008359 -0.003420
vn -0.001624 -0.811823 -0.583902
vn -0.999779 -0.020086 0.006150
vn -0.000330 -0.991928 0.126799
vn -0.001529 -0.992295 0.123885
vn -0.703777 -0.707366 0.065819
vn -0.001535 -0.997956 0.063877
vn -0.999475 -0.030980 -0.009512
vn 0.999877 0.015349 -0.003281
vn 0.001411 0.997513 -0.070465
vn 0.001344 0.998819 0.048572
vn 0.999857 0.016889 0.000830
vn 0.999917 0.012097 -0.004321
vn 0.001108 0.990733 -0.135818
vn 0.998897 0.007029 0.046432
vn 0.007776 0.990988 -0.133725
vn -0.001423 0.997583 -0.069473
vn -0.999087 0.040177 -0.014540
vn -0.999821 0.017330 -0.007512
vn -0.001363 0.998822 0.048503
vn -0.001842 0.990752 -0.135672
vn -0.706509 0.697742 -0.118324
vn -0.029708 0.184019 -0.982473
vn -0.282878 -0.951834 0.118290
vn -0.003236 -0.992701 0.120558
vn -0.036318 -0.038912 -0.998582
vn -0.038280 0.185054 -0.981982
vn -0.852514 -0.518880 0.063114
vn -0.038280 0.185054 -0.981982
vn -0.039057 0.174306 -0.983917
vn -0.893384 -0.446232 0.052362
vn 0.373445 0.919655 -0.121541
vn -0.015333 0.219399 -0.975515
vn -0.035621 -0.038125 -0.998638
vn 0.021421 0.991846 -0.125626
vn 0.844015 0.532129 -0.066912
vn 0.006810 0.220041 -0.975467
vn 0.902303 0.427743 -0.053706
vn 0.001800 0.193757 -0.981048
vn -0.039057 0.174306 -0.983917
vn -0.894836 -0.443135 0.053838
vn -0.811791 -0.579387 0.072846
vn 0.219467 -0.050349 0.974320
vn 0.599563 -0.071898 0.797091
vn -0.183108 -0.975677 0.120520
vn 0.185922 -0.060447 0.980703
vn 0.185922 -0.060447 0.980703
vn 0.236079 -0.036436 0.971051
vn 0.901117 0.430451 -0.051954
vn 0.279945 -0.023371 0.959731
vn 0.804797 0.589060 -0.072871
vn 0.342066 0.931682 -0.122308
vn 0.643697 -0.034880 0.764485
vn 0.007776 0.990988 -0.133725
vn 0.998897 0.007029 0.046432
vn -0.999475 -0.030980 -0.009512
vn -0.001535 -0.997956 0.063877
vn -0.001531 -0.998650 -0.051928
vn -0.999902 -0.010462 -0.009321
vn 0.001501 -0.997891 0.064888
vn 0.999911 -0.013287 -0.001240
vn 0.999938 -0.011105 -0.000568
vn 0.001510 -0.998648 -0.051964
vn 0.999911 -0.013287 -0.001240
vn 0.001501 -0.997891 0.064888
vn 0.001333 -0.992273 0.124066
vn 0.999911 -0.013298 -0.000819
vn 0.999911 -0.013298 -0.000819
vn 0.001333 -0.992273 0.124066
vn -0.000752 -0.991869 0.127264
vn 0.993624 -0.023835 0.110196
vn 0.993624 -0.023835 0.110196
vn -0.000752 -0.991869 0.127264
vn 0.001510 -0.998648 -0.051964
vn 0.999938 -0.011105 -0.000568
vn 0.991110 -0.075126 0.109802
vn 0.001840 -0.815470 -0.578797
vn -0.001624 -0.811823 -0.583902
vn -0.999959 -0.008359 -0.003420
vn -0.999902 -0.010462 -0.009321
vn -0.001531 -0.998650 -0.051928
vn -0.000752 -0.991869 0.127264
vn -0.999474 -0.000241 -0.032437
vn -0.999534 0.000093 -0.030520
vn -0.999258 -0.001295 -0.038488
vn -0.999258 -0.001295 -0.038488
vn 0.001333 -0.992273 0.124066
vn 0.001501 -0.997891 0.064888
vn 0.999911 -0.013287 -0.001240
vn 0.999911 -0.013298 -0.000819
vn 0.599563 -0.071898 0.797091
vn 0.219467 -0.050349 0.974320
vn -0.029708 0.184019 -0.982473
vn -0.038280 0.185054 -0.981982
vn -0.999905 0.003062 -0.013467
vn -0.999905 0.003062 -0.013467
vn 0.993624 -0.023835 0.110196
vn 0.993624 -0.023835 0.110196
vn -0.036318 -0.038912 -0.998582
vn 0.991110 -0.075126 0.109802
vn 0.999938 -0.011105 -0.000568
vn 0.001510 -0.998648 -0.051964
vn 0.001840 -0.815470 -0.578797
vn -0.001624 -0.811823 -0.583902
vn -0.001531 -0.998650 -0.051928
vn -0.999902 -0.010462 -0.009321
vn -0.999959 -0.008359 -0.003420
vn -0.999475 -0.030980 -0.009512
vn -0.036318 -0.038912 -0.998582
vn -0.999779 -0.020086 0.006150
vn 0.000259 -0.992635 0.121142
vn -0.999839 -0.017245 0.004956
vn -0.038227 -0.080940 -0.995986
vn 0.001600 -0.774530 0.632535
vn -0.001600 -0.774530 0.632535
vn 0.461150 -0.881198 0.104069
vn 0.185922 -0.060447 0.980703
vn 0.000000 -0.993096 0.117303
vn 0.000000 -0.993096 0.117303
vn 0.000000 -0.993096 0.117303
vn 0.000000 -0.993096 0.117303
vn 0.000000 0.081572 0.996667
vn 0.000000 0.081572 0.996667
vn 0.000000 0.081572 0.996667
vn 0.000000 0.081572 0.996667
vn 0.000000 0.991897 -0.127047
vn 0.000000 0.991897 -0.127047
vn 0.000000 0.991897 -0.127047
vn 0.000000 0.991897 -0.127047
vn 0.000000 0.371690 -0.928357
vn 0.000000 0.371690 -0.928357
vn 0.000000 0.371690 -0.928357
vn 0.000000 0.371690 -0.928357
vn 0.000000 -0.990263 0.139211
vn 0.000000 -0.990263 0.139211
vn 0.000000 -0.990263 0.139211
vn 0.000000 -0.990263 0.139211
vn 0.000000 0.987318 -0.158753
vn 0.000000 0.987318 -0.158753
vn 0.000000 0.987318 -0.158753
vn 0.000000 0.987318 -0.158753
vn -0.000000 0.118241 0.992985
vn -0.000000 0.118241 0.992985
vn -0.000000 0.118241 0.992985
vn 0.000000 -0.118241 -0.992985
vn 0.000000 -0.118241 -0.992985
vn 0.000000 -0.118241 -0.992985
vn 0.622162 0.777396 -0.092572
vn 0.622162 0.777396 -0.092572
vn 0.622162 0.777396 -0.092572
vn 0.622162 0.777396 -0.092572
vn 0.000000 0.118241 0.992985
vn 0.000000 0.118241 0.992985
vn 0.000000 0.118241 0.992985
vn 0.000000 -0.118241 -0.992985
vn 0.000000 -0.118241 -0.992985
vn 0.000000 -0.118241 -0.992985
vn 0.622163 0.777395 -0.092572
vn 0.622163 0.777395 -0.092572
vn 0.622163 0.777395 -0.092572
vn 0.622163 0.777395 -0.092572
vn 0.530514 0.602688 -0.596088
vn 0.530514 0.602688 -0.596088
vn 0.530514 0.602688 -0.596088
vn 0.530514 0.602689 -0.596088
vn 0.530506 0.725813 0.437903
vn 0.530506 0.725813 0.437903
vn 0.530506 0.725813 0.437903
vn 0.530506 0.725813 0.437903
vn 0.530507 0.602687 -0.596096
vn 0.530507 0.602687 -0.596096
vn 0.530507 0.602687 -0.596096
vn 0.530507 0.602687 -0.596096
vn 0.530502 0.725815 0.437904
vn 0.530502 0.725815 0.437904
vn 0.530502 0.725815 0.437904
vn 0.530502 0.725815 0.437904
vn 0.105068 0.562513 0.820085
vn 0.105005 0.562283 0.820251
vn 0.104673 0.562058 0.820447
vn 0.104880 0.562710 0.819974
vn -0.995413 0.035716 0.088758
vn -0.995413 0.035716 0.088758
vn -0.995413 0.035716 0.088758
vn -0.995413 0.035716 0.088758
vn 0.018145 -0.787874 0.615570
vn 0.018145 -0.787874 0.615570
vn 0.018145 -0.787874 0.615570
vn 0.018145 -0.787874 0.615570
vn 0.071839 0.553730 0.829591
vn 0.071245 0.554000 0.829462
vn 0.071171 0.554350 0.829235
vn 0.071949 0.554622 0.828986
vn 0.995515 -0.045469 -0.082955
vn 0.995515 -0.045469 -0.082955
vn 0.995515 -0.045469 -0.082955
vn 0.995515 -0.045469 -0.082955
vn 0.148661 0.585538 0.796897
vn 0.152990 0.582464 0.798329
vn 0.152857 0.579435 0.800556
vn 0.147507 0.575548 0.804355
vn 0.078146 0.590283 0.803405
vn 0.078194 0.591035 0.802847
vn 0.078813 0.591646 0.802336
vn 0.078643 0.589636 0.803831
vn -0.053295 0.800321 -0.597199
vn -0.053295 0.800321 -0.597199
vn -0.053295 0.800321 -0.597199
vn -0.053295 0.800321 -0.597199
vn 0.995377 -0.036103 -0.089006
vn 0.995377 -0.036103 -0.089006
vn 0.995377 -0.036103 -0.089006
vn 0.995377 -0.036103 -0.089006
vn -0.036940 0.795650 -0.604629
vn -0.036940 0.795650 -0.604629
vn -0.036940 0.795650 -0.604629
vn -0.036940 0.795650 -0.604629
vn -0.995585 0.044333 0.082735
vn -0.995585 0.044333 0.082735
vn -0.995585 0.044333 0.082735
vn -0.995585 0.044333 0.082735
vn 0.055093 -0.797779 0.600427
vn 0.055093 -0.797779 0.600427
vn 0.055093 -0.797779 0.600427
vn 0.055093 -0.797779 0.600427
vn -0.636693 0.423895 0.644154
vn -0.636693 0.423895 0.644154
vn -0.636693 0.423895 0.644154
vn -0.636693 0.423895 0.644154
vn -0.692235 -0.533271 0.486244
vn -0.692234 -0.533271 0.486244
vn -0.692234 -0.533271 0.486244
vn -0.692235 -0.533271 0.486244
vn 0.066356 -0.142693 0.987540
vn 0.066356 -0.142693 0.987540
vn 0.066356 -0.142693 0.987540
vn 0.066356 -0.142693 0.987540
vn 0.741703 -0.563011 0.364548
vn 0.741703 -0.563011 0.364548
vn 0.741703 -0.563011 0.364548
vn 0.741703 -0.563011 0.364548
vn 0.794763 0.363059 0.486355
vn 0.794763 0.363059 0.486355
vn 0.794763 0.363059 0.486355
vn 0.794763 0.363059 0.486355
vn 0.024946 0.983496 0.179204
vn 0.024946 0.983496 0.179204
vn 0.024946 0.983496 0.179204
vn 0.024946 0.983496 0.179204
vn -0.723010 0.588416 -0.361971
vn -0.723010 0.588416 -0.361971
vn -0.723010 0.588416 -0.361971
vn -0.723010 0.588416 -0.361971
vn 0.694924 0.534439 -0.481099
vn 0.694924 0.534439 -0.481099
vn 0.694924 0.534439 -0.481099
vn 0.694924 0.534439 -0.481099
vn 0.694616 0.530122 -0.486291
vn 0.694616 0.530122 -0.486291
vn 0.694616 0.530122 -0.486291
vn 0.694616 0.530122 -0.486291
vn 0.776408 0.368174 0.511506
vn 0.776408 0.368174 0.511506
vn 0.776408 0.368174 0.511506
vn 0.776408 0.368174 0.511506
vn 0.022806 0.982497 0.184878
vn 0.022806 0.982497 0.184878
vn 0.022806 0.982497 0.184878
vn 0.022806 0.982497 0.184878
vn -0.756236 0.559089 -0.339893
vn -0.756236 0.559089 -0.339893
vn -0.756236 0.559089 -0.339893
vn -0.756236 0.559089 -0.339893
vn -0.626407 0.452151 0.634959
vn -0.626407 0.452151 0.634959
vn -0.626407 0.452151 0.634959
vn -0.626407 0.452151 0.634959
vn -0.696050 -0.529860 0.484523
vn -0.696050 -0.529860 0.484523
vn -0.696050 -0.529860 0.484523
vn -0.696050 -0.529860 0.484523
vn 0.088702 -0.125324 0.988143
vn 0.088702 -0.125324 0.988142
vn 0.088702 -0.125324 0.988143
vn 0.088702 -0.125324 0.988143
vn 0.722789 -0.588157 0.362834
vn 0.722789 -0.588157 0.362834
vn 0.722789 -0.588157 0.362834
vn 0.722789 -0.588157 0.362834
vn -0.264450 0.209194 0.941437
vn -0.264450 0.209194 0.941437
vn -0.264450 0.209194 0.941437
vn -0.264450 0.209194 0.941437
vn 0.441283 0.191827 0.876625
vn 0.441283 0.191827 0.876625
vn 0.441283 0.191827 0.876625
vn 0.441283 0.191827 0.876625
vn -0.281212 0.793643 0.539491
vn -0.281212 0.793643 0.539491
vn -0.281212 0.793643 0.539491
vn -0.281212 0.793643 0.539491
vn 0.430756 0.781494 0.451348
vn 0.430756 0.781494 0.451348
vn 0.430756 0.781494 0.451348
vn 0.430756 0.781494 0.451348
vn 0.550513 0.785244 0.283420
vn 0.550513 0.785244 0.283420
vn 0.550513 0.785244 0.283420
vn 0.550513 0.785244 0.283420
vn -0.433271 0.796340 0.422041
vn -0.433271 0.796340 0.422041
vn -0.433271 0.796340 0.422041
vn -0.433271 0.796340 0.422041
vn -0.387627 0.126855 0.913046
vn -0.387627 0.126855 0.913046
vn -0.387627 0.126855 0.913046
vn -0.387627 0.126855 0.913046
vn 0.542907 0.031040 0.839219
vn 0.542907 0.031040 0.839219
vn 0.542907 0.031040 0.839219
vn 0.542907 0.031040 0.839219
vn 0.069508 0.574636 0.815452
vn 0.069508 0.574636 0.815452
vn 0.069508 0.574636 0.815452
vn 0.069508 0.574636 0.815452
vn -0.999875 0.004703 -0.015072
vn -0.984626 -0.174448 0.008960
vn -0.975560 -0.217714 0.029704
vn -0.999643 -0.005000 0.026238
vn 0.988513 -0.149157 0.024362
vn 0.998417 0.053412 -0.017642
vn 0.999637 0.008146 0.025676
vn 0.975410 -0.218024 0.032261
vn -0.000019 0.997726 0.067402
vn 0.000000 0.724791 0.688968
vn 0.115417 0.723056 0.681079
vn 0.034115 0.997332 0.064538
vn -0.033940 0.997339 0.064525
vn -0.115334 0.723072 0.681076
vn -0.115334 0.723072 0.681076
vn -0.982144 0.185777 0.029652
vn -0.984838 0.164877 0.053950
vn -0.108290 0.679015 0.726093
vn -0.037107 0.994735 -0.095527
vn -0.974939 0.222471 0.000745
vn -0.974939 0.222471 0.000745
vn -0.044723 0.933382 -0.356086
vn -0.929998 0.356549 -0.089317
vn 0.001591 0.491396 -0.870935
vn 0.008901 0.951992 -0.305993
vn 0.057790 0.953255 -0.296588
vn 0.117880 0.490470 -0.863448
vn -0.117461 0.487061 -0.865433
vn -0.030831 0.950121 -0.310353
vn -0.873412 0.462910 -0.151215
vn -0.141772 0.251027 -0.957542
vn -0.926574 0.350218 -0.137141
vn 0.000286 -0.999914 -0.013139
vn 0.000003 -0.736863 -0.676042
vn 0.064362 -0.733083 -0.677087
vn 0.038800 -0.999199 -0.009802
vn -0.036541 -0.999263 -0.011740
vn -0.064409 -0.734747 -0.675276
vn -0.064409 -0.734747 -0.675276
vn -0.976582 -0.213498 -0.026575
vn -0.982261 -0.171751 -0.075265
vn -0.067079 -0.689846 -0.720842
vn -0.036541 -0.999263 -0.011740
vn -0.033129 -0.999366 0.013045
vn -0.968649 -0.247980 0.015007
vn 0.000568 -0.999683 0.025186
vn 0.000013 -0.472611 0.881271
vn -0.087543 -0.468847 0.878930
vn -0.034143 -0.999069 0.026378
vn 0.035011 -0.999048 0.026006
vn 0.087491 -0.468824 0.878948
vn -0.957118 -0.287223 0.037801
vn -0.087543 -0.468847 0.878930
vn -0.100866 -0.409306 0.906804
vn -0.975624 -0.214779 0.045027
vn -0.034143 -0.999069 0.026378
vn -0.956108 -0.291425 0.030460
vn -0.030003 -0.999454 0.013825
vn 0.981787 0.187528 0.030455
vn 0.115417 0.723056 0.681079
vn 0.108369 0.678940 0.726151
vn 0.984508 0.166559 0.054791
vn 0.975355 0.220592 -0.004704
vn 0.046956 0.993744 -0.101333
vn 0.975355 0.220592 -0.004704
vn 0.936818 0.337487 -0.092054
vn 0.074139 0.931420 -0.356314
vn 0.892649 0.435141 -0.117602
vn 0.930184 0.350132 -0.110296
vn 0.143325 0.252261 -0.956986
vn 0.989314 -0.145798 0.000536
vn 0.064362 -0.733083 -0.677087
vn 0.062457 -0.690099 -0.721014
vn 0.989996 -0.122480 -0.070045
vn 0.974135 -0.223517 0.033187
vn 0.031824 -0.999380 0.015068
vn 0.087491 -0.468824 0.878948
vn 0.957574 -0.285482 0.039387
vn 0.975976 -0.212841 0.046570
vn 0.100776 -0.409311 0.906812
vn 0.031205 -0.999419 0.013678
vn 0.955712 -0.292429 0.033150
vn 0.123145 -0.363129 -0.923565
vn 0.995459 0.055272 -0.077494
vn -0.997333 0.002209 -0.072959
vn -0.123418 -0.362855 -0.923637
vn 0.999206 -0.004881 0.039540
vn 0.150624 -0.137976 0.978915
vn -0.150655 -0.138114 0.978891
vn -0.999244 -0.006570 0.038318
vn 0.004878 0.987974 -0.154543
vn 0.010730 0.937744 -0.347161
vn -0.030003 -0.999454 0.013825
vn 0.000660 -0.999925 0.012225
vn 0.000583 -0.999928 0.011959
vn -0.033129 -0.999366 0.013045
vn -0.000004 -0.688511 -0.725226
vn -0.000000 -0.366955 -0.930239
vn 0.123145 -0.363129 -0.923565
vn 0.062457 -0.690099 -0.721014
vn -0.067079 -0.689846 -0.720842
vn -0.123418 -0.362855 -0.923637
vn 0.000006 -0.139994 0.990152
vn 0.000004 -0.409995 0.912088
vn 0.100776 -0.409311 0.906812
vn 0.150624 -0.137976 0.978915
vn -0.150655 -0.138114 0.978891
vn -0.100866 -0.409306 0.906804
vn -0.985551 0.169229 0.007129
vn -0.000021 0.287285 -0.957845
vn -0.141772 0.251027 -0.957542
vn -0.000004 -0.688511 -0.725226
vn -0.067079 -0.689846 -0.720842
vn 0.000013 -0.472611 0.881271
vn -0.087543 -0.468847 0.878930
vn -0.000008 0.680923 0.732355
vn -0.108290 0.679015 0.726093
vn 0.985083 0.172080 -0.000083
vn 0.143325 0.252261 -0.956986
vn 0.062457 -0.690099 -0.721014
vn 0.087491 -0.468824 0.878948
vn 0.108369 0.678940 0.726151
vn -0.929998 0.356549 -0.089317
vn -0.957697 0.279651 -0.067908
vn 0.959272 0.274210 -0.067868
vn 0.936818 0.337487 -0.092054
vn -0.873412 0.462910 -0.151215
vn -0.926574 0.350218 -0.137141
vn 0.930184 0.350132 -0.110296
vn 0.892649 0.435141 -0.117602
vn -0.976582 -0.213498 -0.026575
vn -0.957118 -0.287223 0.037801
vn 0.989314 -0.145798 0.000536
vn 0.957574 -0.285482 0.039387
vn 0.143325 0.252261 -0.956986
vn -0.141772 0.251027 -0.957542
vn 0.000000 0.283899 0.958854
vn 0.000000 0.283899 0.958854
vn 0.000000 0.283899 0.958854
vn 0.000000 0.283899 0.958854
vn 0.000000 0.956849 -0.290586
vn 0.000000 0.956849 -0.290586
vn 0.000000 0.928358 -0.371687
vn 0.000000 0.928358 -0.371687
vn 0.000000 -0.210004 -0.977700
vn 0.000000 -0.210004 -0.977700
vn 0.000000 -0.210004 -0.977700
vn 0.000000 -0.210004 -0.977700
vn 0.999287 0.036135 -0.010953
vn 0.999287 0.036123 -0.011004
vn 0.999276 0.035277 -0.014211
vn 0.999277 0.035329 -0.014027
vn -0.999287 0.036123 -0.011004
vn -0.999287 0.036135 -0.010953
vn -0.999277 0.035329 -0.014027
vn -0.999276 0.035277 -0.014211
vn 0.009624 -0.916001 0.401059
vn -0.009622 -0.916001 0.401060
vn -0.009888 -0.916004 0.401046
vn 0.009890 -0.916004 0.401046
vn -0.023714 -0.966938 0.253908
vn 0.023714 -0.966938 0.253908
vn 0.023946 -0.966896 0.254045
vn -0.023946 -0.966896 0.254045
vn 0.055662 -0.929215 0.365323
vn 0.068757 -0.954703 0.289507
vn 0.068018 -0.955155 0.288188
vn 0.045570 -0.924085 0.379460
vn -0.045566 -0.924085 0.379460
vn -0.068018 -0.955155 0.288188
vn -0.068757 -0.954703 0.289507
vn -0.055659 -0.929215 0.365323
vn -0.000001 0.275654 0.961257
vn -0.000001 0.275654 0.961257
vn -0.000001 0.275654 0.961257
vn -0.000001 0.275654 0.961257
vn -0.000000 -0.275266 -0.961368
vn -0.000000 -0.275266 -0.961368
vn -0.000000 -0.275266 -0.961368
vn -0.000000 -0.275266 -0.961368
vn 0.000002 -0.946628 0.322328
vn 0.000002 -0.946628 0.322328
vn 0.000002 -0.946628 0.322328
vn 0.000002 -0.946628 0.322328
vn 0.999998 -0.001858 0.000639
vn 0.999998 -0.001858 0.000639
vn 0.999998 -0.001858 0.000639
vn 0.999998 -0.001858 0.000639
vn -0.999997 0.002239 -0.000756
vn -0.999997 0.002239 -0.000756
vn -0.999997 0.002239 -0.000756
vn -0.999997 0.002239 -0.000756
vn -0.606900 -0.597934 0.523590
vn -0.105814 -0.772124 0.626600
vn -0.079374 0.029615 0.996405
vn -0.855350 0.062950 0.514212
vn 0.497197 -0.679211 0.539877
vn 0.852655 -0.076347 0.516866
vn 0.592942 0.795897 0.122339
vn 0.062368 0.973734 0.218979
vn -0.560009 0.824594 0.080218
vn 0.002939 0.920636 -0.390411
vn -0.633026 0.723193 -0.276169
vn 0.597736 0.757844 -0.261505
vn 0.583220 0.565343 -0.583302
vn -0.025996 0.683628 -0.729367
vn -0.732921 0.496006 -0.465623
vn -0.005840 -0.292810 -0.956153
vn -0.858016 -0.122797 -0.498728
vn 0.826093 -0.278118 -0.490123
vn 0.569146 -0.822121 -0.013826
vn 0.015351 -0.986786 -0.161301
vn -0.692999 -0.720506 -0.024974
vn -0.692999 -0.720506 -0.024974
vn 0.015351 -0.986786 -0.161301
vn -0.057549 -0.907558 0.415964
vn -0.698482 -0.641325 0.317528
vn 0.569146 -0.822121 -0.013826
vn 0.514288 -0.792424 0.327982
vn 0.497197 -0.679211 0.539877
vn -0.105814 -0.772124 0.626600
vn -0.606900 -0.597934 0.523590
vn 0.986633 -0.144469 0.075388
vn 0.852655 -0.076347 0.516866
vn 0.826093 -0.278118 -0.490123
vn -0.692999 -0.720506 -0.024974
vn -0.698482 -0.641325 0.317528
vn -0.999702 0.017492 -0.017005
vn -0.858016 -0.122797 -0.498728
vn -0.606900 -0.597934 0.523590
vn -0.855350 0.062950 0.514212
vn -0.385295 -0.443350 0.809314
vn 0.064521 -0.568770 0.819962
vn 0.012095 0.208039 0.978046
vn -0.544535 0.308425 0.779972
vn 0.589521 -0.552497 0.589247
vn 0.770380 0.162090 0.616637
vn 0.514915 0.784973 0.344499
vn -0.010401 0.919149 0.393773
vn -0.386792 0.854158 0.347572
vn -0.103428 0.898407 -0.426811
vn -0.643137 0.718100 -0.265910
vn 0.591430 0.754364 -0.284862
vn 0.644839 0.548020 -0.532782
vn -0.060082 0.650620 -0.757023
vn -0.678256 0.556875 -0.479436
vn -0.088332 -0.271610 -0.958345
vn -0.860352 -0.199791 -0.468912
vn 0.880375 -0.164295 -0.444913
vn 0.701074 -0.711323 0.050144
vn 0.054753 -0.981020 -0.186015
vn -0.587227 -0.809418 -0.002552
vn -0.587227 -0.809418 -0.002552
vn 0.054753 -0.981020 -0.186015
vn -0.019972 -0.858071 0.513143
vn -0.649253 -0.665804 0.367664
vn 0.701074 -0.711323 0.050144
vn 0.682456 -0.629670 0.371174
vn 0.589521 -0.552497 0.589247
vn 0.064521 -0.568770 0.819962
vn -0.385295 -0.443350 0.809314
vn 0.589521 -0.552497 0.589247
vn 0.682456 -0.629670 0.371174
vn 0.996908 -0.040720 0.067203
vn 0.770380 0.162090 0.616637
vn 0.701074 -0.711323 0.050144
vn 0.880375 -0.164295 -0.444913
vn -0.994330 0.008690 0.105986
vn -0.860352 -0.199791 -0.468912
vn -0.544535 0.308425 0.779972
vn -0.000001 0.330562 0.943784
vn -0.000001 0.330562 0.943784
vn -0.000001 0.330562 0.943784
vn -0.000001 0.330562 0.943784
vn 0.000000 0.913937 -0.405855
vn 0.000000 0.913937 -0.405855
vn 0.000000 0.913937 -0.405855
vn 0.000000 0.913937 -0.405855
vn 0.000001 -0.257680 -0.966230
vn 0.000001 -0.257680 -0.966230
vn 0.000001 -0.257680 -0.966230
vn 0.000001 -0.257680 -0.966231
vn 0.999275 0.034588 -0.015938
vn 0.999275 0.034588 -0.015938
vn 0.999275 0.034588 -0.015938
vn 0.999275 0.034588 -0.015938
vn -0.999280 0.034917 -0.014871
vn -0.999280 0.034917 -0.014871
vn -0.999279 0.034917 -0.014871
vn -0.999280 0.034917 -0.014871
vn 0.034292 -0.901697 0.431007
vn -0.034322 -0.901684 0.431031
vn -0.035114 -0.901820 0.430682
vn 0.035126 -0.901841 0.430639
vn -0.035213 -0.940837 0.337023
vn 0.035242 -0.940836 0.337024
vn 0.035270 -0.940821 0.337063
vn -0.035283 -0.940800 0.337121
vn 0.035242 -0.940836 0.337024
vn 0.034292 -0.901697 0.431007
vn 0.035126 -0.901841 0.430639
vn 0.035270 -0.940821 0.337063
vn -0.034322 -0.901684 0.431031
vn -0.035213 -0.940837 0.337023
vn -0.035283 -0.940800 0.337121
vn -0.035114 -0.901820 0.430682
vn 0.000003 0.301362 0.953510
vn 0.000003 0.301362 0.953510
vn 0.000003 0.301362 0.953510
vn 0.000003 0.301362 0.953510
vn 0.000003 -0.297628 -0.954682
vn 0.000003 -0.297628 -0.954682
vn 0.000003 -0.297628 -0.954682
vn 0.000003 -0.297628 -0.954682
vn -0.000009 -0.937010 0.349303
vn -0.000009 -0.937010 0.349303
vn -0.000009 -0.937010 0.349303
vn -0.000009 -0.937010 0.349303
vn 0.999972 0.006842 -0.003051
vn 0.999972 0.006842 -0.003051
vn 0.999972 0.006842 -0.003051
vn 0.999972 0.006842 -0.003051
vn -0.999050 -0.021572 0.037854
vn -0.999050 -0.021572 0.037854
vn -0.999050 -0.021572 0.037854
vn -0.999050 -0.021572 0.037854
vn 0.023714 -0.966938 0.253908
vn 0.023946 -0.966896 0.254045
vn 0.999288 0.036242 -0.010494
vn 0.999288 0.036242 -0.010494
vn 0.000000 0.960610 -0.277899
vn 0.000000 0.960610 -0.277899
vn -0.999288 0.036242 -0.010494
vn -0.999288 0.036242 -0.010494
vn -0.023714 -0.966938 0.253908
vn -0.023946 -0.966896 0.254045
vn -0.009622 -0.916001 0.401060
vn -0.009888 -0.916004 0.401046
vn -0.999272 0.035010 -0.015156
vn -0.999272 0.035010 -0.015156
vn 0.000000 0.917543 -0.397636
vn 0.000000 0.917543 -0.397636
vn 0.999272 0.035010 -0.015156
vn 0.999272 0.035010 -0.015156
vn 0.009624 -0.916001 0.401059
vn 0.009890 -0.916004 0.401046
vn -0.039097 -0.120507 -0.991942
vn 0.740176 -0.017931 -0.672175
vn 0.775972 -0.058163 -0.628080
vn 0.020569 -0.117219 -0.992893
vn -0.136656 -0.269776 -0.953177
vn -0.068383 -0.208210 -0.975691
vn 0.673091 -0.680791 -0.288915
vn 0.751003 -0.587081 -0.302211
vn 0.437908 -0.857431 -0.270274
vn 0.007447 -0.076031 -0.997078
vn 0.808705 -0.327282 0.488756
vn 0.723484 -0.507260 0.468251
vn 0.017442 0.284553 0.958502
vn -0.006022 0.355070 0.934820
vn 0.673091 -0.680791 -0.288915
vn 0.751003 -0.587081 -0.302211
vn 0.404601 -0.754618 0.516575
vn -0.061846 0.201766 0.977479
vn 0.437908 -0.857431 -0.270274
vn -0.069533 0.139426 0.987788
vn 0.322079 -0.798563 0.508490
vn 0.163621 -0.827264 0.537459
vn -0.098119 0.173290 0.979971
vn 0.059601 -0.122243 -0.990709
vn 0.374407 -0.901414 -0.217421
vn 0.244705 -0.935223 -0.255887
vn 0.083326 -0.109003 -0.990543
vn 0.374407 -0.901414 -0.217421
vn 0.244705 -0.935223 -0.255887
vn 0.104246 -0.118386 -0.987480
vn 0.068679 -0.958653 -0.276165
vn -0.018637 -0.851894 0.523383
vn -0.104133 0.180355 0.978074
vn 0.068679 -0.958653 -0.276165
vn -0.607460 0.584882 0.537499
vn -0.548337 0.638764 0.539728
vn -0.776700 0.614965 -0.136218
vn -0.857905 0.504690 -0.096370
vn -0.386402 0.762067 0.519565
vn -0.483085 0.860811 -0.160103
vn -0.699836 0.182975 -0.690471
vn -0.598570 0.293923 -0.745200
vn -0.340297 0.560751 -0.754822
vn -0.239313 0.579846 -0.778786
vn -0.107348 0.601726 -0.791456
vn -0.230705 0.960951 -0.152800
vn -0.384505 0.911321 -0.147140
vn -0.324128 0.758345 0.565556
vn -0.225406 0.793060 0.565904
vn -0.090608 0.821999 0.562235
vn -0.027726 0.985249 -0.168865
vn 0.051772 0.599723 -0.798531
vn 0.067217 0.113675 0.991242
vn 0.092949 0.124164 0.987899
vn -0.936127 -0.044139 0.348882
vn -0.948903 -0.010543 0.315391
vn -0.105210 0.176720 0.978622
vn -0.110591 -0.838501 0.533560
vn -0.296805 -0.820090 0.489243
vn -0.102862 0.193578 0.975678
vn 0.116756 -0.132191 -0.984324
vn -0.014955 -0.968678 -0.247868
vn 0.114563 -0.174120 -0.978038
vn -0.216058 -0.951533 -0.218871
vn -0.014955 -0.968678 -0.247868
vn -0.216058 -0.951533 -0.218871
vn -0.033857 0.243485 0.969314
vn -0.361583 -0.785589 0.502104
vn -0.594348 -0.585464 0.551346
vn 0.139600 0.296363 0.944818
vn 0.057455 -0.179692 -0.982044
vn -0.316583 -0.928523 -0.193957
vn 0.036589 -0.079296 -0.996179
vn -0.620253 -0.706068 -0.341694
vn -0.316583 -0.928523 -0.193957
vn -0.620253 -0.706068 -0.341694
vn -0.901529 -0.122637 -0.414976
vn -0.882233 -0.090855 -0.461963
vn -0.901529 -0.122637 -0.414976
vn -0.882233 -0.090855 -0.461963
vn 0.125739 0.603461 -0.787416
vn 0.289041 0.580148 -0.761501
vn 0.293259 0.945361 -0.142452
vn 0.066925 0.987514 -0.142610
vn -0.024531 0.812701 0.582165
vn 0.144189 0.822285 0.550505
vn 0.329033 0.589751 -0.737517
vn 0.539779 0.458241 -0.706154
vn 0.707900 0.700247 -0.092369
vn 0.389251 0.911424 -0.133379
vn 0.266947 0.818712 0.508380
vn 0.555427 0.653192 0.514627
vn 0.994549 0.037573 0.097262
vn 0.993222 0.098082 0.062361
vn 0.723358 0.148518 0.674311
vn 0.712663 0.105408 0.693542
vn 0.092427 -0.401752 -0.911072
vn 0.684424 0.038960 -0.728042
vn 0.752401 -0.277188 -0.597544
vn 0.117767 -0.614687 -0.779930
vn -0.229552 -0.491109 -0.840308
vn -0.247228 -0.267785 -0.931219
vn 0.711734 -0.599783 -0.365643
vn 0.789841 -0.506285 -0.346159
vn 0.442420 -0.857220 -0.263511
vn -0.160778 -0.165855 -0.972955
vn 0.950703 -0.190813 0.244446
vn 0.847746 -0.288767 0.444906
vn 0.121851 0.333595 0.934808
vn 0.284668 0.464673 0.838477
vn 0.711734 -0.599783 -0.365643
vn 0.789841 -0.506285 -0.346159
vn 0.545299 -0.663511 0.512252
vn 0.101488 0.278882 0.954948
vn 0.442420 -0.857220 -0.263511
vn 0.089403 0.261132 0.961154
vn 0.458257 -0.732503 0.503428
vn 0.291867 -0.819584 0.493047
vn 0.065010 0.242122 0.968065
vn -0.131243 -0.178520 -0.975144
vn 0.374219 -0.893753 -0.247318
vn 0.215064 -0.942183 -0.256978
vn -0.092593 -0.210865 -0.973120
vn 0.374219 -0.893753 -0.247318
vn 0.215064 -0.942183 -0.256978
vn -0.026631 -0.143302 -0.989321
vn 0.018234 -0.969814 -0.243164
vn 0.035817 -0.837330 0.545523
vn 0.020133 0.230607 0.972839
vn 0.018234 -0.969814 -0.243164
vn -0.594432 0.500674 0.629267
vn -0.555665 0.578350 0.597283
vn -0.872901 0.479617 -0.089506
vn -0.974612 0.223894 -0.001352
vn -0.323992 0.778759 0.537181
vn -0.546950 0.827339 -0.127892
vn -0.803802 -0.142496 -0.577579
vn -0.727031 0.145184 -0.671079
vn -0.494411 0.478127 -0.725915
vn -0.419876 0.527959 -0.738217
vn -0.271368 0.543494 -0.794338
vn -0.288935 0.947117 -0.139592
vn -0.448399 0.886245 -0.116225
vn -0.256059 0.799387 0.543520
vn -0.156582 0.819054 0.551934
vn -0.012410 0.854741 0.518907
vn -0.037878 0.980647 -0.192083
vn -0.042843 0.595417 -0.802274
vn -0.036124 0.633606 0.772812
vn -0.095486 0.399240 0.911861
vn -0.860503 -0.330134 0.388002
vn -0.977783 -0.018879 0.208767
vn 0.011082 0.194644 0.980811
vn -0.068539 -0.841584 0.535760
vn -0.330812 -0.800541 0.499697
vn -0.038962 0.141732 0.989138
vn -0.001834 -0.148517 -0.988908
vn -0.074897 -0.972208 -0.221818
vn 0.080332 -0.119815 -0.989541
vn -0.292562 -0.923083 -0.249649
vn -0.074897 -0.972208 -0.221818
vn -0.292562 -0.923083 -0.249649
vn -0.084888 0.152468 0.984656
vn -0.381906 -0.792663 0.475220
vn -0.570729 -0.635289 0.520267
vn -0.072845 0.347832 0.934723
vn 0.118207 -0.136026 -0.983628
vn -0.310410 -0.911478 -0.269914
vn 0.153056 -0.144900 -0.977537
vn -0.406789 -0.827272 -0.387484
vn -0.310410 -0.911478 -0.269914
vn -0.406789 -0.827272 -0.387484
vn -0.695840 -0.614116 -0.372381
vn -0.700326 -0.594956 -0.394424
vn -0.695840 -0.614116 -0.372381
vn -0.700326 -0.594956 -0.394424
vn 0.051284 0.594461 -0.802487
vn 0.297581 0.567396 -0.767793
vn 0.354521 0.922326 -0.153720
vn 0.073414 0.979708 -0.186499
vn 0.060534 0.841069 0.537530
vn 0.231235 0.786549 0.572600
vn 0.351217 0.541804 -0.763606
vn 0.506766 0.442317 -0.739962
vn 0.600559 0.794932 -0.086089
vn 0.397375 0.908821 -0.127032
vn 0.225946 0.771131 0.595235
vn 0.346479 0.748412 0.565536
vn 0.975809 0.218001 0.016522
vn 0.869026 0.494421 -0.018468
vn 0.494660 0.601617 0.627191
vn 0.617768 0.557151 0.554929
vn 0.181939 -0.972964 -0.142265
vn 0.133630 -0.987664 -0.081630
vn -0.038159 0.998554 -0.037858
vn 0.269527 0.956119 0.114853
vn -0.605629 -0.668896 -0.431035
vn -0.750457 -0.543500 -0.376062
vn -0.883561 0.361914 -0.297217
vn -0.833298 0.442875 -0.330873
vn 0.804807 0.439724 0.398658
vn 0.892642 0.209340 0.399208
vn 0.749981 -0.605244 0.266849
vn 0.788399 -0.576719 0.214062
vn -0.249757 -0.949302 0.190911
vn -0.349147 -0.910532 0.221421
vn -0.492488 -0.829724 0.262705
vn -0.492488 -0.829724 0.262705
vn 0.803491 0.592284 0.060009
vn 0.559033 0.819216 -0.127934
vn 0.928216 0.368161 0.053593
vn 0.936240 0.301866 0.179810
vn -0.898128 -0.021163 -0.439225
vn -0.901945 -0.062928 -0.427242
vn -0.862909 0.156126 -0.480638
vn -0.862909 0.156126 -0.480638
vn -0.508042 0.689409 -0.516341
vn -0.657025 0.609412 -0.443773
vn -0.410222 0.726287 -0.551567
vn -0.410222 0.726287 -0.551567
vn 0.892670 -0.059802 0.446726
vn 0.918397 0.145935 0.367765
vn 0.879523 -0.135723 0.456091
vn 0.847670 -0.206972 0.488486
vn 0.504912 -0.699228 0.506106
vn 0.462799 -0.705668 0.536517
vn 0.380752 -0.712511 0.589369
vn 0.380752 -0.712511 0.589369
vn 0.999813 0.010850 -0.016011
vn 0.999813 0.010850 -0.016011
vn 0.999813 0.010850 -0.016011
vn 0.999813 0.010850 -0.016011
vn 0.872647 -0.229279 0.431183
vn 0.872647 -0.229279 0.431183
vn 0.872647 -0.229279 0.431183
vn 0.872647 -0.229279 0.431183
vn 0.529957 -0.192177 0.825962
vn 0.529957 -0.192177 0.825962
vn 0.529957 -0.192177 0.825962
vn 0.529957 -0.192177 0.825962
vn -0.329817 -0.150832 0.931918
vn -0.329817 -0.150832 0.931918
vn -0.329817 -0.150832 0.931918
vn -0.329817 -0.150832 0.931918
vn -0.999580 0.028133 0.006923
vn -0.999580 0.028133 0.006923
vn -0.999580 0.028133 0.006923
vn -0.999580 0.028133 0.006923
vn -0.558880 0.053767 -0.827503
vn -0.558880 0.053767 -0.827503
vn -0.558880 0.053767 -0.827503
vn -0.558880 0.053767 -0.827503
vn 0.395137 0.062167 -0.916516
vn 0.395137 0.062167 -0.916516
vn 0.395137 0.062167 -0.916516
vn 0.395137 0.062167 -0.916516
vn -0.349147 -0.910532 0.221421
vn -0.249757 -0.949302 0.190911
vn 0.462799 -0.705668 0.536517
vn 0.504912 -0.699228 0.506106
vn 0.918397 0.145935 0.367765
vn 0.892670 -0.059802 0.446726
vn 0.803491 0.592284 0.060009
vn 0.559033 0.819216 -0.127934
vn -0.657025 0.609412 -0.443773
vn -0.508042 0.689409 -0.516341
vn -0.901945 -0.062928 -0.427242
vn -0.898128 -0.021163 -0.439225
vn 0.852329 -0.521397 -0.040996
vn 0.852329 -0.521397 -0.040996
vn -0.008130 -0.792934 -0.609253
vn -0.008130 -0.792934 -0.609253
vn 0.772519 0.400047 0.493129
vn 0.772519 0.400047 0.493129
vn -0.778326 0.493992 0.387532
vn -0.778326 0.493992 0.387532
vn 0.068141 0.833982 0.547568
vn 0.068141 0.833982 0.547568
vn -0.703233 -0.464471 -0.538266
vn -0.703233 -0.464471 -0.538266
vn -0.998187 0.053936 -0.026714
vn -0.998187 0.053936 -0.026714
vn -0.031724 -0.841575 0.539208
vn 0.006029 -0.862633 0.505794
vn -0.184079 -0.729977 0.658216
vn -0.184079 -0.729977 0.658216
vn -0.691826 -0.666400 -0.278006
vn -0.694374 -0.664667 -0.275795
vn -0.793290 -0.582190 -0.178174
vn -0.793290 -0.582190 -0.178174
vn 0.683306 0.112396 0.721429
vn 0.677063 0.107707 0.728000
vn 0.700051 0.125189 0.703033
vn 0.700051 0.125189 0.703034
vn 0.169329 0.970707 -0.170459
vn 0.224209 0.949503 -0.219485
vn 0.494275 0.738392 -0.458770
vn 0.494275 0.738392 -0.458770
vn 0.576650 0.729814 0.367214
vn 0.556552 0.737622 0.382313
vn 0.782897 0.598637 0.169429
vn 0.782897 0.598637 0.169429
vn -0.735133 -0.227717 -0.638533
vn -0.741510 -0.225012 -0.632086
vn -0.775538 -0.209704 -0.595454
vn -0.775538 -0.209704 -0.595454
vn -0.413029 0.550895 -0.725204
vn -0.374502 0.521035 -0.766988
vn -0.256812 0.424615 -0.868188
vn -0.256812 0.424615 -0.868188
vn 0.581424 -0.031824 0.812978
vn 0.581424 -0.031824 0.812978
vn 0.581424 -0.031824 0.812978
vn 0.581424 -0.031824 0.812978
vn -0.270629 -0.033579 0.962098
vn -0.270629 -0.033579 0.962098
vn -0.270629 -0.033579 0.962098
vn -0.270629 -0.033579 0.962098
vn -0.943523 0.073037 0.323156
vn -0.943523 0.073037 0.323156
vn -0.943523 0.073037 0.323156
vn -0.943523 0.073037 0.323156
vn -0.902667 -0.004812 -0.430312
vn -0.902667 -0.004812 -0.430312
vn -0.902667 -0.004812 -0.430312
vn -0.902667 -0.004812 -0.430313
vn -0.305627 -0.161203 -0.938406
vn -0.305627 -0.161203 -0.938406
vn -0.305627 -0.161203 -0.938406
vn -0.305627 -0.161203 -0.938406
vn 0.403068 -0.228952 -0.886069
vn 0.403068 -0.228952 -0.886068
vn 0.403068 -0.228952 -0.886069
vn 0.403068 -0.228952 -0.886069
vn 0.993118 0.057154 -0.102228
vn 0.993118 0.057154 -0.102228
vn 0.993118 0.057154 -0.102228
vn 0.993118 0.057154 -0.102228
vn 0.131264 -0.913978 0.383946
vn 0.131264 -0.913978 0.383946
vn 0.661572 0.096244 0.743680
vn 0.661572 0.096244 0.743680
vn 0.338906 0.786674 0.516030
vn 0.338906 0.786674 0.516030
vn -0.062439 0.997334 0.037754
vn -0.062439 0.997334 0.037754
vn -0.498899 0.613526 -0.612116
vn -0.498899 0.613526 -0.612116
vn -0.701799 -0.241116 -0.670329
vn -0.701799 -0.241116 -0.670330
vn -0.584970 -0.726325 -0.360919
vn -0.584970 -0.726325 -0.360919
f 1/1/1 2/2/2 3/3/3
f 1/1/1 3/3/3 4/4/4
f 5/5/5 6/6/6 7/7/7
f 5/5/5 7/7/7 8/8/8
f 9/9/9 10/10/10 11/11/11
f 9/9/9 11/11/11 12/12/12
f 13/13/13 14/14/14 15/15/15
f 13/13/13 15/15/15 9/9/9
f 12/12/12 16/16/16 17/17/17
f 12/12/12 17/17/17 13/13/13
f 18/18/18 19/19/19 20/20/20
f 18/18/18 20/20/20 21/21/21
f 22/22/22 23/23/23 24/24/24
f 22/22/22 24/24/24 25/25/25
f 26/26/26 27/27/27 28/28/28
f 26/26/26 28/28/28 29/29/29
f 30/30/30 31/31/31 32/32/32
f 30/30/30 32/32/32 26/26/26
f 29/29/29 33/33/33 34/34/34
f 29/29/29 34/34/34 30/30/30
f 35/35/35 36/36/36 37/37/37
f 35/35/35 37/37/37 38/38/38
f 39/39/39 40/40/40 41/41/41
f 39/39/39 41/41/41 42/42/42
f 43/43/43 44/44/44 45/45/45
f 43/43/43 45/45/45 32/32/32
f 31/31/31 46/46/46 47/47/47
f 31/31/31 47/47/47 43/43/43
f 48/48/48 49/49/49 50/50/50
f 48/48/48 50/50/50 51/51/51
f 52/52/52 53/53/53 54/54/54
f 52/52/52 54/54/54 55/55/55
f 53/53/53 56/56/56 57/57/57
f 53/53/53 57/57/57 54/54/54
f 58/58/58 59/59/59 60/60/60
f 58/58/58 60/60/60 61/61/61
f 61/61/61 62/62/62 63/63/63
f 61/61/61 63/63/63 58/58/58
f 62/62/62 64/64/64 65/65/65
f 62/62/62 65/65/65 63/63/63
f 66/66/66 67/67/67 68/68/68
f 66/66/66 68/68/68 69/69/69
f 69/69/69 70/70/70 71/71/71
f 69/69/69 71/71/71 66/66/66
f 70/70/70 11/11/11 10/10/10
f 70/70/70 10/10/10 71/71/71
f 73/73/73 74/74/74 75/75/75
f 73/73/73 75/75/75 72/72/72
f 75/75/75 76/76/76 77/77/77
f 75/75/75 77/77/77 72/72/72
f 76/76/76 78/78/78 79/79/79
f 76/76/76 79/79/79 80/80/80
f 81/81/81 82/82/82 83/83/83
f 81/81/81 83/83/83 84/84/84
f 84/84/84 85/85/85 86/86/86
f 84/84/84 86/86/86 81/81/81
f 85/85/85 87/87/87 88/88/88
f 85/85/85 88/88/88 86/86/86
f 6/6/6 5/5/5 87/87/87
f 6/6/6 87/87/87 89/89/89
f 78/78/78 90/90/90 7/7/7
f 78/78/78 7/7/7 6/6/6
f 91/91/91 92/92/92 93/93/93
f 91/91/91 93/93/93 94/94/94
f 94/94/94 95/95/95 90/90/90
f 94/94/94 90/90/90 91/91/91
f 96/96/96 97/97/97 8/8/8
f 96/96/96 8/8/8 7/7/7
f 5/5/5 8/8/8 98/98/98
f 5/5/5 98/98/98 88/88/88
f 99/99/99 100/100/100 101/101/101
f 99/99/99 101/101/101 102/102/102
f 102/102/102 98/98/98 97/97/97
f 102/102/102 97/97/97 99/99/99
f 103/103/103 101/101/101 100/100/100
f 103/103/103 100/100/100 104/104/104
f 105/105/105 106/106/106 107/107/107
f 105/105/105 107/107/107 108/108/108
f 109/109/109 110/110/110 111/111/111
f 109/109/109 111/111/111 112/112/112
f 113/113/113 114/114/114 115/115/115
f 113/113/113 115/115/115 116/116/116
f 117/117/117 118/118/118 119/119/119
f 117/117/117 119/119/119 120/120/120
f 92/92/92 121/121/121 122/122/122
f 92/92/92 122/122/122 93/93/93
f 27/27/27 60/60/60 59/59/59
f 27/27/27 59/59/59 28/28/28
f 67/67/67 45/45/45 44/44/44
f 67/67/67 44/44/44 68/68/68
f 123/123/123 124/124/124 125/125/125
f 123/123/123 125/125/125 126/126/126
f 127/127/127 128/128/128 129/129/129
f 127/127/127 129/129/129 130/130/130
f 10/10/10 9/9/9 15/15/15
f 10/10/10 15/15/15 64/64/64
f 55/55/55 131/131/131 23/23/23
f 55/55/55 23/23/23 22/22/22
f 62/62/62 61/61/61 66/66/66
f 62/62/62 66/66/66 71/71/71
f 132/132/132 133/133/133 134/134/134
f 132/132/132 134/134/134 135/135/135
f 57/57/57 136/136/136 137/137/137
f 57/57/57 137/137/137 54/54/54
f 58/58/58 63/63/63 138/138/138
f 58/58/58 138/138/138 139/139/139
f 100/100/100 99/99/99 140/140/140
f 100/100/100 140/140/140 141/141/141
f 142/142/142 143/143/143 85/85/85
f 142/142/142 85/85/85 84/84/84
f 81/81/81 86/86/86 102/102/102
f 81/81/81 102/102/102 101/101/101
f 64/64/64 62/62/62 71/71/71
f 64/64/64 71/71/71 10/10/10
f 144/144/144 132/132/132 135/135/135
f 144/144/144 135/135/135 145/145/145
f 54/54/54 137/137/137 131/131/131
f 54/54/54 131/131/131 55/55/55
f 63/63/63 65/65/65 146/146/146
f 63/63/63 146/146/146 138/138/138
f 92/92/92 91/91/91 76/76/76
f 92/92/92 76/76/76 75/75/75
f 100/100/100 141/141/141 147/147/147
f 100/100/100 147/147/147 104/104/104
f 82/82/82 81/81/81 101/101/101
f 82/82/82 101/101/101 103/103/103
f 148/148/148 142/142/142 84/84/84
f 148/148/148 84/84/84 83/83/83
f 121/121/121 92/92/92 75/75/75
f 121/121/121 75/75/75 74/74/74
f 27/27/27 45/45/45 67/67/67
f 27/27/27 67/67/67 60/60/60
f 59/59/59 149/149/149 150/150/150
f 59/59/59 150/150/150 28/28/28
f 151/151/151 152/152/152 153/153/153
f 151/151/151 153/153/153 154/154/154
f 44/44/44 155/155/155 156/156/156
f 44/44/44 156/156/156 68/68/68
f 149/149/149 59/59/59 58/58/58
f 149/149/149 58/58/58 139/139/139
f 69/69/69 68/68/68 156/156/156
f 69/69/69 156/156/156 157/157/157
f 61/61/61 60/60/60 67/67/67
f 61/61/61 67/67/67 66/66/66
f 152/152/152 151/151/151 136/136/136
f 152/152/152 136/136/136 57/57/57
f 158/158/158 14/14/14 13/13/13
f 158/158/158 13/13/13 17/17/17
f 11/11/11 159/159/159 16/16/16
f 11/11/11 16/16/16 12/12/12
f 45/45/45 27/27/27 26/26/26
f 45/45/45 26/26/26 32/32/32
f 28/28/28 150/150/150 33/33/33
f 28/28/28 33/33/33 29/29/29
f 154/154/154 153/153/153 40/40/40
f 154/154/154 40/40/40 39/39/39
f 155/155/155 44/44/44 43/43/43
f 155/155/155 43/43/43 47/47/47
f 76/76/76 91/91/91 90/90/90
f 76/76/76 90/90/90 78/78/78
f 85/85/85 143/143/143 89/89/89
f 85/85/85 89/89/89 87/87/87
f 140/140/140 99/99/99 97/97/97
f 140/140/140 97/97/97 96/96/96
f 102/102/102 86/86/86 88/88/88
f 102/102/102 88/88/88 98/98/98
f 12/12/12 13/13/13 9/9/9
f 160/160/160 161/161/161 162/162/162
f 29/29/29 30/30/30 26/26/26
f 38/38/38 163/163/163 35/35/35
f 32/32/32 31/31/31 43/43/43
f 51/51/51 164/164/164 48/48/48
f 79/79/79 78/78/78 165/165/165
f 7/7/7 90/90/90 166/166/166
f 88/88/88 87/87/87 5/5/5
f 97/97/97 98/98/98 8/8/8
f 167/167/167 168/168/168 169/169/169
f 167/167/167 169/169/169 170/170/170
f 171/171/171 172/172/172 173/173/173
f 171/171/171 173/173/173 174/174/174
f 175/175/175 176/176/176 177/177/177
f 175/175/175 177/177/177 178/178/178
f 179/179/179 180/180/180 181/181/181
f 179/179/179 181/181/181 182/182/182
f 183/183/183 184/184/184 185/185/185
f 183/183/183 185/185/185 186/186/186
f 187/187/187 188/188/188 189/189/189
f 187/187/187 189/189/189 190/190/190
f 191/191/191 192/192/192 193/193/193
f 194/194/194 195/195/195 196/196/196
f 197/197/197 198/198/198 199/199/199
f 197/197/197 199/199/199 200/200/200
f 201/201/201 202/202/202 203/203/203
f 201/201/201 203/203/203 204/204/204
f 205/205/205 206/206/206 207/207/207
f 205/205/205 207/207/207 208/208/208
f 209/209/209 210/210/210 211/211/211
f 212/212/212 213/213/213 214/214/214
f 215/215/215 216/216/216 217/217/217
f 215/215/215 217/217/217 218/218/218
f 219/219/219 220/220/220 221/221/221
f 219/219/219 221/221/221 222/222/222
f 223/223/223 224/224/224 225/225/225
f 223/223/223 225/225/225 226/226/226
f 227/227/227 228/228/228 229/229/229
f 227/227/227 229/229/229 230/230/230
f 231/231/231 232/232/232 233/233/233
f 231/231/231 233/233/233 234/234/234
f 235/235/235 236/236/236 237/237/237
f 235/235/235 237/237/237 238/238/238
f 239/239/239 235/235/235 240/240/240
f 239/239/239 240/240/240 241/241/241
f 236/236/236 239/239/239 242/242/242
f 236/236/236 242/242/242 243/243/243
f 244/244/244 245/245/245 246/246/246
f 244/244/244 246/246/246 247/247/247
f 248/248/248 249/249/249 250/250/250
f 248/248/248 250/250/250 251/251/251
f 252/252/252 253/253/253 254/254/254
f 252/252/252 254/254/254 255/255/255
f 256/256/256 252/252/252 257/257/257
f 256/256/256 257/257/257 258/258/258
f 253/253/253 256/256/256 259/259/259
f 253/253/253 259/259/259 260/260/260
f 261/261/261 262/262/262 263/263/263
f 261/261/261 263/263/263 264/264/264
f 265/265/265 266/266/266 267/267/267
f 265/265/265 267/267/267 268/268/268
f 269/269/269 257/257/257 270/270/270
f 269/269/269 270/270/270 271/271/271
f 258/258/258 269/269/269 272/272/272
f 258/258/258 272/272/272 273/273/273
f 274/274/274 275/275/275 276/276/276
f 274/274/274 276/276/276 277/277/277
f 278/278/278 279/279/279 280/280/280
f 278/278/278 280/280/280 281/281/281
f 281/281/281 280/280/280 282/282/282
f 281/281/281 282/282/282 283/283/283
f 284/284/284 285/285/285 286/286/286
f 284/284/284 286/286/286 287/287/287
f 285/285/285 284/284/284 288/288/288
f 285/285/285 288/288/288 289/289/289
f 289/289/289 288/288/288 290/290/290
f 289/289/289 290/290/290 291/291/291
f 292/292/292 293/293/293 294/294/294
f 292/292/292 294/294/294 295/295/295
f 293/293/293 292/292/292 296/296/296
f 293/293/293 296/296/296 297/297/297
f 297/297/297 296/296/296 238/238/238
f 297/297/297 238/238/238 237/237/237
f 301/301/301 298/298/298 299/299/299
f 301/301/301 299/299/299 300/300/300
f 299/299/299 298/298/298 302/302/302
f 299/299/299 302/302/302 303/303/303
f 303/303/303 304/304/304 305/305/305
f 303/303/303 305/305/305 306/306/306
f 307/307/307 308/308/308 309/309/309
f 307/307/307 309/309/309 310/310/310
f 308/308/308 307/307/307 311/311/311
f 308/308/308 311/311/311 312/312/312
f 312/312/312 311/311/311 313/313/313
f 312/312/312 313/313/313 314/314/314
f 234/234/234 315/315/315 314/314/314
f 234/234/234 314/314/314 231/231/231
f 306/306/306 234/234/234 233/233/233
f 306/306/306 233/233/233 316/316/316
f 317/317/317 318/318/318 319/319/319
f 317/317/317 319/319/319 320/320/320
f 318/318/318 317/317/317 316/316/316
f 318/318/318 316/316/316 321/321/321
f 322/322/322 233/233/233 232/232/232
f 322/322/322 232/232/232 323/323/323
f 231/231/231 313/313/313 324/324/324
f 231/231/231 324/324/324 232/232/232
f 325/325/325 326/326/326 327/327/327
f 325/325/325 327/327/327 328/328/328
f 326/326/326 325/325/325 323/323/323
f 326/326/326 323/323/323 324/324/324
f 329/329/329 330/330/330 328/328/328
f 329/329/329 328/328/328 327/327/327
f 331/331/331 332/332/332 333/333/333
f 331/331/331 333/333/333 334/334/334
f 335/335/335 336/336/336 337/337/337
f 335/335/335 337/337/337 338/338/338
f 339/339/339 340/340/340 341/341/341
f 339/339/339 341/341/341 342/342/342
f 343/343/343 344/344/344 345/345/345
f 343/343/343 345/345/345 346/346/346
f 320/320/320 319/319/319 347/347/347
f 320/320/320 347/347/347 348/348/348
f 255/255/255 254/254/254 287/287/287
f 255/255/255 287/287/287 286/286/286
f 295/295/295 294/294/294 271/271/271
f 295/295/295 271/271/271 270/270/270
f 349/349/349 350/350/350 351/351/351
f 349/349/349 351/351/351 352/352/352
f 353/353/353 354/354/354 355/355/355
f 353/353/353 355/355/355 356/356/356
f 238/238/238 291/291/291 240/240/240
f 238/238/238 240/240/240 235/235/235
f 279/279/279 248/248/248 251/251/251
f 279/279/279 251/251/251 357/357/357
f 289/289/289 296/296/296 292/292/292
f 289/289/289 292/292/292 285/285/285
f 358/358/358 359/359/359 360/360/360
f 358/358/358 360/360/360 361/361/361
f 282/282/282 280/280/280 362/362/362
f 282/282/282 362/362/362 363/363/363
f 284/284/284 364/364/364 365/365/365
f 284/284/284 365/365/365 288/288/288
f 328/328/328 366/366/366 367/367/367
f 328/328/328 367/367/367 325/325/325
f 368/368/368 308/308/308 312/312/312
f 368/368/368 312/312/312 369/369/369
f 307/307/307 327/327/327 326/326/326
f 307/307/307 326/326/326 311/311/311
f 291/291/291 238/238/238 296/296/296
f 291/291/291 296/296/296 289/289/289
f 370/370/370 371/371/371 359/359/359
f 370/370/370 359/359/359 358/358/358
f 280/280/280 279/279/279 357/357/357
f 280/280/280 357/357/357 362/362/362
f 288/288/288 365/365/365 372/372/372
f 288/288/288 372/372/372 290/290/290
f 320/320/320 299/299/299 303/303/303
f 320/320/320 303/303/303 317/317/317
f 328/328/328 330/330/330 373/373/373
f 328/328/328 373/373/373 366/366/366
f 310/310/310 329/329/329 327/327/327
f 310/310/310 327/327/327 307/307/307
f 374/374/374 309/309/309 308/308/308
f 374/374/374 308/308/308 368/368/368
f 348/348/348 300/300/300 299/299/299
f 348/348/348 299/299/299 320/320/320
f 255/255/255 286/286/286 295/295/295
f 255/255/255 295/295/295 270/270/270
f 287/287/287 254/254/254 375/375/375
f 287/287/287 375/375/375 376/376/376
f 377/377/377 378/378/378 379/379/379
f 377/377/377 379/379/379 380/380/380
f 271/271/271 294/294/294 381/381/381
f 271/271/271 381/381/381 382/382/382
f 376/376/376 364/364/364 284/284/284
f 376/376/376 284/284/284 287/287/287
f 293/293/293 383/383/383 381/381/381
f 293/293/293 381/381/381 294/294/294
f 285/285/285 292/292/292 295/295/295
f 285/285/285 295/295/295 286/286/286
f 380/380/380 282/282/282 363/363/363
f 380/380/380 363/363/363 377/377/377
f 384/384/384 242/242/242 239/239/239
f 384/384/384 239/239/239 241/241/241
f 237/237/237 236/236/236 243/243/243
f 237/237/237 243/243/243 385/385/385
f 270/270/270 257/257/257 252/252/252
f 270/270/270 252/252/252 255/255/255
f 254/254/254 253/253/253 260/260/260
f 254/254/254 260/260/260 375/375/375
f 378/378/378 265/265/265 268/268/268
f 378/378/378 268/268/268 379/379/379
f 382/382/382 272/272/272 269/269/269
f 382/382/382 269/269/269 271/271/271
f 303/303/303 306/306/306 316/316/316
f 303/303/303 316/316/316 317/317/317
f 312/312/312 314/314/314 315/315/315
f 312/312/312 315/315/315 369/369/369
f 367/367/367 322/322/322 323/323/323
f 367/367/367 323/323/323 325/325/325
f 326/326/326 324/324/324 313/313/313
f 326/326/326 313/313/313 311/311/311
f 236/236/236 235/235/235 239/239/239
f 386/386/386 387/387/387 388/388/388
f 253/253/253 252/252/252 256/256/256
f 262/262/262 261/261/261 389/389/389
f 257/257/257 269/269/269 258/258/258
f 275/275/275 274/274/274 390/390/390
f 305/305/305 391/391/391 306/306/306
f 233/233/233 392/392/392 316/316/316
f 313/313/313 231/231/231 314/314/314
f 323/323/323 232/232/232 324/324/324
f 393/393/393 394/394/394 395/395/395
f 393/393/393 395/395/395 396/396/396
f 397/397/397 398/398/398 399/399/399
f 397/397/397 399/399/399 400/400/400
f 401/401/401 402/402/402 403/403/403
f 401/401/401 403/403/403 404/404/404
f 405/405/405 406/406/406 407/407/407
f 405/405/405 407/407/407 408/408/408
f 409/409/409 410/410/410 411/411/411
f 409/409/409 411/411/411 412/412/412
f 413/413/413 414/414/414 415/415/415
f 413/413/413 415/415/415 416/416/416
f 417/417/417 418/418/418 419/419/419
f 420/420/420 421/421/421 422/422/422
f 423/423/423 424/424/424 425/425/425
f 423/423/423 425/425/425 426/426/426
f 427/427/427 428/428/428 429/429/429
f 430/430/430 431/431/431 432/432/432
f 433/433/433 434/434/434 435/435/435
f 433/433/433 435/435/435 436/436/436
f 437/437/437 438/438/438 439/439/439
f 437/437/437 439/439/439 440/440/440
f 441/441/441 442/442/442 443/443/443
f 441/441/441 443/443/443 444/444/444
f 445/445/445 446/446/446 447/447/447
f 445/445/445 447/447/447 448/448/448
f 449/449/449 450/450/450 451/451/451
f 449/449/449 451/451/451 452/452/452
f 453/453/453 454/454/454 455/455/455
f 453/453/453 455/455/455 456/456/456
f 457/457/457 458/458/458 459/459/459
f 457/457/457 459/459/459 460/460/460
f 461/461/461 462/462/462 463/463/463
f 461/461/461 463/463/463 464/464/464
f 465/465/465 466/466/466 467/467/467
f 465/465/465 467/467/467 468/468/468
f 469/469/469 470/470/470 471/471/471
f 469/469/469 471/471/471 472/472/472
f 473/473/473 474/474/474 475/475/475
f 473/473/473 475/475/475 476/476/476
f 477/477/477 478/478/478 479/479/479
f 477/477/477 479/479/479 480/480/480
f 481/481/481 482/482/482 483/483/483
f 481/481/481 483/483/483 484/484/484
f 485/485/485 486/486/486 487/487/487
f 485/485/485 487/487/487 488/488/488
f 489/489/489 490/490/490 491/491/491
f 489/489/489 491/491/491 492/492/492
f 493/493/493 494/494/494 495/495/495
f 493/493/493 495/495/495 496/496/496
f 497/497/497 498/498/498 499/499/499
f 497/497/497 499/499/499 500/500/500
f 456/456/456 468/468/468 467/467/467
f 456/456/456 467/467/467 453/453/453
f 501/501/501 502/502/502 503/503/503
f 501/501/501 503/503/503 504/504/504
f 505/505/505 506/506/506 507/507/507
f 505/505/505 507/507/507 508/508/508
f 509/509/509 510/510/510 511/511/511
f 509/509/509 511/511/511 512/512/512
f 465/465/465 476/476/476 475/475/475
f 465/465/465 475/475/475 466/466/466
f 513/513/513 514/514/514 515/515/515
f 513/513/513 515/515/515 516/516/516
f 517/517/517 518/518/518 519/519/519
f 517/517/517 519/519/519 520/520/520
f 480/480/480 455/455/455 454/454/454
f 480/480/480 454/454/454 477/477/477
f 521/521/521 522/522/522 523/523/523
f 521/521/521 523/523/523 524/524/524
f 525/525/525 526/526/526 527/527/527
f 525/525/525 527/527/527 528/528/528
f 473/473/473 479/479/479 478/478/478
f 473/473/473 478/478/478 474/474/474
f 529/529/529 530/530/530 531/531/531
f 529/529/529 531/531/531 532/532/532
f 533/533/533 534/534/534 535/535/535
f 533/533/533 535/535/535 536/536/536
f 537/537/537 538/538/538 539/539/539
f 537/537/537 539/539/539 540/540/540
f 541/541/541 542/542/542 543/543/543
f 541/541/541 543/543/543 544/544/544
f 545/545/545 546/546/546 547/547/547
f 545/545/545 547/547/547 548/548/548
f 549/549/549 550/550/550 551/551/551
f 549/549/549 551/551/551 552/552/552
f 553/553/553 554/554/554 555/555/555
f 553/553/553 555/555/555 556/556/556
f 557/557/557 558/558/558 559/559/559
f 557/557/557 559/559/559 560/560/560
f 561/561/561 562/562/562 563/563/563
f 561/561/561 563/563/563 564/564/564
f 565/565/565 566/566/566 567/567/567
f 565/565/565 567/567/567 568/568/568
f 569/569/569 570/570/570 571/571/571
f 569/569/569 571/571/571 572/572/572
f 573/573/573 574/574/574 575/575/575
f 573/573/573 575/575/575 576/576/576
f 577/577/577 578/578/578 579/579/579
f 577/577/577 579/579/579 580/580/580
f 581/581/581 582/582/582 583/583/583
f 581/581/581 583/583/583 584/584/584
f 585/585/585 586/586/586 587/587/587
f 585/585/585 587/587/587 588/588/588
f 589/589/589 590/590/590 591/591/591
f 589/589/589 591/591/591 592/592/592
f 593/593/593 594/594/594 595/595/595
f 593/593/593 595/595/595 596/596/596
f 597/597/597 598/598/598 599/599/599
f 597/597/597 599/599/599 600/600/600
f 601/601/601 602/602/602 603/603/603
f 601/601/601 603/603/603 604/604/604
f 605/605/605 606/606/606 607/607/607
f 605/605/605 607/607/607 608/608/608
f 609/609/609 610/610/610 611/611/611
f 609/609/609 611/611/611 612/612/612
f 610/610/610 609/609/609 613/613/613
f 610/610/610 613/613/613 614/614/614
f 615/615/615 616/616/616 617/617/617
f 615/615/615 617/617/617 618/618/618
f 616/616/616 613/613/613 619/619/619
f 616/616/616 619/619/619 620/620/620
f 621/621/621 619/619/619 622/622/622
f 621/621/621 622/622/622 623/623/623
f 624/624/624 625/625/625 626/626/626
f 624/624/624 626/626/626 627/627/627
f 625/625/625 624/624/624 628/628/628
f 625/625/625 628/628/628 629/629/629
f 629/629/629 630/630/630 623/623/623
f 629/629/629 623/623/623 622/622/622
f 630/630/630 628/628/628 631/631/631
f 630/630/630 631/631/631 632/632/632
f 633/633/633 634/634/634 635/635/635
f 633/633/633 635/635/635 636/636/636
f 634/634/634 633/633/633 637/637/637
f 634/634/634 637/637/637 638/638/638
f 639/639/639 640/640/640 641/641/641
f 639/639/639 641/641/641 642/642/642
f 640/640/640 643/643/643 644/644/644
f 640/640/640 644/644/644 645/645/645
f 646/646/646 647/647/647 648/648/648
f 646/646/646 648/648/648 649/649/649
f 647/647/647 646/646/646 650/650/650
f 647/647/647 650/650/650 651/651/651
f 652/652/652 653/653/653 654/654/654
f 652/652/652 654/654/654 655/655/655
f 656/656/656 652/652/652 657/657/657
f 656/656/656 657/657/657 658/658/658
f 645/645/645 644/644/644 658/658/658
f 645/645/645 658/658/658 657/657/657
f 659/659/659 660/660/660 661/661/661
f 659/659/659 661/661/661 662/662/662
f 612/612/612 659/659/659 663/663/663
f 612/612/612 663/663/663 664/664/664
f 664/664/664 665/665/665 666/666/666
f 664/664/664 666/666/666 667/667/667
f 668/668/668 626/626/626 667/667/667
f 668/668/668 667/667/667 666/666/666
f 627/627/627 668/668/668 669/669/669
f 627/627/627 669/669/669 670/670/670
f 671/671/671 672/672/672 673/673/673
f 671/671/671 673/673/673 674/674/674
f 636/636/636 671/671/671 675/675/675
f 636/636/636 675/675/675 676/676/676
f 677/677/677 678/678/678 679/679/679
f 677/677/677 679/679/679 680/680/680
f 678/678/678 650/650/650 681/681/681
f 678/678/678 681/681/681 682/682/682
f 676/676/676 675/675/675 682/682/682
f 676/676/676 682/682/682 681/681/681
f 674/674/674 673/673/673 683/683/683
f 674/674/674 683/683/683 684/684/684
f 685/685/685 686/686/686 642/642/642
f 685/685/685 642/642/642 641/641/641
f 687/687/687 688/688/688 680/680/680
f 687/687/687 680/680/680 679/679/679
f 655/655/655 654/654/654 689/689/689
f 655/655/655 689/689/689 690/690/690
f 619/619/619 613/613/613 609/609/609
f 619/619/619 609/609/609 691/691/691
f 691/691/691 692/692/692 622/622/622
f 691/691/691 622/622/622 619/619/619
f 693/693/693 694/694/694 646/646/646
f 693/693/693 646/646/646 649/649/649
f 609/609/609 612/612/612 664/664/664
f 609/609/609 664/664/664 691/691/691
f 691/691/691 664/664/664 667/667/667
f 691/691/691 667/667/667 692/692/692
f 694/694/694 681/681/681 650/650/650
f 694/694/694 650/650/650 646/646/646
f 695/695/695 694/694/694 693/693/693
f 695/695/695 693/693/693 696/696/696
f 695/695/695 676/676/676 681/681/681
f 695/695/695 681/681/681 694/694/694
f 697/697/697 698/698/698 699/699/699
f 697/697/697 699/699/699 700/700/700
f 698/698/698 697/697/697 701/701/701
f 698/698/698 701/701/701 702/702/702
f 703/703/703 704/704/704 705/705/705
f 703/703/703 705/705/705 706/706/706
f 704/704/704 703/703/703 707/707/707
f 704/704/704 707/707/707 708/708/708
f 655/655/655 690/690/690 604/604/604
f 655/655/655 604/604/604 603/603/603
f 687/687/687 679/679/679 608/608/608
f 687/687/687 608/608/608 607/607/607
f 617/617/617 616/616/616 620/620/620
f 617/617/617 620/620/620 709/709/709
f 624/624/624 710/710/710 711/711/711
f 624/624/624 711/711/711 628/628/628
f 712/712/712 634/634/634 638/638/638
f 712/712/712 638/638/638 713/713/713
f 714/714/714 704/704/704 708/708/708
f 714/714/714 708/708/708 715/715/715
f 716/716/716 610/610/610 614/614/614
f 716/716/716 614/614/614 717/717/717
f 663/663/663 659/659/659 662/662/662
f 663/663/663 662/662/662 718/718/718
f 624/624/624 627/627/627 719/719/719
f 624/624/624 719/719/719 710/710/710
f 712/712/712 720/720/720 635/635/635
f 712/712/712 635/635/635 634/634/634
f 714/714/714 721/721/721 705/705/705
f 714/714/714 705/705/705 704/704/704
f 716/716/716 722/722/722 611/611/611
f 716/716/716 611/611/611 610/610/610
f 682/682/682 608/608/608 679/679/679
f 682/682/682 679/679/679 678/678/678
f 655/655/655 603/603/603 657/657/657
f 655/655/655 657/657/657 652/652/652
f 709/709/709 620/620/620 723/723/723
f 709/709/709 723/723/723 724/724/724
f 657/657/657 603/603/603 602/602/602
f 657/657/657 602/602/602 645/645/645
f 605/605/605 608/608/608 682/682/682
f 605/605/605 682/682/682 675/675/675
f 663/663/663 718/718/718 725/725/725
f 663/663/663 725/725/725 726/726/726
f 692/692/692 667/667/667 626/626/626
f 692/692/692 626/626/626 625/625/625
f 622/622/622 692/692/692 625/625/625
f 622/622/622 625/625/625 629/629/629
f 724/724/724 723/723/723 727/727/727
f 724/724/724 727/727/727 728/728/728
f 685/685/685 641/641/641 602/602/602
f 685/685/685 602/602/602 601/601/601
f 645/645/645 602/602/602 641/641/641
f 645/645/645 641/641/641 640/640/640
f 633/633/633 695/695/695 696/696/696
f 633/633/633 696/696/696 637/637/637
f 633/633/633 636/636/636 676/676/676
f 633/633/633 676/676/676 695/695/695
f 674/674/674 605/605/605 675/675/675
f 674/674/674 675/675/675 671/671/671
f 674/674/674 684/684/684 606/606/606
f 674/674/674 606/606/606 605/605/605
f 726/726/726 725/725/725 729/729/729
f 726/726/726 729/729/729 730/730/730
f 616/616/616 615/615/615 613/613/613
f 630/630/630 629/629/629 628/628/628
f 731/731/731 638/638/638 637/637/637
f 648/648/648 732/732/732 649/649/649
f 660/660/660 659/659/659 612/612/612
f 626/626/626 668/668/668 627/627/627
f 635/635/635 733/733/733 636/636/636
f 734/734/734 651/651/651 650/650/650
f 684/684/684 683/683/683 735/735/735
f 684/684/684 735/735/735 729/729/729
f 606/606/606 684/684/684 729/729/729
f 606/606/606 729/729/729 725/725/725
f 607/607/607 606/606/606 725/725/725
f 607/607/607 725/725/725 718/718/718
f 662/662/662 687/687/687 607/607/607
f 662/662/662 607/607/607 718/718/718
f 662/662/662 661/661/661 688/688/688
f 662/662/662 688/688/688 687/687/687
f 716/716/716 703/703/703 706/706/706
f 716/716/716 706/706/706 722/722/722
f 707/707/707 703/703/703 716/716/716
f 707/707/707 716/716/716 717/717/717
f 690/690/690 689/689/689 618/618/618
f 690/690/690 618/618/618 617/617/617
f 604/604/604 690/690/690 617/617/617
f 604/604/604 617/617/617 709/709/709
f 724/724/724 601/601/601 604/604/604
f 724/724/724 604/604/604 709/709/709
f 728/728/728 685/685/685 601/601/601
f 728/728/728 601/601/601 724/724/724
f 728/728/728 736/736/736 686/686/686
f 728/728/728 686/686/686 685/685/685
f 710/710/710 698/698/698 702/702/702
f 710/710/710 702/702/702 711/711/711
f 699/699/699 698/698/698 710/710/710
f 699/699/699 710/710/710 719/719/719
f 737/737/737 738/738/738 739/739/739
f 737/737/737 739/739/739 740/740/740
f 741/741/741 742/742/742 743/743/743
f 741/741/741 743/743/743 744/744/744
f 745/745/745 746/746/746 747/747/747
f 745/745/745 747/747/747 748/748/748
f 749/749/749 750/750/750 751/751/751
f 749/749/749 751/751/751 752/752/752
f 753/753/753 754/754/754 755/755/755
f 753/753/753 755/755/755 756/756/756
f 757/757/757 758/758/758 759/759/759
f 757/757/757 759/759/759 760/760/760
f 761/761/761 762/762/762 763/763/763
f 761/761/761 763/763/763 764/764/764
f 765/765/765 766/766/766 767/767/767
f 765/765/765 767/767/767 768/768/768
f 769/769/769 770/770/770 771/771/771
f 769/769/769 771/771/771 772/772/772
f 773/773/773 774/774/774 775/775/775
f 773/773/773 775/775/775 776/776/776
f 777/777/777 778/778/778 779/779/779
f 777/777/777 779/779/779 780/780/780
f 781/781/781 782/782/782 783/783/783
f 781/781/781 783/783/783 784/784/784
f 785/785/785 786/786/786 787/787/787
f 785/785/785 787/787/787 788/788/788
f 789/789/789 790/790/790 791/791/791
f 789/789/789 791/791/791 792/792/792
f 793/793/793 794/794/794 795/795/795
f 793/793/793 795/795/795 796/796/796
f 794/794/794 797/797/797 798/798/798
f 794/794/794 798/798/798 795/795/795
f 795/795/795 798/798/798 799/799/799
f 795/795/795 799/799/799 800/800/800
f 796/796/796 795/795/795 800/800/800
f 796/796/796 800/800/800 801/801/801
f 801/801/801 800/800/800 802/802/802
f 801/801/801 802/802/802 803/803/803
f 800/800/800 799/799/799 804/804/804
f 800/800/800 804/804/804 802/802/802
f 802/802/802 804/804/804 805/805/805
f 802/802/802 805/805/805 806/806/806
f 803/803/803 802/802/802 806/806/806
f 803/803/803 806/806/806 807/807/807
f 807/807/807 806/806/806 808/808/808
f 807/807/807 808/808/808 809/809/809
f 806/806/806 805/805/805 810/810/810
f 806/806/806 810/810/810 808/808/808
f 808/808/808 810/810/810 811/811/811
f 808/808/808 811/811/811 812/812/812
f 809/809/809 808/808/808 812/812/812
f 809/809/809 812/812/812 813/813/813
f 814/814/814 815/815/815 816/816/816
f 814/814/814 816/816/816 817/817/817
f 815/815/815 818/818/818 819/819/819
f 815/815/815 819/819/819 816/816/816
f 816/816/816 819/819/819 820/820/820
f 816/816/816 820/820/820 821/821/821
f 817/817/817 816/816/816 821/821/821
f 817/817/817 821/821/821 822/822/822
f 820/820/820 819/819/819 823/823/823
f 820/820/820 823/823/823 824/824/824
f 819/819/819 818/818/818 825/825/825
f 819/819/819 825/825/825 823/823/823
f 823/823/823 825/825/825 805/805/805
f 823/823/823 805/805/805 804/804/804
f 824/824/824 823/823/823 804/804/804
f 824/824/824 804/804/804 799/799/799
f 826/826/826 827/827/827 828/828/828
f 826/826/826 828/828/828 829/829/829
f 827/827/827 830/830/830 831/831/831
f 827/827/827 831/831/831 828/828/828
f 828/828/828 831/831/831 801/801/801
f 828/828/828 801/801/801 803/803/803
f 829/829/829 828/828/828 803/803/803
f 829/829/829 803/803/803 807/807/807
f 832/832/832 833/833/833 834/834/834
f 832/832/832 834/834/834 835/835/835
f 833/833/833 836/836/836 837/837/837
f 833/833/833 837/837/837 834/834/834
f 834/834/834 837/837/837 838/838/838
f 834/834/834 838/838/838 839/839/839
f 835/835/835 834/834/834 839/839/839
f 835/835/835 839/839/839 840/840/840
f 840/840/840 839/839/839 841/841/841
f 840/840/840 841/841/841 842/842/842
f 839/839/839 838/838/838 843/843/843
f 839/839/839 843/843/843 841/841/841
f 841/841/841 843/843/843 844/844/844
f 841/841/841 844/844/844 845/845/845
f 842/842/842 841/841/841 845/845/845
f 842/842/842 845/845/845 846/846/846
f 846/846/846 845/845/845 847/847/847
f 846/846/846 847/847/847 848/848/848
f 845/845/845 844/844/844 849/849/849
f 845/845/845 849/849/849 847/847/847
f 847/847/847 849/849/849 850/850/850
f 847/847/847 850/850/850 851/851/851
f 848/848/848 847/847/847 851/851/851
f 848/848/848 851/851/851 852/852/852
f 853/853/853 854/854/854 855/855/855
f 853/853/853 855/855/855 856/856/856
f 854/854/854 857/857/857 858/858/858
f 854/854/854 858/858/858 855/855/855
f 855/855/855 858/858/858 859/859/859
f 855/855/855 859/859/859 860/860/860
f 856/856/856 855/855/855 860/860/860
f 856/856/856 860/860/860 861/861/861
f 862/862/862 863/863/863 864/864/864
f 862/862/862 864/864/864 865/865/865
f 863/863/863 866/866/866 867/867/867
f 863/863/863 867/867/867 864/864/864
f 864/864/864 867/867/867 844/844/844
f 864/864/864 844/844/844 843/843/843
f 865/865/865 864/864/864 843/843/843
f 865/865/865 843/843/843 838/838/838
f 853/853/853 856/856/856 868/868/868
f 853/853/853 868/868/868 869/869/869
f 856/856/856 861/861/861 870/870/870
f 856/856/856 870/870/870 868/868/868
f 868/868/868 870/870/870 840/840/840
f 868/868/868 840/840/840 842/842/842
f 869/869/869 868/868/868 842/842/842
f 869/869/869 842/842/842 846/846/846
f 871/871/871 872/872/872 873/873/873
f 871/871/871 873/873/873 874/874/874
f 875/875/875 876/876/876 877/877/877
f 875/875/875 877/877/877 878/878/878
f 879/879/879 880/880/880 881/881/881
f 879/879/879 881/881/881 882/882/882
f 883/883/883 884/884/884 885/885/885
f 883/883/883 885/885/885 886/886/886
f 887/887/887 888/888/888 889/889/889
f 887/887/887 889/889/889 890/890/890
f 891/891/891 892/892/892 893/893/893
f 891/891/891 893/893/893 894/894/894
f 895/895/895 896/896/896 897/897/897
f 895/895/895 897/897/897 898/898/898
f 899/899/899 900/900/900 901/901/901
f 899/899/899 901/901/901 902/902/902
f 903/903/903 904/904/904 905/905/905
f 903/903/903 905/905/905 906/906/906
f 907/907/907 908/908/908 909/909/909
f 907/907/907 909/909/909 910/910/910
f 911/911/911 912/912/912 913/913/913
f 911/911/911 913/913/913 914/914/914
f 915/915/915 916/916/916 917/917/917
f 915/915/915 917/917/917 918/918/918
f 919/919/919 920/920/920 921/921/921
f 919/919/919 921/921/921 922/922/922
f 923/923/923 924/924/924 925/925/925
f 923/923/923 925/925/925 926/926/926
f 927/927/927 767/767/767 766/766/766
f 927/927/927 766/766/766 928/928/928
f 750/750/750 749/749/749 929/929/929
f 750/750/750 929/929/929 930/930/930
f 742/742/742 741/741/741 931/931/931
f 742/742/742 931/931/931 932/932/932
f 933/933/933 754/754/754 753/753/753
f 933/933/933 753/753/753 934/934/934
f 771/771/771 770/770/770 935/935/935
f 771/771/771 935/935/935 936/936/936
f 937/937/937 769/769/769 772/772/772
f 937/937/937 772/772/772 938/938/938
f 756/756/756 755/755/755 939/939/939
f 756/756/756 939/939/939 940/940/940
f 941/941/941 942/942/942 744/744/744
f 941/941/941 744/744/744 743/743/743
f 943/943/943 752/752/752 751/751/751
f 943/943/943 751/751/751 944/944/944
f 765/765/765 768/768/768 945/945/945
f 765/765/765 945/945/945 946/946/946
f 947/947/947 948/948/948 949/949/949
f 947/947/947 949/949/949 950/950/950
f 951/951/951 952/952/952 953/953/953
f 951/951/951 953/953/953 954/954/954
f 955/955/955 953/953/953 952/952/952
f 955/955/955 952/952/952 956/956/956
f 957/957/957 958/958/958 959/959/959
f 957/957/957 959/959/959 960/960/960
f 961/961/961 958/958/958 957/957/957
f 961/961/961 957/957/957 962/962/962
f 959/959/959 958/958/958 963/963/963
f 959/959/959 963/963/963 964/964/964
f 963/963/963 958/958/958 961/961/961
f 963/963/963 961/961/961 965/965/965
f 966/966/966 967/967/967 968/968/968
f 966/966/966 968/968/968 969/969/969
f 970/970/970 971/971/971 955/955/955
f 970/970/970 955/955/955 956/956/956
f 972/972/972 971/971/971 970/970/970
f 972/972/972 970/970/970 973/973/973
f 963/963/963 967/967/967 966/966/966
f 963/963/963 966/966/966 964/964/964
f 974/974/974 967/967/967 963/963/963
f 974/974/974 963/963/963 965/965/965
f 968/968/968 967/967/967 974/974/974
f 968/968/968 974/974/974 975/975/975
f 976/976/976 977/977/977 972/972/972
f 976/976/976 972/972/972 973/973/973
f 969/969/969 968/968/968 978/978/978
f 969/969/969 978/978/978 979/979/979
f 978/978/978 968/968/968 975/975/975
f 978/978/978 975/975/975 980/980/980
f 981/981/981 982/982/982 983/983/983
f 981/981/981 983/983/983 984/984/984
f 960/960/960 959/959/959 982/982/982
f 960/960/960 982/982/982 981/981/981
f 983/983/983 982/982/982 985/985/985
f 983/983/983 985/985/985 986/986/986
f 985/985/985 982/982/982 959/959/959
f 985/985/985 959/959/959 964/964/964
f 987/987/987 988/988/988 952/952/952
f 987/987/987 952/952/952 951/951/951
f 984/984/984 983/983/983 988/988/988
f 984/984/984 988/988/988 987/987/987
f 952/952/952 988/988/988 989/989/989
f 952/952/952 989/989/989 956/956/956
f 989/989/989 988/988/988 983/983/983
f 989/989/989 983/983/983 986/986/986
f 970/970/970 990/990/990 991/991/991
f 970/970/970 991/991/991 973/973/973
f 992/992/992 993/993/993 994/994/994
f 992/992/992 994/994/994 995/995/995
f 985/985/985 994/994/994 993/993/993
f 985/985/985 993/993/993 986/986/986
f 964/964/964 966/966/966 994/994/994
f 964/964/964 994/994/994 985/985/985
f 995/995/995 994/994/994 966/966/966
f 995/995/995 966/966/966 969/969/969
f 989/989/989 990/990/990 970/970/970
f 989/989/989 970/970/970 956/956/956
f 986/986/986 993/993/993 990/990/990
f 986/986/986 990/990/990 989/989/989
f 991/991/991 990/990/990 993/993/993
f 991/991/991 993/993/993 992/992/992
f 995/995/995 996/996/996 997/997/997
f 995/995/995 997/997/997 992/992/992
f 979/979/979 996/996/996 995/995/995
f 979/979/979 995/995/995 969/969/969
f 973/973/973 991/991/991 998/998/998
f 973/973/973 998/998/998 976/976/976
f 998/998/998 991/991/991 992/992/992
f 998/998/998 992/992/992 997/997/997
f 999/999/999 1000/1000/1000 1001/1001/1001
f 999/999/999 1001/1001/1001 1002/1002/1002
f 1003/1003/1003 1004/1004/1004 1005/1005/1005
f 1003/1003/1003 1005/1005/1005 1006/1006/1006
f 1007/1007/1007 1008/1008/1008 977/977/977
f 1007/1007/1007 977/977/977 976/976/976
f 1009/1009/1009 1010/1010/1010 1008/1008/1008
f 1009/1009/1009 1008/1008/1008 1007/1007/1007
f 978/978/978 1004/1004/1004 1003/1003/1003
f 978/978/978 1003/1003/1003 979/979/979
f 1011/1011/1011 1004/1004/1004 978/978/978
f 1011/1011/1011 978/978/978 980/980/980
f 1005/1005/1005 1004/1004/1004 1011/1011/1011
f 1005/1005/1005 1011/1011/1011 1012/1012/1012
f 1013/1013/1013 1014/1014/1014 1015/1015/1015
f 1013/1013/1013 1015/1015/1015 1016/1016/1016
f 1017/1017/1017 1018/1018/1018 1010/1010/1010
f 1017/1017/1017 1010/1010/1010 1009/1009/1009
f 1019/1019/1019 1020/1020/1020 1018/1018/1018
f 1019/1019/1019 1018/1018/1018 1017/1017/1017
f 1005/1005/1005 1014/1014/1014 1013/1013/1013
f 1005/1005/1005 1013/1013/1013 1006/1006/1006
f 1021/1021/1021 1014/1014/1014 1005/1005/1005
f 1021/1021/1021 1005/1005/1005 1012/1012/1012
f 1015/1015/1015 1014/1014/1014 1021/1021/1021
f 1015/1015/1015 1021/1021/1021 1022/1022/1022
f 947/947/947 1023/1023/1023 1020/1020/1020
f 947/947/947 1020/1020/1020 1019/1019/1019
f 1024/1024/1024 1023/1023/1023 947/947/947
f 1024/1024/1024 947/947/947 950/950/950
f 1015/1015/1015 1001/1001/1001 1000/1000/1000
f 1015/1015/1015 1000/1000/1000 1016/1016/1016
f 1025/1025/1025 1001/1001/1001 1015/1015/1015
f 1025/1025/1025 1015/1015/1015 1022/1022/1022
f 1026/1026/1026 1002/1002/1002 1001/1001/1001
f 1026/1026/1026 1001/1001/1001 1025/1025/1025
f 1007/1007/1007 1027/1027/1027 1028/1028/1028
f 1007/1007/1007 1028/1028/1028 1009/1009/1009
f 1029/1029/1029 1030/1030/1030 1031/1031/1031
f 1029/1029/1029 1031/1031/1031 1032/1032/1032
f 996/996/996 1031/1031/1031 1030/1030/1030
f 996/996/996 1030/1030/1030 997/997/997
f 979/979/979 1003/1003/1003 1031/1031/1031
f 979/979/979 1031/1031/1031 996/996/996
f 1032/1032/1032 1031/1031/1031 1003/1003/1003
f 1032/1032/1032 1003/1003/1003 1006/1006/1006
f 998/998/998 1027/1027/1027 1007/1007/1007
f 998/998/998 1007/1007/1007 976/976/976
f 997/997/997 1030/1030/1030 1027/1027/1027
f 997/997/997 1027/1027/1027 998/998/998
f 1028/1028/1028 1027/1027/1027 1030/1030/1030
f 1028/1028/1028 1030/1030/1030 1029/1029/1029
f 1017/1017/1017 1033/1033/1033 1034/1034/1034
f 1017/1017/1017 1034/1034/1034 1019/1019/1019
f 1035/1035/1035 1036/1036/1036 1037/1037/1037
f 1035/1035/1035 1037/1037/1037 1038/1038/1038
f 1032/1032/1032 1037/1037/1037 1036/1036/1036
f 1032/1032/1032 1036/1036/1036 1029/1029/1029
f 1013/1013/1013 1037/1037/1037 1032/1032/1032
f 1013/1013/1013 1032/1032/1032 1006/1006/1006
f 1038/1038/1038 1037/1037/1037 1013/1013/1013
f 1038/1038/1038 1013/1013/1013 1016/1016/1016
f 1009/1009/1009 1028/1028/1028 1033/1033/1033
f 1009/1009/1009 1033/1033/1033 1017/1017/1017
f 1033/1033/1033 1028/1028/1028 1029/1029/1029
f 1033/1033/1033 1029/1029/1029 1036/1036/1036
f 1034/1034/1034 1033/1033/1033 1036/1036/1036
f 1034/1034/1034 1036/1036/1036 1035/1035/1035
f 1039/1039/1039 1040/1040/1040 1041/1041/1041
f 1039/1039/1039 1041/1041/1041 1042/1042/1042
f 1038/1038/1038 1041/1041/1041 1040/1040/1040
f 1038/1038/1038 1040/1040/1040 1035/1035/1035
f 1000/1000/1000 1041/1041/1041 1038/1038/1038
f 1000/1000/1000 1038/1038/1038 1016/1016/1016
f 1042/1042/1042 1041/1041/1041 1000/1000/1000
f 1042/1042/1042 1000/1000/1000 999/999/999
f 1019/1019/1019 1034/1034/1034 948/948/948
f 1019/1019/1019 948/948/948 947/947/947
f 948/948/948 1034/1034/1034 1035/1035/1035
f 948/948/948 1035/1035/1035 1040/1040/1040
f 949/949/949 948/948/948 1040/1040/1040
f 949/949/949 1040/1040/1040 1039/1039/1039
f 1043/1043/1043 1044/1044/1044 1045/1045/1045
f 1043/1043/1043 1045/1045/1045 1046/1046/1046
f 1047/1047/1047 1048/1048/1048 1049/1049/1049
f 1047/1047/1047 1049/1049/1049 1050/1050/1050
f 1051/1051/1051 1049/1049/1049 1048/1048/1048
f 1051/1051/1051 1048/1048/1048 1052/1052/1052
f 1053/1053/1053 1054/1054/1054 1055/1055/1055
f 1053/1053/1053 1055/1055/1055 1056/1056/1056
f 1057/1057/1057 1054/1054/1054 1053/1053/1053
f 1057/1057/1057 1053/1053/1053 1058/1058/1058
f 1055/1055/1055 1054/1054/1054 1059/1059/1059
f 1055/1055/1055 1059/1059/1059 1060/1060/1060
f 1059/1059/1059 1054/1054/1054 1057/1057/1057
f 1059/1059/1059 1057/1057/1057 1061/1061/1061
f 1062/1062/1062 1063/1063/1063 1064/1064/1064
f 1062/1062/1062 1064/1064/1064 1065/1065/1065
f 1066/1066/1066 1067/1067/1067 1051/1051/1051
f 1066/1066/1066 1051/1051/1051 1052/1052/1052
f 1068/1068/1068 1067/1067/1067 1066/1066/1066
f 1068/1068/1068 1066/1066/1066 1069/1069/1069
f 1059/1059/1059 1063/1063/1063 1062/1062/1062
f 1059/1059/1059 1062/1062/1062 1060/1060/1060
f 1070/1070/1070 1063/1063/1063 1059/1059/1059
f 1070/1070/1070 1059/1059/1059 1061/1061/1061
f 1064/1064/1064 1063/1063/1063 1070/1070/1070
f 1064/1064/1064 1070/1070/1070 1071/1071/1071
f 1072/1072/1072 1073/1073/1073 1068/1068/1068
f 1072/1072/1072 1068/1068/1068 1069/1069/1069
f 1065/1065/1065 1064/1064/1064 1074/1074/1074
f 1065/1065/1065 1074/1074/1074 1075/1075/1075
f 1074/1074/1074 1064/1064/1064 1071/1071/1071
f 1074/1074/1074 1071/1071/1071 1076/1076/1076
f 1077/1077/1077 1078/1078/1078 1079/1079/1079
f 1077/1077/1077 1079/1079/1079 1080/1080/1080
f 1056/1056/1056 1055/1055/1055 1078/1078/1078
f 1056/1056/1056 1078/1078/1078 1077/1077/1077
f 1079/1079/1079 1078/1078/1078 1081/1081/1081
f 1079/1079/1079 1081/1081/1081 1082/1082/1082
f 1081/1081/1081 1078/1078/1078 1055/1055/1055
f 1081/1081/1081 1055/1055/1055 1060/1060/1060
f 1083/1083/1083 1084/1084/1084 1048/1048/1048
f 1083/1083/1083 1048/1048/1048 1047/1047/1047
f 1080/1080/1080 1079/1079/1079 1084/1084/1084
f 1080/1080/1080 1084/1084/1084 1083/1083/1083
f 1048/1048/1048 1084/1084/1084 1085/1085/1085
f 1048/1048/1048 1085/1085/1085 1052/1052/1052
f 1085/1085/1085 1084/1084/1084 1079/1079/1079
f 1085/1085/1085 1079/1079/1079 1082/1082/1082
f 1066/1066/1066 1086/1086/1086 1087/1087/1087
f 1066/1066/1066 1087/1087/1087 1069/1069/1069
f 1088/1088/1088 1089/1089/1089 1090/1090/1090
f 1088/1088/1088 1090/1090/1090 1091/1091/1091
f 1081/1081/1081 1090/1090/1090 1089/1089/1089
f 1081/1081/1081 1089/1089/1089 1082/1082/1082
f 1060/1060/1060 1062/1062/1062 1090/1090/1090
f 1060/1060/1060 1090/1090/1090 1081/1081/1081
f 1091/1091/1091 1090/1090/1090 1062/1062/1062
f 1091/1091/1091 1062/1062/1062 1065/1065/1065
f 1085/1085/1085 1086/1086/1086 1066/1066/1066
f 1085/1085/1085 1066/1066/1066 1052/1052/1052
f 1082/1082/1082 1089/1089/1089 1086/1086/1086
f 1082/1082/1082 1086/1086/1086 1085/1085/1085
f 1087/1087/1087 1086/1086/1086 1089/1089/1089
f 1087/1087/1087 1089/1089/1089 1088/1088/1088
f 1091/1091/1091 1092/1092/1092 1093/1093/1093
f 1091/1091/1091 1093/1093/1093 1088/1088/1088
f 1075/1075/1075 1092/1092/1092 1091/1091/1091
f 1075/1075/1075 1091/1091/1091 1065/1065/1065
f 1069/1069/1069 1087/1087/1087 1094/1094/1094
f 1069/1069/1069 1094/1094/1094 1072/1072/1072
f 1094/1094/1094 1087/1087/1087 1088/1088/1088
f 1094/1094/1094 1088/1088/1088 1093/1093/1093
f 1095/1095/1095 1096/1096/1096 1097/1097/1097
f 1095/1095/1095 1097/1097/1097 1098/1098/1098
f 1099/1099/1099 1100/1100/1100 1101/1101/1101
f 1099/1099/1099 1101/1101/1101 1102/1102/1102
f 1103/1103/1103 1104/1104/1104 1073/1073/1073
f 1103/1103/1103 1073/1073/1073 1072/1072/1072
f 1105/1105/1105 1106/1106/1106 1104/1104/1104
f 1105/1105/1105 1104/1104/1104 1103/1103/1103
f 1074/1074/1074 1100/1100/1100 1099/1099/1099
f 1074/1074/1074 1099/1099/1099 1075/1075/1075
f 1107/1107/1107 1100/1100/1100 1074/1074/1074
f 1107/1107/1107 1074/1074/1074 1076/1076/1076
f 1101/1101/1101 1100/1100/1100 1107/1107/1107
f 1101/1101/1101 1107/1107/1107 1108/1108/1108
f 1109/1109/1109 1110/1110/1110 1111/1111/1111
f 1109/1109/1109 1111/1111/1111 1112/1112/1112
f 1113/1113/1113 1114/1114/1114 1106/1106/1106
f 1113/1113/1113 1106/1106/1106 1105/1105/1105
f 1115/1115/1115 1116/1116/1116 1114/1114/1114
f 1115/1115/1115 1114/1114/1114 1113/1113/1113
f 1101/1101/1101 1110/1110/1110 1109/1109/1109
f 1101/1101/1101 1109/1109/1109 1102/1102/1102
f 1117/1117/1117 1110/1110/1110 1101/1101/1101
f 1117/1117/1117 1101/1101/1101 1108/1108/1108
f 1111/1111/1111 1110/1110/1110 1117/1117/1117
f 1111/1111/1111 1117/1117/1117 1118/1118/1118
f 1043/1043/1043 1119/1119/1119 1116/1116/1116
f 1043/1043/1043 1116/1116/1116 1115/1115/1115
f 1120/1120/1120 1119/1119/1119 1043/1043/1043
f 1120/1120/1120 1043/1043/1043 1046/1046/1046
f 1111/1111/1111 1097/1097/1097 1096/1096/1096
f 1111/1111/1111 1096/1096/1096 1112/1112/1112
f 1121/1121/1121 1097/1097/1097 1111/1111/1111
f 1121/1121/1121 1111/1111/1111 1118/1118/1118
f 1122/1122/1122 1098/1098/1098 1097/1097/1097
f 1122/1122/1122 1097/1097/1097 1121/1121/1121
f 1103/1103/1103 1123/1123/1123 1124/1124/1124
f 1103/1103/1103 1124/1124/1124 1105/1105/1105
f 1125/1125/1125 1126/1126/1126 1127/1127/1127
f 1125/1125/1125 1127/1127/1127 1128/1128/1128
f 1092/1092/1092 1127/1127/1127 1126/1126/1126
f 1092/1092/1092 1126/1126/1126 1093/1093/1093
f 1075/1075/1075 1099/1099/1099 1127/1127/1127
f 1075/1075/1075 1127/1127/1127 1092/1092/1092
f 1128/1128/1128 1127/1127/1127 1099/1099/1099
f 1128/1128/1128 1099/1099/1099 1102/1102/1102
f 1094/1094/1094 1123/1123/1123 1103/1103/1103
f 1094/1094/1094 1103/1103/1103 1072/1072/1072
f 1093/1093/1093 1126/1126/1126 1123/1123/1123
f 1093/1093/1093 1123/1123/1123 1094/1094/1094
f 1124/1124/1124 1123/1123/1123 1126/1126/1126
f 1124/1124/1124 1126/1126/1126 1125/1125/1125
f 1113/1113/1113 1129/1129/1129 1130/1130/1130
f 1113/1113/1113 1130/1130/1130 1115/1115/1115
f 1131/1131/1131 1132/1132/1132 1133/1133/1133
f 1131/1131/1131 1133/1133/1133 1134/1134/1134
f 1128/1128/1128 1133/1133/1133 1132/1132/1132
f 1128/1128/1128 1132/1132/1132 1125/1125/1125
f 1109/1109/1109 1133/1133/1133 1128/1128/1128
f 1109/1109/1109 1128/1128/1128 1102/1102/1102
f 1134/1134/1134 1133/1133/1133 1109/1109/1109
f 1134/1134/1134 1109/1109/1109 1112/1112/1112
f 1105/1105/1105 1124/1124/1124 1129/1129/1129
f 1105/1105/1105 1129/1129/1129 1113/1113/1113
f 1129/1129/1129 1124/1124/1124 1125/1125/1125
f 1129/1129/1129 1125/1125/1125 1132/1132/1132
f 1130/1130/1130 1129/1129/1129 1132/1132/1132
f 1130/1130/1130 1132/1132/1132 1131/1131/1131
f 1135/1135/1135 1136/1136/1136 1137/1137/1137
f 1135/1135/1135 1137/1137/1137 1138/1138/1138
f 1134/1134/1134 1137/1137/1137 1136/1136/1136
f 1134/1134/1134 1136/1136/1136 1131/1131/1131
f 1096/1096/1096 1137/1137/1137 1134/1134/1134
f 1096/1096/1096 1134/1134/1134 1112/1112/1112
f 1138/1138/1138 1137/1137/1137 1096/1096/1096
f 1138/1138/1138 1096/1096/1096 1095/1095/1095
f 1115/1115/1115 1130/1130/1130 1044/1044/1044
f 1115/1115/1115 1044/1044/1044 1043/1043/1043
f 1044/1044/1044 1130/1130/1130 1131/1131/1131
f 1044/1044/1044 1131/1131/1131 1136/1136/1136
f 1045/1045/1045 1044/1044/1044 1136/1136/1136
f 1045/1045/1045 1136/1136/1136 1135/1135/1135
f 1046/1046/1046 1045/1045/1045 1139/1139/1139
f 1046/1046/1046 1139/1139/1139 1140/1140/1140
f 1095/1095/1095 1098/1098/1098 1141/1141/1141
f 1095/1095/1095 1141/1141/1141 1142/1142/1142
f 1120/1120/1120 1046/1046/1046 1143/1143/1143
f 1120/1120/1120 1143/1143/1143 1144/1144/1144
f 1098/1098/1098 1122/1122/1122 1145/1145/1145
f 1098/1098/1098 1145/1145/1145 1146/1146/1146
f 1135/1135/1135 1138/1138/1138 1147/1147/1147
f 1135/1135/1135 1147/1147/1147 1148/1148/1148
f 1138/1138/1138 1095/1095/1095 1142/1142/1142
f 1138/1138/1138 1142/1142/1142 1147/1147/1147
f 1045/1045/1045 1135/1135/1135 1149/1149/1149
f 1045/1045/1045 1149/1149/1149 1150/1150/1150
f 1151/1151/1151 1152/1152/1152 1153/1153/1153
f 1151/1151/1151 1153/1153/1153 1154/1154/1154
f 1155/1155/1155 1156/1156/1156 1157/1157/1157
f 1155/1155/1155 1157/1157/1157 1158/1158/1158
f 1159/1159/1159 1160/1160/1160 1161/1161/1161
f 1159/1159/1159 1161/1161/1161 1162/1162/1162
f 1163/1163/1163 1164/1164/1164 1165/1165/1165
f 1163/1163/1163 1165/1165/1165 1166/1166/1166
f 1167/1167/1167 1168/1168/1168 1169/1169/1169
f 1167/1167/1167 1169/1169/1169 1170/1170/1170
f 1168/1168/1168 1155/1155/1155 1158/1158/1158
f 1168/1168/1168 1158/1158/1158 1169/1169/1169
f 1171/1171/1171 1172/1172/1172 1173/1173/1173
f 1171/1171/1171 1173/1173/1173 1174/1174/1174
f 1175/1175/1175 1176/1176/1176 1177/1177/1177
f 1175/1175/1175 1177/1177/1177 1178/1178/1178
f 1179/1179/1179 1180/1180/1180 1181/1181/1181
f 1179/1179/1179 1181/1181/1181 1182/1182/1182
f 1183/1183/1183 1184/1184/1184 1185/1185/1185
f 1183/1183/1183 1185/1185/1185 1186/1186/1186
f 1187/1187/1187 1188/1188/1188 1189/1189/1189
f 1187/1187/1187 1189/1189/1189 1190/1190/1190
f 1191/1191/1191 1192/1192/1192 1193/1193/1193
f 1191/1191/1191 1193/1193/1193 1194/1194/1194
f 1195/1195/1195 1196/1196/1196 1197/1197/1197
f 1195/1195/1195 1197/1197/1197 1198/1198/1198
f 1199/1199/1199 1200/1200/1200 1201/1201/1201
f 1199/1199/1199 1201/1201/1201 1202/1202/1202
f 1140/1140/1140 1139/1139/1139 1203/1203/1203
f 1140/1140/1140 1203/1203/1203 1204/1204/1204
f 1150/1150/1150 1149/1149/1149 1205/1205/1205
f 1150/1150/1150 1205/1205/1205 1206/1206/1206
f 1148/1148/1148 1147/1147/1147 1207/1207/1207
f 1148/1148/1148 1207/1207/1207 1208/1208/1208
f 1147/1147/1147 1142/1142/1142 1209/1209/1209
f 1147/1147/1147 1209/1209/1209 1207/1207/1207
f 1142/1142/1142 1141/1141/1141 1210/1210/1210
f 1142/1142/1142 1210/1210/1210 1209/1209/1209
f 1146/1146/1146 1145/1145/1145 1211/1211/1211
f 1146/1146/1146 1211/1211/1211 1212/1212/1212
f 1144/1144/1144 1143/1143/1143 1213/1213/1213
f 1144/1144/1144 1213/1213/1213 1214/1214/1214
f 1058/1058/1058 1053/1053/1053 1215/1215/1215
f 1058/1058/1058 1215/1215/1215 1216/1216/1216
f 1047/1047/1047 1050/1050/1050 1217/1217/1217
f 1047/1047/1047 1217/1217/1217 1218/1218/1218
f 1053/1053/1053 1056/1056/1056 1219/1219/1219
f 1053/1053/1053 1219/1219/1219 1220/1220/1220
f 1077/1077/1077 1080/1080/1080 1221/1221/1221
f 1077/1077/1077 1221/1221/1221 1222/1222/1222
f 1056/1056/1056 1077/1077/1077 1223/1223/1223
f 1056/1056/1056 1223/1223/1223 1224/1224/1224
f 1083/1083/1083 1047/1047/1047 1225/1225/1225
f 1083/1083/1083 1225/1225/1225 1226/1226/1226
f 1080/1080/1080 1083/1083/1083 1227/1227/1227
f 1080/1080/1080 1227/1227/1227 1228/1228/1228
f 1229/1229/1229 1230/1230/1230 1231/1231/1231
f 1229/1229/1229 1231/1231/1231 1232/1232/1232
f 1233/1233/1233 1234/1234/1234 1235/1235/1235
f 1233/1233/1233 1235/1235/1235 1236/1236/1236
f 1237/1237/1237 1238/1238/1238 1239/1239/1239
f 1237/1237/1237 1239/1239/1239 1240/1240/1240
f 1241/1241/1241 1242/1242/1242 1243/1243/1243
f 1241/1241/1241 1243/1243/1243 1244/1244/1244
f 1245/1245/1245 1246/1246/1246 1247/1247/1247
f 1245/1245/1245 1247/1247/1247 1248/1248/1248
f 1249/1249/1249 1250/1250/1250 1251/1251/1251
f 1249/1249/1249 1251/1251/1251 1252/1252/1252
f 1253/1253/1253 1254/1254/1254 1255/1255/1255
f 1253/1253/1253 1255/1255/1255 1256/1256/1256
f 1257/1257/1257 1258/1258/1258 1259/1259/1259
f 1257/1257/1257 1259/1259/1259 1260/1260/1260
f 1261/1261/1261 1262/1262/1262 1263/1263/1263
f 1261/1261/1261 1263/1263/1263 1264/1264/1264
f 1265/1265/1265 1266/1266/1266 1267/1267/1267
f 1265/1265/1265 1267/1267/1267 1268/1268/1268
f 1269/1269/1269 1270/1270/1270 1271/1271/1271
f 1269/1269/1269 1271/1271/1271 1272/1272/1272
f 1273/1273/1273 1274/1274/1274 1275/1275/1275
f 1273/1273/1273 1275/1275/1275 1276/1276/1276
f 1277/1277/1277 1278/1278/1278 1279/1279/1279
f 1277/1277/1277 1279/1279/1279 1280/1280/1280
f 1281/1281/1281 1282/1282/1282 1283/1283/1283
f 1281/1281/1281 1283/1283/1283 1284/1284/1284
f 1285/1285/1285 1286/1286/1286 1230/1230/1230
f 1285/1285/1285 1230/1230/1230 1229/1229/1229
f 1287/1287/1287 1288/1288/1288 1238/1238/1238
f 1287/1287/1287 1238/1238/1238 1237/1237/1237
f 1289/1289/1289 1290/1290/1290 1246/1246/1246
f 1289/1289/1289 1246/1246/1246 1245/1245/1245
f 1291/1291/1291 1292/1292/1292 1242/1242/1242
f 1291/1291/1291 1242/1242/1242 1241/1241/1241
f 1293/1293/1293 1294/1294/1294 1254/1254/1254
f 1293/1293/1293 1254/1254/1254 1253/1253/1253
f 1295/1295/1295 1296/1296/1296 1250/1250/1250
f 1295/1295/1295 1250/1250/1250 1249/1249/1249
f 1297/1297/1297 1298/1298/1298 1234/1234/1234
f 1297/1297/1297 1234/1234/1234 1233/1233/1233
