# Exported from tank-game Tank_002.fbx mesh Wheels
v -2.072191 1.531351 0.576294
v -2.072191 1.426739 -1.904036
v -2.072191 0.975639 -1.650941
v -2.072191 0.970071 -1.367475
v -2.072191 0.782190 -1.205494
v -2.072191 0.785565 -0.999644
v -2.072191 0.974627 -0.800542
v -2.072191 0.974120 -0.506952
v -2.072191 0.799064 -0.304476
v -2.072191 0.799064 -0.179616
v -2.072191 0.975133 -0.017636
v -2.072191 0.973614 0.427811
v -1.946005 1.531351 0.576294
v -1.946005 0.973614 0.427811
v -1.946005 0.975133 -0.017636
v -1.946005 0.799064 -0.179616
v -1.946005 0.799064 -0.304476
v -1.946005 0.974120 -0.506952
v -1.946005 0.974627 -0.800542
v -1.946005 0.785565 -0.999644
v -1.946005 0.782190 -1.205494
v -1.946005 0.970071 -1.367475
v -1.946005 0.975639 -1.650941
v -1.946005 1.426739 -1.904036
v -1.946005 1.531351 0.576294
v -2.072191 1.531351 0.576294
v -2.072191 0.973614 0.427811
v -1.946005 0.973614 0.427811
v -1.946005 0.973614 0.427811
v -2.072191 0.973614 0.427811
v -2.072191 0.975133 -0.017636
v -1.946005 0.975133 -0.017636
v -1.946005 0.975133 -0.017636
v -2.072191 0.975133 -0.017636
v -2.072191 0.799064 -0.179616
v -1.946005 0.799064 -0.179616
v -1.946005 0.799064 -0.179616
v -2.072191 0.799064 -0.179616
v -2.072191 0.799064 -0.304476
v -1.946005 0.799064 -0.304476
v -1.946005 0.799064 -0.304476
v -2.072191 0.799064 -0.304476
v -2.072191 0.974120 -0.506952
v -1.946005 0.974120 -0.506952
v -1.946005 0.974120 -0.506952
v -2.072191 0.974120 -0.506952
v -2.072191 0.974627 -0.800542
v -1.946005 0.974627 -0.800542
v -1.946005 0.974627 -0.800542
v -2.072191 0.974627 -0.800542
v -2.072191 0.785565 -0.999644
v -1.946005 0.785565 -0.999644
v -1.946005 0.785565 -0.999644
v -2.072191 0.785565 -0.999644
v -2.072191 0.782190 -1.205494
v -1.946005 0.782190 -1.205494
v -1.946005 0.782190 -1.205494
v -2.072191 0.782190 -1.205494
v -2.072191 0.970071 -1.367475
v -1.946005 0.970071 -1.367475
v -1.946005 0.970071 -1.367475
v -2.072191 0.970071 -1.367475
v -2.072191 0.975639 -1.650941
v -1.946005 0.975639 -1.650941
v -1.946005 0.975639 -1.650941
v -2.072191 0.975639 -1.650941
v -2.072191 1.426739 -1.904036
v -1.946005 1.426739 -1.904036
v -1.946005 1.426739 -1.904036
v -2.072191 1.426739 -1.904036
v -2.072191 1.531351 0.576294
v -1.946005 1.531351 0.576294
v -1.358760 0.481322 1.030054
v -2.219682 0.481322 1.030054
v -2.219682 0.702911 0.752190
v -1.358760 0.702911 0.752190
v -2.219682 1.023116 0.597987
v -1.358760 1.023116 0.597987
v -2.219682 1.378517 0.597987
v -1.358760 1.378517 0.597987
v -2.219682 1.698723 0.752190
v -1.358760 1.698723 0.752190
v -2.219682 1.920312 1.030054
v -1.358760 1.920312 1.030054
v -2.219682 1.999396 1.376544
v -1.358760 1.999396 1.376544
v -2.219682 1.920312 1.723035
v -1.358760 1.920312 1.723035
v -2.219682 1.698723 2.000899
v -1.358760 1.698723 2.000899
v -2.219682 1.378518 2.155102
v -1.358760 1.378518 2.155102
v -2.219682 1.023116 2.155102
v -1.358760 1.023116 2.155102
v -2.219682 0.702911 2.000899
v -1.358760 0.702911 2.000899
v -2.219682 0.481322 1.723035
v -1.358760 0.481322 1.723035
v -2.219682 0.402237 1.376545
v -1.358760 0.402237 1.376545
v -1.358760 0.402237 1.376545
v -2.219682 0.402237 1.376545
v -2.272978 1.028925 1.376545
v -2.272978 1.045948 1.451126
v -2.272978 1.093644 1.510935
v -2.272978 1.162567 1.544127
v -2.272978 1.239066 1.544127
v -2.272978 1.307989 1.510935
v -2.272978 1.355686 1.451126
v -2.272978 1.372709 1.376545
v -2.272978 1.355686 1.301964
v -2.272978 1.307989 1.242154
v -2.272978 1.239066 1.208963
v -2.272978 1.162567 1.208963
v -2.272978 1.093644 1.242154
v -2.272978 1.045948 1.301964
v -1.450620 0.448601 -2.640533
v -2.226690 0.448601 -2.640533
v -2.226690 0.605195 -2.836896
v -1.450620 0.605195 -2.836896
v -2.226690 0.831481 -2.945869
v -1.450620 0.831481 -2.945869
v -2.226690 1.082638 -2.945869
v -1.450620 1.082638 -2.945869
v -2.226690 1.308923 -2.836896
v -1.450620 1.308923 -2.836896
v -2.226690 1.465517 -2.640533
v -1.450620 1.465517 -2.640533
v -2.226690 1.521405 -2.395673
v -1.450620 1.521405 -2.395673
v -2.226690 1.465517 -2.150812
v -1.450620 1.465517 -2.150812
v -2.226690 1.308923 -1.954450
v -1.450620 1.308923 -1.954450
v -2.226690 1.082638 -1.845476
v -1.450620 1.082638 -1.845476
v -2.226690 0.831481 -1.845476
v -1.450620 0.831481 -1.845476
v -2.226690 0.605196 -1.954449
v -1.450620 0.605196 -1.954449
v -2.226690 0.448601 -2.150812
v -1.450620 0.448601 -2.150812
v -2.226690 0.392714 -2.395673
v -1.450620 0.392714 -2.395673
v -1.450620 0.392714 -2.395673
v -2.226690 0.392714 -2.395673
v -2.228071 0.809655 -2.395673
v -2.228071 0.824252 -2.331716
v -2.228071 0.865154 -2.280427
v -2.228071 0.924259 -2.251964
v -2.228071 0.989859 -2.251964
v -2.228071 1.048965 -2.280427
v -2.228071 1.089866 -2.331717
v -2.228071 1.104464 -2.395673
v -2.228071 1.089866 -2.459629
v -2.228071 1.048964 -2.510919
v -2.228071 0.989860 -2.539382
v -2.228071 0.924259 -2.539382
v -2.228071 0.865154 -2.510918
v -2.228071 0.824252 -2.459629
v -1.840164 0.406894 -1.632534
v -2.237530 0.406894 -1.632534
v -2.237530 0.487074 -1.733076
v -1.840164 0.487074 -1.733076
v -2.237530 0.602938 -1.788873
v -1.840164 0.602938 -1.788873
v -2.237530 0.731536 -1.788873
v -1.840164 0.731536 -1.788873
v -2.237530 0.847400 -1.733076
v -1.840164 0.847400 -1.733076
v -2.237530 0.927580 -1.632534
v -1.840164 0.927580 -1.632534
v -2.237530 0.956196 -1.507160
v -1.840164 0.956196 -1.507160
v -2.237530 0.927580 -1.381785
v -1.840164 0.927580 -1.381785
v -2.237530 0.847400 -1.281243
v -1.840164 0.847400 -1.281243
v -2.237530 0.731536 -1.225446
v -1.840164 0.731536 -1.225446
v -2.237530 0.602938 -1.225446
v -1.840164 0.602938 -1.225446
v -2.237530 0.487074 -1.281243
v -1.840164 0.487074 -1.281243
v -2.237530 0.406895 -1.381785
v -1.840164 0.406895 -1.381785
v -2.237530 0.378279 -1.507160
v -1.840164 0.378279 -1.507160
v -1.840164 0.378279 -1.507160
v -2.237530 0.378279 -1.507160
v -2.204157 0.554218 -1.507160
v -2.204157 0.565410 -1.458122
v -2.204157 0.596771 -1.418798
v -2.204157 0.642088 -1.396974
v -2.204157 0.692386 -1.396974
v -2.204157 0.737704 -1.418798
v -2.204157 0.769064 -1.458122
v -2.204157 0.780257 -1.507160
v -2.204157 0.769064 -1.556197
v -2.204157 0.737704 -1.595522
v -2.204157 0.692386 -1.617345
v -2.204157 0.642088 -1.617345
v -2.204157 0.596771 -1.595522
v -2.204157 0.565410 -1.556197
v -1.840164 0.406894 -0.784257
v -2.237530 0.406894 -0.784257
v -2.237530 0.487074 -0.884799
v -1.840164 0.487074 -0.884799
v -2.237530 0.602938 -0.940596
v -1.840164 0.602938 -0.940596
v -2.237530 0.731536 -0.940596
v -1.840164 0.731536 -0.940596
v -2.237530 0.847400 -0.884799
v -1.840164 0.847400 -0.884799
v -2.237530 0.927580 -0.784257
v -1.840164 0.927580 -0.784257
v -2.237530 0.956196 -0.658882
v -1.840164 0.956196 -0.658882
v -2.237530 0.927580 -0.533508
v -1.840164 0.927580 -0.533508
v -2.237530 0.847400 -0.432966
v -1.840164 0.847400 -0.432966
v -2.237530 0.731536 -0.377169
v -1.840164 0.731536 -0.377169
v -2.237530 0.602938 -0.377169
v -1.840164 0.602938 -0.377169
v -2.237530 0.487074 -0.432966
v -1.840164 0.487074 -0.432966
v -2.237530 0.406895 -0.533508
v -1.840164 0.406895 -0.533508
v -2.237530 0.378279 -0.658882
v -1.840164 0.378279 -0.658882
v -1.840164 0.378279 -0.658882
v -2.237530 0.378279 -0.658882
v -2.204157 0.539858 -0.658882
v -2.204157 0.552472 -0.603615
v -2.204157 0.587817 -0.559293
v -2.204157 0.638892 -0.534697
v -2.204157 0.695582 -0.534697
v -2.204157 0.746657 -0.559293
v -2.204157 0.782002 -0.603615
v -2.204157 0.794617 -0.658882
v -2.204157 0.782002 -0.714150
v -2.204157 0.746657 -0.758472
v -2.204157 0.695582 -0.783068
v -2.204157 0.638893 -0.783068
v -2.204157 0.587817 -0.758472
v -2.204157 0.552472 -0.714150
v -1.840164 0.406894 0.025121
v -2.237530 0.406894 0.025121
v -2.237530 0.487074 -0.075421
v -1.840164 0.487074 -0.075421
v -2.237530 0.602938 -0.131218
v -1.840164 0.602938 -0.131218
v -2.237530 0.731536 -0.131218
v -1.840164 0.731536 -0.131218
v -2.237530 0.847400 -0.075421
v -1.840164 0.847400 -0.075421
v -2.237530 0.927580 0.025121
v -1.840164 0.927580 0.025121
v -2.237530 0.956196 0.150495
v -1.840164 0.956196 0.150495
v -2.237530 0.927580 0.275870
v -1.840164 0.927580 0.275870
v -2.237530 0.847400 0.376412
v -1.840164 0.847400 0.376412
v -2.237530 0.731536 0.432209
v -1.840164 0.731536 0.432209
v -2.237530 0.602938 0.432209
v -1.840164 0.602938 0.432209
v -2.237530 0.487074 0.376412
v -1.840164 0.487074 0.376412
v -2.237530 0.406895 0.275870
v -1.840164 0.406895 0.275870
v -2.237530 0.378279 0.150495
v -1.840164 0.378279 0.150495
v -1.840164 0.378279 0.150495
v -2.237530 0.378279 0.150495
v -2.204157 0.535773 0.150495
v -2.204157 0.548792 0.207536
v -2.204157 0.585271 0.253278
v -2.204157 0.637984 0.278663
v -2.204157 0.696490 0.278663
v -2.204157 0.749204 0.253278
v -2.204157 0.785682 0.207536
v -2.204157 0.798701 0.150495
v -2.204157 0.785682 0.093455
v -2.204157 0.749203 0.047713
v -2.204157 0.696490 0.022328
v -2.204157 0.637984 0.022328
v -2.204157 0.585271 0.047713
v -2.204157 0.548792 0.093456
v -1.822196 1.236485 -0.383239
v -2.177217 1.236485 -0.383239
v -2.177217 1.308121 -0.473068
v -1.822196 1.308121 -0.473068
v -2.177217 1.411638 -0.522919
v -1.822196 1.411638 -0.522919
v -2.177217 1.526532 -0.522919
v -1.822196 1.526532 -0.522919
v -2.177217 1.630049 -0.473068
v -1.822196 1.630049 -0.473068
v -2.177217 1.701684 -0.383240
v -1.822196 1.701684 -0.383240
v -2.177217 1.727251 -0.271226
v -1.822196 1.727251 -0.271226
v -2.177217 1.701684 -0.159212
v -1.822196 1.701684 -0.159212
v -2.177217 1.630049 -0.069383
v -1.822196 1.630049 -0.069383
v -2.177217 1.526532 -0.019532
v -1.822196 1.526532 -0.019532
v -2.177217 1.411638 -0.019532
v -1.822196 1.411638 -0.019532
v -2.177217 1.308121 -0.069383
v -1.822196 1.308121 -0.069383
v -2.177217 1.236486 -0.159211
v -1.822196 1.236486 -0.159211
v -2.177217 1.210919 -0.271226
v -1.822196 1.210919 -0.271226
v -1.822196 1.210919 -0.271226
v -2.177217 1.210919 -0.271226
v -2.143844 1.371408 -0.271226
v -2.143844 1.381081 -0.228845
v -2.143844 1.408185 -0.194859
v -2.143844 1.447350 -0.175998
v -2.143844 1.490820 -0.175998
v -2.143844 1.529985 -0.194859
v -2.143844 1.557088 -0.228845
v -2.143844 1.566761 -0.271226
v -2.143844 1.557088 -0.313606
v -2.143844 1.529985 -0.347592
v -2.143844 1.490820 -0.366453
v -2.143844 1.447350 -0.366453
v -2.143844 1.408185 -0.347592
v -2.143844 1.381081 -0.313606
v -1.822196 1.236485 -1.250493
v -2.177217 1.236485 -1.250493
v -2.177217 1.308121 -1.340321
v -1.822196 1.308121 -1.340321
v -2.177217 1.411638 -1.390172
v -1.822196 1.411638 -1.390172
v -2.177217 1.526532 -1.390172
v -1.822196 1.526532 -1.390172
v -2.177217 1.630049 -1.340321
v -1.822196 1.630049 -1.340321
v -2.177217 1.701684 -1.250493
v -1.822196 1.701684 -1.250493
v -2.177217 1.727251 -1.138479
v -1.822196 1.727251 -1.138479
v -2.177217 1.701684 -1.026465
v -1.822196 1.701684 -1.026465
v -2.177217 1.630049 -0.936637
v -1.822196 1.630049 -0.936637
v -2.177217 1.526532 -0.886786
v -1.822196 1.526532 -0.886786
v -2.177217 1.411638 -0.886786
v -1.822196 1.411638 -0.886786
v -2.177217 1.308121 -0.936637
v -1.822196 1.308121 -0.936637
v -2.177217 1.236486 -1.026465
v -1.822196 1.236486 -1.026465
v -2.177217 1.210919 -1.138479
v -1.822196 1.210919 -1.138479
v -1.822196 1.210919 -1.138479
v -2.177217 1.210919 -1.138479
v -2.143844 1.375495 -1.138479
v -2.143844 1.384763 -1.097872
v -2.143844 1.410733 -1.065307
v -2.143844 1.448259 -1.047235
v -2.143844 1.489911 -1.047235
v -2.143844 1.527437 -1.065307
v -2.143844 1.553407 -1.097872
v -2.143844 1.562675 -1.138479
v -2.143844 1.553407 -1.179086
v -2.143844 1.527437 -1.211650
v -2.143844 1.489911 -1.229722
v -2.143844 1.448259 -1.229722
v -2.143844 1.410733 -1.211650
v -2.143844 1.384763 -1.179086
v -2.219682 0.402237 1.376545
v -2.219682 0.494449 1.376545
v -2.219682 0.564402 1.070063
v -2.219682 0.481322 1.030054
v -2.219682 0.760404 0.824284
v -2.219682 0.702911 0.752190
v -2.219682 1.043635 0.687887
v -2.219682 1.023116 0.597987
v -2.219682 1.357998 0.687887
v -2.219682 1.378517 0.597987
v -2.219682 1.641230 0.824284
v -2.219682 1.698723 0.752190
v -2.219682 1.837232 1.070063
v -2.219682 1.920312 1.030054
v -2.219682 1.907184 1.376544
v -2.219682 1.999396 1.376544
v -2.219682 1.837232 1.683026
v -2.219682 1.920312 1.723035
v -2.219682 1.641230 1.928805
v -2.219682 1.698723 2.000899
v -2.219682 1.357998 2.065202
v -2.219682 1.378518 2.155102
v -2.219682 1.043635 2.065202
v -2.219682 1.023116 2.155102
v -2.219682 0.760404 1.928805
v -2.219682 0.702911 2.000899
v -2.219682 0.564402 1.683026
v -2.219682 0.481322 1.723035
v -2.226690 0.392714 -2.395673
v -2.226690 0.484926 -2.395673
v -2.226690 0.531681 -2.600524
v -2.226690 0.448601 -2.640533
v -2.226690 0.662689 -2.764802
v -2.226690 0.605195 -2.836896
v -2.226690 0.852000 -2.855969
v -2.226690 0.831481 -2.945869
v -2.226690 1.062119 -2.855969
v -2.226690 1.082638 -2.945869
v -2.226690 1.251430 -2.764802
v -2.226690 1.308923 -2.836896
v -2.226690 1.382437 -2.600524
v -2.226690 1.465517 -2.640533
v -2.226690 1.429193 -2.395673
v -2.226690 1.521405 -2.395673
v -2.226690 1.382437 -2.190822
v -2.226690 1.465517 -2.150812
v -2.226690 1.251430 -2.026544
v -2.226690 1.308923 -1.954450
v -2.226690 1.062119 -1.935376
v -2.226690 1.082638 -1.845476
v -2.226690 0.852000 -1.935376
v -2.226690 0.831481 -1.845476
v -2.226690 0.662689 -2.026544
v -2.226690 0.605196 -1.954449
v -2.226690 0.531681 -2.190822
v -2.226690 0.448601 -2.150812
v -2.237530 0.378279 -1.507160
v -2.237530 0.437696 -1.507160
v -2.237530 0.460428 -1.606753
v -2.237530 0.406894 -1.632534
v -2.237530 0.524121 -1.686622
v -2.237530 0.487074 -1.733076
v -2.237530 0.616159 -1.730945
v -2.237530 0.602938 -1.788873
v -2.237530 0.718315 -1.730945
v -2.237530 0.731536 -1.788873
v -2.237530 0.810353 -1.686622
v -2.237530 0.847400 -1.733076
v -2.237530 0.874046 -1.606754
v -2.237530 0.927580 -1.632534
v -2.237530 0.896778 -1.507160
v -2.237530 0.956196 -1.507160
v -2.237530 0.874046 -1.407566
v -2.237530 0.927580 -1.381785
v -2.237530 0.810354 -1.327698
v -2.237530 0.847400 -1.281243
v -2.237530 0.718315 -1.283374
v -2.237530 0.731536 -1.225446
v -2.237530 0.616159 -1.283374
v -2.237530 0.602938 -1.225446
v -2.237530 0.524121 -1.327697
v -2.237530 0.487074 -1.281243
v -2.237530 0.460428 -1.407566
v -2.237530 0.406895 -1.381785
v -2.237530 0.378279 -0.658882
v -2.237530 0.423336 -0.658882
v -2.237530 0.447490 -0.764707
v -2.237530 0.406894 -0.784257
v -2.237530 0.515167 -0.849572
v -2.237530 0.487074 -0.884799
v -2.237530 0.612964 -0.896668
v -2.237530 0.602938 -0.940596
v -2.237530 0.721510 -0.896668
v -2.237530 0.731536 -0.940596
v -2.237530 0.819307 -0.849572
v -2.237530 0.847400 -0.884799
v -2.237530 0.886984 -0.764707
v -2.237530 0.927580 -0.784257
v -2.237530 0.911138 -0.658882
v -2.237530 0.956196 -0.658882
v -2.237530 0.886984 -0.553058
v -2.237530 0.927580 -0.533508
v -2.237530 0.819307 -0.468193
v -2.237530 0.847400 -0.432966
v -2.237530 0.721510 -0.421097
v -2.237530 0.731536 -0.377169
v -2.237530 0.612964 -0.421097
v -2.237530 0.602938 -0.377169
v -2.237530 0.515167 -0.468193
v -2.237530 0.487074 -0.432966
v -2.237530 0.447490 -0.553058
v -2.237530 0.406895 -0.533508
v -2.237530 0.378279 0.150495
v -2.237530 0.419252 0.150495
v -2.237530 0.443810 0.042899
v -2.237530 0.406894 0.025121
v -2.237530 0.512621 -0.043387
v -2.237530 0.487074 -0.075421
v -2.237530 0.612055 -0.091272
v -2.237530 0.602938 -0.131218
v -2.237530 0.722419 -0.091272
v -2.237530 0.731536 -0.131218
v -2.237530 0.821853 -0.043387
v -2.237530 0.847400 -0.075421
v -2.237530 0.890664 0.042899
v -2.237530 0.927580 0.025121
v -2.237530 0.915222 0.150495
v -2.237530 0.956196 0.150495
v -2.237530 0.890664 0.258092
v -2.237530 0.927580 0.275870
v -2.237530 0.821853 0.344378
v -2.237530 0.847400 0.376412
v -2.237530 0.722419 0.392263
v -2.237530 0.731536 0.432209
v -2.237530 0.612055 0.392263
v -2.237530 0.602938 0.432209
v -2.237530 0.512621 0.344378
v -2.237530 0.487074 0.376412
v -2.237530 0.443810 0.258092
v -2.237530 0.406895 0.275870
v -2.177217 1.210919 -0.271226
v -2.177217 1.254887 -0.271226
v -2.177217 1.276099 -0.364162
v -2.177217 1.236485 -0.383239
v -2.177217 1.335535 -0.438692
v -2.177217 1.308121 -0.473068
v -2.177217 1.421422 -0.480053
v -2.177217 1.411638 -0.522919
v -2.177217 1.516748 -0.480053
v -2.177217 1.526532 -0.522919
v -2.177217 1.602636 -0.438692
v -2.177217 1.630049 -0.473068
v -2.177217 1.662071 -0.364163
v -2.177217 1.701684 -0.383240
v -2.177217 1.683283 -0.271226
v -2.177217 1.727251 -0.271226
v -2.177217 1.662071 -0.178288
v -2.177217 1.701684 -0.159212
v -2.177217 1.602636 -0.103759
v -2.177217 1.630049 -0.069383
v -2.177217 1.516749 -0.062398
v -2.177217 1.526532 -0.019532
v -2.177217 1.421422 -0.062398
v -2.177217 1.411638 -0.019532
v -2.177217 1.335535 -0.103759
v -2.177217 1.308121 -0.069383
v -2.177217 1.276099 -0.178288
v -2.177217 1.236486 -0.159211
v -2.177217 1.210919 -1.138479
v -2.177217 1.258973 -1.138479
v -2.177217 1.279781 -1.229643
v -2.177217 1.236485 -1.250493
v -2.177217 1.338083 -1.302751
v -2.177217 1.308121 -1.340321
v -2.177217 1.422331 -1.343322
v -2.177217 1.411638 -1.390172
v -2.177217 1.515839 -1.343322
v -2.177217 1.526532 -1.390172
v -2.177217 1.600087 -1.302750
v -2.177217 1.630049 -1.340321
v -2.177217 1.658389 -1.229643
v -2.177217 1.701684 -1.250493
v -2.177217 1.679196 -1.138479
v -2.177217 1.727251 -1.138479
v -2.177217 1.658389 -1.047315
v -2.177217 1.701684 -1.026465
v -2.177217 1.600087 -0.974207
v -2.177217 1.630049 -0.936637
v -2.177217 1.515839 -0.933635
v -2.177217 1.526532 -0.886786
v -2.177217 1.422331 -0.933635
v -2.177217 1.411638 -0.886786
v -2.177217 1.338083 -0.974207
v -2.177217 1.308121 -0.936637
v -2.177217 1.279781 -1.047315
v -2.177217 1.236486 -1.026465
v -2.219682 0.494449 1.376545
v -2.110827 0.494449 1.376545
v -2.110827 0.564402 1.070063
v -2.219682 0.564402 1.070063
v -2.110827 0.760404 0.824284
v -2.219682 0.760404 0.824284
v -2.110827 1.043635 0.687887
v -2.219682 1.043635 0.687887
v -2.110827 1.357998 0.687887
v -2.219682 1.357998 0.687887
v -2.110827 1.641230 0.824284
v -2.219682 1.641230 0.824284
v -2.110827 1.837232 1.070063
v -2.219682 1.837232 1.070063
v -2.110827 1.907184 1.376544
v -2.219682 1.907184 1.376544
v -2.110827 1.837232 1.683026
v -2.219682 1.837232 1.683026
v -2.110827 1.641230 1.928805
v -2.219682 1.641230 1.928805
v -2.110827 1.357998 2.065202
v -2.219682 1.357998 2.065202
v -2.110827 1.043635 2.065202
v -2.219682 1.043635 2.065202
v -2.110827 0.760404 1.928805
v -2.219682 0.760404 1.928805
v -2.110827 0.564402 1.683026
v -2.219682 0.564402 1.683026
v -2.226690 0.484926 -2.395673
v -2.117835 0.484926 -2.395673
v -2.117835 0.531681 -2.600524
v -2.226690 0.531681 -2.600524
v -2.117835 0.662689 -2.764802
v -2.226690 0.662689 -2.764802
v -2.117835 0.852000 -2.855969
v -2.226690 0.852000 -2.855969
v -2.117835 1.062119 -2.855969
v -2.226690 1.062119 -2.855969
v -2.117835 1.251430 -2.764802
v -2.226690 1.251430 -2.764802
v -2.117835 1.382437 -2.600524
v -2.226690 1.382437 -2.600524
v -2.117835 1.429193 -2.395673
v -2.226690 1.429193 -2.395673
v -2.117835 1.382437 -2.190822
v -2.226690 1.382437 -2.190822
v -2.117835 1.251430 -2.026544
v -2.226690 1.251430 -2.026544
v -2.117835 1.062119 -1.935376
v -2.226690 1.062119 -1.935376
v -2.117835 0.852000 -1.935376
v -2.226690 0.852000 -1.935376
v -2.117835 0.662689 -2.026544
v -2.226690 0.662689 -2.026544
v -2.117835 0.531681 -2.190822
v -2.226690 0.531681 -2.190822
v -2.110827 0.494449 1.376545
v -2.110827 0.573122 1.376545
v -2.110827 0.635283 1.104198
v -2.110827 0.564402 1.070063
v -2.110827 0.809455 0.885793
v -2.110827 0.760404 0.824284
v -2.110827 1.061141 0.764587
v -2.110827 1.043635 0.687887
v -2.110827 1.340492 0.764587
v -2.110827 1.357998 0.687887
v -2.110827 1.592178 0.885793
v -2.110827 1.641230 0.824284
v -2.110827 1.766350 1.104198
v -2.110827 1.837232 1.070063
v -2.110827 1.828512 1.376544
v -2.110827 1.907184 1.376544
v -2.110827 1.766350 1.648891
v -2.110827 1.837232 1.683026
v -2.110827 1.592178 1.867296
v -2.110827 1.641230 1.928805
v -2.110827 1.340492 1.988502
v -2.110827 1.357998 2.065202
v -2.110827 1.061142 1.988502
v -2.110827 1.043635 2.065202
v -2.110827 0.809455 1.867296
v -2.110827 0.760404 1.928805
v -2.110827 0.635283 1.648891
v -2.110827 0.564402 1.683026
v -2.117835 0.484926 -2.395673
v -2.117835 0.563598 -2.395673
v -2.117835 0.602563 -2.566389
v -2.117835 0.531681 -2.600524
v -2.117835 0.711740 -2.703293
v -2.117835 0.662689 -2.764802
v -2.117835 0.869506 -2.779269
v -2.117835 0.852000 -2.855969
v -2.117835 1.044613 -2.779269
v -2.117835 1.062119 -2.855969
v -2.117835 1.202378 -2.703293
v -2.117835 1.251430 -2.764802
v -2.117835 1.311556 -2.566389
v -2.117835 1.382437 -2.600524
v -2.117835 1.350521 -2.395673
v -2.117835 1.429193 -2.395673
v -2.117835 1.311556 -2.224956
v -2.117835 1.382437 -2.190822
v -2.117835 1.202379 -2.088052
v -2.117835 1.251430 -2.026544
v -2.117835 1.044613 -2.012076
v -2.117835 1.062119 -1.935376
v -2.117835 0.869506 -2.012076
v -2.117835 0.852000 -1.935376
v -2.117835 0.711740 -2.088052
v -2.117835 0.662689 -2.026544
v -2.117835 0.602563 -2.224956
v -2.117835 0.531681 -2.190822
v -2.110827 0.573122 1.376545
v -2.027709 0.573122 1.376545
v -2.027709 0.635283 1.104198
v -2.110827 0.635283 1.104198
v -2.027709 0.809455 0.885793
v -2.110827 0.809455 0.885793
v -2.027709 1.061141 0.764587
v -2.110827 1.061141 0.764587
v -2.027709 1.340492 0.764587
v -2.110827 1.340492 0.764587
v -2.027709 1.592178 0.885793
v -2.110827 1.592178 0.885793
v -2.027709 1.766350 1.104198
v -2.110827 1.766350 1.104198
v -2.027709 1.828512 1.376544
v -2.110827 1.828512 1.376544
v -2.027709 1.766350 1.648891
v -2.110827 1.766350 1.648891
v -2.027709 1.592178 1.867296
v -2.110827 1.592178 1.867296
v -2.027709 1.340492 1.988502
v -2.110827 1.340492 1.988502
v -2.027709 1.061142 1.988502
v -2.110827 1.061142 1.988502
v -2.027709 0.809455 1.867296
v -2.110827 0.809455 1.867296
v -2.027709 0.635283 1.648891
v -2.110827 0.635283 1.648891
v -2.117835 0.563598 -2.395673
v -2.034716 0.563598 -2.395673
v -2.034716 0.602563 -2.566389
v -2.117835 0.602563 -2.566389
v -2.034716 0.711740 -2.703293
v -2.117835 0.711740 -2.703293
v -2.034716 0.869506 -2.779269
v -2.117835 0.869506 -2.779269
v -2.034716 1.044613 -2.779269
v -2.117835 1.044613 -2.779269
v -2.034716 1.202378 -2.703293
v -2.117835 1.202378 -2.703293
v -2.034716 1.311556 -2.566389
v -2.117835 1.311556 -2.566389
v -2.034716 1.350521 -2.395673
v -2.117835 1.350521 -2.395673
v -2.034716 1.311556 -2.224956
v -2.117835 1.311556 -2.224956
v -2.034716 1.202379 -2.088052
v -2.117835 1.202379 -2.088052
v -2.034716 1.044613 -2.012076
v -2.117835 1.044613 -2.012076
v -2.034716 0.869506 -2.012076
v -2.117835 0.869506 -2.012076
v -2.034716 0.711740 -2.088052
v -2.117835 0.711740 -2.088052
v -2.034716 0.602563 -2.224956
v -2.117835 0.602563 -2.224956
v -2.027709 0.573122 1.376545
v -2.075804 0.945124 1.376545
v -2.075804 0.970446 1.265604
v -2.027709 0.635283 1.104198
v -2.075804 1.041395 1.176636
v -2.027709 0.809455 0.885793
v -2.075804 1.143920 1.127263
v -2.027709 1.061141 0.764587
v -2.075804 1.257714 1.127263
v -2.027709 1.340492 0.764587
v -2.075804 1.360239 1.176636
v -2.027709 1.592178 0.885793
v -2.075804 1.431188 1.265604
v -2.027709 1.766350 1.104198
v -2.075804 1.456510 1.376545
v -2.027709 1.828512 1.376544
v -2.075804 1.431188 1.487486
v -2.027709 1.766350 1.648891
v -2.075804 1.360239 1.576453
v -2.027709 1.592178 1.867296
v -2.075804 1.257714 1.625827
v -2.027709 1.340492 1.988502
v -2.075804 1.143920 1.625827
v -2.027709 1.061142 1.988502
v -2.075804 1.041395 1.576453
v -2.027709 0.809455 1.867296
v -2.075804 0.970446 1.487486
v -2.027709 0.635283 1.648891
v -2.034716 0.563598 -2.395673
v -2.082812 0.753138 -2.395673
v -2.082812 0.773332 -2.484151
v -2.034716 0.602563 -2.566389
v -2.082812 0.829916 -2.555105
v -2.034716 0.711740 -2.703293
v -2.082812 0.911683 -2.594481
v -2.034716 0.869506 -2.779269
v -2.082812 1.002436 -2.594481
v -2.034716 1.044613 -2.779269
v -2.082812 1.084202 -2.555105
v -2.034716 1.202378 -2.703293
v -2.082812 1.140786 -2.484151
v -2.034716 1.311556 -2.566389
v -2.082812 1.160981 -2.395673
v -2.034716 1.350521 -2.395673
v -2.082812 1.140786 -2.307195
v -2.034716 1.311556 -2.224956
v -2.082812 1.084202 -2.236241
v -2.034716 1.202379 -2.088052
v -2.082812 1.002436 -2.196864
v -2.034716 1.044613 -2.012076
v -2.082812 0.911683 -2.196864
v -2.034716 0.869506 -2.012076
v -2.082812 0.829917 -2.236240
v -2.034716 0.711740 -2.088052
v -2.082812 0.773332 -2.307194
v -2.034716 0.602563 -2.224956
v -2.237530 0.437696 -1.507160
v -2.160089 0.437696 -1.507160
v -2.160089 0.460428 -1.606753
v -2.237530 0.460428 -1.606753
v -2.160089 0.524121 -1.686622
v -2.237530 0.524121 -1.686622
v -2.160089 0.616159 -1.730945
v -2.237530 0.616159 -1.730945
v -2.160089 0.718315 -1.730945
v -2.237530 0.718315 -1.730945
v -2.160089 0.810353 -1.686622
v -2.237530 0.810353 -1.686622
v -2.160089 0.874046 -1.606754
v -2.237530 0.874046 -1.606754
v -2.160089 0.896778 -1.507160
v -2.237530 0.896778 -1.507160
v -2.160089 0.874046 -1.407566
v -2.237530 0.874046 -1.407566
v -2.160089 0.810354 -1.327698
v -2.237530 0.810354 -1.327698
v -2.160089 0.718315 -1.283374
v -2.237530 0.718315 -1.283374
v -2.160089 0.616159 -1.283374
v -2.237530 0.616159 -1.283374
v -2.160089 0.524121 -1.327697
v -2.237530 0.524121 -1.327697
v -2.160089 0.460428 -1.407566
v -2.237530 0.460428 -1.407566
v -2.237530 0.423336 -0.658882
v -2.160089 0.423336 -0.658882
v -2.160089 0.447490 -0.764707
v -2.237530 0.447490 -0.764707
v -2.160089 0.515167 -0.849572
v -2.237530 0.515167 -0.849572
v -2.160089 0.612964 -0.896668
v -2.237530 0.612964 -0.896668
v -2.160089 0.721510 -0.896668
v -2.237530 0.721510 -0.896668
v -2.160089 0.819307 -0.849572
v -2.237530 0.819307 -0.849572
v -2.160089 0.886984 -0.764707
v -2.237530 0.886984 -0.764707
v -2.160089 0.911138 -0.658882
v -2.237530 0.911138 -0.658882
v -2.160089 0.886984 -0.553058
v -2.237530 0.886984 -0.553058
v -2.160089 0.819307 -0.468193
v -2.237530 0.819307 -0.468193
v -2.160089 0.721510 -0.421097
v -2.237530 0.721510 -0.421097
v -2.160089 0.612964 -0.421097
v -2.237530 0.612964 -0.421097
v -2.160089 0.515167 -0.468193
v -2.237530 0.515167 -0.468193
v -2.160089 0.447490 -0.553058
v -2.237530 0.447490 -0.553058
v -2.237530 0.419252 0.150495
v -2.160089 0.419252 0.150495
v -2.160089 0.443810 0.042899
v -2.237530 0.443810 0.042899
v -2.160089 0.512621 -0.043387
v -2.237530 0.512621 -0.043387
v -2.160089 0.612055 -0.091272
v -2.237530 0.612055 -0.091272
v -2.160089 0.722419 -0.091272
v -2.237530 0.722419 -0.091272
v -2.160089 0.821853 -0.043387
v -2.237530 0.821853 -0.043387
v -2.160089 0.890664 0.042899
v -2.237530 0.890664 0.042899
v -2.160089 0.915222 0.150495
v -2.237530 0.915222 0.150495
v -2.160089 0.890664 0.258092
v -2.237530 0.890664 0.258092
v -2.160089 0.821853 0.344378
v -2.237530 0.821853 0.344378
v -2.160089 0.722419 0.392263
v -2.237530 0.722419 0.392263
v -2.160089 0.612055 0.392263
v -2.237530 0.612055 0.392263
v -2.160089 0.512621 0.344378
v -2.237530 0.512621 0.344378
v -2.160089 0.443810 0.258092
v -2.237530 0.443810 0.258092
v -2.177217 1.254887 -0.271226
v -2.099776 1.254887 -0.271226
v -2.099776 1.276099 -0.364162
v -2.177217 1.276099 -0.364162
v -2.099776 1.335535 -0.438692
v -2.177217 1.335535 -0.438692
v -2.099776 1.421422 -0.480053
v -2.177217 1.421422 -0.480053
v -2.099776 1.516748 -0.480053
v -2.177217 1.516748 -0.480053
v -2.099776 1.602636 -0.438692
v -2.177217 1.602636 -0.438692
v -2.099776 1.662071 -0.364163
v -2.177217 1.662071 -0.364163
v -2.099776 1.683283 -0.271226
v -2.177217 1.683283 -0.271226
v -2.099776 1.662071 -0.178288
v -2.177217 1.662071 -0.178288
v -2.099776 1.602636 -0.103759
v -2.177217 1.602636 -0.103759
v -2.099776 1.516749 -0.062398
v -2.177217 1.516749 -0.062398
v -2.099776 1.421422 -0.062398
v -2.177217 1.421422 -0.062398
v -2.099776 1.335535 -0.103759
v -2.177217 1.335535 -0.103759
v -2.099776 1.276099 -0.178288
v -2.177217 1.276099 -0.178288
v -2.177217 1.258973 -1.138479
v -2.099776 1.258973 -1.138479
v -2.099776 1.279781 -1.229643
v -2.177217 1.279781 -1.229643
v -2.099776 1.338083 -1.302751
v -2.177217 1.338083 -1.302751
v -2.099776 1.422331 -1.343322
v -2.177217 1.422331 -1.343322
v -2.099776 1.515839 -1.343322
v -2.177217 1.515839 -1.343322
v -2.099776 1.600087 -1.302750
v -2.177217 1.600087 -1.302750
v -2.099776 1.658389 -1.229643
v -2.177217 1.658389 -1.229643
v -2.099776 1.679196 -1.138479
v -2.177217 1.679196 -1.138479
v -2.099776 1.658389 -1.047315
v -2.177217 1.658389 -1.047315
v -2.099776 1.600087 -0.974207
v -2.177217 1.600087 -0.974207
v -2.099776 1.515839 -0.933635
v -2.177217 1.515839 -0.933635
v -2.099776 1.422331 -0.933635
v -2.177217 1.422331 -0.933635
v -2.099776 1.338083 -0.974207
v -2.177217 1.338083 -0.974207
v -2.099776 1.279781 -1.047315
v -2.177217 1.279781 -1.047315
v -2.160089 0.437696 -1.507160
v -2.160089 0.554218 -1.507160
v -2.160089 0.565410 -1.556197
v -2.160089 0.460428 -1.606753
v -2.160089 0.596771 -1.595522
v -2.160089 0.524121 -1.686622
v -2.160089 0.642088 -1.617345
v -2.160089 0.616159 -1.730945
v -2.160089 0.692386 -1.617345
v -2.160089 0.718315 -1.730945
v -2.160089 0.737704 -1.595522
v -2.160089 0.810353 -1.686622
v -2.160089 0.769064 -1.556197
v -2.160089 0.874046 -1.606754
v -2.160089 0.780257 -1.507160
v -2.160089 0.896778 -1.507160
v -2.160089 0.769064 -1.458122
v -2.160089 0.874046 -1.407566
v -2.160089 0.737704 -1.418798
v -2.160089 0.810354 -1.327698
v -2.160089 0.692386 -1.396974
v -2.160089 0.718315 -1.283374
v -2.160089 0.642088 -1.396974
v -2.160089 0.616159 -1.283374
v -2.160089 0.596771 -1.418798
v -2.160089 0.524121 -1.327697
v -2.160089 0.565410 -1.458122
v -2.160089 0.460428 -1.407566
v -2.160089 0.423336 -0.658882
v -2.160089 0.539858 -0.658882
v -2.160089 0.552472 -0.714150
v -2.160089 0.447490 -0.764707
v -2.160089 0.587817 -0.758472
v -2.160089 0.515167 -0.849572
v -2.160089 0.638893 -0.783068
v -2.160089 0.612964 -0.896668
v -2.160089 0.695582 -0.783068
v -2.160089 0.721510 -0.896668
v -2.160089 0.746657 -0.758472
v -2.160089 0.819307 -0.849572
v -2.160089 0.782002 -0.714150
v -2.160089 0.886984 -0.764707
v -2.160089 0.794617 -0.658882
v -2.160089 0.911138 -0.658882
v -2.160089 0.782002 -0.603615
v -2.160089 0.886984 -0.553058
v -2.160089 0.746657 -0.559293
v -2.160089 0.819307 -0.468193
v -2.160089 0.695582 -0.534697
v -2.160089 0.721510 -0.421097
v -2.160089 0.638892 -0.534697
v -2.160089 0.612964 -0.421097
v -2.160089 0.587817 -0.559293
v -2.160089 0.515167 -0.468193
v -2.160089 0.552472 -0.603615
v -2.160089 0.447490 -0.553058
v -2.160089 0.419252 0.150495
v -2.160089 0.535773 0.150495
v -2.160089 0.548792 0.093456
v -2.160089 0.443810 0.042899
v -2.160089 0.585271 0.047713
v -2.160089 0.512621 -0.043387
v -2.160089 0.637984 0.022328
v -2.160089 0.612055 -0.091272
v -2.160089 0.696490 0.022328
v -2.160089 0.722419 -0.091272
v -2.160089 0.749203 0.047713
v -2.160089 0.821853 -0.043387
v -2.160089 0.785682 0.093455
v -2.160089 0.890664 0.042899
v -2.160089 0.798701 0.150495
v -2.160089 0.915222 0.150495
v -2.160089 0.785682 0.207536
v -2.160089 0.890664 0.258092
v -2.160089 0.749204 0.253278
v -2.160089 0.821853 0.344378
v -2.160089 0.696490 0.278663
v -2.160089 0.722419 0.392263
v -2.160089 0.637984 0.278663
v -2.160089 0.612055 0.392263
v -2.160089 0.585271 0.253278
v -2.160089 0.512621 0.344378
v -2.160089 0.548792 0.207536
v -2.160089 0.443810 0.258092
v -2.099776 1.254887 -0.271226
v -2.099776 1.371408 -0.271226
v -2.099776 1.381081 -0.313606
v -2.099776 1.276099 -0.364162
v -2.099776 1.408185 -0.347592
v -2.099776 1.335535 -0.438692
v -2.099776 1.447350 -0.366453
v -2.099776 1.421422 -0.480053
v -2.099776 1.490820 -0.366453
v -2.099776 1.516748 -0.480053
v -2.099776 1.529985 -0.347592
v -2.099776 1.602636 -0.438692
v -2.099776 1.557088 -0.313606
v -2.099776 1.662071 -0.364163
v -2.099776 1.566761 -0.271226
v -2.099776 1.683283 -0.271226
v -2.099776 1.557088 -0.228845
v -2.099776 1.662071 -0.178288
v -2.099776 1.529985 -0.194859
v -2.099776 1.602636 -0.103759
v -2.099776 1.490820 -0.175998
v -2.099776 1.516749 -0.062398
v -2.099776 1.447350 -0.175998
v -2.099776 1.421422 -0.062398
v -2.099776 1.408185 -0.194859
v -2.099776 1.335535 -0.103759
v -2.099776 1.381081 -0.228845
v -2.099776 1.276099 -0.178288
v -2.099776 1.258973 -1.138479
v -2.099776 1.375495 -1.138479
v -2.099776 1.384763 -1.179086
v -2.099776 1.279781 -1.229643
v -2.099776 1.410733 -1.211650
v -2.099776 1.338083 -1.302751
v -2.099776 1.448259 -1.229722
v -2.099776 1.422331 -1.343322
v -2.099776 1.489911 -1.229722
v -2.099776 1.515839 -1.343322
v -2.099776 1.527437 -1.211650
v -2.099776 1.600087 -1.302750
v -2.099776 1.553407 -1.179086
v -2.099776 1.658389 -1.229643
v -2.099776 1.562675 -1.138479
v -2.099776 1.679196 -1.138479
v -2.099776 1.553407 -1.097872
v -2.099776 1.658389 -1.047315
v -2.099776 1.527437 -1.065307
v -2.099776 1.600087 -0.974207
v -2.099776 1.489911 -1.047235
v -2.099776 1.515839 -0.933635
v -2.099776 1.448259 -1.047235
v -2.099776 1.422331 -0.933635
v -2.099776 1.410733 -1.065307
v -2.099776 1.338083 -0.974207
v -2.099776 1.384763 -1.097872
v -2.099776 1.279781 -1.047315
v -2.160089 0.554218 -1.507160
v -2.204157 0.554218 -1.507160
v -2.204157 0.565410 -1.556197
v -2.160089 0.565410 -1.556197
v -2.204157 0.596771 -1.595522
v -2.160089 0.596771 -1.595522
v -2.204157 0.642088 -1.617345
v -2.160089 0.642088 -1.617345
v -2.204157 0.692386 -1.617345
v -2.160089 0.692386 -1.617345
v -2.204157 0.737704 -1.595522
v -2.160089 0.737704 -1.595522
v -2.204157 0.769064 -1.556197
v -2.160089 0.769064 -1.556197
v -2.204157 0.780257 -1.507160
v -2.160089 0.780257 -1.507160
v -2.204157 0.769064 -1.458122
v -2.160089 0.769064 -1.458122
v -2.204157 0.737704 -1.418798
v -2.160089 0.737704 -1.418798
v -2.204157 0.692386 -1.396974
v -2.160089 0.692386 -1.396974
v -2.204157 0.642088 -1.396974
v -2.160089 0.642088 -1.396974
v -2.204157 0.596771 -1.418798
v -2.160089 0.596771 -1.418798
v -2.204157 0.565410 -1.458122
v -2.160089 0.565410 -1.458122
v -2.160089 0.539858 -0.658882
v -2.204157 0.539858 -0.658882
v -2.204157 0.552472 -0.714150
v -2.160089 0.552472 -0.714150
v -2.204157 0.587817 -0.758472
v -2.160089 0.587817 -0.758472
v -2.204157 0.638893 -0.783068
v -2.160089 0.638893 -0.783068
v -2.204157 0.695582 -0.783068
v -2.160089 0.695582 -0.783068
v -2.204157 0.746657 -0.758472
v -2.160089 0.746657 -0.758472
v -2.204157 0.782002 -0.714150
v -2.160089 0.782002 -0.714150
v -2.204157 0.794617 -0.658882
v -2.160089 0.794617 -0.658882
v -2.204157 0.782002 -0.603615
v -2.160089 0.782002 -0.603615
v -2.204157 0.746657 -0.559293
v -2.160089 0.746657 -0.559293
v -2.204157 0.695582 -0.534697
v -2.160089 0.695582 -0.534697
v -2.204157 0.638892 -0.534697
v -2.160089 0.638892 -0.534697
v -2.204157 0.587817 -0.559293
v -2.160089 0.587817 -0.559293
v -2.204157 0.552472 -0.603615
v -2.160089 0.552472 -0.603615
v -2.160089 0.535773 0.150495
v -2.204157 0.535773 0.150495
v -2.204157 0.548792 0.093456
v -2.160089 0.548792 0.093456
v -2.204157 0.585271 0.047713
v -2.160089 0.585271 0.047713
v -2.204157 0.637984 0.022328
v -2.160089 0.637984 0.022328
v -2.204157 0.696490 0.022328
v -2.160089 0.696490 0.022328
v -2.204157 0.749203 0.047713
v -2.160089 0.749203 0.047713
v -2.204157 0.785682 0.093455
v -2.160089 0.785682 0.093455
v -2.204157 0.798701 0.150495
v -2.160089 0.798701 0.150495
v -2.204157 0.785682 0.207536
v -2.160089 0.785682 0.207536
v -2.204157 0.749204 0.253278
v -2.160089 0.749204 0.253278
v -2.204157 0.696490 0.278663
v -2.160089 0.696490 0.278663
v -2.204157 0.637984 0.278663
v -2.160089 0.637984 0.278663
v -2.204157 0.585271 0.253278
v -2.160089 0.585271 0.253278
v -2.204157 0.548792 0.207536
v -2.160089 0.548792 0.207536
v -2.099776 1.371408 -0.271226
v -2.143844 1.371408 -0.271226
v -2.143844 1.381081 -0.313606
v -2.099776 1.381081 -0.313606
v -2.143844 1.408185 -0.347592
v -2.099776 1.408185 -0.347592
v -2.143844 1.447350 -0.366453
v -2.099776 1.447350 -0.366453
v -2.143844 1.490820 -0.366453
v -2.099776 1.490820 -0.366453
v -2.143844 1.529985 -0.347592
v -2.099776 1.529985 -0.347592
v -2.143844 1.557088 -0.313606
v -2.099776 1.557088 -0.313606
v -2.143844 1.566761 -0.271226
v -2.099776 1.566761 -0.271226
v -2.143844 1.557088 -0.228845
v -2.099776 1.557088 -0.228845
v -2.143844 1.529985 -0.194859
v -2.099776 1.529985 -0.194859
v -2.143844 1.490820 -0.175998
v -2.099776 1.490820 -0.175998
v -2.143844 1.447350 -0.175998
v -2.099776 1.447350 -0.175998
v -2.143844 1.408185 -0.194859
v -2.099776 1.408185 -0.194859
v -2.143844 1.381081 -0.228845
v -2.099776 1.381081 -0.228845
v -2.099776 1.375495 -1.138479
v -2.143844 1.375495 -1.138479
v -2.143844 1.384763 -1.179086
v -2.099776 1.384763 -1.179086
v -2.143844 1.410733 -1.211650
v -2.099776 1.410733 -1.211650
v -2.143844 1.448259 -1.229722
v -2.099776 1.448259 -1.229722
v -2.143844 1.489911 -1.229722
v -2.099776 1.489911 -1.229722
v -2.143844 1.527437 -1.211650
v -2.099776 1.527437 -1.211650
v -2.143844 1.553407 -1.179086
v -2.099776 1.553407 -1.179086
v -2.143844 1.562675 -1.138479
v -2.099776 1.562675 -1.138479
v -2.143844 1.553407 -1.097872
v -2.099776 1.553407 -1.097872
v -2.143844 1.527437 -1.065307
v -2.099776 1.527437 -1.065307
v -2.143844 1.489911 -1.047235
v -2.099776 1.489911 -1.047235
v -2.143844 1.448259 -1.047235
v -2.099776 1.448259 -1.047235
v -2.143844 1.410733 -1.065307
v -2.099776 1.410733 -1.065307
v -2.143844 1.384763 -1.097872
v -2.099776 1.384763 -1.097872
v -2.075804 0.945124 1.376545
v -2.155429 0.945124 1.376545
v -2.155429 0.970446 1.265604
v -2.075804 0.970446 1.265604
v -2.155429 1.041395 1.176636
v -2.075804 1.041395 1.176636
v -2.155429 1.143920 1.127263
v -2.075804 1.143920 1.127263
v -2.155429 1.257714 1.127263
v -2.075804 1.257714 1.127263
v -2.155429 1.360239 1.176636
v -2.075804 1.360239 1.176636
v -2.155429 1.431188 1.265604
v -2.075804 1.431188 1.265604
v -2.155429 1.456510 1.376545
v -2.075804 1.456510 1.376545
v -2.155429 1.431188 1.487486
v -2.075804 1.431188 1.487486
v -2.155429 1.360239 1.576453
v -2.075804 1.360239 1.576453
v -2.155429 1.257714 1.625827
v -2.075804 1.257714 1.625827
v -2.155429 1.143920 1.625827
v -2.075804 1.143920 1.625827
v -2.155429 1.041395 1.576453
v -2.075804 1.041395 1.576453
v -2.155429 0.970446 1.487486
v -2.075804 0.970446 1.487486
v -2.155429 0.945124 1.376545
v -2.155429 1.028925 1.376545
v -2.155429 1.045948 1.301964
v -2.155429 0.970446 1.265604
v -2.155429 1.093644 1.242154
v -2.155429 1.041395 1.176636
v -2.155429 1.162567 1.208963
v -2.155429 1.143920 1.127263
v -2.155429 1.239066 1.208963
v -2.155429 1.257714 1.127263
v -2.155429 1.307989 1.242154
v -2.155429 1.360239 1.176636
v -2.155429 1.355686 1.301964
v -2.155429 1.431188 1.265604
v -2.155429 1.372709 1.376545
v -2.155429 1.456510 1.376545
v -2.155429 1.355686 1.451126
v -2.155429 1.431188 1.487486
v -2.155429 1.307989 1.510935
v -2.155429 1.360239 1.576453
v -2.155429 1.239066 1.544127
v -2.155429 1.257714 1.625827
v -2.155429 1.162567 1.544127
v -2.155429 1.143920 1.625827
v -2.155429 1.093644 1.510935
v -2.155429 1.041395 1.576453
v -2.155429 1.045948 1.451126
v -2.155429 0.970446 1.487486
v -2.155429 1.028925 1.376545
v -2.272978 1.028925 1.376545
v -2.272978 1.045948 1.301964
v -2.155429 1.045948 1.301964
v -2.272978 1.093644 1.242154
v -2.155429 1.093644 1.242154
v -2.272978 1.162567 1.208963
v -2.155429 1.162567 1.208963
v -2.272978 1.239066 1.208963
v -2.155429 1.239066 1.208963
v -2.272978 1.307989 1.242154
v -2.155429 1.307989 1.242154
v -2.272978 1.355686 1.301964
v -2.155429 1.355686 1.301964
v -2.272978 1.372709 1.376545
v -2.155429 1.372709 1.376545
v -2.272978 1.355686 1.451126
v -2.155429 1.355686 1.451126
v -2.272978 1.307989 1.510935
v -2.155429 1.307989 1.510935
v -2.272978 1.239066 1.544127
v -2.155429 1.239066 1.544127
v -2.272978 1.162567 1.544127
v -2.155429 1.162567 1.544127
v -2.272978 1.093644 1.510935
v -2.155429 1.093644 1.510935
v -2.272978 1.045948 1.451126
v -2.155429 1.045948 1.451126
v -2.082812 0.753138 -2.395673
v -2.128721 0.753138 -2.395673
v -2.128721 0.773332 -2.484151
v -2.082812 0.773332 -2.484151
v -2.128721 0.829916 -2.555105
v -2.082812 0.829916 -2.555105
v -2.128721 0.911683 -2.594481
v -2.082812 0.911683 -2.594481
v -2.128721 1.002436 -2.594481
v -2.082812 1.002436 -2.594481
v -2.128721 1.084202 -2.555105
v -2.082812 1.084202 -2.555105
v -2.128721 1.140786 -2.484151
v -2.082812 1.140786 -2.484151
v -2.128721 1.160981 -2.395673
v -2.082812 1.160981 -2.395673
v -2.128721 1.140786 -2.307195
v -2.082812 1.140786 -2.307195
v -2.128721 1.084202 -2.236241
v -2.082812 1.084202 -2.236241
v -2.128721 1.002436 -2.196864
v -2.082812 1.002436 -2.196864
v -2.128721 0.911683 -2.196864
v -2.082812 0.911683 -2.196864
v -2.128721 0.829917 -2.236240
v -2.082812 0.829917 -2.236240
v -2.128721 0.773332 -2.307194
v -2.082812 0.773332 -2.307194
v -2.128721 0.753138 -2.395673
v -2.128721 0.809655 -2.395673
v -2.128721 0.824252 -2.459629
v -2.128721 0.773332 -2.484151
v -2.128721 0.865154 -2.510918
v -2.128721 0.829916 -2.555105
v -2.128721 0.924259 -2.539382
v -2.128721 0.911683 -2.594481
v -2.128721 0.989860 -2.539382
v -2.128721 1.002436 -2.594481
v -2.128721 1.048964 -2.510919
v -2.128721 1.084202 -2.555105
v -2.128721 1.089866 -2.459629
v -2.128721 1.140786 -2.484151
v -2.128721 1.104464 -2.395673
v -2.128721 1.160981 -2.395673
v -2.128721 1.089866 -2.331717
v -2.128721 1.140786 -2.307195
v -2.128721 1.048965 -2.280427
v -2.128721 1.084202 -2.236241
v -2.128721 0.989859 -2.251964
v -2.128721 1.002436 -2.196864
v -2.128721 0.924259 -2.251964
v -2.128721 0.911683 -2.196864
v -2.128721 0.865154 -2.280427
v -2.128721 0.829917 -2.236240
v -2.128721 0.824252 -2.331716
v -2.128721 0.773332 -2.307194
v -2.128721 0.809655 -2.395673
v -2.228071 0.809655 -2.395673
v -2.228071 0.824252 -2.459629
v -2.128721 0.824252 -2.459629
v -2.228071 0.865154 -2.510918
v -2.128721 0.865154 -2.510918
v -2.228071 0.924259 -2.539382
v -2.128721 0.924259 -2.539382
v -2.228071 0.989860 -2.539382
v -2.128721 0.989860 -2.539382
v -2.228071 1.048964 -2.510919
v -2.128721 1.048964 -2.510919
v -2.228071 1.089866 -2.459629
v -2.128721 1.089866 -2.459629
v -2.228071 1.104464 -2.395673
v -2.128721 1.104464 -2.395673
v -2.228071 1.089866 -2.331717
v -2.128721 1.089866 -2.331717
v -2.228071 1.048965 -2.280427
v -2.128721 1.048965 -2.280427
v -2.228071 0.989859 -2.251964
v -2.128721 0.989859 -2.251964
v -2.228071 0.924259 -2.251964
v -2.128721 0.924259 -2.251964
v -2.228071 0.865154 -2.280427
v -2.128721 0.865154 -2.280427
v -2.228071 0.824252 -2.331716
v -2.128721 0.824252 -2.331716
vt 0.359717 0.279324
vt 0.359885 0.599909
vt 0.427146 0.575221
vt 0.431377 0.540080
vt 0.457135 0.525388
vt 0.460077 0.497068
vt 0.435548 0.462016
vt 0.437421 0.419614
vt 0.458673 0.382506
vt 0.457150 0.364462
vt 0.433531 0.344173
vt 0.419203 0.277168
vt 0.878055 0.661613
vt 0.802952 0.685038
vt 0.805718 0.745692
vt 0.782670 0.768763
vt 0.783387 0.785767
vt 0.808390 0.812336
vt 0.810146 0.852316
vt 0.785542 0.880517
vt 0.786264 0.908571
vt 0.812782 0.929551
vt 0.815168 0.968123
vt 0.878055 1.000000
vt 0.356331 0.261951
vt 0.359717 0.279324
vt 0.419203 0.277168
vt 0.412913 0.260604
vt 0.434425 0.270070
vt 0.419203 0.277168
vt 0.433531 0.344173
vt 0.448591 0.332963
vt 0.446015 0.330626
vt 0.433531 0.344173
vt 0.457150 0.364462
vt 0.467890 0.350976
vt 0.473949 0.360682
vt 0.457150 0.364462
vt 0.458673 0.382506
vt 0.476613 0.377789
vt 0.474345 0.389066
vt 0.458673 0.382506
vt 0.437421 0.419614
vt 0.455824 0.423111
vt 0.456527 0.423481
vt 0.437421 0.419614
vt 0.435548 0.462016
vt 0.452341 0.461130
vt 0.457392 0.461371
vt 0.435548 0.462016
vt 0.460077 0.497068
vt 0.473165 0.490689
vt 0.478317 0.506378
vt 0.460077 0.497068
vt 0.457135 0.525388
vt 0.471292 0.529940
vt 0.464298 0.542972
vt 0.457135 0.525388
vt 0.431377 0.540080
vt 0.437692 0.555541
vt 0.435850 0.560707
vt 0.431377 0.540080
vt 0.427146 0.575221
vt 0.432868 0.577644
vt 0.422072 0.594363
vt 0.427146 0.575221
vt 0.359885 0.599909
vt 0.363386 0.615367
vt 0.341943 0.598588
vt 0.359885 0.599909
vt 0.359717 0.279324
vt 0.341943 0.280862
vt 0.235130 0.370231
vt 0.117780 0.370231
vt 0.117780 0.418675
vt 0.235130 0.418675
vt 0.117780 0.467119
vt 0.235130 0.467119
vt 0.117780 0.515563
vt 0.235130 0.515563
vt 0.117780 0.564006
vt 0.235130 0.564006
vt 0.117780 0.612450
vt 0.235130 0.612450
vt 0.117780 0.660894
vt 0.235130 0.660894
vt 0.117780 0.709337
vt 0.235130 0.709337
vt 0.117780 0.757781
vt 0.235130 0.757781
vt 0.117780 0.806225
vt 0.235130 0.806225
vt 0.117780 0.854669
vt 0.235130 0.854669
vt 0.117780 0.903112
vt 0.235130 0.903112
vt 0.117780 0.951556
vt 0.235130 0.951556
vt 0.117780 1.000000
vt 0.235130 1.000000
vt 0.235130 0.321788
vt 0.117780 0.321788
vt 0.555045 0.652303
vt 0.549669 0.647768
vt 0.542845 0.646023
vt 0.535935 0.647423
vt 0.530314 0.651693
vt 0.527102 0.657984
vt 0.526939 0.665049
vt 0.529855 0.671484
vt 0.535270 0.676015
vt 0.542108 0.677745
vt 0.549011 0.676336
vt 0.554610 0.672065
vt 0.557789 0.665784
vt 0.557917 0.658731
vt 0.341345 0.288831
vt 0.235561 0.288831
vt 0.235561 0.323066
vt 0.341345 0.323066
vt 0.235561 0.357301
vt 0.341345 0.357301
vt 0.235561 0.391535
vt 0.341345 0.391535
vt 0.235561 0.425770
vt 0.341345 0.425770
vt 0.235561 0.460004
vt 0.341345 0.460004
vt 0.235561 0.494239
vt 0.341345 0.494239
vt 0.235561 0.528473
vt 0.341345 0.528473
vt 0.235561 0.562708
vt 0.341345 0.562708
vt 0.235561 0.596943
vt 0.341345 0.596943
vt 0.235561 0.631177
vt 0.341345 0.631177
vt 0.235561 0.665412
vt 0.341345 0.665412
vt 0.235561 0.699646
vt 0.341345 0.699646
vt 0.235561 0.733881
vt 0.341345 0.733881
vt 0.341345 0.254597
vt 0.235561 0.254597
vt 0.785255 0.410911
vt 0.780583 0.406964
vt 0.774652 0.405441
vt 0.768643 0.406654
vt 0.763753 0.410361
vt 0.760956 0.415829
vt 0.760809 0.421970
vt 0.763339 0.427567
vt 0.768043 0.431511
vt 0.773987 0.433021
vt 0.779991 0.431800
vt 0.784862 0.428091
vt 0.787631 0.422633
vt 0.787747 0.416502
vt 0.871028 0.099592
vt 0.816864 0.099592
vt 0.816864 0.117121
vt 0.871028 0.117121
vt 0.816864 0.134650
vt 0.871028 0.134650
vt 0.816864 0.152179
vt 0.871028 0.152179
vt 0.816864 0.169708
vt 0.871028 0.169708
vt 0.816864 0.187237
vt 0.871028 0.187237
vt 0.816864 0.204766
vt 0.871028 0.204766
vt 0.816864 0.222295
vt 0.871028 0.222295
vt 0.816864 0.239824
vt 0.871028 0.239824
vt 0.816864 0.257353
vt 0.871028 0.257353
vt 0.816864 0.274882
vt 0.871028 0.274882
vt 0.816864 0.292410
vt 0.871028 0.292410
vt 0.816864 0.309939
vt 0.871028 0.309939
vt 0.816864 0.327468
vt 0.871028 0.327468
vt 0.871028 0.082063
vt 0.816864 0.082063
vt 0.399643 0.096804
vt 0.395374 0.093311
vt 0.390009 0.092024
vt 0.384612 0.093201
vt 0.380256 0.096610
vt 0.377810 0.101578
vt 0.377762 0.107117
vt 0.380120 0.112128
vt 0.384416 0.115618
vt 0.389795 0.116896
vt 0.395189 0.115712
vt 0.399527 0.112303
vt 0.401950 0.107344
vt 0.401974 0.101812
vt 0.935617 0.772124
vt 0.881453 0.772124
vt 0.881453 0.789653
vt 0.935617 0.789653
vt 0.881453 0.807182
vt 0.935617 0.807182
vt 0.881453 0.824711
vt 0.935617 0.824711
vt 0.881453 0.842240
vt 0.935617 0.842240
vt 0.881453 0.859769
vt 0.935617 0.859769
vt 0.881453 0.877298
vt 0.935617 0.877298
vt 0.881453 0.894827
vt 0.935617 0.894827
vt 0.881453 0.912355
vt 0.935617 0.912355
vt 0.881453 0.929884
vt 0.935617 0.929884
vt 0.881453 0.947413
vt 0.935617 0.947413
vt 0.881453 0.964942
vt 0.935617 0.964942
vt 0.881453 0.982471
vt 0.935617 0.982471
vt 0.881453 1.000000
vt 0.935617 1.000000
vt 0.935617 0.754595
vt 0.881453 0.754595
vt 0.306888 0.130913
vt 0.301919 0.126860
vt 0.295681 0.125372
vt 0.289409 0.126748
vt 0.284351 0.130718
vt 0.281514 0.136495
vt 0.281466 0.142934
vt 0.284214 0.148757
vt 0.289214 0.152807
vt 0.295469 0.154285
vt 0.301738 0.152900
vt 0.306776 0.148931
vt 0.309585 0.143163
vt 0.309607 0.136732
vt 0.532884 0.299085
vt 0.478720 0.299085
vt 0.478720 0.316614
vt 0.532884 0.316614
vt 0.478720 0.334143
vt 0.532884 0.334143
vt 0.478720 0.351672
vt 0.532884 0.351672
vt 0.478720 0.369200
vt 0.532884 0.369200
vt 0.478720 0.386729
vt 0.532884 0.386729
vt 0.478720 0.404258
vt 0.532884 0.404258
vt 0.478720 0.421787
vt 0.532884 0.421787
vt 0.478720 0.439316
vt 0.532884 0.439316
vt 0.478720 0.456845
vt 0.532884 0.456845
vt 0.478720 0.474374
vt 0.532884 0.474374
vt 0.478720 0.491903
vt 0.532884 0.491903
vt 0.478720 0.509432
vt 0.532884 0.509432
vt 0.478720 0.526961
vt 0.532884 0.526961
vt 0.532884 0.281556
vt 0.478720 0.281556
vt 0.379716 0.201383
vt 0.374545 0.197167
vt 0.368054 0.195622
vt 0.361529 0.197055
vt 0.356268 0.201187
vt 0.353319 0.207199
vt 0.353270 0.213898
vt 0.356131 0.219955
vt 0.361334 0.224167
vt 0.367843 0.225703
vt 0.374364 0.224260
vt 0.379604 0.220129
vt 0.382525 0.214127
vt 0.382546 0.207436
vt 0.245959 0.050054
vt 0.197567 0.050054
vt 0.197567 0.065715
vt 0.245959 0.065715
vt 0.197567 0.081376
vt 0.245959 0.081376
vt 0.197567 0.097037
vt 0.245959 0.097037
vt 0.197567 0.112698
vt 0.245959 0.112698
vt 0.197567 0.128359
vt 0.245959 0.128359
vt 0.197567 0.144020
vt 0.245959 0.144020
vt 0.197567 0.159681
vt 0.245959 0.159681
vt 0.197567 0.175342
vt 0.245959 0.175342
vt 0.197567 0.191003
vt 0.245959 0.191003
vt 0.197567 0.206664
vt 0.245959 0.206664
vt 0.197567 0.222325
vt 0.245959 0.222325
vt 0.197567 0.237986
vt 0.245959 0.237986
vt 0.197567 0.253647
vt 0.245959 0.253647
vt 0.245959 0.034393
vt 0.197567 0.034393
vt 0.933695 0.702079
vt 0.930090 0.699115
vt 0.925552 0.698016
vt 0.920983 0.699001
vt 0.917291 0.701878
vt 0.915212 0.706076
vt 0.915161 0.710763
vt 0.917147 0.715008
vt 0.920775 0.717969
vt 0.925324 0.719061
vt 0.929891 0.718069
vt 0.933568 0.715192
vt 0.935627 0.711001
vt 0.935657 0.706320
vt 0.538510 0.077013
vt 0.490118 0.077013
vt 0.490118 0.092674
vt 0.538510 0.092674
vt 0.490118 0.108335
vt 0.538510 0.108335
vt 0.490118 0.123996
vt 0.538510 0.123996
vt 0.490118 0.139657
vt 0.538510 0.139657
vt 0.490118 0.155318
vt 0.538510 0.155318
vt 0.490118 0.170979
vt 0.538510 0.170979
vt 0.490118 0.186640
vt 0.538510 0.186640
vt 0.490118 0.202301
vt 0.538510 0.202301
vt 0.490118 0.217962
vt 0.538510 0.217962
vt 0.490118 0.233623
vt 0.538510 0.233623
vt 0.490118 0.249284
vt 0.538510 0.249284
vt 0.490118 0.264945
vt 0.538510 0.264945
vt 0.490118 0.280606
vt 0.538510 0.280606
vt 0.538510 0.061352
vt 0.490118 0.061352
vt 0.906461 0.038794
vt 0.903049 0.035985
vt 0.898752 0.034940
vt 0.894424 0.035870
vt 0.890926 0.038592
vt 0.888954 0.042567
vt 0.888902 0.047005
vt 0.890780 0.051027
vt 0.894215 0.053833
vt 0.898522 0.054870
vt 0.902847 0.053934
vt 0.906332 0.051212
vt 0.908284 0.047244
vt 0.908316 0.042812
vt 0.648459 0.577418
vt 0.638335 0.585458
vt 0.661991 0.634594
vt 0.674599 0.631737
vt 0.661998 0.689130
vt 0.674599 0.692019
vt 0.638350 0.738279
vt 0.648452 0.746346
vt 0.595713 0.772314
vt 0.601316 0.783964
vt 0.542518 0.784480
vt 0.542510 0.797408
vt 0.489303 0.772352
vt 0.483684 0.783994
vt 0.446622 0.738325
vt 0.436504 0.746372
vt 0.422940 0.689143
vt 0.410332 0.691997
vt 0.422953 0.634559
vt 0.410355 0.631655
vt 0.446651 0.585394
vt 0.436564 0.577309
vt 0.489331 0.551390
vt 0.483753 0.539728
vt 0.542530 0.539276
vt 0.542564 0.526348
vt 0.595706 0.551438
vt 0.601343 0.539805
vt 0.852942 0.356577
vt 0.842736 0.364680
vt 0.859620 0.399749
vt 0.872330 0.396869
vt 0.859628 0.438672
vt 0.872330 0.441585
vt 0.842752 0.473753
vt 0.852936 0.481885
vt 0.812321 0.498048
vt 0.817970 0.509792
vt 0.774352 0.506734
vt 0.774344 0.519766
vt 0.736368 0.498078
vt 0.730701 0.509815
vt 0.705902 0.473791
vt 0.695701 0.481901
vt 0.688999 0.438685
vt 0.676287 0.441559
vt 0.689009 0.399725
vt 0.676310 0.396793
vt 0.705925 0.364633
vt 0.695759 0.356479
vt 0.736388 0.340364
vt 0.730769 0.328605
vt 0.774358 0.331719
vt 0.774396 0.318687
vt 0.812311 0.340400
vt 0.817996 0.328674
vt 0.428386 0.073853
vt 0.421909 0.078973
vt 0.429783 0.095361
vt 0.437836 0.093543
vt 0.429789 0.113542
vt 0.437836 0.115382
vt 0.421915 0.129941
vt 0.428374 0.135083
vt 0.407696 0.141315
vt 0.411288 0.148748
vt 0.389935 0.145390
vt 0.389942 0.153647
vt 0.372158 0.141344
vt 0.368574 0.148782
vt 0.357902 0.129975
vt 0.351439 0.135113
vt 0.349998 0.113544
vt 0.341943 0.115360
vt 0.350010 0.095313
vt 0.341968 0.093446
vt 0.357934 0.078897
vt 0.351503 0.073720
vt 0.372196 0.067552
vt 0.368652 0.060095
vt 0.389962 0.063525
vt 0.390007 0.055269
vt 0.407704 0.067607
vt 0.411325 0.060188
vt 0.334585 0.108811
vt 0.329656 0.112706
vt 0.338030 0.130152
vt 0.344158 0.128769
vt 0.338034 0.149502
vt 0.344158 0.150901
vt 0.329653 0.166960
vt 0.334570 0.170870
vt 0.314514 0.179070
vt 0.317249 0.184725
vt 0.295601 0.183407
vt 0.295607 0.189690
vt 0.276674 0.179094
vt 0.273947 0.184754
vt 0.261499 0.166985
vt 0.256580 0.170895
vt 0.253088 0.149490
vt 0.246959 0.150872
vt 0.253105 0.130081
vt 0.246985 0.128660
vt 0.261545 0.112605
vt 0.256651 0.108666
vt 0.276732 0.100529
vt 0.274035 0.094854
vt 0.295650 0.096246
vt 0.295685 0.089964
vt 0.314539 0.100599
vt 0.317295 0.094954
vt 0.407106 0.179528
vt 0.402619 0.183074
vt 0.411136 0.200822
vt 0.416714 0.199562
vt 0.411139 0.220505
vt 0.416714 0.221778
vt 0.402614 0.238264
vt 0.407090 0.241823
vt 0.387213 0.250583
vt 0.389703 0.255731
vt 0.367973 0.254994
vt 0.367978 0.260714
vt 0.348718 0.250605
vt 0.346235 0.255758
vt 0.333281 0.238287
vt 0.328804 0.241846
vt 0.324726 0.220489
vt 0.319147 0.221747
vt 0.324745 0.200745
vt 0.319174 0.199452
vt 0.333331 0.182967
vt 0.328875 0.179382
vt 0.348781 0.170682
vt 0.346325 0.165517
vt 0.368026 0.166326
vt 0.368058 0.160607
vt 0.387242 0.170757
vt 0.389752 0.165618
vt 0.960732 0.680459
vt 0.955907 0.684277
vt 0.963404 0.699877
vt 0.969405 0.698521
vt 0.963408 0.717185
vt 0.969405 0.718556
vt 0.955910 0.732795
vt 0.960723 0.736626
vt 0.942374 0.743618
vt 0.945051 0.749158
vt 0.925468 0.747496
vt 0.925474 0.753649
vt 0.908549 0.743644
vt 0.905879 0.749188
vt 0.894979 0.732823
vt 0.890164 0.736654
vt 0.887455 0.717184
vt 0.881453 0.718539
vt 0.887468 0.699831
vt 0.881474 0.698441
vt 0.895011 0.684206
vt 0.890217 0.680350
vt 0.908585 0.673408
vt 0.905943 0.667852
vt 0.925495 0.669575
vt 0.925526 0.663422
vt 0.942384 0.673459
vt 0.945080 0.667928
vt 0.933766 0.016954
vt 0.928499 0.021122
vt 0.935849 0.036413
vt 0.942401 0.034933
vt 0.935853 0.053379
vt 0.942401 0.054876
vt 0.928504 0.068679
vt 0.933758 0.072863
vt 0.915236 0.079287
vt 0.918158 0.085335
vt 0.898668 0.083087
vt 0.898674 0.089804
vt 0.882085 0.079313
vt 0.879170 0.085365
vt 0.868786 0.068709
vt 0.863528 0.072890
vt 0.861410 0.053381
vt 0.854858 0.054860
vt 0.861421 0.036373
vt 0.854878 0.034856
vt 0.868813 0.021059
vt 0.863579 0.016849
vt 0.882116 0.010475
vt 0.879232 0.004409
vt 0.898689 0.006717
vt 0.898723 0.000000
vt 0.915242 0.010521
vt 0.918185 0.004484
vt 0.638335 0.585458
vt 0.627076 0.594531
vt 0.647912 0.637890
vt 0.661991 0.634594
vt 0.647882 0.685997
vt 0.661998 0.689130
vt 0.626988 0.729336
vt 0.638350 0.738279
vt 0.589354 0.759328
vt 0.595713 0.772314
vt 0.542424 0.770021
vt 0.542518 0.784480
vt 0.495496 0.759286
vt 0.489303 0.772352
vt 0.457874 0.729244
vt 0.446622 0.738325
vt 0.437019 0.685850
vt 0.422940 0.689143
vt 0.437065 0.637706
vt 0.422953 0.634559
vt 0.457998 0.594357
vt 0.446651 0.585394
vt 0.495664 0.564389
vt 0.489331 0.551390
vt 0.542595 0.553735
vt 0.542530 0.539276
vt 0.589494 0.564496
vt 0.595706 0.551438
vt 0.842736 0.364680
vt 0.831837 0.373513
vt 0.845970 0.402985
vt 0.859620 0.399749
vt 0.845924 0.435672
vt 0.859628 0.438672
vt 0.831705 0.465109
vt 0.842752 0.473753
vt 0.806117 0.485468
vt 0.812321 0.498048
vt 0.774222 0.492709
vt 0.774352 0.506734
vt 0.742340 0.485388
vt 0.736368 0.498078
vt 0.716794 0.464953
vt 0.705902 0.473791
vt 0.702648 0.435455
vt 0.688999 0.438685
vt 0.702707 0.402742
vt 0.689009 0.399725
vt 0.716954 0.373299
vt 0.705925 0.364633
vt 0.742564 0.352958
vt 0.736388 0.340364
vt 0.774459 0.345746
vt 0.774358 0.331719
vt 0.806319 0.353084
vt 0.812311 0.340400
vt 0.627076 0.594531
vt 0.618925 0.601006
vt 0.637760 0.640191
vt 0.647912 0.637890
vt 0.637737 0.683669
vt 0.647882 0.685997
vt 0.618856 0.722840
vt 0.626988 0.729336
vt 0.584845 0.749947
vt 0.589354 0.759328
vt 0.542432 0.759613
vt 0.542424 0.770021
vt 0.500021 0.749913
vt 0.495496 0.759286
vt 0.466021 0.722765
vt 0.457874 0.729244
vt 0.447172 0.683551
vt 0.437019 0.685850
vt 0.447209 0.640043
vt 0.437065 0.637706
vt 0.466121 0.600865
vt 0.457998 0.594357
vt 0.500157 0.573778
vt 0.495664 0.564389
vt 0.542570 0.564144
vt 0.542595 0.553735
vt 0.584956 0.573864
vt 0.589494 0.564496
vt 0.831837 0.373513
vt 0.824030 0.379712
vt 0.836247 0.405186
vt 0.845970 0.402985
vt 0.836208 0.433440
vt 0.845924 0.435672
vt 0.823918 0.458885
vt 0.831705 0.465109
vt 0.801802 0.476483
vt 0.806117 0.485468
vt 0.774233 0.482741
vt 0.774222 0.492709
vt 0.746677 0.476413
vt 0.742340 0.485388
vt 0.724597 0.458751
vt 0.716794 0.464953
vt 0.712371 0.433257
vt 0.702648 0.435455
vt 0.712419 0.404984
vt 0.702707 0.402742
vt 0.724731 0.379535
vt 0.716954 0.373299
vt 0.746864 0.361951
vt 0.742564 0.352958
vt 0.774431 0.355713
vt 0.774459 0.345746
vt 0.801971 0.362054
vt 0.806319 0.353084
vt 0.618925 0.601006
vt 0.610640 0.607668
vt 0.627406 0.642603
vt 0.637760 0.640191
vt 0.627361 0.681353
vt 0.637737 0.683669
vt 0.610512 0.716253
vt 0.618856 0.722840
vt 0.580184 0.740394
vt 0.584845 0.749947
vt 0.542378 0.748983
vt 0.542432 0.759613
vt 0.504586 0.740313
vt 0.500021 0.749913
vt 0.474301 0.716099
vt 0.466021 0.722765
vt 0.457525 0.681141
vt 0.447172 0.683551
vt 0.457582 0.642368
vt 0.447209 0.640043
vt 0.474456 0.607463
vt 0.466121 0.600865
vt 0.504803 0.583339
vt 0.500157 0.573778
vt 0.542608 0.574774
vt 0.542570 0.564144
vt 0.580379 0.583459
vt 0.584956 0.573864
vt 0.824030 0.379712
vt 0.816345 0.385920
vt 0.826630 0.407449
vt 0.836247 0.405186
vt 0.826562 0.431309
vt 0.836208 0.433440
vt 0.816152 0.452782
vt 0.823918 0.458885
vt 0.797451 0.467616
vt 0.801802 0.476483
vt 0.774161 0.472866
vt 0.774233 0.482741
vt 0.750899 0.467485
vt 0.746677 0.476413
vt 0.732277 0.452541
vt 0.724597 0.458751
vt 0.721986 0.430997
vt 0.712371 0.433257
vt 0.722062 0.407123
vt 0.712419 0.404984
vt 0.732489 0.385648
vt 0.724731 0.379535
vt 0.751200 0.370825
vt 0.746864 0.361951
vt 0.774489 0.365591
vt 0.774431 0.355713
vt 0.797738 0.370980
vt 0.801971 0.362054
vt 0.610640 0.607668
vt 0.573976 0.636844
vt 0.581713 0.652991
vt 0.627406 0.642603
vt 0.581688 0.670896
vt 0.627361 0.681353
vt 0.573900 0.687023
vt 0.610512 0.716253
vt 0.559881 0.698177
vt 0.580184 0.740394
vt 0.542407 0.702140
vt 0.542378 0.748983
vt 0.524945 0.698125
vt 0.504586 0.740313
vt 0.510955 0.686928
vt 0.474301 0.716099
vt 0.503210 0.670770
vt 0.457525 0.681141
vt 0.503241 0.652853
vt 0.457582 0.642368
vt 0.511042 0.636723
vt 0.474456 0.607463
vt 0.525070 0.625576
vt 0.504803 0.583339
vt 0.542544 0.621624
vt 0.542608 0.574774
vt 0.559999 0.625647
vt 0.580379 0.583459
vt 0.816345 0.385920
vt 0.798658 0.400000
vt 0.804584 0.412466
vt 0.826630 0.407449
vt 0.804525 0.426268
vt 0.826562 0.431309
vt 0.798486 0.438684
vt 0.816152 0.452782
vt 0.787654 0.447254
vt 0.797451 0.467616
vt 0.774172 0.450269
vt 0.774161 0.472866
vt 0.760717 0.447132
vt 0.750899 0.467485
vt 0.749958 0.438466
vt 0.732277 0.452541
vt 0.744025 0.425992
vt 0.721986 0.430997
vt 0.744089 0.412179
vt 0.722062 0.407123
vt 0.750140 0.399761
vt 0.732489 0.385648
vt 0.760980 0.391198
vt 0.751200 0.370825
vt 0.774462 0.388190
vt 0.774489 0.365591
vt 0.787910 0.391334
vt 0.797738 0.370980
vt 0.421909 0.078973
vt 0.414427 0.085061
vt 0.420402 0.097613
vt 0.429783 0.095361
vt 0.420359 0.111511
vt 0.429789 0.113542
vt 0.414298 0.124032
vt 0.421915 0.129941
vt 0.403394 0.132690
vt 0.407696 0.141315
vt 0.389804 0.135754
vt 0.389935 0.145390
vt 0.376229 0.132607
vt 0.372158 0.141344
vt 0.365367 0.123877
vt 0.357902 0.129975
vt 0.359373 0.111299
vt 0.349998 0.113544
vt 0.359429 0.097367
vt 0.350010 0.095313
vt 0.365524 0.084840
vt 0.357934 0.078897
vt 0.376451 0.076201
vt 0.372196 0.067552
vt 0.390042 0.073165
vt 0.389962 0.063525
vt 0.403597 0.076331
vt 0.407704 0.067607
vt 0.329656 0.112706
vt 0.322031 0.118895
vt 0.328476 0.132436
vt 0.338030 0.130152
vt 0.328435 0.147427
vt 0.338034 0.149502
vt 0.321902 0.160938
vt 0.329653 0.166960
vt 0.310141 0.170286
vt 0.314514 0.179070
vt 0.295476 0.173596
vt 0.295601 0.183407
vt 0.280827 0.170203
vt 0.276674 0.179094
vt 0.269106 0.160784
vt 0.261499 0.166985
vt 0.262635 0.147214
vt 0.253088 0.149490
vt 0.262693 0.132181
vt 0.253105 0.130081
vt 0.269267 0.118663
vt 0.261545 0.112605
vt 0.281056 0.109339
vt 0.276732 0.100529
vt 0.295720 0.106060
vt 0.295650 0.096246
vt 0.310347 0.109476
vt 0.314539 0.100599
vt 0.402619 0.183074
vt 0.394955 0.189291
vt 0.401535 0.203114
vt 0.411136 0.200822
vt 0.401494 0.218418
vt 0.411139 0.220505
vt 0.394827 0.232211
vt 0.402614 0.238264
vt 0.382820 0.241755
vt 0.387213 0.250583
vt 0.367850 0.245135
vt 0.367973 0.254994
vt 0.352894 0.241672
vt 0.348718 0.250605
vt 0.340927 0.232057
vt 0.333281 0.238287
vt 0.334321 0.218204
vt 0.324726 0.220489
vt 0.334379 0.202857
vt 0.324745 0.200745
vt 0.341089 0.189056
vt 0.333331 0.182967
vt 0.353123 0.179536
vt 0.348781 0.170682
vt 0.368095 0.176188
vt 0.368026 0.166326
vt 0.383027 0.179675
vt 0.387242 0.170757
vt 0.955907 0.684277
vt 0.948392 0.690400
vt 0.953977 0.702146
vt 0.963404 0.699877
vt 0.953929 0.715150
vt 0.963408 0.717185
vt 0.948250 0.726858
vt 0.955910 0.732795
vt 0.938045 0.734951
vt 0.942374 0.743618
vt 0.925331 0.737809
vt 0.925468 0.747496
vt 0.912635 0.734860
vt 0.908549 0.743644
vt 0.902479 0.726689
vt 0.894979 0.732823
vt 0.896877 0.714920
vt 0.887455 0.717184
vt 0.896936 0.701888
vt 0.887468 0.699831
vt 0.902644 0.690174
vt 0.895011 0.684206
vt 0.912870 0.682099
vt 0.908585 0.673408
vt 0.925583 0.679264
vt 0.925495 0.669575
vt 0.938262 0.682230
vt 0.942384 0.673459
vt 0.928499 0.021122
vt 0.921031 0.027212
vt 0.926480 0.038672
vt 0.935849 0.036413
vt 0.926432 0.051359
vt 0.935853 0.053379
vt 0.920889 0.062780
vt 0.928504 0.068679
vt 0.910932 0.070673
vt 0.915236 0.079287
vt 0.898529 0.073460
vt 0.898668 0.083087
vt 0.886144 0.070581
vt 0.882085 0.079313
vt 0.876238 0.062609
vt 0.868786 0.068709
vt 0.870774 0.051128
vt 0.861410 0.053381
vt 0.870833 0.038415
vt 0.861421 0.036373
vt 0.876403 0.026988
vt 0.868813 0.021059
vt 0.886378 0.019112
vt 0.882116 0.010475
vt 0.898781 0.016348
vt 0.898689 0.006717
vt 0.911149 0.019242
vt 0.915242 0.010521
vt 0.414427 0.085061
vt 0.403211 0.093916
vt 0.406448 0.100740
vt 0.420402 0.097613
vt 0.406438 0.108293
vt 0.420359 0.111511
vt 0.403154 0.115107
vt 0.414298 0.124032
vt 0.397230 0.119816
vt 0.403394 0.132690
vt 0.389844 0.121479
vt 0.389804 0.135754
vt 0.382469 0.119765
vt 0.376229 0.132607
vt 0.376568 0.115020
vt 0.365367 0.123877
vt 0.373309 0.108185
vt 0.359373 0.111299
vt 0.373334 0.100612
vt 0.359429 0.097367
vt 0.376641 0.093799
vt 0.365524 0.084840
vt 0.382577 0.089096
vt 0.376451 0.076201
vt 0.389964 0.087441
vt 0.390042 0.073165
vt 0.397331 0.089164
vt 0.403597 0.076331
vt 0.322031 0.118895
vt 0.310621 0.127904
vt 0.314280 0.135621
vt 0.328476 0.132436
vt 0.314272 0.144161
vt 0.328435 0.147427
vt 0.310561 0.151866
vt 0.321902 0.160938
vt 0.303863 0.157192
vt 0.310141 0.170286
vt 0.295511 0.159073
vt 0.295476 0.173596
vt 0.287172 0.157136
vt 0.280827 0.170203
vt 0.280499 0.151771
vt 0.269106 0.160784
vt 0.276812 0.144041
vt 0.262635 0.147214
vt 0.276840 0.135478
vt 0.262693 0.132181
vt 0.280579 0.127773
vt 0.269267 0.118663
vt 0.287290 0.122455
vt 0.281056 0.109339
vt 0.295643 0.120583
vt 0.295720 0.106060
vt 0.303973 0.122531
vt 0.310347 0.109476
vt 0.394955 0.189291
vt 0.383492 0.198343
vt 0.387271 0.206315
vt 0.401535 0.203114
vt 0.387264 0.215138
vt 0.401494 0.218418
vt 0.383430 0.223098
vt 0.394827 0.232211
vt 0.376511 0.228600
vt 0.382820 0.241755
vt 0.367883 0.230543
vt 0.367850 0.245135
vt 0.359267 0.228543
vt 0.352894 0.241672
vt 0.352373 0.223000
vt 0.340927 0.232057
vt 0.348564 0.215015
vt 0.334321 0.218204
vt 0.348593 0.206168
vt 0.334379 0.202857
vt 0.352455 0.198208
vt 0.341089 0.189056
vt 0.359389 0.192714
vt 0.353123 0.179536
vt 0.368018 0.190780
vt 0.368095 0.176188
vt 0.376624 0.192792
vt 0.383027 0.179675
vt 0.948392 0.690400
vt 0.937126 0.699286
vt 0.939968 0.705277
vt 0.953977 0.702146
vt 0.939955 0.711908
vt 0.953929 0.715150
vt 0.937068 0.717887
vt 0.948250 0.726858
vt 0.931865 0.722019
vt 0.938045 0.734951
vt 0.925381 0.723476
vt 0.925331 0.737809
vt 0.918908 0.721970
vt 0.912635 0.734860
vt 0.913730 0.717802
vt 0.902479 0.726689
vt 0.910871 0.711802
vt 0.896877 0.714920
vt 0.910896 0.705155
vt 0.896936 0.701888
vt 0.913801 0.699176
vt 0.902644 0.690174
vt 0.919013 0.695050
vt 0.912870 0.682099
vt 0.925498 0.693600
vt 0.925583 0.679264
vt 0.931965 0.695114
vt 0.938262 0.682230
vt 0.921031 0.027212
vt 0.909827 0.036049
vt 0.912547 0.041784
vt 0.926480 0.038672
vt 0.912533 0.048131
vt 0.926432 0.051359
vt 0.909769 0.053855
vt 0.920889 0.062780
vt 0.904789 0.057810
vt 0.910932 0.070673
vt 0.898582 0.059204
vt 0.898529 0.073460
vt 0.892385 0.057761
vt 0.886144 0.070581
vt 0.887429 0.053772
vt 0.876238 0.062609
vt 0.884693 0.048028
vt 0.870774 0.051128
vt 0.884717 0.041666
vt 0.870833 0.038415
vt 0.887498 0.035943
vt 0.876403 0.026988
vt 0.892487 0.031994
vt 0.886378 0.019112
vt 0.898695 0.030606
vt 0.898781 0.016348
vt 0.904886 0.032055
vt 0.911149 0.019242
vt 0.403211 0.093916
vt 0.399643 0.096804
vt 0.401974 0.101812
vt 0.406448 0.100740
vt 0.401950 0.107344
vt 0.406438 0.108293
vt 0.399527 0.112303
vt 0.403154 0.115107
vt 0.395189 0.115712
vt 0.397230 0.119816
vt 0.389795 0.116896
vt 0.389844 0.121479
vt 0.384416 0.115618
vt 0.382469 0.119765
vt 0.380120 0.112128
vt 0.376568 0.115020
vt 0.377762 0.107117
vt 0.373309 0.108185
vt 0.377810 0.101578
vt 0.373334 0.100612
vt 0.380256 0.096610
vt 0.376641 0.093799
vt 0.384612 0.093201
vt 0.382577 0.089096
vt 0.390009 0.092024
vt 0.389964 0.087441
vt 0.395374 0.093311
vt 0.397331 0.089164
vt 0.310621 0.127904
vt 0.306888 0.130913
vt 0.309607 0.136732
vt 0.314280 0.135621
vt 0.309585 0.143163
vt 0.314272 0.144161
vt 0.306776 0.148931
vt 0.310561 0.151866
vt 0.301738 0.152900
vt 0.303863 0.157192
vt 0.295469 0.154285
vt 0.295511 0.159073
vt 0.289214 0.152807
vt 0.287172 0.157136
vt 0.284214 0.148757
vt 0.280499 0.151771
vt 0.281466 0.142934
vt 0.276812 0.144041
vt 0.281514 0.136495
vt 0.276840 0.135478
vt 0.284351 0.130718
vt 0.280579 0.127773
vt 0.289409 0.126748
vt 0.287290 0.122455
vt 0.295681 0.125372
vt 0.295643 0.120583
vt 0.301919 0.126860
vt 0.303973 0.122531
vt 0.383492 0.198343
vt 0.379716 0.201383
vt 0.382546 0.207436
vt 0.387271 0.206315
vt 0.382525 0.214127
vt 0.387264 0.215138
vt 0.379604 0.220129
vt 0.383430 0.223098
vt 0.374364 0.224260
vt 0.376511 0.228600
vt 0.367843 0.225703
vt 0.367883 0.230543
vt 0.361334 0.224167
vt 0.359267 0.228543
vt 0.356131 0.219955
vt 0.352373 0.223000
vt 0.353270 0.213898
vt 0.348564 0.215015
vt 0.353319 0.207199
vt 0.348593 0.206168
vt 0.356268 0.201187
vt 0.352455 0.198208
vt 0.361529 0.197055
vt 0.359389 0.192714
vt 0.368054 0.195622
vt 0.368018 0.190780
vt 0.374545 0.197167
vt 0.376624 0.192792
vt 0.937126 0.699286
vt 0.933695 0.702079
vt 0.935657 0.706320
vt 0.939968 0.705277
vt 0.935627 0.711001
vt 0.939955 0.711908
vt 0.933568 0.715192
vt 0.937068 0.717887
vt 0.929891 0.718069
vt 0.931865 0.722019
vt 0.925324 0.719061
vt 0.925381 0.723476
vt 0.920775 0.717969
vt 0.918908 0.721970
vt 0.917147 0.715008
vt 0.913730 0.717802
vt 0.915161 0.710763
vt 0.910871 0.711802
vt 0.915212 0.706076
vt 0.910896 0.705155
vt 0.917291 0.701878
vt 0.913801 0.699176
vt 0.920983 0.699001
vt 0.919013 0.695050
vt 0.925552 0.698016
vt 0.925498 0.693600
vt 0.930090 0.699115
vt 0.931965 0.695114
vt 0.909827 0.036049
vt 0.906461 0.038794
vt 0.908316 0.042812
vt 0.912547 0.041784
vt 0.908284 0.047244
vt 0.912533 0.048131
vt 0.906332 0.051212
vt 0.909769 0.053855
vt 0.902847 0.053934
vt 0.904789 0.057810
vt 0.898522 0.054870
vt 0.898582 0.059204
vt 0.894215 0.053833
vt 0.892385 0.057761
vt 0.890780 0.051027
vt 0.887429 0.053772
vt 0.888902 0.047005
vt 0.884693 0.048028
vt 0.888954 0.042567
vt 0.884717 0.041666
vt 0.890926 0.038592
vt 0.887498 0.035943
vt 0.894424 0.035870
vt 0.892487 0.031994
vt 0.898752 0.034940
vt 0.898695 0.030606
vt 0.903049 0.035985
vt 0.904886 0.032055
vt 0.573976 0.636844
vt 0.568076 0.641674
vt 0.574299 0.654786
vt 0.581713 0.652991
vt 0.574232 0.669297
vt 0.581688 0.670896
vt 0.567879 0.682352
vt 0.573900 0.687023
vt 0.556484 0.691361
vt 0.559881 0.698177
vt 0.542303 0.694527
vt 0.542407 0.702140
vt 0.528156 0.691219
vt 0.524945 0.698125
vt 0.516848 0.682099
vt 0.510955 0.686928
vt 0.510615 0.668979
vt 0.503210 0.670770
vt 0.510689 0.654454
vt 0.503241 0.652853
vt 0.517056 0.641398
vt 0.511042 0.636723
vt 0.528458 0.632398
vt 0.525070 0.625576
vt 0.542637 0.629239
vt 0.542544 0.621624
vt 0.556779 0.632553
vt 0.559999 0.625647
vt 0.568076 0.641674
vt 0.561949 0.646517
vt 0.566671 0.656496
vt 0.574299 0.654786
vt 0.566623 0.667527
vt 0.574232 0.669297
vt 0.561797 0.677464
vt 0.567879 0.682352
vt 0.553126 0.684322
vt 0.556484 0.691361
vt 0.542333 0.686728
vt 0.542303 0.694527
vt 0.531569 0.684204
vt 0.528156 0.691219
vt 0.522969 0.677261
vt 0.516848 0.682099
vt 0.518231 0.667276
vt 0.510615 0.668979
vt 0.518289 0.656224
vt 0.510689 0.654454
vt 0.523134 0.646290
vt 0.517056 0.641398
vt 0.531810 0.639441
vt 0.528458 0.632398
vt 0.542601 0.637040
vt 0.542637 0.629239
vt 0.553361 0.639568
vt 0.556779 0.632553
vt 0.561949 0.646517
vt 0.555045 0.652303
vt 0.557917 0.658731
vt 0.566671 0.656496
vt 0.557789 0.665784
vt 0.566623 0.667527
vt 0.554610 0.672065
vt 0.561797 0.677464
vt 0.549011 0.676336
vt 0.553126 0.684322
vt 0.542108 0.677745
vt 0.542333 0.686728
vt 0.535270 0.676015
vt 0.531569 0.684204
vt 0.529855 0.671484
vt 0.522969 0.677261
vt 0.526939 0.665049
vt 0.518231 0.667276
vt 0.527102 0.657984
vt 0.518289 0.656224
vt 0.530314 0.651693
vt 0.523134 0.646290
vt 0.535935 0.647423
vt 0.531810 0.639441
vt 0.542845 0.646023
vt 0.542601 0.637040
vt 0.549669 0.647768
vt 0.553361 0.639568
vt 0.798658 0.400000
vt 0.795275 0.402735
vt 0.800347 0.413465
vt 0.804584 0.412466
vt 0.800277 0.425329
vt 0.804525 0.426268
vt 0.795069 0.435999
vt 0.798486 0.438684
vt 0.785739 0.443354
vt 0.787654 0.447254
vt 0.774139 0.445926
vt 0.774172 0.450269
vt 0.762573 0.443204
vt 0.760717 0.447132
vt 0.753337 0.435732
vt 0.749958 0.438466
vt 0.748256 0.424996
vt 0.744025 0.425992
vt 0.748333 0.413119
vt 0.744089 0.412179
vt 0.753554 0.402449
vt 0.750140 0.399761
vt 0.762888 0.395101
vt 0.760980 0.391198
vt 0.774487 0.392535
vt 0.774462 0.388190
vt 0.786049 0.395261
vt 0.787910 0.391334
vt 0.795275 0.402735
vt 0.791192 0.405952
vt 0.795268 0.414596
vt 0.800347 0.413465
vt 0.795214 0.424144
vt 0.800277 0.425329
vt 0.791025 0.432740
vt 0.795069 0.435999
vt 0.783511 0.438666
vt 0.785739 0.443354
vt 0.774166 0.440735
vt 0.774139 0.445926
vt 0.764852 0.438538
vt 0.762573 0.443204
vt 0.757416 0.432518
vt 0.753337 0.435732
vt 0.753327 0.423870
vt 0.748256 0.424996
vt 0.753390 0.414304
vt 0.748333 0.413119
vt 0.757595 0.405711
vt 0.753554 0.402449
vt 0.765112 0.399793
vt 0.762888 0.395101
vt 0.774455 0.397727
vt 0.774487 0.392535
vt 0.783766 0.399927
vt 0.786049 0.395261
vt 0.791192 0.405952
vt 0.785255 0.410911
vt 0.787747 0.416502
vt 0.795268 0.414596
vt 0.787631 0.422633
vt 0.795214 0.424144
vt 0.784862 0.428091
vt 0.791025 0.432740
vt 0.779991 0.431800
vt 0.783511 0.438666
vt 0.773987 0.433021
vt 0.774166 0.440735
vt 0.768043 0.431511
vt 0.764852 0.438538
vt 0.763339 0.427567
vt 0.757416 0.432518
vt 0.760809 0.421970
vt 0.753327 0.423870
vt 0.760956 0.415829
vt 0.753390 0.414304
vt 0.763753 0.410361
vt 0.757595 0.405711
vt 0.768643 0.406654
vt 0.765112 0.399793
vt 0.774652 0.405441
vt 0.774455 0.397727
vt 0.780583 0.406964
vt 0.783766 0.399927
vn -1.000000 0.000000 0.000000
vn -1.000000 0.000000 0.000000
vn -1.000000 0.000000 0.000000
vn -1.000000 0.000000 0.000000
vn -1.000000 0.000000 0.000000
vn -1.000000 0.000000 0.000000
vn -1.000000 0.000000 0.000000
vn -1.000000 0.000000 0.000000
vn -1.000000 0.000000 0.000000
vn -1.000000 0.000000 0.000000
vn -1.000000 0.000000 0.000000
vn -1.000000 0.000000 0.000000
vn 1.000000 -0.000000 0.000000
vn 1.000000 -0.000000 0.000000
vn 1.000000 -0.000000 0.000000
vn 1.000000 -0.000000 0.000000
vn 1.000000 -0.000000 0.000000
vn 1.000000 -0.000000 0.000000
vn 1.000000 -0.000000 0.000000
vn 1.000000 -0.000000 0.000000
vn 1.000000 -0.000000 0.000000
vn 1.000000 -0.000000 0.000000
vn 1.000000 -0.000000 0.000000
vn 1.000000 -0.000000 0.000000
vn 0.000000 -0.257262 0.966342
vn 0.000000 -0.257262 0.966342
vn 0.000000 -0.257262 0.966342
vn 0.000000 -0.257262 0.966342
vn -0.000000 -0.999994 -0.003410
vn -0.000000 -0.999994 -0.003410
vn -0.000000 -0.999994 -0.003410
vn -0.000000 -0.999994 -0.003410
vn 0.000000 -0.677049 0.735938
vn 0.000000 -0.677049 0.735938
vn 0.000000 -0.677049 0.735938
vn 0.000000 -0.677049 0.735938
vn 0.000000 -1.000000 0.000000
vn 0.000000 -1.000000 0.000000
vn 0.000000 -1.000000 0.000000
vn 0.000000 -1.000000 0.000000
vn -0.000000 -0.756469 -0.654029
vn -0.000000 -0.756469 -0.654029
vn -0.000000 -0.756469 -0.654029
vn -0.000000 -0.756469 -0.654029
vn -0.000000 -0.999998 -0.001727
vn -0.000000 -0.999998 -0.001727
vn -0.000000 -0.999998 -0.001727
vn -0.000000 -0.999998 -0.001727
vn 0.000000 -0.725151 0.688590
vn 0.000000 -0.725151 0.688590
vn 0.000000 -0.725151 0.688590
vn 0.000000 -0.725151 0.688590
vn 0.000000 -0.999866 0.016391
vn 0.000000 -0.999866 0.016391
vn 0.000000 -0.999866 0.016391
vn 0.000000 -0.999866 0.016391
vn -0.000000 -0.652973 -0.757381
vn -0.000000 -0.652973 -0.757381
vn -0.000000 -0.652973 -0.757381
vn -0.000000 -0.652973 -0.757381
vn -0.000000 -0.999807 -0.019639
vn -0.000000 -0.999807 -0.019639
vn -0.000000 -0.999807 -0.019639
vn -0.000000 -0.999807 -0.019639
vn -0.000000 -0.489308 -0.872111
vn -0.000000 -0.489308 -0.872111
vn -0.000000 -0.489308 -0.872111
vn -0.000000 -0.489308 -0.872111
vn 0.000000 0.999112 -0.042139
vn 0.000000 0.999112 -0.042139
vn 0.000000 0.999112 -0.042139
vn 0.000000 0.999112 -0.042139
vn -0.000000 -0.781832 -0.623489
vn -0.000000 -0.781832 -0.623489
vn -0.000000 -0.781832 -0.623489
vn -0.000000 -0.781832 -0.623489
vn -0.000000 -0.433884 -0.900969
vn -0.000000 -0.433884 -0.900969
vn 0.000000 0.000000 -1.000000
vn 0.000000 0.000000 -1.000000
vn 0.000000 0.433883 -0.900969
vn 0.000000 0.433883 -0.900969
vn 0.000000 0.781831 -0.623490
vn 0.000000 0.781831 -0.623490
vn 0.000000 0.974928 -0.222521
vn 0.000000 0.974928 -0.222521
vn 0.000000 0.974928 0.222521
vn 0.000000 0.974928 0.222521
vn 0.000000 0.781832 0.623490
vn 0.000000 0.781832 0.623490
vn 0.000000 0.433884 0.900969
vn 0.000000 0.433884 0.900969
vn 0.000000 0.000000 1.000000
vn 0.000000 0.000000 1.000000
vn 0.000000 -0.433884 0.900969
vn 0.000000 -0.433884 0.900969
vn 0.000000 -0.781832 0.623490
vn 0.000000 -0.781832 0.623490
vn 0.000000 -0.974928 0.222521
vn 0.000000 -0.974928 0.222521
vn 0.000000 -0.974928 0.222521
vn 0.000000 -0.974928 0.222521
vn -1.000000 -0.000000 0.000000
vn -1.000000 -0.000000 0.000000
vn -1.000000 -0.000000 0.000000
vn -1.000000 -0.000000 0.000000
vn -1.000000 -0.000000 0.000000
vn -1.000000 -0.000000 0.000000
vn -1.000000 -0.000000 0.000000
vn -1.000000 -0.000000 0.000000
vn -1.000000 -0.000000 0.000000
vn -1.000000 -0.000000 0.000000
vn -1.000000 -0.000000 0.000000
vn -1.000000 -0.000000 0.000000
vn -1.000000 -0.000000 0.000000
vn -1.000000 -0.000000 0.000000
vn -0.000000 -0.781831 -0.623490
vn -0.000000 -0.781831 -0.623490
vn -0.000000 -0.781831 -0.623490
vn -0.000000 -0.781831 -0.623490
vn -0.000000 -0.433885 -0.900968
vn -0.000000 -0.433885 -0.900968
vn 0.000000 0.000000 -1.000000
vn 0.000000 0.000000 -1.000000
vn 0.000000 0.433884 -0.900969
vn 0.000000 0.433884 -0.900969
vn 0.000000 0.781831 -0.623490
vn 0.000000 0.781831 -0.623490
vn 0.000000 0.974928 -0.222522
vn 0.000000 0.974928 -0.222522
vn 0.000000 0.974928 0.222521
vn 0.000000 0.974928 0.222521
vn 0.000000 0.781831 0.623490
vn 0.000000 0.781831 0.623490
vn 0.000000 0.433885 0.900968
vn 0.000000 0.433885 0.900968
vn 0.000000 0.000001 1.000000
vn 0.000000 0.000001 1.000000
vn 0.000000 -0.433884 0.900968
vn 0.000000 -0.433884 0.900968
vn 0.000000 -0.781831 0.623490
vn 0.000000 -0.781831 0.623490
vn 0.000000 -0.974928 0.222521
vn 0.000000 -0.974928 0.222521
vn 0.000000 -0.974928 0.222521
vn 0.000000 -0.974928 0.222521
vn -1.000000 0.000000 0.000000
vn -1.000000 0.000000 0.000000
vn -1.000000 0.000000 0.000000
vn -1.000000 0.000000 0.000000
vn -1.000000 0.000000 0.000000
vn -1.000000 0.000000 0.000000
vn -1.000000 0.000000 0.000000
vn -1.000000 0.000000 0.000000
vn -1.000000 0.000000 0.000000
vn -1.000000 0.000000 0.000000
vn -1.000000 0.000000 0.000000
vn -1.000000 0.000000 0.000000
vn -1.000000 0.000000 0.000000
vn -1.000000 0.000000 0.000000
vn -0.000000 -0.781832 -0.623489
vn -0.000000 -0.781832 -0.623489
vn -0.000000 -0.781832 -0.623489
vn -0.000000 -0.781832 -0.623489
vn -0.000000 -0.433884 -0.900969
vn -0.000000 -0.433884 -0.900969
vn 0.000000 0.000000 -1.000000
vn 0.000000 0.000000 -1.000000
vn 0.000000 0.433884 -0.900969
vn 0.000000 0.433884 -0.900969
vn 0.000000 0.781831 -0.623490
vn 0.000000 0.781831 -0.623490
vn 0.000000 0.974928 -0.222521
vn 0.000000 0.974928 -0.222521
vn 0.000000 0.974928 0.222521
vn 0.000000 0.974928 0.222521
vn 0.000000 0.781832 0.623489
vn 0.000000 0.781832 0.623489
vn 0.000000 0.433883 0.900969
vn 0.000000 0.433883 0.900969
vn 0.000000 0.000001 1.000000
vn 0.000000 0.000001 1.000000
vn 0.000000 -0.433884 0.900969
vn 0.000000 -0.433884 0.900969
vn 0.000000 -0.781832 0.623489
vn 0.000000 -0.781832 0.623489
vn 0.000000 -0.974928 0.222522
vn 0.000000 -0.974928 0.222522
vn 0.000000 -0.974928 0.222522
vn 0.000000 -0.974928 0.222522
vn -1.000000 0.000000 0.000000
vn -1.000000 0.000000 0.000000
vn -1.000000 0.000000 0.000000
vn -1.000000 0.000000 0.000000
vn -1.000000 0.000000 0.000000
vn -1.000000 0.000000 0.000000
vn -1.000000 0.000000 0.000000
vn -1.000000 0.000000 0.000000
vn -1.000000 0.000000 0.000000
vn -1.000000 0.000000 0.000000
vn -1.000000 0.000000 0.000000
vn -1.000000 0.000000 0.000000
vn -1.000000 0.000000 0.000000
vn -1.000000 0.000000 0.000000
vn -0.000000 -0.781831 -0.623490
vn -0.000000 -0.781831 -0.623490
vn -0.000000 -0.781831 -0.623490
vn -0.000000 -0.781831 -0.623490
vn -0.000000 -0.433884 -0.900969
vn -0.000000 -0.433884 -0.900969
vn 0.000000 0.000000 -1.000000
vn 0.000000 0.000000 -1.000000
vn 0.000000 0.433884 -0.900969
vn 0.000000 0.433884 -0.900969
vn 0.000000 0.781831 -0.623490
vn 0.000000 0.781831 -0.623490
vn 0.000000 0.974928 -0.222521
vn 0.000000 0.974928 -0.222521
vn 0.000000 0.974928 0.222521
vn 0.000000 0.974928 0.222521
vn 0.000000 0.781831 0.623490
vn 0.000000 0.781831 0.623490
vn 0.000000 0.433884 0.900969
vn 0.000000 0.433884 0.900969
vn 0.000000 0.000001 1.000000
vn 0.000000 0.000001 1.000000
vn 0.000000 -0.433884 0.900969
vn 0.000000 -0.433884 0.900969
vn 0.000000 -0.781832 0.623489
vn 0.000000 -0.781832 0.623489
vn 0.000000 -0.974928 0.222521
vn 0.000000 -0.974928 0.222521
vn 0.000000 -0.974928 0.222521
vn 0.000000 -0.974928 0.222521
vn -1.000000 0.000000 0.000000
vn -1.000000 0.000000 0.000000
vn -1.000000 0.000000 0.000000
vn -1.000000 0.000000 0.000000
vn -1.000000 0.000000 0.000000
vn -1.000000 0.000000 0.000000
vn -1.000000 0.000000 0.000000
vn -1.000000 0.000000 0.000000
vn -1.000000 0.000000 0.000000
vn -1.000000 0.000000 0.000000
vn -1.000000 0.000000 0.000000
vn -1.000000 0.000000 0.000000
vn -1.000000 0.000000 0.000000
vn -1.000000 0.000000 0.000000
vn -0.000000 -0.781831 -0.623490
vn -0.000000 -0.781831 -0.623490
vn -0.000000 -0.781831 -0.623490
vn -0.000000 -0.781831 -0.623490
vn -0.000000 -0.433884 -0.900969
vn -0.000000 -0.433884 -0.900969
vn 0.000000 0.000000 -1.000000
vn 0.000000 0.000000 -1.000000
vn 0.000000 0.433884 -0.900969
vn 0.000000 0.433884 -0.900969
vn 0.000000 0.781831 -0.623490
vn 0.000000 0.781831 -0.623490
vn 0.000000 0.974928 -0.222521
vn 0.000000 0.974928 -0.222521
vn 0.000000 0.974928 0.222521
vn 0.000000 0.974928 0.222521
vn 0.000000 0.781832 0.623489
vn 0.000000 0.781832 0.623489
vn 0.000000 0.433884 0.900969
vn 0.000000 0.433884 0.900969
vn 0.000000 0.000000 1.000000
vn 0.000000 0.000000 1.000000
vn 0.000000 -0.433884 0.900969
vn 0.000000 -0.433884 0.900969
vn 0.000000 -0.781832 0.623489
vn 0.000000 -0.781832 0.623489
vn 0.000000 -0.974928 0.222521
vn 0.000000 -0.974928 0.222521
vn 0.000000 -0.974928 0.222521
vn 0.000000 -0.974928 0.222521
vn -1.000000 0.000000 0.000000
vn -1.000000 0.000000 0.000000
vn -1.000000 0.000000 0.000000
vn -1.000000 0.000000 0.000000
vn -1.000000 0.000000 0.000000
vn -1.000000 0.000000 0.000000
vn -1.000000 0.000000 0.000000
vn -1.000000 0.000000 0.000000
vn -1.000000 0.000000 0.000000
vn -1.000000 0.000000 0.000000
vn -1.000000 0.000000 0.000000
vn -1.000000 0.000000 0.000000
vn -1.000000 0.000000 0.000000
vn -1.000000 0.000000 0.000000
vn -0.000000 -0.781831 -0.623490
vn -0.000000 -0.781831 -0.623490
vn -0.000000 -0.781831 -0.623490
vn -0.000000 -0.781831 -0.623490
vn -0.000000 -0.433884 -0.900969
vn -0.000000 -0.433884 -0.900969
vn 0.000000 0.000000 -1.000000
vn 0.000000 0.000000 -1.000000
vn 0.000000 0.433883 -0.900969
vn 0.000000 0.433883 -0.900969
vn 0.000000 0.781831 -0.623491
vn 0.000000 0.781831 -0.623491
vn 0.000000 0.974928 -0.222520
vn 0.000000 0.974928 -0.222520
vn 0.000000 0.974928 0.222520
vn 0.000000 0.974928 0.222520
vn 0.000000 0.781832 0.623489
vn 0.000000 0.781832 0.623489
vn 0.000000 0.433883 0.900969
vn 0.000000 0.433883 0.900969
vn 0.000000 0.000000 1.000000
vn 0.000000 0.000000 1.000000
vn 0.000000 -0.433883 0.900969
vn 0.000000 -0.433883 0.900969
vn 0.000000 -0.781832 0.623489
vn 0.000000 -0.781832 0.623489
vn 0.000000 -0.974928 0.222521
vn 0.000000 -0.974928 0.222521
vn 0.000000 -0.974928 0.222521
vn 0.000000 -0.974928 0.222521
vn -1.000000 0.000001 0.000000
vn -1.000000 0.000001 0.000000
vn -1.000000 0.000001 0.000000
vn -1.000000 0.000001 0.000000
vn -1.000000 0.000001 0.000000
vn -1.000000 0.000001 0.000000
vn -1.000000 0.000001 0.000000
vn -1.000000 0.000001 0.000000
vn -1.000000 0.000001 0.000000
vn -1.000000 0.000001 0.000000
vn -1.000000 0.000001 0.000000
vn -1.000000 0.000001 0.000000
vn -1.000000 0.000001 0.000000
vn -1.000000 0.000001 0.000000
vn -0.000000 -0.781832 -0.623490
vn -0.000000 -0.781832 -0.623490
vn -0.000000 -0.781832 -0.623490
vn -0.000000 -0.781832 -0.623490
vn -0.000000 -0.433883 -0.900969
vn -0.000000 -0.433883 -0.900969
vn 0.000000 0.000000 -1.000000
vn 0.000000 0.000000 -1.000000
vn 0.000000 0.433883 -0.900969
vn 0.000000 0.433883 -0.900969
vn 0.000000 0.781831 -0.623491
vn 0.000000 0.781831 -0.623491
vn 0.000000 0.974928 -0.222520
vn 0.000000 0.974928 -0.222520
vn 0.000000 0.974928 0.222520
vn 0.000000 0.974928 0.222520
vn 0.000000 0.781831 0.623490
vn 0.000000 0.781831 0.623490
vn 0.000000 0.433883 0.900969
vn 0.000000 0.433883 0.900969
vn 0.000000 0.000000 1.000000
vn 0.000000 0.000000 1.000000
vn 0.000000 -0.433883 0.900969
vn 0.000000 -0.433883 0.900969
vn 0.000000 -0.781832 0.623489
vn 0.000000 -0.781832 0.623489
vn 0.000000 -0.974928 0.222521
vn 0.000000 -0.974928 0.222521
vn 0.000000 -0.974928 0.222521
vn 0.000000 -0.974928 0.222521
vn -1.000000 0.000000 0.000000
vn -1.000000 0.000000 0.000000
vn -1.000000 0.000000 0.000000
vn -1.000000 0.000000 0.000000
vn -1.000000 0.000000 0.000000
vn -1.000000 0.000000 0.000000
vn -1.000000 0.000000 0.000000
vn -1.000000 0.000000 0.000000
vn -1.000000 0.000000 0.000000
vn -1.000000 0.000000 0.000000
vn -1.000000 0.000000 0.000000
vn -1.000000 0.000000 0.000000
vn -1.000000 0.000000 0.000000
vn -1.000000 0.000000 0.000000
vn -1.000000 0.000002 0.000000
vn -1.000000 0.000002 0.000000
vn -1.000000 0.000002 0.000000
vn -1.000000 0.000002 0.000000
vn -1.000000 -0.000001 0.000000
vn -1.000000 -0.000001 0.000000
vn -1.000000 -0.000000 0.000000
vn -1.000000 -0.000000 0.000000
vn -1.000000 0.000000 0.000000
vn -1.000000 0.000000 0.000000
vn -1.000000 0.000000 0.000000
vn -1.000000 0.000000 0.000000
vn -1.000000 -0.000001 0.000000
vn -1.000000 -0.000001 0.000000
vn -1.000000 -0.000000 0.000000
vn -1.000000 -0.000000 0.000000
vn -1.000000 0.000000 0.000000
vn -1.000000 0.000000 0.000000
vn -1.000000 0.000000 0.000000
vn -1.000000 0.000000 0.000000
vn -1.000000 0.000000 0.000000
vn -1.000000 0.000000 0.000000
vn -1.000000 0.000000 0.000000
vn -1.000000 0.000000 0.000000
vn -1.000000 0.000001 0.000000
vn -1.000000 0.000001 0.000000
vn -1.000000 0.000000 0.000000
vn -1.000000 0.000000 0.000000
vn -1.000000 0.000000 0.000000
vn -1.000000 0.000000 0.000000
vn -1.000000 0.000000 0.000000
vn -1.000000 0.000000 0.000000
vn -1.000000 0.000001 0.000000
vn -1.000000 0.000001 0.000000
vn -1.000000 0.000000 0.000000
vn -1.000000 0.000000 0.000000
vn -1.000000 0.000000 0.000000
vn -1.000000 0.000000 0.000000
vn -1.000000 0.000000 0.000000
vn -1.000000 0.000000 0.000000
vn -1.000000 -0.000001 0.000000
vn -1.000000 -0.000001 0.000000
vn -1.000000 -0.000001 0.000000
vn -1.000000 -0.000001 0.000000
vn -1.000000 0.000000 0.000000
vn -1.000000 0.000000 0.000000
vn -1.000000 0.000001 0.000000
vn -1.000000 0.000001 0.000000
vn -1.000000 -0.000001 0.000000
vn -1.000000 -0.000001 0.000000
vn -1.000000 0.000000 0.000000
vn -1.000000 0.000000 0.000000
vn -1.000000 0.000000 0.000000
vn -1.000000 0.000000 0.000000
vn -1.000000 0.000001 0.000000
vn -1.000000 0.000001 0.000000
vn -1.000000 0.000000 0.000000
vn -1.000000 0.000000 0.000000
vn -1.000000 0.000000 0.000000
vn -1.000000 0.000000 0.000000
vn -1.000000 -0.000001 0.000000
vn -1.000000 -0.000001 0.000000
vn -1.000000 0.000000 0.000000
vn -1.000000 0.000000 0.000000
vn -1.000000 0.000000 0.000000
vn -1.000000 0.000000 0.000000
vn -1.000000 0.000002 0.000000
vn -1.000000 0.000002 0.000000
vn -1.000000 0.000002 0.000000
vn -1.000000 0.000002 0.000000
vn -1.000000 0.000001 0.000000
vn -1.000000 0.000001 0.000000
vn -1.000000 0.000000 0.000000
vn -1.000000 0.000000 0.000000
vn -1.000000 0.000001 0.000000
vn -1.000000 0.000001 0.000000
vn -1.000000 0.000000 0.000000
vn -1.000000 0.000000 0.000000
vn -1.000000 0.000000 0.000000
vn -1.000000 0.000000 0.000000
vn -1.000000 -0.000002 0.000000
vn -1.000000 -0.000002 0.000000
vn -1.000000 -0.000002 0.000000
vn -1.000000 -0.000002 0.000000
vn -1.000000 0.000000 0.000000
vn -1.000000 0.000000 0.000000
vn -1.000000 0.000000 0.000000
vn -1.000000 0.000000 0.000000
vn -1.000000 -0.000002 0.000000
vn -1.000000 -0.000002 0.000000
vn -1.000000 0.000000 0.000000
vn -1.000000 0.000000 0.000000
vn -1.000000 0.000000 0.000000
vn -1.000000 0.000000 0.000000
vn -1.000000 -0.000001 0.000000
vn -1.000000 -0.000001 0.000000
vn -1.000000 -0.000001 0.000000
vn -1.000000 -0.000001 0.000000
vn -1.000000 0.000002 0.000000
vn -1.000000 0.000002 0.000000
vn -1.000000 0.000000 0.000000
vn -1.000000 0.000000 0.000000
vn -1.000000 0.000000 0.000000
vn -1.000000 0.000000 0.000000
vn -1.000000 0.000000 0.000000
vn -1.000000 0.000000 0.000000
vn -1.000000 0.000000 0.000000
vn -1.000000 0.000000 0.000000
vn -1.000000 -0.000001 0.000000
vn -1.000000 -0.000001 0.000000
vn -1.000000 -0.000004 0.000000
vn -1.000000 -0.000004 0.000000
vn -1.000000 0.000007 0.000000
vn -1.000000 0.000007 0.000000
vn -1.000000 0.000007 0.000000
vn -1.000000 0.000007 0.000000
vn -1.000000 -0.000005 0.000000
vn -1.000000 -0.000005 0.000000
vn -1.000000 0.000001 0.000000
vn -1.000000 0.000001 0.000000
vn -1.000000 0.000000 0.000000
vn -1.000000 0.000000 0.000000
vn -1.000000 0.000000 0.000000
vn -1.000000 0.000000 0.000000
vn -1.000000 -0.000005 0.000000
vn -1.000000 -0.000005 0.000000
vn -1.000000 -0.000002 0.000000
vn -1.000000 -0.000002 0.000000
vn -1.000000 0.000000 0.000000
vn -1.000000 0.000000 0.000000
vn -1.000000 0.000003 0.000000
vn -1.000000 0.000003 0.000000
vn -1.000000 0.000001 0.000000
vn -1.000000 0.000001 0.000000
vn -1.000000 0.000000 0.000000
vn -1.000000 0.000000 0.000000
vn -1.000000 -0.000003 0.000000
vn -1.000000 -0.000003 0.000000
vn -1.000000 0.000004 0.000000
vn -1.000000 0.000004 0.000000
vn -1.000000 0.000001 0.000000
vn -1.000000 0.000001 0.000000
vn -1.000000 0.000001 0.000000
vn -1.000000 0.000001 0.000000
vn -1.000000 -0.000001 0.000000
vn -1.000000 -0.000001 0.000000
vn -1.000000 -0.000001 0.000000
vn -1.000000 -0.000001 0.000000
vn -1.000000 0.000000 0.000000
vn -1.000000 0.000000 0.000000
vn -1.000000 0.000003 0.000000
vn -1.000000 0.000003 0.000000
vn -1.000000 0.000001 0.000000
vn -1.000000 0.000001 0.000000
vn -1.000000 0.000005 0.000000
vn -1.000000 0.000005 0.000000
vn -1.000000 -0.000001 0.000000
vn -1.000000 -0.000001 0.000000
vn -1.000000 0.000003 0.000000
vn -1.000000 0.000003 0.000000
vn -1.000000 0.000001 0.000000
vn -1.000000 0.000001 0.000000
vn -1.000000 0.000000 0.000000
vn -1.000000 0.000000 0.000000
vn -1.000000 -0.000001 0.000000
vn -1.000000 -0.000001 0.000000
vn -1.000000 0.000000 0.000000
vn -1.000000 0.000000 0.000000
vn -1.000000 0.000003 0.000000
vn -1.000000 0.000003 0.000000
vn -1.000000 0.000003 0.000000
vn -1.000000 0.000003 0.000000
vn -1.000000 0.000001 0.000000
vn -1.000000 0.000001 0.000000
vn -1.000000 -0.000001 0.000000
vn -1.000000 -0.000001 0.000000
vn -1.000000 0.000000 0.000000
vn -1.000000 0.000000 0.000000
vn -1.000000 0.000001 0.000000
vn -1.000000 0.000001 0.000000
vn -1.000000 -0.000003 0.000000
vn -1.000000 -0.000003 0.000000
vn -1.000000 0.000003 0.000000
vn -1.000000 0.000003 0.000000
vn -1.000000 0.000000 0.000000
vn -1.000000 0.000000 0.000000
vn -1.000000 0.000001 0.000000
vn -1.000000 0.000001 0.000000
vn -1.000000 0.000001 0.000000
vn -1.000000 0.000001 0.000000
vn -1.000000 0.000000 0.000000
vn -1.000000 0.000000 0.000000
vn -1.000000 0.000000 0.000000
vn -1.000000 0.000000 0.000000
vn -1.000000 0.000000 0.000000
vn -1.000000 0.000000 0.000000
vn 0.000000 0.974928 0.222521
vn 0.000000 0.974928 0.222521
vn 0.000000 0.974928 0.222521
vn 0.000000 0.974928 0.222521
vn 0.000000 0.781832 0.623489
vn 0.000000 0.781832 0.623489
vn 0.000000 0.433884 0.900969
vn 0.000000 0.433884 0.900969
vn 0.000000 0.000000 1.000000
vn 0.000000 0.000000 1.000000
vn 0.000000 -0.433883 0.900969
vn 0.000000 -0.433883 0.900969
vn 0.000000 -0.781832 0.623490
vn 0.000000 -0.781832 0.623490
vn 0.000000 -0.974928 0.222522
vn 0.000000 -0.974928 0.222522
vn -0.000000 -0.974928 -0.222521
vn -0.000000 -0.974928 -0.222521
vn -0.000000 -0.781832 -0.623489
vn -0.000000 -0.781832 -0.623489
vn -0.000000 -0.433883 -0.900969
vn -0.000000 -0.433883 -0.900969
vn 0.000000 0.000000 -1.000000
vn 0.000000 0.000000 -1.000000
vn 0.000000 0.433883 -0.900969
vn 0.000000 0.433883 -0.900969
vn 0.000000 0.781831 -0.623490
vn 0.000000 0.781831 -0.623490
vn 0.000000 0.974928 0.222521
vn 0.000000 0.974928 0.222521
vn 0.000000 0.974928 0.222521
vn 0.000000 0.974928 0.222521
vn 0.000000 0.781831 0.623490
vn 0.000000 0.781831 0.623490
vn 0.000000 0.433885 0.900968
vn 0.000000 0.433885 0.900968
vn 0.000000 0.000000 1.000000
vn 0.000000 0.000000 1.000000
vn 0.000000 -0.433884 0.900969
vn 0.000000 -0.433884 0.900969
vn 0.000000 -0.781832 0.623490
vn 0.000000 -0.781832 0.623490
vn 0.000000 -0.974928 0.222521
vn 0.000000 -0.974928 0.222521
vn -0.000000 -0.974928 -0.222521
vn -0.000000 -0.974928 -0.222521
vn -0.000000 -0.781832 -0.623489
vn -0.000000 -0.781832 -0.623489
vn -0.000000 -0.433883 -0.900969
vn -0.000000 -0.433883 -0.900969
vn -0.000000 -0.000001 -1.000000
vn -0.000000 -0.000001 -1.000000
vn 0.000000 0.433884 -0.900969
vn 0.000000 0.433884 -0.900969
vn 0.000000 0.781832 -0.623489
vn 0.000000 0.781832 -0.623489
vn -1.000000 0.000000 0.000000
vn -1.000000 0.000000 0.000000
vn -1.000000 0.000000 0.000000
vn -1.000000 0.000000 0.000000
vn -1.000000 0.000001 0.000000
vn -1.000000 0.000001 0.000000
vn -1.000000 0.000001 0.000000
vn -1.000000 0.000001 0.000000
vn -1.000000 0.000000 0.000000
vn -1.000000 0.000000 0.000000
vn -1.000000 -0.000001 0.000000
vn -1.000000 -0.000001 0.000000
vn -1.000000 0.000001 0.000000
vn -1.000000 0.000001 0.000000
vn -1.000000 -0.000001 0.000000
vn -1.000000 -0.000001 0.000000
vn -1.000000 0.000000 0.000000
vn -1.000000 0.000000 0.000000
vn -1.000000 0.000001 0.000000
vn -1.000000 0.000001 0.000000
vn -1.000000 -0.000001 0.000000
vn -1.000000 -0.000001 0.000000
vn -1.000000 0.000000 0.000000
vn -1.000000 0.000000 0.000000
vn -1.000000 -0.000001 0.000000
vn -1.000000 -0.000001 0.000000
vn -1.000000 0.000001 0.000000
vn -1.000000 0.000001 0.000000
vn -1.000000 0.000002 0.000000
vn -1.000000 0.000002 0.000000
vn -1.000000 0.000002 0.000000
vn -1.000000 0.000002 0.000000
vn -1.000000 -0.000001 0.000000
vn -1.000000 -0.000001 0.000000
vn -1.000000 0.000000 0.000000
vn -1.000000 0.000000 0.000000
vn -1.000000 0.000000 0.000000
vn -1.000000 0.000000 0.000000
vn -1.000000 -0.000001 0.000000
vn -1.000000 -0.000001 0.000000
vn -1.000000 -0.000002 0.000000
vn -1.000000 -0.000002 0.000000
vn -1.000000 -0.000001 0.000000
vn -1.000000 -0.000001 0.000000
vn -1.000000 0.000002 0.000000
vn -1.000000 0.000002 0.000000
vn -1.000000 -0.000001 0.000000
vn -1.000000 -0.000001 0.000000
vn -1.000000 0.000000 0.000000
vn -1.000000 0.000000 0.000000
vn -1.000000 0.000001 0.000000
vn -1.000000 0.000001 0.000000
vn -1.000000 0.000000 0.000000
vn -1.000000 0.000000 0.000000
vn -1.000000 0.000001 0.000000
vn -1.000000 0.000001 0.000000
vn 0.000000 0.974928 0.222521
vn 0.000000 0.974928 0.222521
vn 0.000000 0.974928 0.222521
vn 0.000000 0.974928 0.222521
vn 0.000000 0.781831 0.623490
vn 0.000000 0.781831 0.623490
vn 0.000000 0.433884 0.900969
vn 0.000000 0.433884 0.900969
vn 0.000000 0.000000 1.000000
vn 0.000000 0.000000 1.000000
vn 0.000000 -0.433883 0.900969
vn 0.000000 -0.433883 0.900969
vn 0.000000 -0.781832 0.623489
vn 0.000000 -0.781832 0.623489
vn 0.000000 -0.974928 0.222522
vn 0.000000 -0.974928 0.222522
vn -0.000000 -0.974928 -0.222521
vn -0.000000 -0.974928 -0.222521
vn -0.000000 -0.781832 -0.623490
vn -0.000000 -0.781832 -0.623490
vn -0.000000 -0.433884 -0.900969
vn -0.000000 -0.433884 -0.900969
vn 0.000000 0.000000 -1.000000
vn 0.000000 0.000000 -1.000000
vn 0.000000 0.433883 -0.900969
vn 0.000000 0.433883 -0.900969
vn 0.000000 0.781831 -0.623490
vn 0.000000 0.781831 -0.623490
vn 0.000000 0.974928 0.222521
vn 0.000000 0.974928 0.222521
vn 0.000000 0.974928 0.222521
vn 0.000000 0.974928 0.222521
vn 0.000000 0.781831 0.623490
vn 0.000000 0.781831 0.623490
vn 0.000000 0.433884 0.900969
vn 0.000000 0.433884 0.900969
vn 0.000000 0.000000 1.000000
vn 0.000000 0.000000 1.000000
vn 0.000000 -0.433882 0.900969
vn 0.000000 -0.433882 0.900969
vn 0.000000 -0.781832 0.623489
vn 0.000000 -0.781832 0.623489
vn 0.000000 -0.974928 0.222521
vn 0.000000 -0.974928 0.222521
vn -0.000000 -0.974928 -0.222520
vn -0.000000 -0.974928 -0.222520
vn -0.000000 -0.781831 -0.623490
vn -0.000000 -0.781831 -0.623490
vn -0.000000 -0.433883 -0.900969
vn -0.000000 -0.433883 -0.900969
vn -0.000000 -0.000002 -1.000000
vn -0.000000 -0.000002 -1.000000
vn 0.000000 0.433884 -0.900969
vn 0.000000 0.433884 -0.900969
vn 0.000000 0.781831 -0.623490
vn 0.000000 0.781831 -0.623490
vn -0.991321 -0.128166 -0.029253
vn -0.991321 -0.128166 -0.029253
vn -0.991321 -0.128166 -0.029253
vn -0.991321 -0.128166 -0.029253
vn -0.991321 -0.102782 -0.081966
vn -0.991321 -0.102782 -0.081966
vn -0.991321 -0.057040 -0.118444
vn -0.991321 -0.057040 -0.118444
vn -0.991321 0.000000 -0.131463
vn -0.991321 0.000000 -0.131463
vn -0.991321 0.057039 -0.118444
vn -0.991321 0.057039 -0.118444
vn -0.991321 0.102781 -0.081966
vn -0.991321 0.102781 -0.081966
vn -0.991321 0.128167 -0.029253
vn -0.991321 0.128167 -0.029253
vn -0.991321 0.128166 0.029253
vn -0.991321 0.128166 0.029253
vn -0.991321 0.102781 0.081966
vn -0.991321 0.102781 0.081966
vn -0.991321 0.057039 0.118444
vn -0.991321 0.057039 0.118444
vn -0.991321 0.000000 0.131463
vn -0.991321 0.000000 0.131463
vn -0.991321 -0.057039 0.118444
vn -0.991321 -0.057039 0.118444
vn -0.991321 -0.102782 0.081966
vn -0.991321 -0.102782 0.081966
vn -0.967758 -0.245568 -0.056049
vn -0.967758 -0.245568 -0.056049
vn -0.967758 -0.245568 -0.056049
vn -0.967758 -0.245568 -0.056049
vn -0.967758 -0.196930 -0.157047
vn -0.967757 -0.196930 -0.157047
vn -0.967757 -0.109288 -0.226939
vn -0.967758 -0.109288 -0.226939
vn -0.967758 0.000000 -0.251883
vn -0.967758 0.000000 -0.251883
vn -0.967757 0.109288 -0.226939
vn -0.967757 0.109288 -0.226939
vn -0.967757 0.196931 -0.157047
vn -0.967757 0.196931 -0.157047
vn -0.967758 0.245568 -0.056049
vn -0.967758 0.245568 -0.056049
vn -0.967758 0.245568 0.056049
vn -0.967757 0.245568 0.056049
vn -0.967758 0.196930 0.157047
vn -0.967758 0.196930 0.157047
vn -0.967757 0.109288 0.226939
vn -0.967757 0.109288 0.226939
vn -0.967757 0.000001 0.251884
vn -0.967757 0.000001 0.251884
vn -0.967757 -0.109289 0.226939
vn -0.967757 -0.109289 0.226939
vn -0.967757 -0.196931 0.157047
vn -0.967757 -0.196931 0.157047
vn 0.000000 0.974928 0.222522
vn 0.000000 0.974928 0.222522
vn 0.000000 0.974928 0.222522
vn 0.000000 0.974928 0.222522
vn 0.000000 0.781833 0.623488
vn 0.000000 0.781833 0.623488
vn 0.000000 0.433882 0.900970
vn 0.000000 0.433882 0.900970
vn 0.000001 0.000000 1.000000
vn 0.000001 0.000000 1.000000
vn 0.000000 -0.433884 0.900969
vn 0.000000 -0.433884 0.900969
vn 0.000000 -0.781831 0.623490
vn 0.000000 -0.781831 0.623490
vn 0.000000 -0.974928 0.222521
vn 0.000000 -0.974928 0.222521
vn -0.000000 -0.974928 -0.222520
vn -0.000000 -0.974928 -0.222520
vn -0.000000 -0.781831 -0.623490
vn -0.000000 -0.781831 -0.623490
vn -0.000000 -0.433884 -0.900969
vn -0.000000 -0.433884 -0.900969
vn -0.000000 -0.000001 -1.000000
vn -0.000000 -0.000001 -1.000000
vn 0.000000 0.433884 -0.900969
vn 0.000000 0.433884 -0.900968
vn -0.000001 0.781832 -0.623489
vn -0.000001 0.781832 -0.623489
vn 0.000000 0.974928 0.222521
vn 0.000000 0.974928 0.222521
vn 0.000000 0.974928 0.222521
vn 0.000000 0.974928 0.222521
vn 0.000000 0.781832 0.623489
vn 0.000000 0.781832 0.623489
vn 0.000000 0.433884 0.900969
vn 0.000000 0.433884 0.900969
vn 0.000000 0.000000 1.000000
vn 0.000000 0.000000 1.000000
vn 0.000000 -0.433883 0.900969
vn 0.000000 -0.433883 0.900969
vn 0.000000 -0.781831 0.623490
vn 0.000000 -0.781831 0.623490
vn 0.000000 -0.974928 0.222521
vn 0.000000 -0.974928 0.222521
vn -0.000000 -0.974928 -0.222521
vn -0.000000 -0.974928 -0.222521
vn -0.000000 -0.781832 -0.623489
vn -0.000000 -0.781832 -0.623489
vn -0.000000 -0.433884 -0.900969
vn -0.000000 -0.433884 -0.900969
vn -0.000000 -0.000000 -1.000000
vn -0.000000 -0.000000 -1.000000
vn 0.000000 0.433883 -0.900969
vn 0.000000 0.433883 -0.900969
vn 0.000000 0.781832 -0.623489
vn 0.000000 0.781832 -0.623489
vn 0.000000 0.974928 0.222521
vn 0.000000 0.974928 0.222521
vn 0.000000 0.974928 0.222521
vn 0.000000 0.974928 0.222521
vn 0.000000 0.781832 0.623489
vn 0.000000 0.781832 0.623489
vn 0.000000 0.433883 0.900969
vn 0.000000 0.433883 0.900969
vn 0.000000 0.000000 1.000000
vn 0.000000 0.000000 1.000000
vn 0.000000 -0.433883 0.900969
vn 0.000000 -0.433883 0.900969
vn 0.000000 -0.781832 0.623490
vn 0.000000 -0.781832 0.623490
vn 0.000000 -0.974928 0.222521
vn 0.000000 -0.974928 0.222521
vn -0.000000 -0.974928 -0.222521
vn -0.000000 -0.974928 -0.222521
vn -0.000000 -0.781832 -0.623489
vn -0.000000 -0.781832 -0.623489
vn -0.000000 -0.433884 -0.900969
vn -0.000000 -0.433884 -0.900969
vn -0.000000 -0.000001 -1.000000
vn -0.000000 -0.000001 -1.000000
vn 0.000000 0.433884 -0.900969
vn 0.000000 0.433884 -0.900969
vn 0.000000 0.781832 -0.623490
vn 0.000000 0.781832 -0.623490
vn 0.000000 0.974928 0.222522
vn 0.000000 0.974928 0.222522
vn 0.000000 0.974928 0.222522
vn 0.000000 0.974928 0.222522
vn 0.000000 0.781831 0.623490
vn 0.000000 0.781831 0.623490
vn 0.000000 0.433884 0.900968
vn 0.000000 0.433884 0.900968
vn 0.000000 0.000000 1.000000
vn 0.000000 0.000000 1.000000
vn 0.000000 -0.433884 0.900969
vn 0.000000 -0.433884 0.900969
vn 0.000000 -0.781832 0.623489
vn 0.000000 -0.781832 0.623489
vn 0.000000 -0.974928 0.222521
vn 0.000000 -0.974928 0.222521
vn -0.000000 -0.974928 -0.222521
vn -0.000000 -0.974928 -0.222521
vn -0.000000 -0.781833 -0.623488
vn -0.000000 -0.781833 -0.623488
vn -0.000000 -0.433883 -0.900969
vn -0.000000 -0.433883 -0.900969
vn -0.000000 -0.000001 -1.000000
vn -0.000000 -0.000001 -1.000000
vn 0.000000 0.433883 -0.900969
vn 0.000000 0.433883 -0.900969
vn 0.000000 0.781832 -0.623489
vn 0.000000 0.781832 -0.623489
vn 0.000000 0.974928 0.222521
vn 0.000000 0.974928 0.222521
vn 0.000000 0.974928 0.222521
vn 0.000000 0.974928 0.222521
vn 0.000000 0.781832 0.623489
vn 0.000000 0.781832 0.623489
vn 0.000000 0.433884 0.900969
vn 0.000000 0.433884 0.900969
vn 0.000000 0.000000 1.000000
vn 0.000000 0.000000 1.000000
vn 0.000000 -0.433884 0.900968
vn 0.000000 -0.433884 0.900968
vn 0.000000 -0.781829 0.623492
vn 0.000000 -0.781829 0.623492
vn 0.000000 -0.974928 0.222518
vn 0.000000 -0.974928 0.222518
vn -0.000000 -0.974928 -0.222519
vn -0.000000 -0.974928 -0.222519
vn -0.000000 -0.781831 -0.623490
vn -0.000000 -0.781831 -0.623490
vn -0.000000 -0.433883 -0.900969
vn -0.000000 -0.433883 -0.900969
vn 0.000000 0.000000 -1.000000
vn 0.000000 0.000000 -1.000000
vn 0.000000 0.433884 -0.900969
vn 0.000000 0.433884 -0.900969
vn 0.000000 0.781833 -0.623488
vn 0.000000 0.781833 -0.623488
vn -1.000000 0.000001 0.000000
vn -1.000000 0.000001 0.000000
vn -1.000000 0.000001 0.000000
vn -1.000000 0.000001 0.000000
vn -1.000000 0.000000 0.000000
vn -1.000000 0.000000 0.000000
vn -1.000000 0.000001 0.000000
vn -1.000000 0.000001 0.000000
vn -1.000000 0.000000 0.000000
vn -1.000000 0.000000 0.000000
vn -1.000000 -0.000003 0.000000
vn -1.000000 -0.000003 0.000000
vn -1.000000 0.000000 0.000000
vn -1.000000 0.000000 0.000000
vn -1.000000 -0.000001 0.000000
vn -1.000000 -0.000001 0.000000
vn -1.000000 0.000000 0.000000
vn -1.000000 0.000000 0.000000
vn -1.000000 0.000001 0.000000
vn -1.000000 0.000001 0.000000
vn -1.000000 -0.000001 0.000000
vn -1.000000 -0.000001 0.000000
vn -1.000000 0.000000 0.000000
vn -1.000000 0.000000 0.000000
vn -1.000000 0.000003 0.000000
vn -1.000000 0.000003 0.000000
vn -1.000000 0.000000 0.000000
vn -1.000000 0.000000 0.000000
vn -1.000000 0.000001 0.000000
vn -1.000000 0.000001 0.000000
vn -1.000000 0.000001 0.000000
vn -1.000000 0.000001 0.000000
vn -1.000000 -0.000001 0.000000
vn -1.000000 -0.000001 0.000000
vn -1.000000 0.000001 0.000000
vn -1.000000 0.000001 0.000000
vn -1.000000 0.000000 0.000000
vn -1.000000 0.000000 0.000000
vn -1.000000 -0.000003 0.000000
vn -1.000000 -0.000003 0.000000
vn -1.000000 0.000000 0.000000
vn -1.000000 0.000000 0.000000
vn -1.000000 0.000000 0.000000
vn -1.000000 0.000000 0.000000
vn -1.000000 0.000001 0.000000
vn -1.000000 0.000001 0.000000
vn -1.000000 0.000000 0.000000
vn -1.000000 0.000000 0.000000
vn -1.000000 0.000000 0.000000
vn -1.000000 0.000000 0.000000
vn -1.000000 0.000003 0.000000
vn -1.000000 0.000003 0.000000
vn -1.000000 -0.000003 0.000000
vn -1.000000 -0.000003 0.000000
vn -1.000000 0.000000 0.000000
vn -1.000000 0.000000 0.000000
vn -1.000000 -0.000000 0.000000
vn -1.000000 -0.000000 0.000000
vn -1.000000 -0.000000 0.000000
vn -1.000000 -0.000000 0.000000
vn -1.000000 0.000001 0.000000
vn -1.000000 0.000001 0.000000
vn -1.000000 -0.000001 0.000000
vn -1.000000 -0.000001 0.000000
vn -1.000000 0.000000 0.000000
vn -1.000000 0.000000 0.000000
vn -1.000000 0.000000 0.000000
vn -1.000000 0.000000 0.000000
vn -1.000000 0.000004 0.000000
vn -1.000000 0.000004 0.000000
vn -1.000000 0.000000 0.000000
vn -1.000000 0.000000 0.000000
vn -1.000000 0.000000 0.000000
vn -1.000000 0.000000 0.000000
vn -1.000000 0.000000 0.000000
vn -1.000000 0.000000 0.000000
vn -1.000000 0.000001 0.000000
vn -1.000000 0.000001 0.000000
vn -1.000000 0.000000 0.000000
vn -1.000000 0.000000 0.000000
vn -1.000000 0.000000 0.000000
vn -1.000000 0.000000 0.000000
vn -1.000000 0.000001 0.000000
vn -1.000000 0.000001 0.000000
vn -1.000000 0.000000 0.000000
vn -1.000000 0.000000 0.000000
vn -1.000000 0.000000 0.000000
vn -1.000000 0.000000 0.000000
vn -1.000000 -0.000002 0.000000
vn -1.000000 -0.000002 0.000000
vn -1.000000 -0.000002 0.000000
vn -1.000000 -0.000002 0.000000
vn -1.000000 0.000003 0.000000
vn -1.000000 0.000003 0.000000
vn -1.000000 0.000000 0.000000
vn -1.000000 0.000000 0.000000
vn -1.000000 -0.000002 0.000000
vn -1.000000 -0.000002 0.000000
vn -1.000000 0.000002 0.000000
vn -1.000000 0.000002 0.000000
vn -1.000000 -0.000001 0.000000
vn -1.000000 -0.000001 0.000000
vn -1.000000 0.000000 0.000000
vn -1.000000 0.000000 0.000000
vn -1.000000 0.000000 0.000000
vn -1.000000 0.000000 0.000000
vn -1.000000 0.000003 0.000000
vn -1.000000 0.000003 0.000000
vn -1.000000 0.000000 0.000000
vn -1.000000 0.000000 0.000000
vn -1.000000 0.000002 0.000000
vn -1.000000 0.000002 0.000000
vn -1.000000 0.000001 0.000000
vn -1.000000 0.000001 0.000000
vn -1.000000 0.000001 0.000000
vn -1.000000 0.000001 0.000000
vn -1.000000 0.000000 0.000000
vn -1.000000 0.000000 0.000000
vn -1.000000 0.000000 0.000000
vn -1.000000 0.000000 0.000000
vn -1.000000 0.000000 0.000000
vn -1.000000 0.000000 0.000000
vn -1.000000 0.000000 0.000000
vn -1.000000 0.000000 0.000000
vn -1.000000 -0.000002 0.000000
vn -1.000000 -0.000002 0.000000
vn -1.000000 0.000002 0.000000
vn -1.000000 0.000002 0.000000
vn -1.000000 0.000000 0.000000
vn -1.000000 0.000000 0.000000
vn -1.000000 0.000000 0.000000
vn -1.000000 0.000000 0.000000
vn -1.000000 0.000000 0.000000
vn -1.000000 0.000000 0.000000
vn -1.000000 0.000000 0.000000
vn -1.000000 0.000000 0.000000
vn -1.000000 0.000000 0.000000
vn -1.000000 0.000000 0.000000
vn -1.000000 0.000003 0.000000
vn -1.000000 0.000003 0.000000
vn 0.000001 -0.974928 -0.222520
vn 0.000001 -0.974928 -0.222520
vn 0.000001 -0.974928 -0.222520
vn 0.000001 -0.974928 -0.222520
vn 0.000001 -0.781832 -0.623489
vn 0.000001 -0.781832 -0.623489
vn 0.000000 -0.433882 -0.900970
vn 0.000000 -0.433882 -0.900970
vn 0.000000 0.000000 -1.000000
vn 0.000000 0.000000 -1.000000
vn 0.000000 0.433884 -0.900969
vn 0.000000 0.433884 -0.900969
vn 0.000000 0.781831 -0.623491
vn 0.000000 0.781831 -0.623491
vn 0.000000 0.974928 -0.222521
vn 0.000000 0.974928 -0.222521
vn 0.000000 0.974928 0.222520
vn 0.000000 0.974928 0.222520
vn 0.000000 0.781831 0.623490
vn 0.000000 0.781831 0.623490
vn 0.000000 0.433884 0.900969
vn 0.000000 0.433884 0.900969
vn 0.000000 0.000003 1.000000
vn 0.000000 0.000003 1.000000
vn 0.000000 -0.433886 0.900968
vn 0.000000 -0.433886 0.900968
vn 0.000000 -0.781831 0.623490
vn 0.000000 -0.781831 0.623490
vn -0.000000 -0.974928 -0.222521
vn -0.000000 -0.974928 -0.222521
vn -0.000000 -0.974928 -0.222521
vn -0.000000 -0.974928 -0.222521
vn -0.000000 -0.781832 -0.623489
vn -0.000000 -0.781832 -0.623489
vn -0.000000 -0.433886 -0.900968
vn -0.000000 -0.433886 -0.900968
vn 0.000000 0.000000 -1.000000
vn 0.000000 0.000000 -1.000000
vn 0.000000 0.433885 -0.900968
vn 0.000000 0.433885 -0.900968
vn 0.000000 0.781832 -0.623489
vn 0.000000 0.781832 -0.623489
vn 0.000000 0.974928 -0.222522
vn 0.000000 0.974928 -0.222522
vn 0.000000 0.974927 0.222523
vn 0.000000 0.974927 0.222523
vn 0.000000 0.781832 0.623489
vn 0.000000 0.781832 0.623489
vn 0.000000 0.433883 0.900969
vn 0.000000 0.433883 0.900969
vn 0.000000 0.000000 1.000000
vn 0.000000 0.000000 1.000000
vn 0.000000 -0.433883 0.900969
vn 0.000000 -0.433883 0.900969
vn 0.000000 -0.781833 0.623488
vn 0.000000 -0.781833 0.623488
vn -0.000000 -0.974928 -0.222521
vn -0.000000 -0.974928 -0.222521
vn -0.000000 -0.974928 -0.222521
vn -0.000000 -0.974928 -0.222521
vn -0.000000 -0.781832 -0.623489
vn -0.000000 -0.781832 -0.623489
vn -0.000000 -0.433885 -0.900968
vn -0.000000 -0.433885 -0.900968
vn -0.000000 -0.000000 -1.000000
vn -0.000000 -0.000000 -1.000000
vn 0.000000 0.433885 -0.900968
vn 0.000000 0.433885 -0.900968
vn 0.000000 0.781832 -0.623490
vn 0.000000 0.781832 -0.623490
vn 0.000000 0.974928 -0.222521
vn 0.000000 0.974928 -0.222521
vn 0.000000 0.974928 0.222521
vn 0.000000 0.974928 0.222521
vn 0.000000 0.781832 0.623489
vn 0.000000 0.781832 0.623489
vn 0.000000 0.433882 0.900969
vn 0.000000 0.433882 0.900969
vn 0.000000 0.000001 1.000000
vn 0.000000 0.000001 1.000000
vn 0.000000 -0.433884 0.900969
vn 0.000000 -0.433884 0.900969
vn 0.000000 -0.781831 0.623490
vn 0.000000 -0.781831 0.623490
vn -0.000000 -0.974928 -0.222520
vn -0.000000 -0.974928 -0.222520
vn -0.000000 -0.974928 -0.222520
vn -0.000000 -0.974928 -0.222520
vn -0.000000 -0.781831 -0.623490
vn -0.000000 -0.781831 -0.623490
vn -0.000000 -0.433882 -0.900970
vn -0.000000 -0.433882 -0.900970
vn -0.000000 -0.000001 -1.000000
vn -0.000000 -0.000001 -1.000000
vn 0.000000 0.433884 -0.900968
vn 0.000000 0.433884 -0.900968
vn 0.000000 0.781835 -0.623486
vn 0.000000 0.781835 -0.623486
vn 0.000000 0.974927 -0.222523
vn 0.000000 0.974927 -0.222523
vn 0.000000 0.974928 0.222522
vn 0.000000 0.974928 0.222522
vn 0.000000 0.781831 0.623490
vn 0.000000 0.781831 0.623490
vn 0.000000 0.433884 0.900968
vn 0.000000 0.433884 0.900968
vn 0.000000 0.000000 1.000000
vn 0.000000 0.000000 1.000000
vn 0.000000 -0.433882 0.900970
vn 0.000000 -0.433882 0.900970
vn 0.000000 -0.781832 0.623489
vn 0.000000 -0.781832 0.623489
vn -0.000000 -0.974929 -0.222517
vn -0.000000 -0.974929 -0.222517
vn -0.000000 -0.974929 -0.222517
vn -0.000000 -0.974929 -0.222517
vn -0.000000 -0.781828 -0.623493
vn -0.000000 -0.781828 -0.623493
vn -0.000000 -0.433887 -0.900967
vn -0.000000 -0.433887 -0.900967
vn 0.000000 0.000000 -1.000000
vn 0.000000 0.000000 -1.000000
vn 0.000000 0.433887 -0.900967
vn 0.000000 0.433887 -0.900967
vn 0.000000 0.781827 -0.623495
vn 0.000000 0.781827 -0.623495
vn 0.000000 0.974928 -0.222519
vn 0.000000 0.974928 -0.222519
vn 0.000000 0.974928 0.222520
vn 0.000000 0.974928 0.222520
vn 0.000000 0.781831 0.623490
vn 0.000000 0.781831 0.623490
vn 0.000000 0.433885 0.900968
vn 0.000000 0.433885 0.900968
vn 0.000000 0.000000 1.000000
vn 0.000000 0.000000 1.000000
vn 0.000000 -0.433886 0.900968
vn 0.000000 -0.433886 0.900968
vn 0.000000 -0.781832 0.623489
vn 0.000000 -0.781832 0.623489
vn -0.000000 -0.974928 -0.222522
vn -0.000000 -0.974928 -0.222522
vn -0.000000 -0.974928 -0.222522
vn -0.000000 -0.974928 -0.222522
vn -0.000000 -0.781832 -0.623489
vn -0.000000 -0.781832 -0.623489
vn -0.000000 -0.433884 -0.900969
vn -0.000000 -0.433884 -0.900969
vn 0.000000 0.000000 -1.000000
vn 0.000000 0.000000 -1.000000
vn 0.000000 0.433884 -0.900969
vn 0.000000 0.433884 -0.900969
vn 0.000000 0.781832 -0.623490
vn 0.000000 0.781832 -0.623490
vn 0.000000 0.974928 -0.222521
vn 0.000000 0.974928 -0.222521
vn 0.000000 0.974928 0.222522
vn 0.000000 0.974928 0.222522
vn 0.000000 0.781832 0.623489
vn 0.000000 0.781832 0.623489
vn 0.000000 0.433884 0.900969
vn 0.000000 0.433884 0.900969
vn 0.000000 0.000000 1.000000
vn 0.000000 0.000000 1.000000
vn 0.000000 -0.433884 0.900969
vn 0.000000 -0.433884 0.900969
vn 0.000000 -0.781832 0.623490
vn 0.000000 -0.781832 0.623490
vn -1.000000 0.000000 0.000000
vn -1.000000 0.000000 0.000000
vn -1.000000 0.000000 0.000000
vn -1.000000 0.000000 0.000000
vn -1.000000 -0.000001 0.000000
vn -1.000000 -0.000001 0.000000
vn -1.000000 0.000002 0.000000
vn -1.000000 0.000002 0.000000
vn -1.000000 0.000000 0.000000
vn -1.000000 0.000000 0.000000
vn -1.000000 -0.000002 0.000000
vn -1.000000 -0.000002 0.000000
vn -1.000000 0.000000 0.000000
vn -1.000000 0.000000 0.000000
vn -1.000000 -0.000001 0.000000
vn -1.000000 -0.000001 0.000000
vn -1.000000 0.000002 0.000000
vn -1.000000 0.000002 0.000000
vn -1.000000 0.000001 0.000000
vn -1.000000 0.000001 0.000000
vn -1.000000 -0.000002 0.000000
vn -1.000000 -0.000002 0.000000
vn -1.000000 0.000000 0.000000
vn -1.000000 0.000000 0.000000
vn -1.000000 0.000002 0.000000
vn -1.000000 0.000002 0.000000
vn -1.000000 -0.000002 0.000000
vn -1.000000 -0.000002 0.000000
vn -0.000000 -0.974928 -0.222520
vn -0.000000 -0.974928 -0.222520
vn -0.000000 -0.974928 -0.222520
vn -0.000000 -0.974928 -0.222520
vn -0.000000 -0.781830 -0.623491
vn -0.000000 -0.781830 -0.623491
vn -0.000000 -0.433884 -0.900968
vn -0.000000 -0.433884 -0.900968
vn 0.000000 0.000000 -1.000000
vn 0.000000 0.000000 -1.000000
vn 0.000000 0.433884 -0.900969
vn 0.000000 0.433884 -0.900969
vn 0.000000 0.781830 -0.623491
vn 0.000000 0.781830 -0.623491
vn 0.000000 0.974928 -0.222522
vn 0.000000 0.974928 -0.222522
vn 0.000000 0.974927 0.222523
vn 0.000000 0.974927 0.222523
vn 0.000000 0.781831 0.623490
vn 0.000000 0.781831 0.623490
vn 0.000000 0.433884 0.900968
vn 0.000000 0.433884 0.900968
vn 0.000000 0.000000 1.000000
vn 0.000000 0.000000 1.000000
vn 0.000000 -0.433883 0.900969
vn 0.000000 -0.433883 0.900969
vn 0.000000 -0.781832 0.623489
vn 0.000000 -0.781832 0.623489
vn -0.000000 -0.974928 -0.222520
vn -0.000000 -0.974928 -0.222520
vn -0.000000 -0.974928 -0.222520
vn -0.000000 -0.974928 -0.222520
vn -0.000000 -0.781832 -0.623489
vn -0.000000 -0.781832 -0.623489
vn -0.000000 -0.433883 -0.900969
vn -0.000000 -0.433883 -0.900969
vn 0.000000 0.000000 -1.000000
vn 0.000000 0.000000 -1.000000
vn 0.000000 0.433882 -0.900969
vn 0.000000 0.433882 -0.900969
vn 0.000000 0.781833 -0.623487
vn 0.000000 0.781833 -0.623487
vn 0.000000 0.974927 -0.222523
vn 0.000000 0.974927 -0.222523
vn 0.000000 0.974927 0.222522
vn 0.000000 0.974927 0.222522
vn 0.000000 0.781831 0.623490
vn 0.000000 0.781831 0.623490
vn 0.000000 0.433885 0.900968
vn 0.000000 0.433885 0.900968
vn 0.000000 0.000000 1.000000
vn 0.000000 0.000000 1.000000
vn 0.000000 -0.433883 0.900969
vn 0.000000 -0.433883 0.900969
vn 0.000000 -0.781832 0.623489
vn 0.000000 -0.781832 0.623489
vn -1.000000 0.000000 0.000000
vn -1.000000 0.000000 0.000000
vn -1.000000 0.000000 0.000000
vn -1.000000 0.000000 0.000000
vn -1.000000 0.000001 0.000000
vn -1.000000 0.000001 0.000000
vn -1.000000 0.000000 0.000000
vn -1.000000 0.000000 0.000000
vn -1.000000 0.000000 0.000000
vn -1.000000 0.000000 0.000000
vn -1.000000 0.000000 0.000000
vn -1.000000 0.000000 0.000000
vn -1.000000 0.000000 0.000000
vn -1.000000 0.000000 0.000000
vn -1.000000 0.000000 0.000000
vn -1.000000 0.000000 0.000000
vn -1.000000 0.000003 0.000000
vn -1.000000 0.000003 0.000000
vn -1.000000 0.000001 0.000000
vn -1.000000 0.000001 0.000000
vn -1.000000 -0.000001 0.000000
vn -1.000000 -0.000001 0.000000
vn -1.000000 0.000000 0.000000
vn -1.000000 0.000000 0.000000
vn -1.000000 0.000000 0.000000
vn -1.000000 0.000000 0.000000
vn -1.000000 0.000001 0.000000
vn -1.000000 0.000001 0.000000
vn -0.000000 -0.974928 -0.222520
vn -0.000000 -0.974928 -0.222520
vn -0.000000 -0.974928 -0.222520
vn -0.000000 -0.974928 -0.222520
vn -0.000000 -0.781833 -0.623488
vn -0.000000 -0.781833 -0.623488
vn -0.000000 -0.433882 -0.900970
vn -0.000000 -0.433882 -0.900970
vn 0.000000 0.000000 -1.000000
vn 0.000000 0.000000 -1.000000
vn 0.000000 0.433883 -0.900969
vn 0.000000 0.433883 -0.900969
vn 0.000000 0.781833 -0.623487
vn 0.000000 0.781833 -0.623487
vn 0.000000 0.974928 -0.222522
vn 0.000000 0.974928 -0.222522
vn 0.000000 0.974927 0.222522
vn 0.000000 0.974927 0.222522
vn 0.000000 0.781832 0.623489
vn 0.000000 0.781832 0.623489
vn 0.000000 0.433885 0.900968
vn 0.000000 0.433885 0.900968
vn 0.000000 0.000000 1.000000
vn 0.000000 0.000000 1.000000
vn 0.000000 -0.433881 0.900970
vn 0.000000 -0.433881 0.900970
vn 0.000000 -0.781832 0.623489
vn 0.000000 -0.781832 0.623489
f 11/11/11 12/12/12 1/1/1
f 1/1/1 2/2/2 3/3/3
f 4/4/4 5/5/5 6/6/6
f 8/8/8 9/9/9 10/10/10
f 11/11/11 1/1/1 3/3/3
f 4/4/4 6/6/6 7/7/7
f 8/8/8 10/10/10 11/11/11
f 3/3/3 4/4/4 7/7/7
f 7/7/7 8/8/8 11/11/11
f 11/11/11 3/3/3 7/7/7
f 23/23/23 24/24/24 13/13/13
f 13/13/13 14/14/14 15/15/15
f 15/15/15 16/16/16 17/17/17
f 19/19/19 20/20/20 21/21/21
f 22/22/22 23/23/23 13/13/13
f 13/13/13 15/15/15 17/17/17
f 19/19/19 21/21/21 22/22/22
f 13/13/13 17/17/17 18/18/18
f 19/19/19 22/22/22 13/13/13
f 13/13/13 18/18/18 19/19/19
f 25/25/25 26/26/26 27/27/27
f 25/25/25 27/27/27 28/28/28
f 29/29/29 30/30/30 31/31/31
f 29/29/29 31/31/31 32/32/32
f 33/33/33 34/34/34 35/35/35
f 33/33/33 35/35/35 36/36/36
f 37/37/37 38/38/38 39/39/39
f 37/37/37 39/39/39 40/40/40
f 41/41/41 42/42/42 43/43/43
f 41/41/41 43/43/43 44/44/44
f 45/45/45 46/46/46 47/47/47
f 45/45/45 47/47/47 48/48/48
f 49/49/49 50/50/50 51/51/51
f 49/49/49 51/51/51 52/52/52
f 53/53/53 54/54/54 55/55/55
f 53/53/53 55/55/55 56/56/56
f 57/57/57 58/58/58 59/59/59
f 57/57/57 59/59/59 60/60/60
f 61/61/61 62/62/62 63/63/63
f 61/61/61 63/63/63 64/64/64
f 65/65/65 66/66/66 67/67/67
f 65/65/65 67/67/67 68/68/68
f 69/69/69 70/70/70 71/71/71
f 69/69/69 71/71/71 72/72/72
f 73/73/73 74/74/74 75/75/75
f 73/73/73 75/75/75 76/76/76
f 76/76/76 75/75/75 77/77/77
f 76/76/76 77/77/77 78/78/78
f 78/78/78 77/77/77 79/79/79
f 78/78/78 79/79/79 80/80/80
f 80/80/80 79/79/79 81/81/81
f 80/80/80 81/81/81 82/82/82
f 82/82/82 81/81/81 83/83/83
f 82/82/82 83/83/83 84/84/84
f 84/84/84 83/83/83 85/85/85
f 84/84/84 85/85/85 86/86/86
f 86/86/86 85/85/85 87/87/87
f 86/86/86 87/87/87 88/88/88
f 88/88/88 87/87/87 89/89/89
f 88/88/88 89/89/89 90/90/90
f 90/90/90 89/89/89 91/91/91
f 90/90/90 91/91/91 92/92/92
f 92/92/92 91/91/91 93/93/93
f 92/92/92 93/93/93 94/94/94
f 94/94/94 93/93/93 95/95/95
f 94/94/94 95/95/95 96/96/96
f 96/96/96 95/95/95 97/97/97
f 96/96/96 97/97/97 98/98/98
f 98/98/98 97/97/97 99/99/99
f 98/98/98 99/99/99 100/100/100
f 101/101/101 102/102/102 74/74/74
f 101/101/101 74/74/74 73/73/73
f 115/115/115 116/116/116 103/103/103
f 103/103/103 104/104/104 105/105/105
f 105/105/105 106/106/106 107/107/107
f 107/107/107 108/108/108 109/109/109
f 109/109/109 110/110/110 111/111/111
f 111/111/111 112/112/112 113/113/113
f 113/113/113 114/114/114 115/115/115
f 115/115/115 103/103/103 105/105/105
f 105/105/105 107/107/107 109/109/109
f 109/109/109 111/111/111 113/113/113
f 113/113/113 115/115/115 105/105/105
f 105/105/105 109/109/109 113/113/113
f 117/117/117 118/118/118 119/119/119
f 117/117/117 119/119/119 120/120/120
f 120/120/120 119/119/119 121/121/121
f 120/120/120 121/121/121 122/122/122
f 122/122/122 121/121/121 123/123/123
f 122/122/122 123/123/123 124/124/124
f 124/124/124 123/123/123 125/125/125
f 124/124/124 125/125/125 126/126/126
f 126/126/126 125/125/125 127/127/127
f 126/126/126 127/127/127 128/128/128
f 128/128/128 127/127/127 129/129/129
f 128/128/128 129/129/129 130/130/130
f 130/130/130 129/129/129 131/131/131
f 130/130/130 131/131/131 132/132/132
f 132/132/132 131/131/131 133/133/133
f 132/132/132 133/133/133 134/134/134
f 134/134/134 133/133/133 135/135/135
f 134/134/134 135/135/135 136/136/136
f 136/136/136 135/135/135 137/137/137
f 136/136/136 137/137/137 138/138/138
f 138/138/138 137/137/137 139/139/139
f 138/138/138 139/139/139 140/140/140
f 140/140/140 139/139/139 141/141/141
f 140/140/140 141/141/141 142/142/142
f 142/142/142 141/141/141 143/143/143
f 142/142/142 143/143/143 144/144/144
f 145/145/145 146/146/146 118/118/118
f 145/145/145 118/118/118 117/117/117
f 159/159/159 160/160/160 147/147/147
f 147/147/147 148/148/148 149/149/149
f 149/149/149 150/150/150 151/151/151
f 151/151/151 152/152/152 153/153/153
f 153/153/153 154/154/154 155/155/155
f 155/155/155 156/156/156 157/157/157
f 157/157/157 158/158/158 159/159/159
f 159/159/159 147/147/147 149/149/149
f 149/149/149 151/151/151 153/153/153
f 153/153/153 155/155/155 157/157/157
f 157/157/157 159/159/159 149/149/149
f 149/149/149 153/153/153 157/157/157
f 161/161/161 162/162/162 163/163/163
f 161/161/161 163/163/163 164/164/164
f 164/164/164 163/163/163 165/165/165
f 164/164/164 165/165/165 166/166/166
f 166/166/166 165/165/165 167/167/167
f 166/166/166 167/167/167 168/168/168
f 168/168/168 167/167/167 169/169/169
f 168/168/168 169/169/169 170/170/170
f 170/170/170 169/169/169 171/171/171
f 170/170/170 171/171/171 172/172/172
f 172/172/172 171/171/171 173/173/173
f 172/172/172 173/173/173 174/174/174
f 174/174/174 173/173/173 175/175/175
f 174/174/174 175/175/175 176/176/176
f 176/176/176 175/175/175 177/177/177
f 176/176/176 177/177/177 178/178/178
f 178/178/178 177/177/177 179/179/179
f 178/178/178 179/179/179 180/180/180
f 180/180/180 179/179/179 181/181/181
f 180/180/180 181/181/181 182/182/182
f 182/182/182 181/181/181 183/183/183
f 182/182/182 183/183/183 184/184/184
f 184/184/184 183/183/183 185/185/185
f 184/184/184 185/185/185 186/186/186
f 186/186/186 185/185/185 187/187/187
f 186/186/186 187/187/187 188/188/188
f 189/189/189 190/190/190 162/162/162
f 189/189/189 162/162/162 161/161/161
f 203/203/203 204/204/204 191/191/191
f 191/191/191 192/192/192 193/193/193
f 193/193/193 194/194/194 195/195/195
f 195/195/195 196/196/196 197/197/197
f 197/197/197 198/198/198 199/199/199
f 199/199/199 200/200/200 201/201/201
f 201/201/201 202/202/202 203/203/203
f 203/203/203 191/191/191 193/193/193
f 193/193/193 195/195/195 197/197/197
f 197/197/197 199/199/199 201/201/201
f 201/201/201 203/203/203 193/193/193
f 193/193/193 197/197/197 201/201/201
f 205/205/205 206/206/206 207/207/207
f 205/205/205 207/207/207 208/208/208
f 208/208/208 207/207/207 209/209/209
f 208/208/208 209/209/209 210/210/210
f 210/210/210 209/209/209 211/211/211
f 210/210/210 211/211/211 212/212/212
f 212/212/212 211/211/211 213/213/213
f 212/212/212 213/213/213 214/214/214
f 214/214/214 213/213/213 215/215/215
f 214/214/214 215/215/215 216/216/216
f 216/216/216 215/215/215 217/217/217
f 216/216/216 217/217/217 218/218/218
f 218/218/218 217/217/217 219/219/219
f 218/218/218 219/219/219 220/220/220
f 220/220/220 219/219/219 221/221/221
f 220/220/220 221/221/221 222/222/222
f 222/222/222 221/221/221 223/223/223
f 222/222/222 223/223/223 224/224/224
f 224/224/224 223/223/223 225/225/225
f 224/224/224 225/225/225 226/226/226
f 226/226/226 225/225/225 227/227/227
f 226/226/226 227/227/227 228/228/228
f 228/228/228 227/227/227 229/229/229
f 228/228/228 229/229/229 230/230/230
f 230/230/230 229/229/229 231/231/231
f 230/230/230 231/231/231 232/232/232
f 233/233/233 234/234/234 206/206/206
f 233/233/233 206/206/206 205/205/205
f 247/247/247 248/248/248 235/235/235
f 235/235/235 236/236/236 237/237/237
f 237/237/237 238/238/238 239/239/239
f 239/239/239 240/240/240 241/241/241
f 241/241/241 242/242/242 243/243/243
f 243/243/243 244/244/244 245/245/245
f 245/245/245 246/246/246 247/247/247
f 247/247/247 235/235/235 237/237/237
f 237/237/237 239/239/239 241/241/241
f 241/241/241 243/243/243 245/245/245
f 245/245/245 247/247/247 237/237/237
f 237/237/237 241/241/241 245/245/245
f 249/249/249 250/250/250 251/251/251
f 249/249/249 251/251/251 252/252/252
f 252/252/252 251/251/251 253/253/253
f 252/252/252 253/253/253 254/254/254
f 254/254/254 253/253/253 255/255/255
f 254/254/254 255/255/255 256/256/256
f 256/256/256 255/255/255 257/257/257
f 256/256/256 257/257/257 258/258/258
f 258/258/258 257/257/257 259/259/259
f 258/258/258 259/259/259 260/260/260
f 260/260/260 259/259/259 261/261/261
f 260/260/260 261/261/261 262/262/262
f 262/262/262 261/261/261 263/263/263
f 262/262/262 263/263/263 264/264/264
f 264/264/264 263/263/263 265/265/265
f 264/264/264 265/265/265 266/266/266
f 266/266/266 265/265/265 267/267/267
f 266/266/266 267/267/267 268/268/268
f 268/268/268 267/267/267 269/269/269
f 268/268/268 269/269/269 270/270/270
f 270/270/270 269/269/269 271/271/271
f 270/270/270 271/271/271 272/272/272
f 272/272/272 271/271/271 273/273/273
f 272/272/272 273/273/273 274/274/274
f 274/274/274 273/273/273 275/275/275
f 274/274/274 275/275/275 276/276/276
f 277/277/277 278/278/278 250/250/250
f 277/277/277 250/250/250 249/249/249
f 291/291/291 292/292/292 279/279/279
f 279/279/279 280/280/280 281/281/281
f 281/281/281 282/282/282 283/283/283
f 283/283/283 284/284/284 285/285/285
f 285/285/285 286/286/286 287/287/287
f 287/287/287 288/288/288 289/289/289
f 289/289/289 290/290/290 291/291/291
f 291/291/291 279/279/279 281/281/281
f 281/281/281 283/283/283 285/285/285
f 285/285/285 287/287/287 289/289/289
f 289/289/289 291/291/291 281/281/281
f 281/281/281 285/285/285 289/289/289
f 293/293/293 294/294/294 295/295/295
f 293/293/293 295/295/295 296/296/296
f 296/296/296 295/295/295 297/297/297
f 296/296/296 297/297/297 298/298/298
f 298/298/298 297/297/297 299/299/299
f 298/298/298 299/299/299 300/300/300
f 300/300/300 299/299/299 301/301/301
f 300/300/300 301/301/301 302/302/302
f 302/302/302 301/301/301 303/303/303
f 302/302/302 303/303/303 304/304/304
f 304/304/304 303/303/303 305/305/305
f 304/304/304 305/305/305 306/306/306
f 306/306/306 305/305/305 307/307/307
f 306/306/306 307/307/307 308/308/308
f 308/308/308 307/307/307 309/309/309
f 308/308/308 309/309/309 310/310/310
f 310/310/310 309/309/309 311/311/311
f 310/310/310 311/311/311 312/312/312
f 312/312/312 311/311/311 313/313/313
f 312/312/312 313/313/313 314/314/314
f 314/314/314 313/313/313 315/315/315
f 314/314/314 315/315/315 316/316/316
f 316/316/316 315/315/315 317/317/317
f 316/316/316 317/317/317 318/318/318
f 318/318/318 317/317/317 319/319/319
f 318/318/318 319/319/319 320/320/320
f 321/321/321 322/322/322 294/294/294
f 321/321/321 294/294/294 293/293/293
f 335/335/335 336/336/336 323/323/323
f 323/323/323 324/324/324 325/325/325
f 325/325/325 326/326/326 327/327/327
f 327/327/327 328/328/328 329/329/329
f 329/329/329 330/330/330 331/331/331
f 331/331/331 332/332/332 333/333/333
f 333/333/333 334/334/334 335/335/335
f 335/335/335 323/323/323 325/325/325
f 325/325/325 327/327/327 329/329/329
f 329/329/329 331/331/331 333/333/333
f 333/333/333 335/335/335 325/325/325
f 325/325/325 329/329/329 333/333/333
f 337/337/337 338/338/338 339/339/339
f 337/337/337 339/339/339 340/340/340
f 340/340/340 339/339/339 341/341/341
f 340/340/340 341/341/341 342/342/342
f 342/342/342 341/341/341 343/343/343
f 342/342/342 343/343/343 344/344/344
f 344/344/344 343/343/343 345/345/345
f 344/344/344 345/345/345 346/346/346
f 346/346/346 345/345/345 347/347/347
f 346/346/346 347/347/347 348/348/348
f 348/348/348 347/347/347 349/349/349
f 348/348/348 349/349/349 350/350/350
f 350/350/350 349/349/349 351/351/351
f 350/350/350 351/351/351 352/352/352
f 352/352/352 351/351/351 353/353/353
f 352/352/352 353/353/353 354/354/354
f 354/354/354 353/353/353 355/355/355
f 354/354/354 355/355/355 356/356/356
f 356/356/356 355/355/355 357/357/357
f 356/356/356 357/357/357 358/358/358
f 358/358/358 357/357/357 359/359/359
f 358/358/358 359/359/359 360/360/360
f 360/360/360 359/359/359 361/361/361
f 360/360/360 361/361/361 362/362/362
f 362/362/362 361/361/361 363/363/363
f 362/362/362 363/363/363 364/364/364
f 365/365/365 366/366/366 338/338/338
f 365/365/365 338/338/338 337/337/337
f 379/379/379 380/380/380 367/367/367
f 367/367/367 368/368/368 369/369/369
f 369/369/369 370/370/370 371/371/371
f 371/371/371 372/372/372 373/373/373
f 373/373/373 374/374/374 375/375/375
f 375/375/375 376/376/376 377/377/377
f 377/377/377 378/378/378 379/379/379
f 379/379/379 367/367/367 369/369/369
f 369/369/369 371/371/371 373/373/373
f 373/373/373 375/375/375 377/377/377
f 377/377/377 379/379/379 369/369/369
f 369/369/369 373/373/373 377/377/377
f 381/381/381 382/382/382 383/383/383
f 381/381/381 383/383/383 384/384/384
f 384/384/384 383/383/383 385/385/385
f 384/384/384 385/385/385 386/386/386
f 386/386/386 385/385/385 387/387/387
f 386/386/386 387/387/387 388/388/388
f 388/388/388 387/387/387 389/389/389
f 388/388/388 389/389/389 390/390/390
f 390/390/390 389/389/389 391/391/391
f 390/390/390 391/391/391 392/392/392
f 392/392/392 391/391/391 393/393/393
f 392/392/392 393/393/393 394/394/394
f 394/394/394 393/393/393 395/395/395
f 394/394/394 395/395/395 396/396/396
f 396/396/396 395/395/395 397/397/397
f 396/396/396 397/397/397 398/398/398
f 398/398/398 397/397/397 399/399/399
f 398/398/398 399/399/399 400/400/400
f 400/400/400 399/399/399 401/401/401
f 400/400/400 401/401/401 402/402/402
f 402/402/402 401/401/401 403/403/403
f 402/402/402 403/403/403 404/404/404
f 404/404/404 403/403/403 405/405/405
f 404/404/404 405/405/405 406/406/406
f 406/406/406 405/405/405 407/407/407
f 406/406/406 407/407/407 408/408/408
f 408/408/408 407/407/407 382/382/382
f 408/408/408 382/382/382 381/381/381
f 409/409/409 410/410/410 411/411/411
f 409/409/409 411/411/411 412/412/412
f 412/412/412 411/411/411 413/413/413
f 412/412/412 413/413/413 414/414/414
f 414/414/414 413/413/413 415/415/415
f 414/414/414 415/415/415 416/416/416
f 416/416/416 415/415/415 417/417/417
f 416/416/416 417/417/417 418/418/418
f 418/418/418 417/417/417 419/419/419
f 418/418/418 419/419/419 420/420/420
f 420/420/420 419/419/419 421/421/421
f 420/420/420 421/421/421 422/422/422
f 422/422/422 421/421/421 423/423/423
f 422/422/422 423/423/423 424/424/424
f 424/424/424 423/423/423 425/425/425
f 424/424/424 425/425/425 426/426/426
f 426/426/426 425/425/425 427/427/427
f 426/426/426 427/427/427 428/428/428
f 428/428/428 427/427/427 429/429/429
f 428/428/428 429/429/429 430/430/430
f 430/430/430 429/429/429 431/431/431
f 430/430/430 431/431/431 432/432/432
f 432/432/432 431/431/431 433/433/433
f 432/432/432 433/433/433 434/434/434
f 434/434/434 433/433/433 435/435/435
f 434/434/434 435/435/435 436/436/436
f 436/436/436 435/435/435 410/410/410
f 436/436/436 410/410/410 409/409/409
f 437/437/437 438/438/438 439/439/439
f 437/437/437 439/439/439 440/440/440
f 440/440/440 439/439/439 441/441/441
f 440/440/440 441/441/441 442/442/442
f 442/442/442 441/441/441 443/443/443
f 442/442/442 443/443/443 444/444/444
f 444/444/444 443/443/443 445/445/445
f 444/444/444 445/445/445 446/446/446
f 446/446/446 445/445/445 447/447/447
f 446/446/446 447/447/447 448/448/448
f 448/448/448 447/447/447 449/449/449
f 448/448/448 449/449/449 450/450/450
f 450/450/450 449/449/449 451/451/451
f 450/450/450 451/451/451 452/452/452
f 452/452/452 451/451/451 453/453/453
f 452/452/452 453/453/453 454/454/454
f 454/454/454 453/453/453 455/455/455
f 454/454/454 455/455/455 456/456/456
f 456/456/456 455/455/455 457/457/457
f 456/456/456 457/457/457 458/458/458
f 458/458/458 457/457/457 459/459/459
f 458/458/458 459/459/459 460/460/460
f 460/460/460 459/459/459 461/461/461
f 460/460/460 461/461/461 462/462/462
f 462/462/462 461/461/461 463/463/463
f 462/462/462 463/463/463 464/464/464
f 464/464/464 463/463/463 438/438/438
f 464/464/464 438/438/438 437/437/437
f 465/465/465 466/466/466 467/467/467
f 465/465/465 467/467/467 468/468/468
f 468/468/468 467/467/467 469/469/469
f 468/468/468 469/469/469 470/470/470
f 470/470/470 469/469/469 471/471/471
f 470/470/470 471/471/471 472/472/472
f 472/472/472 471/471/471 473/473/473
f 472/472/472 473/473/473 474/474/474
f 474/474/474 473/473/473 475/475/475
f 474/474/474 475/475/475 476/476/476
f 476/476/476 475/475/475 477/477/477
f 476/476/476 477/477/477 478/478/478
f 478/478/478 477/477/477 479/479/479
f 478/478/478 479/479/479 480/480/480
f 480/480/480 479/479/479 481/481/481
f 480/480/480 481/481/481 482/482/482
f 482/482/482 481/481/481 483/483/483
f 482/482/482 483/483/483 484/484/484
f 484/484/484 483/483/483 485/485/485
f 484/484/484 485/485/485 486/486/486
f 486/486/486 485/485/485 487/487/487
f 486/486/486 487/487/487 488/488/488
f 488/488/488 487/487/487 489/489/489
f 488/488/488 489/489/489 490/490/490
f 490/490/490 489/489/489 491/491/491
f 490/490/490 491/491/491 492/492/492
f 492/492/492 491/491/491 466/466/466
f 492/492/492 466/466/466 465/465/465
f 493/493/493 494/494/494 495/495/495
f 493/493/493 495/495/495 496/496/496
f 496/496/496 495/495/495 497/497/497
f 496/496/496 497/497/497 498/498/498
f 498/498/498 497/497/497 499/499/499
f 498/498/498 499/499/499 500/500/500
f 500/500/500 499/499/499 501/501/501
f 500/500/500 501/501/501 502/502/502
f 502/502/502 501/501/501 503/503/503
f 502/502/502 503/503/503 504/504/504
f 504/504/504 503/503/503 505/505/505
f 504/504/504 505/505/505 506/506/506
f 506/506/506 505/505/505 507/507/507
f 506/506/506 507/507/507 508/508/508
f 508/508/508 507/507/507 509/509/509
f 508/508/508 509/509/509 510/510/510
f 510/510/510 509/509/509 511/511/511
f 510/510/510 511/511/511 512/512/512
f 512/512/512 511/511/511 513/513/513
f 512/512/512 513/513/513 514/514/514
f 514/514/514 513/513/513 515/515/515
f 514/514/514 515/515/515 516/516/516
f 516/516/516 515/515/515 517/517/517
f 516/516/516 517/517/517 518/518/518
f 518/518/518 517/517/517 519/519/519
f 518/518/518 519/519/519 520/520/520
f 520/520/520 519/519/519 494/494/494
f 520/520/520 494/494/494 493/493/493
f 521/521/521 522/522/522 523/523/523
f 521/521/521 523/523/523 524/524/524
f 524/524/524 523/523/523 525/525/525
f 524/524/524 525/525/525 526/526/526
f 526/526/526 525/525/525 527/527/527
f 526/526/526 527/527/527 528/528/528
f 528/528/528 527/527/527 529/529/529
f 528/528/528 529/529/529 530/530/530
f 530/530/530 529/529/529 531/531/531
f 530/530/530 531/531/531 532/532/532
f 532/532/532 531/531/531 533/533/533
f 532/532/532 533/533/533 534/534/534
f 534/534/534 533/533/533 535/535/535
f 534/534/534 535/535/535 536/536/536
f 536/536/536 535/535/535 537/537/537
f 536/536/536 537/537/537 538/538/538
f 538/538/538 537/537/537 539/539/539
f 538/538/538 539/539/539 540/540/540
f 540/540/540 539/539/539 541/541/541
f 540/540/540 541/541/541 542/542/542
f 542/542/542 541/541/541 543/543/543
f 542/542/542 543/543/543 544/544/544
f 544/544/544 543/543/543 545/545/545
f 544/544/544 545/545/545 546/546/546
f 546/546/546 545/545/545 547/547/547
f 546/546/546 547/547/547 548/548/548
f 548/548/548 547/547/547 522/522/522
f 548/548/548 522/522/522 521/521/521
f 549/549/549 550/550/550 551/551/551
f 549/549/549 551/551/551 552/552/552
f 552/552/552 551/551/551 553/553/553
f 552/552/552 553/553/553 554/554/554
f 554/554/554 553/553/553 555/555/555
f 554/554/554 555/555/555 556/556/556
f 556/556/556 555/555/555 557/557/557
f 556/556/556 557/557/557 558/558/558
f 558/558/558 557/557/557 559/559/559
f 558/558/558 559/559/559 560/560/560
f 560/560/560 559/559/559 561/561/561
f 560/560/560 561/561/561 562/562/562
f 562/562/562 561/561/561 563/563/563
f 562/562/562 563/563/563 564/564/564
f 564/564/564 563/563/563 565/565/565
f 564/564/564 565/565/565 566/566/566
f 566/566/566 565/565/565 567/567/567
f 566/566/566 567/567/567 568/568/568
f 568/568/568 567/567/567 569/569/569
f 568/568/568 569/569/569 570/570/570
f 570/570/570 569/569/569 571/571/571
f 570/570/570 571/571/571 572/572/572
f 572/572/572 571/571/571 573/573/573
f 572/572/572 573/573/573 574/574/574
f 574/574/574 573/573/573 575/575/575
f 574/574/574 575/575/575 576/576/576
f 576/576/576 575/575/575 550/550/550
f 576/576/576 550/550/550 549/549/549
f 577/577/577 578/578/578 579/579/579
f 577/577/577 579/579/579 580/580/580
f 580/580/580 579/579/579 581/581/581
f 580/580/580 581/581/581 582/582/582
f 582/582/582 581/581/581 583/583/583
f 582/582/582 583/583/583 584/584/584
f 584/584/584 583/583/583 585/585/585
f 584/584/584 585/585/585 586/586/586
f 586/586/586 585/585/585 587/587/587
f 586/586/586 587/587/587 588/588/588
f 588/588/588 587/587/587 589/589/589
f 588/588/588 589/589/589 590/590/590
f 590/590/590 589/589/589 591/591/591
f 590/590/590 591/591/591 592/592/592
f 592/592/592 591/591/591 593/593/593
f 592/592/592 593/593/593 594/594/594
f 594/594/594 593/593/593 595/595/595
f 594/594/594 595/595/595 596/596/596
f 596/596/596 595/595/595 597/597/597
f 596/596/596 597/597/597 598/598/598
f 598/598/598 597/597/597 599/599/599
f 598/598/598 599/599/599 600/600/600
f 600/600/600 599/599/599 601/601/601
f 600/600/600 601/601/601 602/602/602
f 602/602/602 601/601/601 603/603/603
f 602/602/602 603/603/603 604/604/604
f 604/604/604 603/603/603 578/578/578
f 604/604/604 578/578/578 577/577/577
f 605/605/605 606/606/606 607/607/607
f 605/605/605 607/607/607 608/608/608
f 608/608/608 607/607/607 609/609/609
f 608/608/608 609/609/609 610/610/610
f 610/610/610 609/609/609 611/611/611
f 610/610/610 611/611/611 612/612/612
f 612/612/612 611/611/611 613/613/613
f 612/612/612 613/613/613 614/614/614
f 614/614/614 613/613/613 615/615/615
f 614/614/614 615/615/615 616/616/616
f 616/616/616 615/615/615 617/617/617
f 616/616/616 617/617/617 618/618/618
f 618/618/618 617/617/617 619/619/619
f 618/618/618 619/619/619 620/620/620
f 620/620/620 619/619/619 621/621/621
f 620/620/620 621/621/621 622/622/622
f 622/622/622 621/621/621 623/623/623
f 622/622/622 623/623/623 624/624/624
f 624/624/624 623/623/623 625/625/625
f 624/624/624 625/625/625 626/626/626
f 626/626/626 625/625/625 627/627/627
f 626/626/626 627/627/627 628/628/628
f 628/628/628 627/627/627 629/629/629
f 628/628/628 629/629/629 630/630/630
f 630/630/630 629/629/629 631/631/631
f 630/630/630 631/631/631 632/632/632
f 632/632/632 631/631/631 606/606/606
f 632/632/632 606/606/606 605/605/605
f 633/633/633 634/634/634 635/635/635
f 633/633/633 635/635/635 636/636/636
f 636/636/636 635/635/635 637/637/637
f 636/636/636 637/637/637 638/638/638
f 638/638/638 637/637/637 639/639/639
f 638/638/638 639/639/639 640/640/640
f 640/640/640 639/639/639 641/641/641
f 640/640/640 641/641/641 642/642/642
f 642/642/642 641/641/641 643/643/643
f 642/642/642 643/643/643 644/644/644
f 644/644/644 643/643/643 645/645/645
f 644/644/644 645/645/645 646/646/646
f 646/646/646 645/645/645 647/647/647
f 646/646/646 647/647/647 648/648/648
f 648/648/648 647/647/647 649/649/649
f 648/648/648 649/649/649 650/650/650
f 650/650/650 649/649/649 651/651/651
f 650/650/650 651/651/651 652/652/652
f 652/652/652 651/651/651 653/653/653
f 652/652/652 653/653/653 654/654/654
f 654/654/654 653/653/653 655/655/655
f 654/654/654 655/655/655 656/656/656
f 656/656/656 655/655/655 657/657/657
f 656/656/656 657/657/657 658/658/658
f 658/658/658 657/657/657 659/659/659
f 658/658/658 659/659/659 660/660/660
f 660/660/660 659/659/659 634/634/634
f 660/660/660 634/634/634 633/633/633
f 661/661/661 662/662/662 663/663/663
f 661/661/661 663/663/663 664/664/664
f 664/664/664 663/663/663 665/665/665
f 664/664/664 665/665/665 666/666/666
f 666/666/666 665/665/665 667/667/667
f 666/666/666 667/667/667 668/668/668
f 668/668/668 667/667/667 669/669/669
f 668/668/668 669/669/669 670/670/670
f 670/670/670 669/669/669 671/671/671
f 670/670/670 671/671/671 672/672/672
f 672/672/672 671/671/671 673/673/673
f 672/672/672 673/673/673 674/674/674
f 674/674/674 673/673/673 675/675/675
f 674/674/674 675/675/675 676/676/676
f 676/676/676 675/675/675 677/677/677
f 676/676/676 677/677/677 678/678/678
f 678/678/678 677/677/677 679/679/679
f 678/678/678 679/679/679 680/680/680
f 680/680/680 679/679/679 681/681/681
f 680/680/680 681/681/681 682/682/682
f 682/682/682 681/681/681 683/683/683
f 682/682/682 683/683/683 684/684/684
f 684/684/684 683/683/683 685/685/685
f 684/684/684 685/685/685 686/686/686
f 686/686/686 685/685/685 687/687/687
f 686/686/686 687/687/687 688/688/688
f 688/688/688 687/687/687 662/662/662
f 688/688/688 662/662/662 661/661/661
f 689/689/689 690/690/690 691/691/691
f 689/689/689 691/691/691 692/692/692
f 692/692/692 691/691/691 693/693/693
f 692/692/692 693/693/693 694/694/694
f 694/694/694 693/693/693 695/695/695
f 694/694/694 695/695/695 696/696/696
f 696/696/696 695/695/695 697/697/697
f 696/696/696 697/697/697 698/698/698
f 698/698/698 697/697/697 699/699/699
f 698/698/698 699/699/699 700/700/700
f 700/700/700 699/699/699 701/701/701
f 700/700/700 701/701/701 702/702/702
f 702/702/702 701/701/701 703/703/703
f 702/702/702 703/703/703 704/704/704
f 704/704/704 703/703/703 705/705/705
f 704/704/704 705/705/705 706/706/706
f 706/706/706 705/705/705 707/707/707
f 706/706/706 707/707/707 708/708/708
f 708/708/708 707/707/707 709/709/709
f 708/708/708 709/709/709 710/710/710
f 710/710/710 709/709/709 711/711/711
f 710/710/710 711/711/711 712/712/712
f 712/712/712 711/711/711 713/713/713
f 712/712/712 713/713/713 714/714/714
f 714/714/714 713/713/713 715/715/715
f 714/714/714 715/715/715 716/716/716
f 716/716/716 715/715/715 690/690/690
f 716/716/716 690/690/690 689/689/689
f 717/717/717 718/718/718 719/719/719
f 717/717/717 719/719/719 720/720/720
f 720/720/720 719/719/719 721/721/721
f 720/720/720 721/721/721 722/722/722
f 722/722/722 721/721/721 723/723/723
f 722/722/722 723/723/723 724/724/724
f 724/724/724 723/723/723 725/725/725
f 724/724/724 725/725/725 726/726/726
f 726/726/726 725/725/725 727/727/727
f 726/726/726 727/727/727 728/728/728
f 728/728/728 727/727/727 729/729/729
f 728/728/728 729/729/729 730/730/730
f 730/730/730 729/729/729 731/731/731
f 730/730/730 731/731/731 732/732/732
f 732/732/732 731/731/731 733/733/733
f 732/732/732 733/733/733 734/734/734
f 734/734/734 733/733/733 735/735/735
f 734/734/734 735/735/735 736/736/736
f 736/736/736 735/735/735 737/737/737
f 736/736/736 737/737/737 738/738/738
f 738/738/738 737/737/737 739/739/739
f 738/738/738 739/739/739 740/740/740
f 740/740/740 739/739/739 741/741/741
f 740/740/740 741/741/741 742/742/742
f 742/742/742 741/741/741 743/743/743
f 742/742/742 743/743/743 744/744/744
f 744/744/744 743/743/743 718/718/718
f 744/744/744 718/718/718 717/717/717
f 745/745/745 746/746/746 747/747/747
f 745/745/745 747/747/747 748/748/748
f 748/748/748 747/747/747 749/749/749
f 748/748/748 749/749/749 750/750/750
f 750/750/750 749/749/749 751/751/751
f 750/750/750 751/751/751 752/752/752
f 752/752/752 751/751/751 753/753/753
f 752/752/752 753/753/753 754/754/754
f 754/754/754 753/753/753 755/755/755
f 754/754/754 755/755/755 756/756/756
f 756/756/756 755/755/755 757/757/757
f 756/756/756 757/757/757 758/758/758
f 758/758/758 757/757/757 759/759/759
f 758/758/758 759/759/759 760/760/760
f 760/760/760 759/759/759 761/761/761
f 760/760/760 761/761/761 762/762/762
f 762/762/762 761/761/761 763/763/763
f 762/762/762 763/763/763 764/764/764
f 764/764/764 763/763/763 765/765/765
f 764/764/764 765/765/765 766/766/766
f 766/766/766 765/765/765 767/767/767
f 766/766/766 767/767/767 768/768/768
f 768/768/768 767/767/767 769/769/769
f 768/768/768 769/769/769 770/770/770
f 770/770/770 769/769/769 771/771/771
f 770/770/770 771/771/771 772/772/772
f 772/772/772 771/771/771 746/746/746
f 772/772/772 746/746/746 745/745/745
f 773/773/773 774/774/774 775/775/775
f 773/773/773 775/775/775 776/776/776
f 776/776/776 775/775/775 777/777/777
f 776/776/776 777/777/777 778/778/778
f 778/778/778 777/777/777 779/779/779
f 778/778/778 779/779/779 780/780/780
f 780/780/780 779/779/779 781/781/781
f 780/780/780 781/781/781 782/782/782
f 782/782/782 781/781/781 783/783/783
f 782/782/782 783/783/783 784/784/784
f 784/784/784 783/783/783 785/785/785
f 784/784/784 785/785/785 786/786/786
f 786/786/786 785/785/785 787/787/787
f 786/786/786 787/787/787 788/788/788
f 788/788/788 787/787/787 789/789/789
f 788/788/788 789/789/789 790/790/790
f 790/790/790 789/789/789 791/791/791
f 790/790/790 791/791/791 792/792/792
f 792/792/792 791/791/791 793/793/793
f 792/792/792 793/793/793 794/794/794
f 794/794/794 793/793/793 795/795/795
f 794/794/794 795/795/795 796/796/796
f 796/796/796 795/795/795 797/797/797
f 796/796/796 797/797/797 798/798/798
f 798/798/798 797/797/797 799/799/799
f 798/798/798 799/799/799 800/800/800
f 800/800/800 799/799/799 774/774/774
f 800/800/800 774/774/774 773/773/773
f 801/801/801 802/802/802 803/803/803
f 801/801/801 803/803/803 804/804/804
f 804/804/804 803/803/803 805/805/805
f 804/804/804 805/805/805 806/806/806
f 806/806/806 805/805/805 807/807/807
f 806/806/806 807/807/807 808/808/808
f 808/808/808 807/807/807 809/809/809
f 808/808/808 809/809/809 810/810/810
f 810/810/810 809/809/809 811/811/811
f 810/810/810 811/811/811 812/812/812
f 812/812/812 811/811/811 813/813/813
f 812/812/812 813/813/813 814/814/814
f 814/814/814 813/813/813 815/815/815
f 814/814/814 815/815/815 816/816/816
f 816/816/816 815/815/815 817/817/817
f 816/816/816 817/817/817 818/818/818
f 818/818/818 817/817/817 819/819/819
f 818/818/818 819/819/819 820/820/820
f 820/820/820 819/819/819 821/821/821
f 820/820/820 821/821/821 822/822/822
f 822/822/822 821/821/821 823/823/823
f 822/822/822 823/823/823 824/824/824
f 824/824/824 823/823/823 825/825/825
f 824/824/824 825/825/825 826/826/826
f 826/826/826 825/825/825 827/827/827
f 826/826/826 827/827/827 828/828/828
f 828/828/828 827/827/827 802/802/802
f 828/828/828 802/802/802 801/801/801
f 829/829/829 830/830/830 831/831/831
f 829/829/829 831/831/831 832/832/832
f 832/832/832 831/831/831 833/833/833
f 832/832/832 833/833/833 834/834/834
f 834/834/834 833/833/833 835/835/835
f 834/834/834 835/835/835 836/836/836
f 836/836/836 835/835/835 837/837/837
f 836/836/836 837/837/837 838/838/838
f 838/838/838 837/837/837 839/839/839
f 838/838/838 839/839/839 840/840/840
f 840/840/840 839/839/839 841/841/841
f 840/840/840 841/841/841 842/842/842
f 842/842/842 841/841/841 843/843/843
f 842/842/842 843/843/843 844/844/844
f 844/844/844 843/843/843 845/845/845
f 844/844/844 845/845/845 846/846/846
f 846/846/846 845/845/845 847/847/847
f 846/846/846 847/847/847 848/848/848
f 848/848/848 847/847/847 849/849/849
f 848/848/848 849/849/849 850/850/850
f 850/850/850 849/849/849 851/851/851
f 850/850/850 851/851/851 852/852/852
f 852/852/852 851/851/851 853/853/853
f 852/852/852 853/853/853 854/854/854
f 854/854/854 853/853/853 855/855/855
f 854/854/854 855/855/855 856/856/856
f 856/856/856 855/855/855 830/830/830
f 856/856/856 830/830/830 829/829/829
f 857/857/857 858/858/858 859/859/859
f 857/857/857 859/859/859 860/860/860
f 860/860/860 859/859/859 861/861/861
f 860/860/860 861/861/861 862/862/862
f 862/862/862 861/861/861 863/863/863
f 862/862/862 863/863/863 864/864/864
f 864/864/864 863/863/863 865/865/865
f 864/864/864 865/865/865 866/866/866
f 866/866/866 865/865/865 867/867/867
f 866/866/866 867/867/867 868/868/868
f 868/868/868 867/867/867 869/869/869
f 868/868/868 869/869/869 870/870/870
f 870/870/870 869/869/869 871/871/871
f 870/870/870 871/871/871 872/872/872
f 872/872/872 871/871/871 873/873/873
f 872/872/872 873/873/873 874/874/874
f 874/874/874 873/873/873 875/875/875
f 874/874/874 875/875/875 876/876/876
f 876/876/876 875/875/875 877/877/877
f 876/876/876 877/877/877 878/878/878
f 878/878/878 877/877/877 879/879/879
f 878/878/878 879/879/879 880/880/880
f 880/880/880 879/879/879 881/881/881
f 880/880/880 881/881/881 882/882/882
f 882/882/882 881/881/881 883/883/883
f 882/882/882 883/883/883 884/884/884
f 884/884/884 883/883/883 858/858/858
f 884/884/884 858/858/858 857/857/857
f 885/885/885 886/886/886 887/887/887
f 885/885/885 887/887/887 888/888/888
f 888/888/888 887/887/887 889/889/889
f 888/888/888 889/889/889 890/890/890
f 890/890/890 889/889/889 891/891/891
f 890/890/890 891/891/891 892/892/892
f 892/892/892 891/891/891 893/893/893
f 892/892/892 893/893/893 894/894/894
f 894/894/894 893/893/893 895/895/895
f 894/894/894 895/895/895 896/896/896
f 896/896/896 895/895/895 897/897/897
f 896/896/896 897/897/897 898/898/898
f 898/898/898 897/897/897 899/899/899
f 898/898/898 899/899/899 900/900/900
f 900/900/900 899/899/899 901/901/901
f 900/900/900 901/901/901 902/902/902
f 902/902/902 901/901/901 903/903/903
f 902/902/902 903/903/903 904/904/904
f 904/904/904 903/903/903 905/905/905
f 904/904/904 905/905/905 906/906/906
f 906/906/906 905/905/905 907/907/907
f 906/906/906 907/907/907 908/908/908
f 908/908/908 907/907/907 909/909/909
f 908/908/908 909/909/909 910/910/910
f 910/910/910 909/909/909 911/911/911
f 910/910/910 911/911/911 912/912/912
f 912/912/912 911/911/911 886/886/886
f 912/912/912 886/886/886 885/885/885
f 913/913/913 914/914/914 915/915/915
f 913/913/913 915/915/915 916/916/916
f 916/916/916 915/915/915 917/917/917
f 916/916/916 917/917/917 918/918/918
f 918/918/918 917/917/917 919/919/919
f 918/918/918 919/919/919 920/920/920
f 920/920/920 919/919/919 921/921/921
f 920/920/920 921/921/921 922/922/922
f 922/922/922 921/921/921 923/923/923
f 922/922/922 923/923/923 924/924/924
f 924/924/924 923/923/923 925/925/925
f 924/924/924 925/925/925 926/926/926
f 926/926/926 925/925/925 927/927/927
f 926/926/926 927/927/927 928/928/928
f 928/928/928 927/927/927 929/929/929
f 928/928/928 929/929/929 930/930/930
f 930/930/930 929/929/929 931/931/931
f 930/930/930 931/931/931 932/932/932
f 932/932/932 931/931/931 933/933/933
f 932/932/932 933/933/933 934/934/934
f 934/934/934 933/933/933 935/935/935
f 934/934/934 935/935/935 936/936/936
f 936/936/936 935/935/935 937/937/937
f 936/936/936 937/937/937 938/938/938
f 938/938/938 937/937/937 939/939/939
f 938/938/938 939/939/939 940/940/940
f 940/940/940 939/939/939 914/914/914
f 940/940/940 914/914/914 913/913/913
f 941/941/941 942/942/942 943/943/943
f 941/941/941 943/943/943 944/944/944
f 944/944/944 943/943/943 945/945/945
f 944/944/944 945/945/945 946/946/946
f 946/946/946 945/945/945 947/947/947
f 946/946/946 947/947/947 948/948/948
f 948/948/948 947/947/947 949/949/949
f 948/948/948 949/949/949 950/950/950
f 950/950/950 949/949/949 951/951/951
f 950/950/950 951/951/951 952/952/952
f 952/952/952 951/951/951 953/953/953
f 952/952/952 953/953/953 954/954/954
f 954/954/954 953/953/953 955/955/955
f 954/954/954 955/955/955 956/956/956
f 956/956/956 955/955/955 957/957/957
f 956/956/956 957/957/957 958/958/958
f 958/958/958 957/957/957 959/959/959
f 958/958/958 959/959/959 960/960/960
f 960/960/960 959/959/959 961/961/961
f 960/960/960 961/961/961 962/962/962
f 962/962/962 961/961/961 963/963/963
f 962/962/962 963/963/963 964/964/964
f 964/964/964 963/963/963 965/965/965
f 964/964/964 965/965/965 966/966/966
f 966/966/966 965/965/965 967/967/967
f 966/966/966 967/967/967 968/968/968
f 968/968/968 967/967/967 942/942/942
f 968/968/968 942/942/942 941/941/941
f 969/969/969 970/970/970 971/971/971
f 969/969/969 971/971/971 972/972/972
f 972/972/972 971/971/971 973/973/973
f 972/972/972 973/973/973 974/974/974
f 974/974/974 973/973/973 975/975/975
f 974/974/974 975/975/975 976/976/976
f 976/976/976 975/975/975 977/977/977
f 976/976/976 977/977/977 978/978/978
f 978/978/978 977/977/977 979/979/979
f 978/978/978 979/979/979 980/980/980
f 980/980/980 979/979/979 981/981/981
f 980/980/980 981/981/981 982/982/982
f 982/982/982 981/981/981 983/983/983
f 982/982/982 983/983/983 984/984/984
f 984/984/984 983/983/983 985/985/985
f 984/984/984 985/985/985 986/986/986
f 986/986/986 985/985/985 987/987/987
f 986/986/986 987/987/987 988/988/988
f 988/988/988 987/987/987 989/989/989
f 988/988/988 989/989/989 990/990/990
f 990/990/990 989/989/989 991/991/991
f 990/990/990 991/991/991 992/992/992
f 992/992/992 991/991/991 993/993/993
f 992/992/992 993/993/993 994/994/994
f 994/994/994 993/993/993 995/995/995
f 994/994/994 995/995/995 996/996/996
f 996/996/996 995/995/995 970/970/970
f 996/996/996 970/970/970 969/969/969
f 997/997/997 998/998/998 999/999/999
f 997/997/997 999/999/999 1000/1000/1000
f 1000/1000/1000 999/999/999 1001/1001/1001
f 1000/1000/1000 1001/1001/1001 1002/1002/1002
f 1002/1002/1002 1001/1001/1001 1003/1003/1003
f 1002/1002/1002 1003/1003/1003 1004/1004/1004
f 1004/1004/1004 1003/1003/1003 1005/1005/1005
f 1004/1004/1004 1005/1005/1005 1006/1006/1006
f 1006/1006/1006 1005/1005/1005 1007/1007/1007
f 1006/1006/1006 1007/1007/1007 1008/1008/1008
f 1008/1008/1008 1007/1007/1007 1009/1009/1009
f 1008/1008/1008 1009/1009/1009 1010/1010/1010
f 1010/1010/1010 1009/1009/1009 1011/1011/1011
f 1010/1010/1010 1011/1011/1011 1012/1012/1012
f 1012/1012/1012 1011/1011/1011 1013/1013/1013
f 1012/1012/1012 1013/1013/1013 1014/1014/1014
f 1014/1014/1014 1013/1013/1013 1015/1015/1015
f 1014/1014/1014 1015/1015/1015 1016/1016/1016
f 1016/1016/1016 1015/1015/1015 1017/1017/1017
f 1016/1016/1016 1017/1017/1017 1018/1018/1018
f 1018/1018/1018 1017/1017/1017 1019/1019/1019
f 1018/1018/1018 1019/1019/1019 1020/1020/1020
f 1020/1020/1020 1019/1019/1019 1021/1021/1021
f 1020/1020/1020 1021/1021/1021 1022/1022/1022
f 1022/1022/1022 1021/1021/1021 1023/1023/1023
f 1022/1022/1022 1023/1023/1023 1024/1024/1024
f 1024/1024/1024 1023/1023/1023 998/998/998
f 1024/1024/1024 998/998/998 997/997/997
f 1025/1025/1025 1026/1026/1026 1027/1027/1027
f 1025/1025/1025 1027/1027/1027 1028/1028/1028
f 1028/1028/1028 1027/1027/1027 1029/1029/1029
f 1028/1028/1028 1029/1029/1029 1030/1030/1030
f 1030/1030/1030 1029/1029/1029 1031/1031/1031
f 1030/1030/1030 1031/1031/1031 1032/1032/1032
f 1032/1032/1032 1031/1031/1031 1033/1033/1033
f 1032/1032/1032 1033/1033/1033 1034/1034/1034
f 1034/1034/1034 1033/1033/1033 1035/1035/1035
f 1034/1034/1034 1035/1035/1035 1036/1036/1036
f 1036/1036/1036 1035/1035/1035 1037/1037/1037
f 1036/1036/1036 1037/1037/1037 1038/1038/1038
f 1038/1038/1038 1037/1037/1037 1039/1039/1039
f 1038/1038/1038 1039/1039/1039 1040/1040/1040
f 1040/1040/1040 1039/1039/1039 1041/1041/1041
f 1040/1040/1040 1041/1041/1041 1042/1042/1042
f 1042/1042/1042 1041/1041/1041 1043/1043/1043
f 1042/1042/1042 1043/1043/1043 1044/1044/1044
f 1044/1044/1044 1043/1043/1043 1045/1045/1045
f 1044/1044/1044 1045/1045/1045 1046/1046/1046
f 1046/1046/1046 1045/1045/1045 1047/1047/1047
f 1046/1046/1046 1047/1047/1047 1048/1048/1048
f 1048/1048/1048 1047/1047/1047 1049/1049/1049
f 1048/1048/1048 1049/1049/1049 1050/1050/1050
f 1050/1050/1050 1049/1049/1049 1051/1051/1051
f 1050/1050/1050 1051/1051/1051 1052/1052/1052
f 1052/1052/1052 1051/1051/1051 1026/1026/1026
f 1052/1052/1052 1026/1026/1026 1025/1025/1025
f 1053/1053/1053 1054/1054/1054 1055/1055/1055
f 1053/1053/1053 1055/1055/1055 1056/1056/1056
f 1056/1056/1056 1055/1055/1055 1057/1057/1057
f 1056/1056/1056 1057/1057/1057 1058/1058/1058
f 1058/1058/1058 1057/1057/1057 1059/1059/1059
f 1058/1058/1058 1059/1059/1059 1060/1060/1060
f 1060/1060/1060 1059/1059/1059 1061/1061/1061
f 1060/1060/1060 1061/1061/1061 1062/1062/1062
f 1062/1062/1062 1061/1061/1061 1063/1063/1063
f 1062/1062/1062 1063/1063/1063 1064/1064/1064
f 1064/1064/1064 1063/1063/1063 1065/1065/1065
f 1064/1064/1064 1065/1065/1065 1066/1066/1066
f 1066/1066/1066 1065/1065/1065 1067/1067/1067
f 1066/1066/1066 1067/1067/1067 1068/1068/1068
f 1068/1068/1068 1067/1067/1067 1069/1069/1069
f 1068/1068/1068 1069/1069/1069 1070/1070/1070
f 1070/1070/1070 1069/1069/1069 1071/1071/1071
f 1070/1070/1070 1071/1071/1071 1072/1072/1072
f 1072/1072/1072 1071/1071/1071 1073/1073/1073
f 1072/1072/1072 1073/1073/1073 1074/1074/1074
f 1074/1074/1074 1073/1073/1073 1075/1075/1075
f 1074/1074/1074 1075/1075/1075 1076/1076/1076
f 1076/1076/1076 1075/1075/1075 1077/1077/1077
f 1076/1076/1076 1077/1077/1077 1078/1078/1078
f 1078/1078/1078 1077/1077/1077 1079/1079/1079
f 1078/1078/1078 1079/1079/1079 1080/1080/1080
f 1080/1080/1080 1079/1079/1079 1054/1054/1054
f 1080/1080/1080 1054/1054/1054 1053/1053/1053
f 1081/1081/1081 1082/1082/1082 1083/1083/1083
f 1081/1081/1081 1083/1083/1083 1084/1084/1084
f 1084/1084/1084 1083/1083/1083 1085/1085/1085
f 1084/1084/1084 1085/1085/1085 1086/1086/1086
f 1086/1086/1086 1085/1085/1085 1087/1087/1087
f 1086/1086/1086 1087/1087/1087 1088/1088/1088
f 1088/1088/1088 1087/1087/1087 1089/1089/1089
f 1088/1088/1088 1089/1089/1089 1090/1090/1090
f 1090/1090/1090 1089/1089/1089 1091/1091/1091
f 1090/1090/1090 1091/1091/1091 1092/1092/1092
f 1092/1092/1092 1091/1091/1091 1093/1093/1093
f 1092/1092/1092 1093/1093/1093 1094/1094/1094
f 1094/1094/1094 1093/1093/1093 1095/1095/1095
f 1094/1094/1094 1095/1095/1095 1096/1096/1096
f 1096/1096/1096 1095/1095/1095 1097/1097/1097
f 1096/1096/1096 1097/1097/1097 1098/1098/1098
f 1098/1098/1098 1097/1097/1097 1099/1099/1099
f 1098/1098/1098 1099/1099/1099 1100/1100/1100
f 1100/1100/1100 1099/1099/1099 1101/1101/1101
f 1100/1100/1100 1101/1101/1101 1102/1102/1102
f 1102/1102/1102 1101/1101/1101 1103/1103/1103
f 1102/1102/1102 1103/1103/1103 1104/1104/1104
f 1104/1104/1104 1103/1103/1103 1105/1105/1105
f 1104/1104/1104 1105/1105/1105 1106/1106/1106
f 1106/1106/1106 1105/1105/1105 1107/1107/1107
f 1106/1106/1106 1107/1107/1107 1108/1108/1108
f 1108/1108/1108 1107/1107/1107 1082/1082/1082
f 1108/1108/1108 1082/1082/1082 1081/1081/1081
f 1109/1109/1109 1110/1110/1110 1111/1111/1111
f 1109/1109/1109 1111/1111/1111 1112/1112/1112
f 1112/1112/1112 1111/1111/1111 1113/1113/1113
f 1112/1112/1112 1113/1113/1113 1114/1114/1114
f 1114/1114/1114 1113/1113/1113 1115/1115/1115
f 1114/1114/1114 1115/1115/1115 1116/1116/1116
f 1116/1116/1116 1115/1115/1115 1117/1117/1117
f 1116/1116/1116 1117/1117/1117 1118/1118/1118
f 1118/1118/1118 1117/1117/1117 1119/1119/1119
f 1118/1118/1118 1119/1119/1119 1120/1120/1120
f 1120/1120/1120 1119/1119/1119 1121/1121/1121
f 1120/1120/1120 1121/1121/1121 1122/1122/1122
f 1122/1122/1122 1121/1121/1121 1123/1123/1123
f 1122/1122/1122 1123/1123/1123 1124/1124/1124
f 1124/1124/1124 1123/1123/1123 1125/1125/1125
f 1124/1124/1124 1125/1125/1125 1126/1126/1126
f 1126/1126/1126 1125/1125/1125 1127/1127/1127
f 1126/1126/1126 1127/1127/1127 1128/1128/1128
f 1128/1128/1128 1127/1127/1127 1129/1129/1129
f 1128/1128/1128 1129/1129/1129 1130/1130/1130
f 1130/1130/1130 1129/1129/1129 1131/1131/1131
f 1130/1130/1130 1131/1131/1131 1132/1132/1132
f 1132/1132/1132 1131/1131/1131 1133/1133/1133
f 1132/1132/1132 1133/1133/1133 1134/1134/1134
f 1134/1134/1134 1133/1133/1133 1135/1135/1135
f 1134/1134/1134 1135/1135/1135 1136/1136/1136
f 1136/1136/1136 1135/1135/1135 1110/1110/1110
f 1136/1136/1136 1110/1110/1110 1109/1109/1109
f 1137/1137/1137 1138/1138/1138 1139/1139/1139
f 1137/1137/1137 1139/1139/1139 1140/1140/1140
f 1140/1140/1140 1139/1139/1139 1141/1141/1141
f 1140/1140/1140 1141/1141/1141 1142/1142/1142
f 1142/1142/1142 1141/1141/1141 1143/1143/1143
f 1142/1142/1142 1143/1143/1143 1144/1144/1144
f 1144/1144/1144 1143/1143/1143 1145/1145/1145
f 1144/1144/1144 1145/1145/1145 1146/1146/1146
f 1146/1146/1146 1145/1145/1145 1147/1147/1147
f 1146/1146/1146 1147/1147/1147 1148/1148/1148
f 1148/1148/1148 1147/1147/1147 1149/1149/1149
f 1148/1148/1148 1149/1149/1149 1150/1150/1150
f 1150/1150/1150 1149/1149/1149 1151/1151/1151
f 1150/1150/1150 1151/1151/1151 1152/1152/1152
f 1152/1152/1152 1151/1151/1151 1153/1153/1153
f 1152/1152/1152 1153/1153/1153 1154/1154/1154
f 1154/1154/1154 1153/1153/1153 1155/1155/1155
f 1154/1154/1154 1155/1155/1155 1156/1156/1156
f 1156/1156/1156 1155/1155/1155 1157/1157/1157
f 1156/1156/1156 1157/1157/1157 1158/1158/1158
f 1158/1158/1158 1157/1157/1157 1159/1159/1159
f 1158/1158/1158 1159/1159/1159 1160/1160/1160
f 1160/1160/1160 1159/1159/1159 1161/1161/1161
f 1160/1160/1160 1161/1161/1161 1162/1162/1162
f 1162/1162/1162 1161/1161/1161 1163/1163/1163
f 1162/1162/1162 1163/1163/1163 1164/1164/1164
f 1164/1164/1164 1163/1163/1163 1138/1138/1138
f 1164/1164/1164 1138/1138/1138 1137/1137/1137
f 1165/1165/1165 1166/1166/1166 1167/1167/1167
f 1165/1165/1165 1167/1167/1167 1168/1168/1168
f 1168/1168/1168 1167/1167/1167 1169/1169/1169
f 1168/1168/1168 1169/1169/1169 1170/1170/1170
f 1170/1170/1170 1169/1169/1169 1171/1171/1171
f 1170/1170/1170 1171/1171/1171 1172/1172/1172
f 1172/1172/1172 1171/1171/1171 1173/1173/1173
f 1172/1172/1172 1173/1173/1173 1174/1174/1174
f 1174/1174/1174 1173/1173/1173 1175/1175/1175
f 1174/1174/1174 1175/1175/1175 1176/1176/1176
f 1176/1176/1176 1175/1175/1175 1177/1177/1177
f 1176/1176/1176 1177/1177/1177 1178/1178/1178
f 1178/1178/1178 1177/1177/1177 1179/1179/1179
f 1178/1178/1178 1179/1179/1179 1180/1180/1180
f 1180/1180/1180 1179/1179/1179 1181/1181/1181
f 1180/1180/1180 1181/1181/1181 1182/1182/1182
f 1182/1182/1182 1181/1181/1181 1183/1183/1183
f 1182/1182/1182 1183/1183/1183 1184/1184/1184
f 1184/1184/1184 1183/1183/1183 1185/1185/1185
f 1184/1184/1184 1185/1185/1185 1186/1186/1186
f 1186/1186/1186 1185/1185/1185 1187/1187/1187
f 1186/1186/1186 1187/1187/1187 1188/1188/1188
f 1188/1188/1188 1187/1187/1187 1189/1189/1189
f 1188/1188/1188 1189/1189/1189 1190/1190/1190
f 1190/1190/1190 1189/1189/1189 1191/1191/1191
f 1190/1190/1190 1191/1191/1191 1192/1192/1192
f 1192/1192/1192 1191/1191/1191 1166/1166/1166
f 1192/1192/1192 1166/1166/1166 1165/1165/1165
f 1193/1193/1193 1194/1194/1194 1195/1195/1195
f 1193/1193/1193 1195/1195/1195 1196/1196/1196
f 1196/1196/1196 1195/1195/1195 1197/1197/1197
f 1196/1196/1196 1197/1197/1197 1198/1198/1198
f 1198/1198/1198 1197/1197/1197 1199/1199/1199
f 1198/1198/1198 1199/1199/1199 1200/1200/1200
f 1200/1200/1200 1199/1199/1199 1201/1201/1201
f 1200/1200/1200 1201/1201/1201 1202/1202/1202
f 1202/1202/1202 1201/1201/1201 1203/1203/1203
f 1202/1202/1202 1203/1203/1203 1204/1204/1204
f 1204/1204/1204 1203/1203/1203 1205/1205/1205
f 1204/1204/1204 1205/1205/1205 1206/1206/1206
f 1206/1206/1206 1205/1205/1205 1207/1207/1207
f 1206/1206/1206 1207/1207/1207 1208/1208/1208
f 1208/1208/1208 1207/1207/1207 1209/1209/1209
f 1208/1208/1208 1209/1209/1209 1210/1210/1210
f 1210/1210/1210 1209/1209/1209 1211/1211/1211
f 1210/1210/1210 1211/1211/1211 1212/1212/1212
f 1212/1212/1212 1211/1211/1211 1213/1213/1213
f 1212/1212/1212 1213/1213/1213 1214/1214/1214
f 1214/1214/1214 1213/1213/1213 1215/1215/1215
f 1214/1214/1214 1215/1215/1215 1216/1216/1216
f 1216/1216/1216 1215/1215/1215 1217/1217/1217
f 1216/1216/1216 1217/1217/1217 1218/1218/1218
f 1218/1218/1218 1217/1217/1217 1219/1219/1219
f 1218/1218/1218 1219/1219/1219 1220/1220/1220
f 1220/1220/1220 1219/1219/1219 1194/1194/1194
f 1220/1220/1220 1194/1194/1194 1193/1193/1193
f 1221/1221/1221 1222/1222/1222 1223/1223/1223
f 1221/1221/1221 1223/1223/1223 1224/1224/1224
f 1224/1224/1224 1223/1223/1223 1225/1225/1225
f 1224/1224/1224 1225/1225/1225 1226/1226/1226
f 1226/1226/1226 1225/1225/1225 1227/1227/1227
f 1226/1226/1226 1227/1227/1227 1228/1228/1228
f 1228/1228/1228 1227/1227/1227 1229/1229/1229
f 1228/1228/1228 1229/1229/1229 1230/1230/1230
f 1230/1230/1230 1229/1229/1229 1231/1231/1231
f 1230/1230/1230 1231/1231/1231 1232/1232/1232
f 1232/1232/1232 1231/1231/1231 1233/1233/1233
f 1232/1232/1232 1233/1233/1233 1234/1234/1234
f 1234/1234/1234 1233/1233/1233 1235/1235/1235
f 1234/1234/1234 1235/1235/1235 1236/1236/1236
f 1236/1236/1236 1235/1235/1235 1237/1237/1237
f 1236/1236/1236 1237/1237/1237 1238/1238/1238
f 1238/1238/1238 1237/1237/1237 1239/1239/1239
f 1238/1238/1238 1239/1239/1239 1240/1240/1240
f 1240/1240/1240 1239/1239/1239 1241/1241/1241
f 1240/1240/1240 1241/1241/1241 1242/1242/1242
f 1242/1242/1242 1241/1241/1241 1243/1243/1243
f 1242/1242/1242 1243/1243/1243 1244/1244/1244
f 1244/1244/1244 1243/1243/1243 1245/1245/1245
f 1244/1244/1244 1245/1245/1245 1246/1246/1246
f 1246/1246/1246 1245/1245/1245 1247/1247/1247
f 1246/1246/1246 1247/1247/1247 1248/1248/1248
f 1248/1248/1248 1247/1247/1247 1222/1222/1222
f 1248/1248/1248 1222/1222/1222 1221/1221/1221
f 1249/1249/1249 1250/1250/1250 1251/1251/1251
f 1249/1249/1249 1251/1251/1251 1252/1252/1252
f 1252/1252/1252 1251/1251/1251 1253/1253/1253
f 1252/1252/1252 1253/1253/1253 1254/1254/1254
f 1254/1254/1254 1253/1253/1253 1255/1255/1255
f 1254/1254/1254 1255/1255/1255 1256/1256/1256
f 1256/1256/1256 1255/1255/1255 1257/1257/1257
f 1256/1256/1256 1257/1257/1257 1258/1258/1258
f 1258/1258/1258 1257/1257/1257 1259/1259/1259
f 1258/1258/1258 1259/1259/1259 1260/1260/1260
f 1260/1260/1260 1259/1259/1259 1261/1261/1261
f 1260/1260/1260 1261/1261/1261 1262/1262/1262
f 1262/1262/1262 1261/1261/1261 1263/1263/1263
f 1262/1262/1262 1263/1263/1263 1264/1264/1264
f 1264/1264/1264 1263/1263/1263 1265/1265/1265
f 1264/1264/1264 1265/1265/1265 1266/1266/1266
f 1266/1266/1266 1265/1265/1265 1267/1267/1267
f 1266/1266/1266 1267/1267/1267 1268/1268/1268
f 1268/1268/1268 1267/1267/1267 1269/1269/1269
f 1268/1268/1268 1269/1269/1269 1270/1270/1270
f 1270/1270/1270 1269/1269/1269 1271/1271/1271
f 1270/1270/1270 1271/1271/1271 1272/1272/1272
f 1272/1272/1272 1271/1271/1271 1273/1273/1273
f 1272/1272/1272 1273/1273/1273 1274/1274/1274
f 1274/1274/1274 1273/1273/1273 1275/1275/1275
f 1274/1274/1274 1275/1275/1275 1276/1276/1276
f 1276/1276/1276 1275/1275/1275 1250/1250/1250
f 1276/1276/1276 1250/1250/1250 1249/1249/1249
f 1277/1277/1277 1278/1278/1278 1279/1279/1279
f 1277/1277/1277 1279/1279/1279 1280/1280/1280
f 1280/1280/1280 1279/1279/1279 1281/1281/1281
f 1280/1280/1280 1281/1281/1281 1282/1282/1282
f 1282/1282/1282 1281/1281/1281 1283/1283/1283
f 1282/1282/1282 1283/1283/1283 1284/1284/1284
f 1284/1284/1284 1283/1283/1283 1285/1285/1285
f 1284/1284/1284 1285/1285/1285 1286/1286/1286
f 1286/1286/1286 1285/1285/1285 1287/1287/1287
f 1286/1286/1286 1287/1287/1287 1288/1288/1288
f 1288/1288/1288 1287/1287/1287 1289/1289/1289
f 1288/1288/1288 1289/1289/1289 1290/1290/1290
f 1290/1290/1290 1289/1289/1289 1291/1291/1291
f 1290/1290/1290 1291/1291/1291 1292/1292/1292
f 1292/1292/1292 1291/1291/1291 1293/1293/1293
f 1292/1292/1292 1293/1293/1293 1294/1294/1294
f 1294/1294/1294 1293/1293/1293 1295/1295/1295
f 1294/1294/1294 1295/1295/1295 1296/1296/1296
f 1296/1296/1296 1295/1295/1295 1297/1297/1297
f 1296/1296/1296 1297/1297/1297 1298/1298/1298
f 1298/1298/1298 1297/1297/1297 1299/1299/1299
f 1298/1298/1298 1299/1299/1299 1300/1300/1300
f 1300/1300/1300 1299/1299/1299 1301/1301/1301
f 1300/1300/1300 1301/1301/1301 1302/1302/1302
f 1302/1302/1302 1301/1301/1301 1303/1303/1303
f 1302/1302/1302 1303/1303/1303 1304/1304/1304
f 1304/1304/1304 1303/1303/1303 1278/1278/1278
f 1304/1304/1304 1278/1278/1278 1277/1277/1277
f 1305/1305/1305 1306/1306/1306 1307/1307/1307
f 1305/1305/1305 1307/1307/1307 1308/1308/1308
f 1308/1308/1308 1307/1307/1307 1309/1309/1309
f 1308/1308/1308 1309/1309/1309 1310/1310/1310
f 1310/1310/1310 1309/1309/1309 1311/1311/1311
f 1310/1310/1310 1311/1311/1311 1312/1312/1312
f 1312/1312/1312 1311/1311/1311 1313/1313/1313
f 1312/1312/1312 1313/1313/1313 1314/1314/1314
f 1314/1314/1314 1313/1313/1313 1315/1315/1315
f 1314/1314/1314 1315/1315/1315 1316/1316/1316
f 1316/1316/1316 1315/1315/1315 1317/1317/1317
f 1316/1316/1316 1317/1317/1317 1318/1318/1318
f 1318/1318/1318 1317/1317/1317 1319/1319/1319
f 1318/1318/1318 1319/1319/1319 1320/1320/1320
f 1320/1320/1320 1319/1319/1319 1321/1321/1321
f 1320/1320/1320 1321/1321/1321 1322/1322/1322
f 1322/1322/1322 1321/1321/1321 1323/1323/1323
f 1322/1322/1322 1323/1323/1323 1324/1324/1324
f 1324/1324/1324 1323/1323/1323 1325/1325/1325
f 1324/1324/1324 1325/1325/1325 1326/1326/1326
f 1326/1326/1326 1325/1325/1325 1327/1327/1327
f 1326/1326/1326 1327/1327/1327 1328/1328/1328
f 1328/1328/1328 1327/1327/1327 1329/1329/1329
f 1328/1328/1328 1329/1329/1329 1330/1330/1330
f 1330/1330/1330 1329/1329/1329 1331/1331/1331
f 1330/1330/1330 1331/1331/1331 1332/1332/1332
f 1332/1332/1332 1331/1331/1331 1306/1306/1306
f 1332/1332/1332 1306/1306/1306 1305/1305/1305
f 1333/1333/1333 1334/1334/1334 1335/1335/1335
f 1333/1333/1333 1335/1335/1335 1336/1336/1336
f 1336/1336/1336 1335/1335/1335 1337/1337/1337
f 1336/1336/1336 1337/1337/1337 1338/1338/1338
f 1338/1338/1338 1337/1337/1337 1339/1339/1339
f 1338/1338/1338 1339/1339/1339 1340/1340/1340
f 1340/1340/1340 1339/1339/1339 1341/1341/1341
f 1340/1340/1340 1341/1341/1341 1342/1342/1342
f 1342/1342/1342 1341/1341/1341 1343/1343/1343
f 1342/1342/1342 1343/1343/1343 1344/1344/1344
f 1344/1344/1344 1343/1343/1343 1345/1345/1345
f 1344/1344/1344 1345/1345/1345 1346/1346/1346
f 1346/1346/1346 1345/1345/1345 1347/1347/1347
f 1346/1346/1346 1347/1347/1347 1348/1348/1348
f 1348/1348/1348 1347/1347/1347 1349/1349/1349
f 1348/1348/1348 1349/1349/1349 1350/1350/1350
f 1350/1350/1350 1349/1349/1349 1351/1351/1351
f 1350/1350/1350 1351/1351/1351 1352/1352/1352
f 1352/1352/1352 1351/1351/1351 1353/1353/1353
f 1352/1352/1352 1353/1353/1353 1354/1354/1354
f 1354/1354/1354 1353/1353/1353 1355/1355/1355
f 1354/1354/1354 1355/1355/1355 1356/1356/1356
f 1356/1356/1356 1355/1355/1355 1357/1357/1357
f 1356/1356/1356 1357/1357/1357 1358/1358/1358
f 1358/1358/1358 1357/1357/1357 1359/1359/1359
f 1358/1358/1358 1359/1359/1359 1360/1360/1360
f 1360/1360/1360 1359/1359/1359 1334/1334/1334
f 1360/1360/1360 1334/1334/1334 1333/1333/1333
f 1361/1361/1361 1362/1362/1362 1363/1363/1363
f 1361/1361/1361 1363/1363/1363 1364/1364/1364
f 1364/1364/1364 1363/1363/1363 1365/1365/1365
f 1364/1364/1364 1365/1365/1365 1366/1366/1366
f 1366/1366/1366 1365/1365/1365 1367/1367/1367
f 1366/1366/1366 1367/1367/1367 1368/1368/1368
f 1368/1368/1368 1367/1367/1367 1369/1369/1369
f 1368/1368/1368 1369/1369/1369 1370/1370/1370
f 1370/1370/1370 1369/1369/1369 1371/1371/1371
f 1370/1370/1370 1371/1371/1371 1372/1372/1372
f 1372/1372/1372 1371/1371/1371 1373/1373/1373
f 1372/1372/1372 1373/1373/1373 1374/1374/1374
f 1374/1374/1374 1373/1373/1373 1375/1375/1375
f 1374/1374/1374 1375/1375/1375 1376/1376/1376
f 1376/1376/1376 1375/1375/1375 1377/1377/1377
f 1376/1376/1376 1377/1377/1377 1378/1378/1378
f 1378/1378/1378 1377/1377/1377 1379/1379/1379
f 1378/1378/1378 1379/1379/1379 1380/1380/1380
f 1380/1380/1380 1379/1379/1379 1381/1381/1381
f 1380/1380/1380 1381/1381/1381 1382/1382/1382
f 1382/1382/1382 1381/1381/1381 1383/1383/1383
f 1382/1382/1382 1383/1383/1383 1384/1384/1384
f 1384/1384/1384 1383/1383/1383 1385/1385/1385
f 1384/1384/1384 1385/1385/1385 1386/1386/1386
f 1386/1386/1386 1385/1385/1385 1387/1387/1387
f 1386/1386/1386 1387/1387/1387 1388/1388/1388
f 1388/1388/1388 1387/1387/1387 1362/1362/1362
f 1388/1388/1388 1362/1362/1362 1361/1361/1361
