# Exported from tank-game Tank_002.fbx mesh Wheels
v 2.072191 1.241785 0.576294
v 2.072191 0.684048 0.427811
v 2.072191 0.685567 -0.017636
v 2.072191 0.509497 -0.179616
v 2.072191 0.509497 -0.304476
v 2.072191 0.684554 -0.506952
v 2.072191 0.685061 -0.800542
v 2.072191 0.495999 -0.999644
v 2.072191 0.492624 -1.205494
v 2.072191 0.680505 -1.367475
v 2.072191 0.686073 -1.650941
v 2.072191 1.137172 -1.904036
v 1.946005 1.241785 0.576294
v 1.946005 1.137172 -1.904036
v 1.946005 0.686073 -1.650941
v 1.946005 0.680505 -1.367475
v 1.946005 0.492624 -1.205494
v 1.946005 0.495999 -0.999644
v 1.946005 0.685061 -0.800542
v 1.946005 0.684554 -0.506952
v 1.946005 0.509497 -0.304476
v 1.946005 0.509497 -0.179616
v 1.946005 0.685567 -0.017636
v 1.946005 0.684048 0.427811
v 1.946005 1.241785 0.576294
v 1.946005 0.684048 0.427811
v 2.072191 0.684048 0.427811
v 2.072191 1.241785 0.576294
v 1.946005 0.684048 0.427811
v 1.946005 0.685567 -0.017636
v 2.072191 0.685567 -0.017636
v 2.072191 0.684048 0.427811
v 1.946005 0.685567 -0.017636
v 1.946005 0.509497 -0.179616
v 2.072191 0.509497 -0.179616
v 2.072191 0.685567 -0.017636
v 1.946005 0.509497 -0.179616
v 1.946005 0.509497 -0.304476
v 2.072191 0.509497 -0.304476
v 2.072191 0.509497 -0.179616
v 1.946005 0.509497 -0.304476
v 1.946005 0.684554 -0.506952
v 2.072191 0.684554 -0.506952
v 2.072191 0.509497 -0.304476
v 1.946005 0.684554 -0.506952
v 1.946005 0.685061 -0.800542
v 2.072191 0.685061 -0.800542
v 2.072191 0.684554 -0.506952
v 1.946005 0.685061 -0.800542
v 1.946005 0.495999 -0.999644
v 2.072191 0.495999 -0.999644
v 2.072191 0.685061 -0.800542
v 1.946005 0.495999 -0.999644
v 1.946005 0.492624 -1.205494
v 2.072191 0.492624 -1.205494
v 2.072191 0.495999 -0.999644
v 1.946005 0.492624 -1.205494
v 1.946005 0.680505 -1.367475
v 2.072191 0.680505 -1.367475
v 2.072191 0.492624 -1.205494
v 1.946005 0.680505 -1.367475
v 1.946005 0.686073 -1.650941
v 2.072191 0.686073 -1.650941
v 2.072191 0.680505 -1.367475
v 1.946005 0.686073 -1.650941
v 1.946005 1.137172 -1.904036
v 2.072191 1.137172 -1.904036
v 2.072191 0.686073 -1.650941
v 1.946005 1.137172 -1.904036
v 1.946005 1.241785 0.576294
v 2.072191 1.241785 0.576294
v 2.072191 1.137172 -1.904036
v 1.358760 0.191755 1.030054
v 1.358760 0.413344 0.752190
v 2.219682 0.413344 0.752190
v 2.219682 0.191755 1.030054
v 1.358760 0.733550 0.597987
v 2.219682 0.733550 0.597987
v 1.358760 1.088951 0.597987
v 2.219682 1.088951 0.597987
v 1.358760 1.409156 0.752190
v 2.219682 1.409156 0.752190
v 1.358760 1.630746 1.030054
v 2.219682 1.630746 1.030054
v 1.358760 1.709830 1.376544
v 2.219682 1.709830 1.376544
v 1.358760 1.630746 1.723035
v 2.219682 1.630746 1.723035
v 1.358760 1.409157 2.000899
v 2.219682 1.409157 2.000899
v 1.358760 1.088951 2.155102
v 2.219682 1.088951 2.155102
v 1.358760 0.733550 2.155102
v 2.219682 0.733550 2.155102
v 1.358760 0.413344 2.000899
v 2.219682 0.413344 2.000899
v 1.358760 0.191755 1.723035
v 2.219682 0.191755 1.723035
v 1.358760 0.112671 1.376545
v 2.219682 0.112671 1.376545
v 1.358760 0.112671 1.376545
v 2.219682 0.112671 1.376545
v 2.272978 0.739359 1.376545
v 2.272978 0.756381 1.301964
v 2.272978 0.804078 1.242154
v 2.272978 0.873001 1.208963
v 2.272978 0.949500 1.208963
v 2.272978 1.018423 1.242154
v 2.272978 1.066120 1.301964
v 2.272978 1.083142 1.376545
v 2.272978 1.066120 1.451126
v 2.272978 1.018423 1.510935
v 2.272978 0.949500 1.544127
v 2.272978 0.873001 1.544127
v 2.272978 0.804078 1.510935
v 2.272978 0.756381 1.451126
v 1.450620 0.159035 -2.640533
v 1.450620 0.315629 -2.836896
v 2.226690 0.315629 -2.836896
v 2.226690 0.159035 -2.640533
v 1.450620 0.541914 -2.945869
v 2.226690 0.541914 -2.945869
v 1.450620 0.793072 -2.945869
v 2.226690 0.793072 -2.945869
v 1.450620 1.019357 -2.836896
v 2.226690 1.019357 -2.836896
v 1.450620 1.175951 -2.640533
v 2.226690 1.175951 -2.640533
v 1.450620 1.231839 -2.395673
v 2.226690 1.231839 -2.395673
v 1.450620 1.175951 -2.150812
v 2.226690 1.175951 -2.150812
v 1.450620 1.019357 -1.954450
v 2.226690 1.019357 -1.954450
v 1.450620 0.793072 -1.845476
v 2.226690 0.793072 -1.845476
v 1.450620 0.541914 -1.845476
v 2.226690 0.541914 -1.845476
v 1.450620 0.315629 -1.954449
v 2.226690 0.315629 -1.954449
v 1.450620 0.159035 -2.150812
v 2.226690 0.159035 -2.150812
v 1.450620 0.103147 -2.395673
v 2.226690 0.103147 -2.395673
v 1.450620 0.103147 -2.395673
v 2.226690 0.103147 -2.395673
v 2.228071 0.520088 -2.395673
v 2.228071 0.534686 -2.459629
v 2.228071 0.575588 -2.510918
v 2.228071 0.634692 -2.539382
v 2.228071 0.700294 -2.539382
v 2.228071 0.759398 -2.510919
v 2.228071 0.800300 -2.459629
v 2.228071 0.814898 -2.395673
v 2.228071 0.800300 -2.331717
v 2.228071 0.759398 -2.280427
v 2.228071 0.700293 -2.251964
v 2.228071 0.634692 -2.251964
v 2.228071 0.575588 -2.280427
v 2.228071 0.534686 -2.331716
v 1.840164 0.117328 -1.632534
v 1.840164 0.197508 -1.733076
v 2.237530 0.197508 -1.733076
v 2.237530 0.117328 -1.632534
v 1.840164 0.313371 -1.788873
v 2.237530 0.313371 -1.788873
v 1.840164 0.441970 -1.788873
v 2.237530 0.441970 -1.788873
v 1.840164 0.557833 -1.733076
v 2.237530 0.557833 -1.733076
v 1.840164 0.638013 -1.632534
v 2.237530 0.638013 -1.632534
v 1.840164 0.666629 -1.507160
v 2.237530 0.666629 -1.507160
v 1.840164 0.638013 -1.381785
v 2.237530 0.638013 -1.381785
v 1.840164 0.557833 -1.281243
v 2.237530 0.557833 -1.281243
v 1.840164 0.441970 -1.225446
v 2.237530 0.441970 -1.225446
v 1.840164 0.313371 -1.225446
v 2.237530 0.313371 -1.225446
v 1.840164 0.197508 -1.281243
v 2.237530 0.197508 -1.281243
v 1.840164 0.117328 -1.381785
v 2.237530 0.117328 -1.381785
v 1.840164 0.088712 -1.507160
v 2.237530 0.088712 -1.507160
v 1.840164 0.088712 -1.507160
v 2.237530 0.088712 -1.507160
v 2.204157 0.264651 -1.507160
v 2.204157 0.275844 -1.556197
v 2.204157 0.307204 -1.595522
v 2.204157 0.352521 -1.617345
v 2.204157 0.402820 -1.617345
v 2.204157 0.448137 -1.595522
v 2.204157 0.479498 -1.556197
v 2.204157 0.490690 -1.507160
v 2.204157 0.479498 -1.458122
v 2.204157 0.448137 -1.418798
v 2.204157 0.402820 -1.396974
v 2.204157 0.352521 -1.396974
v 2.204157 0.307204 -1.418798
v 2.204157 0.275844 -1.458122
v 1.840164 0.117328 -0.784257
v 1.840164 0.197508 -0.884799
v 2.237530 0.197508 -0.884799
v 2.237530 0.117328 -0.784257
v 1.840164 0.313371 -0.940596
v 2.237530 0.313371 -0.940596
v 1.840164 0.441970 -0.940596
v 2.237530 0.441970 -0.940596
v 1.840164 0.557833 -0.884799
v 2.237530 0.557833 -0.884799
v 1.840164 0.638013 -0.784257
v 2.237530 0.638013 -0.784257
v 1.840164 0.666629 -0.658882
v 2.237530 0.666629 -0.658882
v 1.840164 0.638013 -0.533508
v 2.237530 0.638013 -0.533508
v 1.840164 0.557833 -0.432966
v 2.237530 0.557833 -0.432966
v 1.840164 0.441970 -0.377169
v 2.237530 0.441970 -0.377169
v 1.840164 0.313371 -0.377169
v 2.237530 0.313371 -0.377169
v 1.840164 0.197508 -0.432966
v 2.237530 0.197508 -0.432966
v 1.840164 0.117328 -0.533508
v 2.237530 0.117328 -0.533508
v 1.840164 0.088712 -0.658882
v 2.237530 0.088712 -0.658882
v 1.840164 0.088712 -0.658882
v 2.237530 0.088712 -0.658882
v 2.204157 0.250291 -0.658882
v 2.204157 0.262906 -0.714150
v 2.204157 0.298251 -0.758472
v 2.204157 0.349326 -0.783068
v 2.204157 0.406015 -0.783068
v 2.204157 0.457091 -0.758472
v 2.204157 0.492436 -0.714150
v 2.204157 0.505050 -0.658882
v 2.204157 0.492436 -0.603615
v 2.204157 0.457091 -0.559293
v 2.204157 0.406015 -0.534697
v 2.204157 0.349326 -0.534697
v 2.204157 0.298251 -0.559293
v 2.204157 0.262906 -0.603615
v 1.840164 0.117328 0.025121
v 1.840164 0.197508 -0.075421
v 2.237530 0.197508 -0.075421
v 2.237530 0.117328 0.025121
v 1.840164 0.313371 -0.131218
v 2.237530 0.313371 -0.131218
v 1.840164 0.441970 -0.131218
v 2.237530 0.441970 -0.131218
v 1.840164 0.557833 -0.075421
v 2.237530 0.557833 -0.075421
v 1.840164 0.638013 0.025121
v 2.237530 0.638013 0.025121
v 1.840164 0.666629 0.150495
v 2.237530 0.666629 0.150495
v 1.840164 0.638013 0.275870
v 2.237530 0.638013 0.275870
v 1.840164 0.557833 0.376412
v 2.237530 0.557833 0.376412
v 1.840164 0.441970 0.432209
v 2.237530 0.441970 0.432209
v 1.840164 0.313371 0.432209
v 2.237530 0.313371 0.432209
v 1.840164 0.197508 0.376412
v 2.237530 0.197508 0.376412
v 1.840164 0.117328 0.275870
v 2.237530 0.117328 0.275870
v 1.840164 0.088712 0.150495
v 2.237530 0.088712 0.150495
v 1.840164 0.088712 0.150495
v 2.237530 0.088712 0.150495
v 2.204157 0.246207 0.150495
v 2.204157 0.259226 0.093456
v 2.204157 0.295704 0.047713
v 2.204157 0.348417 0.022328
v 2.204157 0.406924 0.022328
v 2.204157 0.459637 0.047713
v 2.204157 0.496115 0.093455
v 2.204157 0.509135 0.150495
v 2.204157 0.496115 0.207536
v 2.204157 0.459637 0.253278
v 2.204157 0.406924 0.278663
v 2.204157 0.348417 0.278663
v 2.204157 0.295704 0.253278
v 2.204157 0.259226 0.207536
v 1.822196 0.946919 -0.383239
v 1.822196 1.018555 -0.473068
v 2.177217 1.018555 -0.473068
v 2.177217 0.946919 -0.383239
v 1.822196 1.122071 -0.522919
v 2.177217 1.122071 -0.522919
v 1.822196 1.236966 -0.522919
v 2.177217 1.236966 -0.522919
v 1.822196 1.340482 -0.473068
v 2.177217 1.340482 -0.473068
v 1.822196 1.412118 -0.383240
v 2.177217 1.412118 -0.383240
v 1.822196 1.437685 -0.271226
v 2.177217 1.437685 -0.271226
v 1.822196 1.412118 -0.159212
v 2.177217 1.412118 -0.159212
v 1.822196 1.340483 -0.069383
v 2.177217 1.340483 -0.069383
v 1.822196 1.236966 -0.019532
v 2.177217 1.236966 -0.019532
v 1.822196 1.122071 -0.019532
v 2.177217 1.122071 -0.019532
v 1.822196 1.018555 -0.069383
v 2.177217 1.018555 -0.069383
v 1.822196 0.946919 -0.159211
v 2.177217 0.946919 -0.159211
v 1.822196 0.921353 -0.271226
v 2.177217 0.921353 -0.271226
v 1.822196 0.921353 -0.271226
v 2.177217 0.921353 -0.271226
v 2.143844 1.081842 -0.271226
v 2.143844 1.091515 -0.313606
v 2.143844 1.118618 -0.347592
v 2.143844 1.157784 -0.366453
v 2.143844 1.201254 -0.366453
v 2.143844 1.240419 -0.347592
v 2.143844 1.267522 -0.313606
v 2.143844 1.277195 -0.271226
v 2.143844 1.267522 -0.228845
v 2.143844 1.240419 -0.194859
v 2.143844 1.201254 -0.175998
v 2.143844 1.157784 -0.175998
v 2.143844 1.118618 -0.194859
v 2.143844 1.091515 -0.228845
v 1.822196 0.946919 -1.250493
v 1.822196 1.018555 -1.340321
v 2.177217 1.018555 -1.340321
v 2.177217 0.946919 -1.250493
v 1.822196 1.122071 -1.390172
v 2.177217 1.122071 -1.390172
v 1.822196 1.236966 -1.390172
v 2.177217 1.236966 -1.390172
v 1.822196 1.340482 -1.340321
v 2.177217 1.340482 -1.340321
v 1.822196 1.412118 -1.250493
v 2.177217 1.412118 -1.250493
v 1.822196 1.437685 -1.138479
v 2.177217 1.437685 -1.138479
v 1.822196 1.412118 -1.026465
v 2.177217 1.412118 -1.026465
v 1.822196 1.340483 -0.936637
v 2.177217 1.340483 -0.936637
v 1.822196 1.236966 -0.886786
v 2.177217 1.236966 -0.886786
v 1.822196 1.122071 -0.886786
v 2.177217 1.122071 -0.886786
v 1.822196 1.018555 -0.936637
v 2.177217 1.018555 -0.936637
v 1.822196 0.946919 -1.026465
v 2.177217 0.946919 -1.026465
v 1.822196 0.921353 -1.138479
v 2.177217 0.921353 -1.138479
v 1.822196 0.921353 -1.138479
v 2.177217 0.921353 -1.138479
v 2.143844 1.085929 -1.138479
v 2.143844 1.095197 -1.179086
v 2.143844 1.121166 -1.211650
v 2.143844 1.158693 -1.229722
v 2.143844 1.200344 -1.229722
v 2.143844 1.237871 -1.211650
v 2.143844 1.263840 -1.179086
v 2.143844 1.273109 -1.138479
v 2.143844 1.263840 -1.097872
v 2.143844 1.237871 -1.065307
v 2.143844 1.200344 -1.047235
v 2.143844 1.158693 -1.047235
v 2.143844 1.121166 -1.065307
v 2.143844 1.095197 -1.097872
v 2.219682 0.112671 1.376545
v 2.219682 0.191755 1.030054
v 2.219682 0.274835 1.070063
v 2.219682 0.204883 1.376545
v 2.219682 0.413344 0.752190
v 2.219682 0.470837 0.824284
v 2.219682 0.733550 0.597987
v 2.219682 0.754069 0.687887
v 2.219682 1.088951 0.597987
v 2.219682 1.068432 0.687887
v 2.219682 1.409156 0.752190
v 2.219682 1.351663 0.824284
v 2.219682 1.630746 1.030054
v 2.219682 1.547665 1.070063
v 2.219682 1.709830 1.376544
v 2.219682 1.617618 1.376544
v 2.219682 1.630746 1.723035
v 2.219682 1.547665 1.683026
v 2.219682 1.409157 2.000899
v 2.219682 1.351663 1.928805
v 2.219682 1.088951 2.155102
v 2.219682 1.068432 2.065202
v 2.219682 0.733550 2.155102
v 2.219682 0.754069 2.065202
v 2.219682 0.413344 2.000899
v 2.219682 0.470838 1.928805
v 2.219682 0.191755 1.723035
v 2.219682 0.274835 1.683026
v 2.226690 0.103147 -2.395673
v 2.226690 0.159035 -2.640533
v 2.226690 0.242115 -2.600524
v 2.226690 0.195359 -2.395673
v 2.226690 0.315629 -2.836896
v 2.226690 0.373122 -2.764802
v 2.226690 0.541914 -2.945869
v 2.226690 0.562433 -2.855969
v 2.226690 0.793072 -2.945869
v 2.226690 0.772553 -2.855969
v 2.226690 1.019357 -2.836896
v 2.226690 0.961863 -2.764802
v 2.226690 1.175951 -2.640533
v 2.226690 1.092871 -2.600524
v 2.226690 1.231839 -2.395673
v 2.226690 1.139627 -2.395673
v 2.226690 1.175951 -2.150812
v 2.226690 1.092871 -2.190822
v 2.226690 1.019357 -1.954450
v 2.226690 0.961864 -2.026544
v 2.226690 0.793072 -1.845476
v 2.226690 0.772553 -1.935376
v 2.226690 0.541914 -1.845476
v 2.226690 0.562433 -1.935376
v 2.226690 0.315629 -1.954449
v 2.226690 0.373122 -2.026544
v 2.226690 0.159035 -2.150812
v 2.226690 0.242115 -2.190822
v 2.237530 0.088712 -1.507160
v 2.237530 0.117328 -1.632534
v 2.237530 0.170861 -1.606753
v 2.237530 0.148130 -1.507160
v 2.237530 0.197508 -1.733076
v 2.237530 0.234554 -1.686622
v 2.237530 0.313371 -1.788873
v 2.237530 0.326593 -1.730945
v 2.237530 0.441970 -1.788873
v 2.237530 0.428748 -1.730945
v 2.237530 0.557833 -1.733076
v 2.237530 0.520787 -1.686622
v 2.237530 0.638013 -1.632534
v 2.237530 0.584480 -1.606754
v 2.237530 0.666629 -1.507160
v 2.237530 0.607212 -1.507160
v 2.237530 0.638013 -1.381785
v 2.237530 0.584480 -1.407566
v 2.237530 0.557833 -1.281243
v 2.237530 0.520787 -1.327698
v 2.237530 0.441970 -1.225446
v 2.237530 0.428748 -1.283374
v 2.237530 0.313371 -1.225446
v 2.237530 0.326593 -1.283374
v 2.237530 0.197508 -1.281243
v 2.237530 0.234554 -1.327697
v 2.237530 0.117328 -1.381785
v 2.237530 0.170861 -1.407566
v 2.237530 0.088712 -0.658882
v 2.237530 0.117328 -0.784257
v 2.237530 0.157923 -0.764707
v 2.237530 0.133770 -0.658882
v 2.237530 0.197508 -0.884799
v 2.237530 0.225601 -0.849572
v 2.237530 0.313371 -0.940596
v 2.237530 0.323398 -0.896668
v 2.237530 0.441970 -0.940596
v 2.237530 0.431944 -0.896668
v 2.237530 0.557833 -0.884799
v 2.237530 0.529740 -0.849572
v 2.237530 0.638013 -0.784257
v 2.237530 0.597418 -0.764707
v 2.237530 0.666629 -0.658882
v 2.237530 0.621572 -0.658882
v 2.237530 0.638013 -0.533508
v 2.237530 0.597418 -0.553058
v 2.237530 0.557833 -0.432966
v 2.237530 0.529740 -0.468193
v 2.237530 0.441970 -0.377169
v 2.237530 0.431944 -0.421097
v 2.237530 0.313371 -0.377169
v 2.237530 0.323398 -0.421097
v 2.237530 0.197508 -0.432966
v 2.237530 0.225601 -0.468193
v 2.237530 0.117328 -0.533508
v 2.237530 0.157924 -0.553058
v 2.237530 0.088712 0.150495
v 2.237530 0.117328 0.025121
v 2.237530 0.154244 0.042899
v 2.237530 0.129685 0.150495
v 2.237530 0.197508 -0.075421
v 2.237530 0.223054 -0.043387
v 2.237530 0.313371 -0.131218
v 2.237530 0.322489 -0.091272
v 2.237530 0.441970 -0.131218
v 2.237530 0.432853 -0.091272
v 2.237530 0.557833 -0.075421
v 2.237530 0.532287 -0.043387
v 2.237530 0.638013 0.025121
v 2.237530 0.601098 0.042899
v 2.237530 0.666629 0.150495
v 2.237530 0.625656 0.150495
v 2.237530 0.638013 0.275870
v 2.237530 0.601098 0.258092
v 2.237530 0.557833 0.376412
v 2.237530 0.532287 0.344378
v 2.237530 0.441970 0.432209
v 2.237530 0.432853 0.392263
v 2.237530 0.313371 0.432209
v 2.237530 0.322489 0.392263
v 2.237530 0.197508 0.376412
v 2.237530 0.223054 0.344378
v 2.237530 0.117328 0.275870
v 2.237530 0.154244 0.258092
v 2.177217 0.921353 -0.271226
v 2.177217 0.946919 -0.383239
v 2.177217 0.986533 -0.364162
v 2.177217 0.965320 -0.271226
v 2.177217 1.018555 -0.473068
v 2.177217 1.045968 -0.438692
v 2.177217 1.122071 -0.522919
v 2.177217 1.131855 -0.480053
v 2.177217 1.236966 -0.522919
v 2.177217 1.227182 -0.480053
v 2.177217 1.340482 -0.473068
v 2.177217 1.313069 -0.438692
v 2.177217 1.412118 -0.383240
v 2.177217 1.372504 -0.364163
v 2.177217 1.437685 -0.271226
v 2.177217 1.393717 -0.271226
v 2.177217 1.412118 -0.159212
v 2.177217 1.372504 -0.178288
v 2.177217 1.340483 -0.069383
v 2.177217 1.313069 -0.103759
v 2.177217 1.236966 -0.019532
v 2.177217 1.227182 -0.062398
v 2.177217 1.122071 -0.019532
v 2.177217 1.131855 -0.062398
v 2.177217 1.018555 -0.069383
v 2.177217 1.045968 -0.103759
v 2.177217 0.946919 -0.159211
v 2.177217 0.986533 -0.178288
v 2.177217 0.921353 -1.138479
v 2.177217 0.946919 -1.250493
v 2.177217 0.990215 -1.229643
v 2.177217 0.969407 -1.138479
v 2.177217 1.018555 -1.340321
v 2.177217 1.048516 -1.302751
v 2.177217 1.122071 -1.390172
v 2.177217 1.132764 -1.343322
v 2.177217 1.236966 -1.390172
v 2.177217 1.226273 -1.343322
v 2.177217 1.340482 -1.340321
v 2.177217 1.310521 -1.302750
v 2.177217 1.412118 -1.250493
v 2.177217 1.368823 -1.229643
v 2.177217 1.437685 -1.138479
v 2.177217 1.389630 -1.138479
v 2.177217 1.412118 -1.026465
v 2.177217 1.368823 -1.047315
v 2.177217 1.340483 -0.936637
v 2.177217 1.310521 -0.974207
v 2.177217 1.236966 -0.886786
v 2.177217 1.226273 -0.933635
v 2.177217 1.122071 -0.886786
v 2.177217 1.132764 -0.933635
v 2.177217 1.018555 -0.936637
v 2.177217 1.048516 -0.974207
v 2.177217 0.946919 -1.026465
v 2.177217 0.990215 -1.047315
v 2.219682 0.204883 1.376545
v 2.219682 0.274835 1.070063
v 2.110827 0.274835 1.070063
v 2.110827 0.204883 1.376545
v 2.219682 0.470837 0.824284
v 2.110827 0.470837 0.824284
v 2.219682 0.754069 0.687887
v 2.110827 0.754069 0.687887
v 2.219682 1.068432 0.687887
v 2.110827 1.068432 0.687887
v 2.219682 1.351663 0.824284
v 2.110827 1.351663 0.824284
v 2.219682 1.547665 1.070063
v 2.110827 1.547665 1.070063
v 2.219682 1.617618 1.376544
v 2.110827 1.617618 1.376544
v 2.219682 1.547665 1.683026
v 2.110827 1.547665 1.683026
v 2.219682 1.351663 1.928805
v 2.110827 1.351663 1.928805
v 2.219682 1.068432 2.065202
v 2.110827 1.068432 2.065202
v 2.219682 0.754069 2.065202
v 2.110827 0.754069 2.065202
v 2.219682 0.470838 1.928805
v 2.110827 0.470838 1.928805
v 2.219682 0.274835 1.683026
v 2.110827 0.274835 1.683026
v 2.226690 0.195359 -2.395673
v 2.226690 0.242115 -2.600524
v 2.117835 0.242115 -2.600524
v 2.117835 0.195359 -2.395673
v 2.226690 0.373122 -2.764802
v 2.117835 0.373122 -2.764802
v 2.226690 0.562433 -2.855969
v 2.117835 0.562433 -2.855969
v 2.226690 0.772553 -2.855969
v 2.117835 0.772553 -2.855969
v 2.226690 0.961863 -2.764802
v 2.117835 0.961863 -2.764802
v 2.226690 1.092871 -2.600524
v 2.117835 1.092871 -2.600524
v 2.226690 1.139627 -2.395673
v 2.117835 1.139627 -2.395673
v 2.226690 1.092871 -2.190822
v 2.117835 1.092871 -2.190822
v 2.226690 0.961864 -2.026544
v 2.117835 0.961864 -2.026544
v 2.226690 0.772553 -1.935376
v 2.117835 0.772553 -1.935376
v 2.226690 0.562433 -1.935376
v 2.117835 0.562433 -1.935376
v 2.226690 0.373122 -2.026544
v 2.117835 0.373122 -2.026544
v 2.226690 0.242115 -2.190822
v 2.117835 0.242115 -2.190822
v 2.110827 0.204883 1.376545
v 2.110827 0.274835 1.070063
v 2.110827 0.345717 1.104198
v 2.110827 0.283555 1.376545
v 2.110827 0.470837 0.824284
v 2.110827 0.519889 0.885793
v 2.110827 0.754069 0.687887
v 2.110827 0.771575 0.764587
v 2.110827 1.068432 0.687887
v 2.110827 1.050925 0.764587
v 2.110827 1.351663 0.824284
v 2.110827 1.302612 0.885793
v 2.110827 1.547665 1.070063
v 2.110827 1.476784 1.104198
v 2.110827 1.617618 1.376544
v 2.110827 1.538945 1.376544
v 2.110827 1.547665 1.683026
v 2.110827 1.476784 1.648891
v 2.110827 1.351663 1.928805
v 2.110827 1.302612 1.867296
v 2.110827 1.068432 2.065202
v 2.110827 1.050926 1.988502
v 2.110827 0.754069 2.065202
v 2.110827 0.771575 1.988502
v 2.110827 0.470838 1.928805
v 2.110827 0.519889 1.867296
v 2.110827 0.274835 1.683026
v 2.110827 0.345717 1.648891
v 2.117835 0.195359 -2.395673
v 2.117835 0.242115 -2.600524
v 2.117835 0.312997 -2.566389
v 2.117835 0.274032 -2.395673
v 2.117835 0.373122 -2.764802
v 2.117835 0.422174 -2.703293
v 2.117835 0.562433 -2.855969
v 2.117835 0.579940 -2.779269
v 2.117835 0.772553 -2.855969
v 2.117835 0.755046 -2.779269
v 2.117835 0.961863 -2.764802
v 2.117835 0.912812 -2.703293
v 2.117835 1.092871 -2.600524
v 2.117835 1.021989 -2.566389
v 2.117835 1.139627 -2.395673
v 2.117835 1.060954 -2.395673
v 2.117835 1.092871 -2.190822
v 2.117835 1.021989 -2.224956
v 2.117835 0.961864 -2.026544
v 2.117835 0.912812 -2.088052
v 2.117835 0.772553 -1.935376
v 2.117835 0.755046 -2.012076
v 2.117835 0.562433 -1.935376
v 2.117835 0.579940 -2.012076
v 2.117835 0.373122 -2.026544
v 2.117835 0.422174 -2.088052
v 2.117835 0.242115 -2.190822
v 2.117835 0.312997 -2.224956
v 2.110827 0.283555 1.376545
v 2.110827 0.345717 1.104198
v 2.027709 0.345717 1.104198
v 2.027709 0.283555 1.376545
v 2.110827 0.519889 0.885793
v 2.027709 0.519889 0.885793
v 2.110827 0.771575 0.764587
v 2.027709 0.771575 0.764587
v 2.110827 1.050925 0.764587
v 2.027709 1.050925 0.764587
v 2.110827 1.302612 0.885793
v 2.027709 1.302612 0.885793
v 2.110827 1.476784 1.104198
v 2.027709 1.476784 1.104198
v 2.110827 1.538945 1.376544
v 2.027709 1.538945 1.376544
v 2.110827 1.476784 1.648891
v 2.027709 1.476784 1.648891
v 2.110827 1.302612 1.867296
v 2.027709 1.302612 1.867296
v 2.110827 1.050926 1.988502
v 2.027709 1.050926 1.988502
v 2.110827 0.771575 1.988502
v 2.027709 0.771575 1.988502
v 2.110827 0.519889 1.867296
v 2.027709 0.519889 1.867296
v 2.110827 0.345717 1.648891
v 2.027709 0.345717 1.648891
v 2.117835 0.274032 -2.395673
v 2.117835 0.312997 -2.566389
v 2.034716 0.312997 -2.566389
v 2.034716 0.274032 -2.395673
v 2.117835 0.422174 -2.703293
v 2.034716 0.422174 -2.703293
v 2.117835 0.579940 -2.779269
v 2.034716 0.579940 -2.779269
v 2.117835 0.755046 -2.779269
v 2.034716 0.755046 -2.779269
v 2.117835 0.912812 -2.703293
v 2.034716 0.912812 -2.703293
v 2.117835 1.021989 -2.566389
v 2.034716 1.021989 -2.566389
v 2.117835 1.060954 -2.395673
v 2.034716 1.060954 -2.395673
v 2.117835 1.021989 -2.224956
v 2.034716 1.021989 -2.224956
v 2.117835 0.912812 -2.088052
v 2.034716 0.912812 -2.088052
v 2.117835 0.755046 -2.012076
v 2.034716 0.755046 -2.012076
v 2.117835 0.579940 -2.012076
v 2.034716 0.579940 -2.012076
v 2.117835 0.422174 -2.088052
v 2.034716 0.422174 -2.088052
v 2.117835 0.312997 -2.224956
v 2.034716 0.312997 -2.224956
v 2.027709 0.283555 1.376545
v 2.027709 0.345717 1.104198
v 2.075804 0.680879 1.265604
v 2.075804 0.655557 1.376545
v 2.027709 0.519889 0.885793
v 2.075804 0.751828 1.176636
v 2.027709 0.771575 0.764587
v 2.075804 0.854353 1.127263
v 2.027709 1.050925 0.764587
v 2.075804 0.968147 1.127263
v 2.027709 1.302612 0.885793
v 2.075804 1.070672 1.176636
v 2.027709 1.476784 1.104198
v 2.075804 1.141622 1.265604
v 2.027709 1.538945 1.376544
v 2.075804 1.166943 1.376545
v 2.027709 1.476784 1.648891
v 2.075804 1.141622 1.487486
v 2.027709 1.302612 1.867296
v 2.075804 1.070672 1.576453
v 2.027709 1.050926 1.988502
v 2.075804 0.968147 1.625827
v 2.027709 0.771575 1.988502
v 2.075804 0.854353 1.625827
v 2.027709 0.519889 1.867296
v 2.075804 0.751828 1.576453
v 2.027709 0.345717 1.648891
v 2.075804 0.680879 1.487486
v 2.034716 0.274032 -2.395673
v 2.034716 0.312997 -2.566389
v 2.082812 0.483766 -2.484151
v 2.082812 0.463571 -2.395673
v 2.034716 0.422174 -2.703293
v 2.082812 0.540350 -2.555105
v 2.034716 0.579940 -2.779269
v 2.082812 0.622116 -2.594481
v 2.034716 0.755046 -2.779269
v 2.082812 0.712870 -2.594481
v 2.034716 0.912812 -2.703293
v 2.082812 0.794636 -2.555105
v 2.034716 1.021989 -2.566389
v 2.082812 0.851220 -2.484151
v 2.034716 1.060954 -2.395673
v 2.082812 0.871415 -2.395673
v 2.034716 1.021989 -2.224956
v 2.082812 0.851220 -2.307195
v 2.034716 0.912812 -2.088052
v 2.082812 0.794636 -2.236241
v 2.034716 0.755046 -2.012076
v 2.082812 0.712869 -2.196864
v 2.034716 0.579940 -2.012076
v 2.082812 0.622116 -2.196864
v 2.034716 0.422174 -2.088052
v 2.082812 0.540350 -2.236240
v 2.034716 0.312997 -2.224956
v 2.082812 0.483766 -2.307194
v 2.237530 0.148130 -1.507160
v 2.237530 0.170861 -1.606753
v 2.160089 0.170861 -1.606753
v 2.160089 0.148130 -1.507160
v 2.237530 0.234554 -1.686622
v 2.160089 0.234554 -1.686622
v 2.237530 0.326593 -1.730945
v 2.160089 0.326593 -1.730945
v 2.237530 0.428748 -1.730945
v 2.160089 0.428748 -1.730945
v 2.237530 0.520787 -1.686622
v 2.160089 0.520787 -1.686622
v 2.237530 0.584480 -1.606754
v 2.160089 0.584480 -1.606754
v 2.237530 0.607212 -1.507160
v 2.160089 0.607212 -1.507160
v 2.237530 0.584480 -1.407566
v 2.160089 0.584480 -1.407566
v 2.237530 0.520787 -1.327698
v 2.160089 0.520787 -1.327698
v 2.237530 0.428748 -1.283374
v 2.160089 0.428748 -1.283374
v 2.237530 0.326593 -1.283374
v 2.160089 0.326593 -1.283374
v 2.237530 0.234554 -1.327697
v 2.160089 0.234554 -1.327697
v 2.237530 0.170861 -1.407566
v 2.160089 0.170862 -1.407566
v 2.237530 0.133770 -0.658882
v 2.237530 0.157923 -0.764707
v 2.160089 0.157923 -0.764707
v 2.160089 0.133770 -0.658882
v 2.237530 0.225601 -0.849572
v 2.160089 0.225601 -0.849572
v 2.237530 0.323398 -0.896668
v 2.160089 0.323398 -0.896668
v 2.237530 0.431944 -0.896668
v 2.160089 0.431944 -0.896668
v 2.237530 0.529740 -0.849572
v 2.160089 0.529740 -0.849572
v 2.237530 0.597418 -0.764707
v 2.160089 0.597418 -0.764707
v 2.237530 0.621572 -0.658882
v 2.160089 0.621572 -0.658882
v 2.237530 0.597418 -0.553058
v 2.160089 0.597418 -0.553058
v 2.237530 0.529740 -0.468193
v 2.160089 0.529740 -0.468193
v 2.237530 0.431944 -0.421097
v 2.160089 0.431944 -0.421097
v 2.237530 0.323398 -0.421097
v 2.160089 0.323398 -0.421097
v 2.237530 0.225601 -0.468193
v 2.160089 0.225601 -0.468193
v 2.237530 0.157924 -0.553058
v 2.160089 0.157924 -0.553058
v 2.237530 0.129685 0.150495
v 2.237530 0.154244 0.042899
v 2.160089 0.154244 0.042899
v 2.160089 0.129685 0.150495
v 2.237530 0.223054 -0.043387
v 2.160089 0.223054 -0.043387
v 2.237530 0.322489 -0.091272
v 2.160089 0.322489 -0.091272
v 2.237530 0.432853 -0.091272
v 2.160089 0.432853 -0.091272
v 2.237530 0.532287 -0.043387
v 2.160089 0.532287 -0.043387
v 2.237530 0.601098 0.042899
v 2.160089 0.601098 0.042899
v 2.237530 0.625656 0.150495
v 2.160089 0.625656 0.150495
v 2.237530 0.601098 0.258092
v 2.160089 0.601098 0.258092
v 2.237530 0.532287 0.344378
v 2.160089 0.532287 0.344378
v 2.237530 0.432853 0.392263
v 2.160089 0.432853 0.392263
v 2.237530 0.322489 0.392263
v 2.160089 0.322489 0.392263
v 2.237530 0.223054 0.344378
v 2.160089 0.223054 0.344378
v 2.237530 0.154244 0.258092
v 2.160089 0.154244 0.258092
v 2.177217 0.965320 -0.271226
v 2.177217 0.986533 -0.364162
v 2.099776 0.986533 -0.364162
v 2.099776 0.965320 -0.271226
v 2.177217 1.045968 -0.438692
v 2.099776 1.045968 -0.438692
v 2.177217 1.131855 -0.480053
v 2.099776 1.131855 -0.480053
v 2.177217 1.227182 -0.480053
v 2.099776 1.227182 -0.480053
v 2.177217 1.313069 -0.438692
v 2.099776 1.313069 -0.438692
v 2.177217 1.372504 -0.364163
v 2.099776 1.372504 -0.364163
v 2.177217 1.393717 -0.271226
v 2.099776 1.393717 -0.271226
v 2.177217 1.372504 -0.178288
v 2.099776 1.372504 -0.178288
v 2.177217 1.313069 -0.103759
v 2.099776 1.313069 -0.103759
v 2.177217 1.227182 -0.062398
v 2.099776 1.227182 -0.062398
v 2.177217 1.131855 -0.062398
v 2.099776 1.131855 -0.062398
v 2.177217 1.045968 -0.103759
v 2.099776 1.045968 -0.103759
v 2.177217 0.986533 -0.178288
v 2.099776 0.986533 -0.178288
v 2.177217 0.969407 -1.138479
v 2.177217 0.990215 -1.229643
v 2.099776 0.990215 -1.229643
v 2.099776 0.969407 -1.138479
v 2.177217 1.048516 -1.302751
v 2.099776 1.048516 -1.302751
v 2.177217 1.132764 -1.343322
v 2.099776 1.132764 -1.343322
v 2.177217 1.226273 -1.343322
v 2.099776 1.226273 -1.343322
v 2.177217 1.310521 -1.302750
v 2.099776 1.310521 -1.302750
v 2.177217 1.368823 -1.229643
v 2.099776 1.368823 -1.229643
v 2.177217 1.389630 -1.138479
v 2.099776 1.389630 -1.138479
v 2.177217 1.368823 -1.047315
v 2.099776 1.368823 -1.047315
v 2.177217 1.310521 -0.974207
v 2.099776 1.310521 -0.974207
v 2.177217 1.226273 -0.933635
v 2.099776 1.226273 -0.933635
v 2.177217 1.132764 -0.933635
v 2.099776 1.132764 -0.933635
v 2.177217 1.048516 -0.974207
v 2.099776 1.048516 -0.974207
v 2.177217 0.990215 -1.047315
v 2.099776 0.990215 -1.047315
v 2.160089 0.148130 -1.507160
v 2.160089 0.170861 -1.606753
v 2.160089 0.275844 -1.556197
v 2.160089 0.264651 -1.507160
v 2.160089 0.234554 -1.686622
v 2.160089 0.307204 -1.595522
v 2.160089 0.326593 -1.730945
v 2.160089 0.352521 -1.617345
v 2.160089 0.428748 -1.730945
v 2.160089 0.402820 -1.617345
v 2.160089 0.520787 -1.686622
v 2.160089 0.448137 -1.595522
v 2.160089 0.584480 -1.606754
v 2.160089 0.479498 -1.556197
v 2.160089 0.607212 -1.507160
v 2.160089 0.490690 -1.507160
v 2.160089 0.584480 -1.407566
v 2.160089 0.479498 -1.458122
v 2.160089 0.520787 -1.327698
v 2.160089 0.448137 -1.418798
v 2.160089 0.428748 -1.283374
v 2.160089 0.402820 -1.396974
v 2.160089 0.326593 -1.283374
v 2.160089 0.352521 -1.396974
v 2.160089 0.234554 -1.327697
v 2.160089 0.307204 -1.418798
v 2.160089 0.170862 -1.407566
v 2.160089 0.275844 -1.458122
v 2.160089 0.133770 -0.658882
v 2.160089 0.157923 -0.764707
v 2.160089 0.262906 -0.714150
v 2.160089 0.250291 -0.658882
v 2.160089 0.225601 -0.849572
v 2.160089 0.298251 -0.758472
v 2.160089 0.323398 -0.896668
v 2.160089 0.349326 -0.783068
v 2.160089 0.431944 -0.896668
v 2.160089 0.406015 -0.783068
v 2.160089 0.529740 -0.849572
v 2.160089 0.457091 -0.758472
v 2.160089 0.597418 -0.764707
v 2.160089 0.492436 -0.714150
v 2.160089 0.621572 -0.658882
v 2.160089 0.505050 -0.658882
v 2.160089 0.597418 -0.553058
v 2.160089 0.492436 -0.603615
v 2.160089 0.529740 -0.468193
v 2.160089 0.457091 -0.559293
v 2.160089 0.431944 -0.421097
v 2.160089 0.406015 -0.534697
v 2.160089 0.323398 -0.421097
v 2.160089 0.349326 -0.534697
v 2.160089 0.225601 -0.468193
v 2.160089 0.298251 -0.559293
v 2.160089 0.157924 -0.553058
v 2.160089 0.262906 -0.603615
v 2.160089 0.129685 0.150495
v 2.160089 0.154244 0.042899
v 2.160089 0.259226 0.093456
v 2.160089 0.246207 0.150495
v 2.160089 0.223054 -0.043387
v 2.160089 0.295704 0.047713
v 2.160089 0.322489 -0.091272
v 2.160089 0.348417 0.022328
v 2.160089 0.432853 -0.091272
v 2.160089 0.406924 0.022328
v 2.160089 0.532287 -0.043387
v 2.160089 0.459637 0.047713
v 2.160089 0.601098 0.042899
v 2.160089 0.496115 0.093455
v 2.160089 0.625656 0.150495
v 2.160089 0.509135 0.150495
v 2.160089 0.601098 0.258092
v 2.160089 0.496115 0.207536
v 2.160089 0.532287 0.344378
v 2.160089 0.459637 0.253278
v 2.160089 0.432853 0.392263
v 2.160089 0.406924 0.278663
v 2.160089 0.322489 0.392263
v 2.160089 0.348417 0.278663
v 2.160089 0.223054 0.344378
v 2.160089 0.295704 0.253278
v 2.160089 0.154244 0.258092
v 2.160089 0.259226 0.207536
v 2.099776 0.965320 -0.271226
v 2.099776 0.986533 -0.364162
v 2.099776 1.091515 -0.313606
v 2.099776 1.081842 -0.271226
v 2.099776 1.045968 -0.438692
v 2.099776 1.118618 -0.347592
v 2.099776 1.131855 -0.480053
v 2.099776 1.157784 -0.366453
v 2.099776 1.227182 -0.480053
v 2.099776 1.201254 -0.366453
v 2.099776 1.313069 -0.438692
v 2.099776 1.240419 -0.347592
v 2.099776 1.372504 -0.364163
v 2.099776 1.267522 -0.313606
v 2.099776 1.393717 -0.271226
v 2.099776 1.277195 -0.271226
v 2.099776 1.372504 -0.178288
v 2.099776 1.267522 -0.228845
v 2.099776 1.313069 -0.103759
v 2.099776 1.240419 -0.194859
v 2.099776 1.227182 -0.062398
v 2.099776 1.201254 -0.175998
v 2.099776 1.131855 -0.062398
v 2.099776 1.157784 -0.175998
v 2.099776 1.045968 -0.103759
v 2.099776 1.118618 -0.194859
v 2.099776 0.986533 -0.178288
v 2.099776 1.091515 -0.228845
v 2.099776 0.969407 -1.138479
v 2.099776 0.990215 -1.229643
v 2.099776 1.095197 -1.179086
v 2.099776 1.085929 -1.138479
v 2.099776 1.048516 -1.302751
v 2.099776 1.121166 -1.211650
v 2.099776 1.132764 -1.343322
v 2.099776 1.158693 -1.229722
v 2.099776 1.226273 -1.343322
v 2.099776 1.200344 -1.229722
v 2.099776 1.310521 -1.302750
v 2.099776 1.237871 -1.211650
v 2.099776 1.368823 -1.229643
v 2.099776 1.263840 -1.179086
v 2.099776 1.389630 -1.138479
v 2.099776 1.273109 -1.138479
v 2.099776 1.368823 -1.047315
v 2.099776 1.263840 -1.097872
v 2.099776 1.310521 -0.974207
v 2.099776 1.237871 -1.065307
v 2.099776 1.226273 -0.933635
v 2.099776 1.200344 -1.047235
v 2.099776 1.132764 -0.933635
v 2.099776 1.158693 -1.047235
v 2.099776 1.048516 -0.974207
v 2.099776 1.121166 -1.065307
v 2.099776 0.990215 -1.047315
v 2.099776 1.095197 -1.097872
v 2.160089 0.264651 -1.507160
v 2.160089 0.275844 -1.556197
v 2.204157 0.275844 -1.556197
v 2.204157 0.264651 -1.507160
v 2.160089 0.307204 -1.595522
v 2.204157 0.307204 -1.595522
v 2.160089 0.352521 -1.617345
v 2.204157 0.352521 -1.617345
v 2.160089 0.402820 -1.617345
v 2.204157 0.402820 -1.617345
v 2.160089 0.448137 -1.595522
v 2.204157 0.448137 -1.595522
v 2.160089 0.479498 -1.556197
v 2.204157 0.479498 -1.556197
v 2.160089 0.490690 -1.507160
v 2.204157 0.490690 -1.507160
v 2.160089 0.479498 -1.458122
v 2.204157 0.479498 -1.458122
v 2.160089 0.448137 -1.418798
v 2.204157 0.448137 -1.418798
v 2.160089 0.402820 -1.396974
v 2.204157 0.402820 -1.396974
v 2.160089 0.352521 -1.396974
v 2.204157 0.352521 -1.396974
v 2.160089 0.307204 -1.418798
v 2.204157 0.307204 -1.418798
v 2.160089 0.275844 -1.458122
v 2.204157 0.275844 -1.458122
v 2.160089 0.250291 -0.658882
v 2.160089 0.262906 -0.714150
v 2.204157 0.262906 -0.714150
v 2.204157 0.250291 -0.658882
v 2.160089 0.298251 -0.758472
v 2.204157 0.298251 -0.758472
v 2.160089 0.349326 -0.783068
v 2.204157 0.349326 -0.783068
v 2.160089 0.406015 -0.783068
v 2.204157 0.406015 -0.783068
v 2.160089 0.457091 -0.758472
v 2.204157 0.457091 -0.758472
v 2.160089 0.492436 -0.714150
v 2.204157 0.492436 -0.714150
v 2.160089 0.505050 -0.658882
v 2.204157 0.505050 -0.658882
v 2.160089 0.492436 -0.603615
v 2.204157 0.492436 -0.603615
v 2.160089 0.457091 -0.559293
v 2.204157 0.457091 -0.559293
v 2.160089 0.406015 -0.534697
v 2.204157 0.406015 -0.534697
v 2.160089 0.349326 -0.534697
v 2.204157 0.349326 -0.534697
v 2.160089 0.298251 -0.559293
v 2.204157 0.298251 -0.559293
v 2.160089 0.262906 -0.603615
v 2.204157 0.262906 -0.603615
v 2.160089 0.246207 0.150495
v 2.160089 0.259226 0.093456
v 2.204157 0.259226 0.093456
v 2.204157 0.246207 0.150495
v 2.160089 0.295704 0.047713
v 2.204157 0.295704 0.047713
v 2.160089 0.348417 0.022328
v 2.204157 0.348417 0.022328
v 2.160089 0.406924 0.022328
v 2.204157 0.406924 0.022328
v 2.160089 0.459637 0.047713
v 2.204157 0.459637 0.047713
v 2.160089 0.496115 0.093455
v 2.204157 0.496115 0.093455
v 2.160089 0.509135 0.150495
v 2.204157 0.509135 0.150495
v 2.160089 0.496115 0.207536
v 2.204157 0.496115 0.207536
v 2.160089 0.459637 0.253278
v 2.204157 0.459637 0.253278
v 2.160089 0.406924 0.278663
v 2.204157 0.406924 0.278663
v 2.160089 0.348417 0.278663
v 2.204157 0.348417 0.278663
v 2.160089 0.295704 0.253278
v 2.204157 0.295704 0.253278
v 2.160089 0.259226 0.207536
v 2.204157 0.259226 0.207536
v 2.099776 1.081842 -0.271226
v 2.099776 1.091515 -0.313606
v 2.143844 1.091515 -0.313606
v 2.143844 1.081842 -0.271226
v 2.099776 1.118618 -0.347592
v 2.143844 1.118618 -0.347592
v 2.099776 1.157784 -0.366453
v 2.143844 1.157784 -0.366453
v 2.099776 1.201254 -0.366453
v 2.143844 1.201254 -0.366453
v 2.099776 1.240419 -0.347592
v 2.143844 1.240419 -0.347592
v 2.099776 1.267522 -0.313606
v 2.143844 1.267522 -0.313606
v 2.099776 1.277195 -0.271226
v 2.143844 1.277195 -0.271226
v 2.099776 1.267522 -0.228845
v 2.143844 1.267522 -0.228845
v 2.099776 1.240419 -0.194859
v 2.143844 1.240419 -0.194859
v 2.099776 1.201254 -0.175998
v 2.143844 1.201254 -0.175998
v 2.099776 1.157784 -0.175998
v 2.143844 1.157784 -0.175998
v 2.099776 1.118618 -0.194859
v 2.143844 1.118618 -0.194859
v 2.099776 1.091515 -0.228845
v 2.143844 1.091515 -0.228845
v 2.099776 1.085929 -1.138479
v 2.099776 1.095197 -1.179086
v 2.143844 1.095197 -1.179086
v 2.143844 1.085929 -1.138479
v 2.099776 1.121166 -1.211650
v 2.143844 1.121166 -1.211650
v 2.099776 1.158693 -1.229722
v 2.143844 1.158693 -1.229722
v 2.099776 1.200344 -1.229722
v 2.143844 1.200344 -1.229722
v 2.099776 1.237871 -1.211650
v 2.143844 1.237871 -1.211650
v 2.099776 1.263840 -1.179086
v 2.143844 1.263840 -1.179086
v 2.099776 1.273109 -1.138479
v 2.143844 1.273109 -1.138479
v 2.099776 1.263840 -1.097872
v 2.143844 1.263840 -1.097872
v 2.099776 1.237871 -1.065307
v 2.143844 1.237871 -1.065307
v 2.099776 1.200344 -1.047235
v 2.143844 1.200344 -1.047235
v 2.099776 1.158693 -1.047235
v 2.143844 1.158693 -1.047235
v 2.099776 1.121166 -1.065307
v 2.143844 1.121166 -1.065307
v 2.099776 1.095197 -1.097872
v 2.143844 1.095197 -1.097872
v 2.075804 0.655557 1.376545
v 2.075804 0.680879 1.265604
v 2.155429 0.680879 1.265604
v 2.155429 0.655557 1.376545
v 2.075804 0.751828 1.176636
v 2.155429 0.751828 1.176636
v 2.075804 0.854353 1.127263
v 2.155429 0.854353 1.127263
v 2.075804 0.968147 1.127263
v 2.155429 0.968147 1.127263
v 2.075804 1.070672 1.176636
v 2.155429 1.070672 1.176636
v 2.075804 1.141622 1.265604
v 2.155429 1.141622 1.265604
v 2.075804 1.166943 1.376545
v 2.155429 1.166943 1.376545
v 2.075804 1.141622 1.487486
v 2.155429 1.141622 1.487486
v 2.075804 1.070672 1.576453
v 2.155429 1.070672 1.576453
v 2.075804 0.968147 1.625827
v 2.155429 0.968147 1.625827
v 2.075804 0.854353 1.625827
v 2.155429 0.854353 1.625827
v 2.075804 0.751828 1.576453
v 2.155429 0.751828 1.576453
v 2.075804 0.680879 1.487486
v 2.155429 0.680879 1.487486
v 2.155429 0.655557 1.376545
v 2.155429 0.680879 1.265604
v 2.155429 0.756381 1.301964
v 2.155429 0.739359 1.376545
v 2.155429 0.751828 1.176636
v 2.155429 0.804078 1.242154
v 2.155429 0.854353 1.127263
v 2.155429 0.873001 1.208963
v 2.155429 0.968147 1.127263
v 2.155429 0.949500 1.208963
v 2.155429 1.070672 1.176636
v 2.155429 1.018423 1.242154
v 2.155429 1.141622 1.265604
v 2.155429 1.066120 1.301964
v 2.155429 1.166943 1.376545
v 2.155429 1.083142 1.376545
v 2.155429 1.141622 1.487486
v 2.155429 1.066120 1.451126
v 2.155429 1.070672 1.576453
v 2.155429 1.018423 1.510935
v 2.155429 0.968147 1.625827
v 2.155429 0.949500 1.544127
v 2.155429 0.854353 1.625827
v 2.155429 0.873001 1.544127
v 2.155429 0.751828 1.576453
v 2.155429 0.804078 1.510935
v 2.155429 0.680879 1.487486
v 2.155429 0.756381 1.451126
v 2.155429 0.739359 1.376545
v 2.155429 0.756381 1.301964
v 2.272978 0.756381 1.301964
v 2.272978 0.739359 1.376545
v 2.155429 0.804078 1.242154
v 2.272978 0.804078 1.242154
v 2.155429 0.873001 1.208963
v 2.272978 0.873001 1.208963
v 2.155429 0.949500 1.208963
v 2.272978 0.949500 1.208963
v 2.155429 1.018423 1.242154
v 2.272978 1.018423 1.242154
v 2.155429 1.066120 1.301964
v 2.272978 1.066120 1.301964
v 2.155429 1.083142 1.376545
v 2.272978 1.083142 1.376545
v 2.155429 1.066120 1.451126
v 2.272978 1.066120 1.451126
v 2.155429 1.018423 1.510935
v 2.272978 1.018423 1.510935
v 2.155429 0.949500 1.544127
v 2.272978 0.949500 1.544127
v 2.155429 0.873001 1.544127
v 2.272978 0.873001 1.544127
v 2.155429 0.804078 1.510935
v 2.272978 0.804078 1.510935
v 2.155429 0.756381 1.451126
v 2.272978 0.756381 1.451126
v 2.082812 0.463571 -2.395673
v 2.082812 0.483766 -2.484151
v 2.128721 0.483766 -2.484151
v 2.128721 0.463571 -2.395673
v 2.082812 0.540350 -2.555105
v 2.128721 0.540350 -2.555105
v 2.082812 0.622116 -2.594481
v 2.128721 0.622116 -2.594481
v 2.082812 0.712870 -2.594481
v 2.128721 0.712870 -2.594481
v 2.082812 0.794636 -2.555105
v 2.128721 0.794636 -2.555105
v 2.082812 0.851220 -2.484151
v 2.128721 0.851220 -2.484151
v 2.082812 0.871415 -2.395673
v 2.128721 0.871415 -2.395673
v 2.082812 0.851220 -2.307195
v 2.128721 0.851220 -2.307195
v 2.082812 0.794636 -2.236241
v 2.128721 0.794636 -2.236241
v 2.082812 0.712869 -2.196864
v 2.128721 0.712869 -2.196864
v 2.082812 0.622116 -2.196864
v 2.128721 0.622116 -2.196864
v 2.082812 0.540350 -2.236240
v 2.128721 0.540350 -2.236240
v 2.082812 0.483766 -2.307194
v 2.128721 0.483766 -2.307194
v 2.128721 0.463571 -2.395673
v 2.128721 0.483766 -2.484151
v 2.128721 0.534686 -2.459629
v 2.128721 0.520088 -2.395673
v 2.128721 0.540350 -2.555105
v 2.128721 0.575588 -2.510918
v 2.128721 0.622116 -2.594481
v 2.128721 0.634692 -2.539382
v 2.128721 0.712870 -2.594481
v 2.128721 0.700294 -2.539382
v 2.128721 0.794636 -2.555105
v 2.128721 0.759398 -2.510919
v 2.128721 0.851220 -2.484151
v 2.128721 0.800300 -2.459629
v 2.128721 0.871415 -2.395673
v 2.128721 0.814898 -2.395673
v 2.128721 0.851220 -2.307195
v 2.128721 0.800300 -2.331717
v 2.128721 0.794636 -2.236241
v 2.128721 0.759398 -2.280427
v 2.128721 0.712869 -2.196864
v 2.128721 0.700293 -2.251964
v 2.128721 0.622116 -2.196864
v 2.128721 0.634692 -2.251964
v 2.128721 0.540350 -2.236240
v 2.128721 0.575588 -2.280427
v 2.128721 0.483766 -2.307194
v 2.128721 0.534686 -2.331716
v 2.128721 0.520088 -2.395673
v 2.128721 0.534686 -2.459629
v 2.228071 0.534686 -2.459629
v 2.228071 0.520088 -2.395673
v 2.128721 0.575588 -2.510918
v 2.228071 0.575588 -2.510918
v 2.128721 0.634692 -2.539382
v 2.228071 0.634692 -2.539382
v 2.128721 0.700294 -2.539382
v 2.228071 0.700294 -2.539382
v 2.128721 0.759398 -2.510919
v 2.228071 0.759398 -2.510919
v 2.128721 0.800300 -2.459629
v 2.228071 0.800300 -2.459629
v 2.128721 0.814898 -2.395673
v 2.228071 0.814898 -2.395673
v 2.128721 0.800300 -2.331717
v 2.228071 0.800300 -2.331717
v 2.128721 0.759398 -2.280427
v 2.228071 0.759398 -2.280427
v 2.128721 0.700293 -2.251964
v 2.228071 0.700293 -2.251964
v 2.128721 0.634692 -2.251964
v 2.228071 0.634692 -2.251964
v 2.128721 0.575588 -2.280427
v 2.228071 0.575588 -2.280427
v 2.128721 0.534686 -2.331716
v 2.228071 0.534686 -2.331716
vt 0.656995 0.224998
vt 0.600787 0.218586
vt 0.583067 0.285346
vt 0.559091 0.304584
vt 0.556790 0.322926
vt 0.576987 0.362074
vt 0.578533 0.405008
vt 0.554026 0.440474
vt 0.557009 0.468832
vt 0.582883 0.483257
vt 0.588124 0.517111
vt 0.656725 0.541425
vt 0.873855 0.322413
vt 0.873855 0.660800
vt 0.936742 0.628923
vt 0.939128 0.590351
vt 0.965645 0.569371
vt 0.966368 0.541317
vt 0.941764 0.513116
vt 0.943520 0.473137
vt 0.968523 0.446568
vt 0.969240 0.429563
vt 0.946192 0.406493
vt 0.948958 0.345838
vt 0.660572 0.207133
vt 0.608500 0.202717
vt 0.600787 0.218586
vt 0.656995 0.224998
vt 0.585966 0.210242
vt 0.570725 0.270682
vt 0.583067 0.285346
vt 0.600787 0.218586
vt 0.569596 0.271409
vt 0.549253 0.290418
vt 0.559091 0.304584
vt 0.583067 0.285346
vt 0.541968 0.300194
vt 0.539081 0.317186
vt 0.556790 0.322926
vt 0.559091 0.304584
vt 0.540575 0.328946
vt 0.558118 0.363782
vt 0.576987 0.362074
vt 0.556790 0.322926
vt 0.558060 0.366107
vt 0.561698 0.403917
vt 0.578533 0.405008
vt 0.576987 0.362074
vt 0.557072 0.403667
vt 0.541265 0.434120
vt 0.554026 0.440474
vt 0.578533 0.405008
vt 0.535711 0.450893
vt 0.543090 0.473442
vt 0.557009 0.468832
vt 0.554026 0.440474
vt 0.550003 0.486922
vt 0.576080 0.498561
vt 0.582883 0.483257
vt 0.557009 0.468832
vt 0.585765 0.505343
vt 0.587811 0.519330
vt 0.588124 0.517111
vt 0.582883 0.483257
vt 0.597539 0.536171
vt 0.653271 0.557019
vt 0.656725 0.541425
vt 0.588124 0.517111
vt 0.675003 0.540035
vt 0.675003 0.227329
vt 0.656995 0.224998
vt 0.656725 0.541425
vt 0.117350 0.951556
vt 0.117350 0.903113
vt 0.000000 0.903113
vt 0.000000 0.951556
vt 0.117350 0.854669
vt 0.000000 0.854669
vt 0.117350 0.806225
vt 0.000000 0.806225
vt 0.117350 0.757781
vt 0.000000 0.757781
vt 0.117350 0.709338
vt 0.000000 0.709338
vt 0.117350 0.660894
vt 0.000000 0.660894
vt 0.117350 0.612450
vt 0.000000 0.612450
vt 0.117350 0.564006
vt 0.000000 0.564006
vt 0.117350 0.515563
vt 0.000000 0.515563
vt 0.117350 0.467119
vt 0.000000 0.467119
vt 0.117350 0.418675
vt 0.000000 0.418675
vt 0.117350 0.370231
vt 0.000000 0.370231
vt 0.117350 0.321788
vt 0.000000 0.321788
vt 0.117350 1.000000
vt 0.000000 1.000000
vt 0.383211 0.867597
vt 0.383070 0.860559
vt 0.379877 0.854282
vt 0.374268 0.850017
vt 0.367355 0.848611
vt 0.360511 0.850346
vt 0.355093 0.854880
vt 0.352177 0.861316
vt 0.352342 0.868378
vt 0.355555 0.874663
vt 0.361174 0.878921
vt 0.368080 0.880308
vt 0.374891 0.878553
vt 0.380267 0.874006
vt 0.782071 0.965765
vt 0.782071 0.931531
vt 0.676287 0.931531
vt 0.676287 0.965765
vt 0.782071 0.897296
vt 0.676287 0.897296
vt 0.782071 0.863062
vt 0.676287 0.863062
vt 0.782071 0.828827
vt 0.676287 0.828827
vt 0.782071 0.794593
vt 0.676287 0.794593
vt 0.782071 0.760358
vt 0.676287 0.760358
vt 0.782071 0.726123
vt 0.676287 0.726123
vt 0.782071 0.691889
vt 0.676287 0.691889
vt 0.782071 0.657654
vt 0.676287 0.657654
vt 0.782071 0.623420
vt 0.676287 0.623420
vt 0.782071 0.589185
vt 0.676287 0.589185
vt 0.782071 0.554951
vt 0.676287 0.554951
vt 0.782071 0.520716
vt 0.676287 0.520716
vt 0.782071 1.000000
vt 0.676287 1.000000
vt 0.111515 0.223007
vt 0.111386 0.216888
vt 0.108606 0.211434
vt 0.103725 0.207731
vt 0.097714 0.206514
vt 0.091765 0.208027
vt 0.087058 0.211974
vt 0.084528 0.217572
vt 0.084678 0.223711
vt 0.087476 0.229172
vt 0.092365 0.232870
vt 0.098369 0.234071
vt 0.104291 0.232540
vt 0.108961 0.228583
vt 0.787442 0.300209
vt 0.787442 0.282680
vt 0.733278 0.282680
vt 0.733278 0.300209
vt 0.787442 0.265152
vt 0.733278 0.265152
vt 0.787442 0.247623
vt 0.733278 0.247623
vt 0.787442 0.230094
vt 0.733278 0.230094
vt 0.787442 0.212565
vt 0.733278 0.212565
vt 0.787442 0.195036
vt 0.733278 0.195036
vt 0.787442 0.177507
vt 0.733278 0.177507
vt 0.787442 0.159978
vt 0.733278 0.159978
vt 0.787442 0.142449
vt 0.733278 0.142449
vt 0.787442 0.124920
vt 0.733278 0.124920
vt 0.787442 0.107391
vt 0.733278 0.107391
vt 0.787442 0.089862
vt 0.733278 0.089862
vt 0.787442 0.072334
vt 0.733278 0.072334
vt 0.787442 0.317738
vt 0.733278 0.317738
vt 0.060086 0.082805
vt 0.060049 0.077286
vt 0.057615 0.072334
vt 0.053265 0.068932
vt 0.047863 0.067755
vt 0.042480 0.069041
vt 0.038184 0.072537
vt 0.035830 0.077552
vt 0.035884 0.083088
vt 0.038334 0.088047
vt 0.042690 0.091445
vt 0.048083 0.092607
vt 0.053443 0.091308
vt 0.057713 0.087802
vt 0.730451 0.309560
vt 0.730451 0.292031
vt 0.676287 0.292031
vt 0.676287 0.309560
vt 0.730451 0.274502
vt 0.676287 0.274502
vt 0.730451 0.256973
vt 0.676287 0.256973
vt 0.730451 0.239444
vt 0.676287 0.239444
vt 0.730451 0.221915
vt 0.676287 0.221915
vt 0.730451 0.204386
vt 0.676287 0.204386
vt 0.730451 0.186857
vt 0.676287 0.186857
vt 0.730451 0.169328
vt 0.676287 0.169328
vt 0.730451 0.151799
vt 0.676287 0.151799
vt 0.730451 0.134270
vt 0.676287 0.134270
vt 0.730451 0.116741
vt 0.676287 0.116741
vt 0.730451 0.099213
vt 0.676287 0.099213
vt 0.730451 0.081684
vt 0.676287 0.081684
vt 0.730451 0.327088
vt 0.676287 0.327088
vt 0.602219 0.159521
vt 0.602183 0.153106
vt 0.599360 0.147347
vt 0.594308 0.143385
vt 0.588030 0.142010
vt 0.581770 0.143497
vt 0.576772 0.147556
vt 0.574029 0.153382
vt 0.574085 0.159818
vt 0.576926 0.165586
vt 0.581985 0.169541
vt 0.588252 0.170900
vt 0.594486 0.169397
vt 0.599455 0.165328
vt 0.966012 0.315789
vt 0.966012 0.298260
vt 0.911848 0.298260
vt 0.911848 0.315789
vt 0.966012 0.280731
vt 0.911848 0.280731
vt 0.966012 0.263202
vt 0.911848 0.263202
vt 0.966012 0.245673
vt 0.911848 0.245673
vt 0.966012 0.228144
vt 0.911848 0.228144
vt 0.966012 0.210616
vt 0.911848 0.210616
vt 0.966012 0.193087
vt 0.911848 0.193087
vt 0.966012 0.175558
vt 0.911848 0.175558
vt 0.966012 0.158029
vt 0.911848 0.158029
vt 0.966012 0.140500
vt 0.911848 0.140500
vt 0.966012 0.122971
vt 0.911848 0.122971
vt 0.966012 0.105442
vt 0.911848 0.105442
vt 0.966012 0.087913
vt 0.911848 0.087913
vt 0.966012 0.333318
vt 0.911848 0.333318
vt 0.549781 0.953143
vt 0.549745 0.946467
vt 0.546809 0.940475
vt 0.541555 0.936352
vt 0.535023 0.934919
vt 0.528510 0.936465
vt 0.523308 0.940686
vt 0.520453 0.946746
vt 0.520509 0.953442
vt 0.523464 0.959444
vt 0.528726 0.963560
vt 0.535246 0.964977
vt 0.541732 0.963415
vt 0.546904 0.959183
vt 0.656291 0.984339
vt 0.656291 0.968678
vt 0.607899 0.968678
vt 0.607899 0.984339
vt 0.656291 0.953017
vt 0.607899 0.953017
vt 0.656291 0.937356
vt 0.607899 0.937356
vt 0.656291 0.921695
vt 0.607899 0.921695
vt 0.656291 0.906034
vt 0.607899 0.906034
vt 0.656291 0.890373
vt 0.607899 0.890373
vt 0.656291 0.874712
vt 0.607899 0.874712
vt 0.656291 0.859051
vt 0.607899 0.859051
vt 0.656291 0.843390
vt 0.607899 0.843390
vt 0.656291 0.827729
vt 0.607899 0.827729
vt 0.656291 0.812068
vt 0.607899 0.812068
vt 0.656291 0.796407
vt 0.607899 0.796407
vt 0.656291 0.780746
vt 0.607899 0.780746
vt 0.656291 1.000000
vt 0.607899 1.000000
vt 0.570965 0.860995
vt 0.570924 0.856325
vt 0.568856 0.852140
vt 0.565169 0.849268
vt 0.560596 0.848282
vt 0.556043 0.849380
vt 0.552415 0.852346
vt 0.550431 0.856593
vt 0.550487 0.861278
vt 0.552569 0.865469
vt 0.556261 0.868336
vt 0.560827 0.869310
vt 0.565360 0.868201
vt 0.568965 0.865227
vt 0.489119 0.264945
vt 0.489119 0.249284
vt 0.440727 0.249284
vt 0.440727 0.264945
vt 0.489119 0.233623
vt 0.440727 0.233623
vt 0.489119 0.217962
vt 0.440727 0.217962
vt 0.489119 0.202301
vt 0.440727 0.202301
vt 0.489119 0.186640
vt 0.440727 0.186640
vt 0.489119 0.170979
vt 0.440727 0.170979
vt 0.489119 0.155318
vt 0.440727 0.155318
vt 0.489119 0.139657
vt 0.440727 0.139657
vt 0.489119 0.123996
vt 0.440727 0.123996
vt 0.489119 0.108335
vt 0.440727 0.108335
vt 0.489119 0.092674
vt 0.440727 0.092674
vt 0.489119 0.077013
vt 0.440727 0.077013
vt 0.489119 0.061352
vt 0.440727 0.061352
vt 0.489119 0.280606
vt 0.440727 0.280606
vt 0.642405 0.072506
vt 0.642364 0.068084
vt 0.640402 0.064121
vt 0.636909 0.061404
vt 0.632577 0.060473
vt 0.628266 0.061516
vt 0.624832 0.064327
vt 0.622957 0.068350
vt 0.623012 0.072787
vt 0.624987 0.076756
vt 0.628485 0.079468
vt 0.632810 0.080387
vt 0.637102 0.079333
vt 0.640514 0.076515
vt 0.499842 0.894613
vt 0.499842 0.834322
vt 0.487241 0.837210
vt 0.487235 0.891752
vt 0.473683 0.779984
vt 0.463581 0.788052
vt 0.426525 0.742368
vt 0.420925 0.754020
vt 0.367701 0.728943
vt 0.367715 0.741870
vt 0.308873 0.742383
vt 0.314500 0.754022
vt 0.261708 0.780028
vt 0.271832 0.788068
vt 0.235561 0.834412
vt 0.248171 0.837258
vt 0.235609 0.894748
vt 0.248205 0.891836
vt 0.261832 0.949075
vt 0.271916 0.940986
vt 0.309023 0.986635
vt 0.314598 0.974972
vt 0.367823 1.000000
vt 0.367788 0.987073
vt 0.426589 0.986540
vt 0.420953 0.974906
vt 0.473699 0.948931
vt 0.463578 0.940889
vt 0.196054 0.242660
vt 0.196054 0.197936
vt 0.183351 0.200847
vt 0.183345 0.239776
vt 0.176649 0.157627
vt 0.166466 0.165759
vt 0.141664 0.129721
vt 0.136020 0.141467
vt 0.098022 0.119762
vt 0.098039 0.132795
vt 0.054379 0.129738
vt 0.060054 0.141469
vt 0.019392 0.157671
vt 0.029600 0.165773
vt 0.000000 0.198020
vt 0.012714 0.200884
vt 0.000043 0.242780
vt 0.012740 0.239840
vt 0.019504 0.283078
vt 0.029666 0.274919
vt 0.054515 0.310934
vt 0.060132 0.299174
vt 0.098133 0.320840
vt 0.098095 0.307808
vt 0.141722 0.310851
vt 0.136039 0.299124
vt 0.176664 0.282951
vt 0.166460 0.274845
vt 0.095915 0.091096
vt 0.095915 0.069242
vt 0.087867 0.071080
vt 0.087864 0.089271
vt 0.086430 0.049526
vt 0.079974 0.054671
vt 0.069309 0.035868
vt 0.065728 0.043308
vt 0.047941 0.031002
vt 0.047952 0.039259
vt 0.026578 0.035905
vt 0.030179 0.043334
vt 0.009466 0.049599
vt 0.015940 0.054723
vt 0.000000 0.069363
vt 0.008058 0.071162
vt 0.000055 0.091272
vt 0.008093 0.089390
vt 0.009614 0.110979
vt 0.016037 0.105792
vt 0.026774 0.124575
vt 0.030308 0.117114
vt 0.048120 0.129372
vt 0.048068 0.121116
vt 0.069415 0.124441
vt 0.065794 0.117021
vt 0.086460 0.110783
vt 0.079987 0.105657
vt 0.636735 0.167511
vt 0.636735 0.145358
vt 0.630610 0.146755
vt 0.630609 0.166121
vt 0.627118 0.125371
vt 0.622204 0.129286
vt 0.609757 0.111528
vt 0.607032 0.117190
vt 0.588094 0.106603
vt 0.588103 0.112886
vt 0.566440 0.111579
vt 0.569182 0.117233
vt 0.549100 0.125465
vt 0.554027 0.129364
vt 0.539510 0.145499
vt 0.545642 0.146868
vt 0.539569 0.167707
vt 0.545686 0.166274
vt 0.549262 0.187682
vt 0.554149 0.183735
vt 0.566661 0.201462
vt 0.569349 0.195784
vt 0.588303 0.206318
vt 0.588261 0.200035
vt 0.609886 0.201310
vt 0.607129 0.195665
vt 0.627155 0.187462
vt 0.622230 0.183562
vt 0.583913 0.961043
vt 0.583913 0.938807
vt 0.578337 0.940078
vt 0.578336 0.959778
vt 0.574258 0.918744
vt 0.569785 0.922307
vt 0.556830 0.904849
vt 0.554350 0.910002
vt 0.535085 0.899906
vt 0.535093 0.905625
vt 0.513350 0.904902
vt 0.515846 0.910049
vt 0.495945 0.918840
vt 0.500430 0.922390
vt 0.486319 0.938950
vt 0.491901 0.940196
vt 0.486377 0.961241
vt 0.491946 0.959938
vt 0.496107 0.981294
vt 0.500556 0.977700
vt 0.513573 0.995127
vt 0.516020 0.989958
vt 0.535298 1.000000
vt 0.535261 0.994281
vt 0.556964 0.994971
vt 0.554454 0.989833
vt 0.574297 0.981070
vt 0.569814 0.977520
vt 0.604684 0.868813
vt 0.604684 0.848766
vt 0.598685 0.850135
vt 0.598684 0.867452
vt 0.595984 0.830683
vt 0.591172 0.834517
vt 0.580283 0.818157
vt 0.577613 0.823701
vt 0.560688 0.813692
vt 0.560694 0.819845
vt 0.541096 0.818184
vt 0.543777 0.823722
vt 0.525399 0.830740
vt 0.530222 0.834561
vt 0.516714 0.848865
vt 0.522719 0.850208
vt 0.516760 0.868958
vt 0.522751 0.867558
vt 0.525523 0.887033
vt 0.530311 0.883169
vt 0.541257 0.899507
vt 0.543893 0.893947
vt 0.560833 0.903913
vt 0.560797 0.897760
vt 0.580367 0.899397
vt 0.577672 0.893866
vt 0.596007 0.886872
vt 0.591185 0.883051
vt 0.676461 0.080403
vt 0.676461 0.060448
vt 0.669913 0.061943
vt 0.669911 0.078917
vt 0.667802 0.042450
vt 0.662549 0.046635
vt 0.652175 0.029982
vt 0.649261 0.036034
vt 0.632674 0.025537
vt 0.632680 0.032254
vt 0.613172 0.030006
vt 0.616099 0.036052
vt 0.597548 0.042503
vt 0.602813 0.046673
vt 0.588902 0.060542
vt 0.595457 0.062008
vt 0.588947 0.080541
vt 0.595487 0.079013
vt 0.597667 0.098533
vt 0.602895 0.094315
vt 0.613326 0.110949
vt 0.616205 0.104880
vt 0.632810 0.115336
vt 0.632772 0.108619
vt 0.652254 0.110844
vt 0.649312 0.104806
vt 0.667824 0.098379
vt 0.662560 0.094206
vt 0.487235 0.891752
vt 0.487241 0.837210
vt 0.473124 0.840340
vt 0.473156 0.888453
vt 0.463581 0.788052
vt 0.452220 0.796996
vt 0.420925 0.754020
vt 0.414570 0.767008
vt 0.367715 0.741870
vt 0.367629 0.756329
vt 0.314500 0.754022
vt 0.320701 0.767083
vt 0.271832 0.788068
vt 0.283090 0.797141
vt 0.248171 0.837258
vt 0.262253 0.840542
vt 0.248205 0.891836
vt 0.262315 0.888681
vt 0.271916 0.940986
vt 0.283259 0.932019
vt 0.314598 0.974972
vt 0.320928 0.961971
vt 0.367788 0.987073
vt 0.367853 0.972613
vt 0.420953 0.974906
vt 0.414743 0.961847
vt 0.463578 0.940889
vt 0.452321 0.931813
vt 0.183345 0.239776
vt 0.183351 0.200847
vt 0.169648 0.203846
vt 0.169696 0.236537
vt 0.166466 0.165759
vt 0.155420 0.174405
vt 0.136020 0.141467
vt 0.129821 0.154049
vt 0.098039 0.132795
vt 0.097917 0.146820
vt 0.060054 0.141469
vt 0.066036 0.154156
vt 0.029600 0.165773
vt 0.040498 0.174602
vt 0.012714 0.200884
vt 0.026365 0.204105
vt 0.012740 0.239840
vt 0.026436 0.236814
vt 0.029666 0.274919
vt 0.040693 0.266249
vt 0.060132 0.299174
vt 0.066305 0.286578
vt 0.098095 0.307808
vt 0.098196 0.293781
vt 0.136039 0.299124
vt 0.130049 0.286438
vt 0.166460 0.274845
vt 0.155563 0.266010
vt 0.473156 0.888453
vt 0.473124 0.840340
vt 0.462979 0.842668
vt 0.463005 0.886151
vt 0.452220 0.796996
vt 0.444088 0.803493
vt 0.414570 0.767008
vt 0.410064 0.776390
vt 0.367629 0.756329
vt 0.367642 0.766738
vt 0.320701 0.767083
vt 0.325231 0.776455
vt 0.283090 0.797141
vt 0.291241 0.803615
vt 0.262253 0.840542
vt 0.272406 0.842835
vt 0.262315 0.888681
vt 0.272457 0.886339
vt 0.283259 0.932019
vt 0.291380 0.925507
vt 0.320928 0.961971
vt 0.325419 0.952581
vt 0.367853 0.972613
vt 0.367827 0.962204
vt 0.414743 0.961847
vt 0.410206 0.952479
vt 0.452321 0.931813
vt 0.444171 0.925338
vt 0.169696 0.236537
vt 0.169648 0.203846
vt 0.159933 0.206077
vt 0.159974 0.234335
vt 0.155420 0.174405
vt 0.147635 0.180629
vt 0.129821 0.154049
vt 0.125508 0.163035
vt 0.097917 0.146820
vt 0.097934 0.156788
vt 0.066036 0.154156
vt 0.070379 0.163128
vt 0.040498 0.174602
vt 0.048306 0.180799
vt 0.026365 0.204105
vt 0.036089 0.206296
vt 0.026436 0.236814
vt 0.036147 0.234567
vt 0.040693 0.266249
vt 0.048466 0.260010
vt 0.066305 0.286578
vt 0.070603 0.277584
vt 0.098196 0.293781
vt 0.098167 0.283813
vt 0.130049 0.286438
vt 0.125701 0.277467
vt 0.155563 0.266010
vt 0.147756 0.259810
vt 0.463005 0.886151
vt 0.462979 0.842668
vt 0.452604 0.844984
vt 0.452651 0.883739
vt 0.444088 0.803493
vt 0.435745 0.810079
vt 0.410064 0.776390
vt 0.405405 0.785944
vt 0.367642 0.766738
vt 0.367592 0.777367
vt 0.325231 0.776455
vt 0.329801 0.786052
vt 0.291241 0.803615
vt 0.299525 0.810277
vt 0.272406 0.842835
vt 0.282761 0.845239
vt 0.272457 0.886339
vt 0.282829 0.884009
vt 0.291380 0.925507
vt 0.299713 0.918906
vt 0.325419 0.952581
vt 0.330063 0.943018
vt 0.367827 0.962204
vt 0.367864 0.951573
vt 0.410206 0.952479
vt 0.405630 0.942883
vt 0.444171 0.925338
vt 0.435887 0.918675
vt 0.159974 0.234335
vt 0.159933 0.206077
vt 0.150289 0.208208
vt 0.150358 0.232072
vt 0.147635 0.180629
vt 0.139870 0.186732
vt 0.125508 0.163035
vt 0.121161 0.171902
vt 0.097934 0.156788
vt 0.097866 0.166663
vt 0.070379 0.163128
vt 0.074606 0.172054
vt 0.048306 0.180799
vt 0.055990 0.187004
vt 0.036089 0.206296
vt 0.045706 0.208550
vt 0.036147 0.234567
vt 0.045789 0.232423
vt 0.048466 0.260010
vt 0.056222 0.253894
vt 0.070603 0.277584
vt 0.074937 0.268709
vt 0.098167 0.283813
vt 0.098224 0.273935
vt 0.125701 0.277467
vt 0.121469 0.268541
vt 0.147756 0.259810
vt 0.140072 0.253601
vt 0.452651 0.883739
vt 0.452604 0.844984
vt 0.406938 0.855445
vt 0.406961 0.873354
vt 0.435745 0.810079
vt 0.399143 0.839315
vt 0.405405 0.785944
vt 0.385117 0.828166
vt 0.367592 0.777367
vt 0.367640 0.824211
vt 0.329801 0.786052
vt 0.350179 0.828234
vt 0.299525 0.810277
vt 0.336193 0.839434
vt 0.282761 0.845239
vt 0.328451 0.855592
vt 0.282829 0.884009
vt 0.328485 0.873509
vt 0.299713 0.918906
vt 0.336291 0.889637
vt 0.330063 0.943018
vt 0.350322 0.900776
vt 0.367864 0.951573
vt 0.367795 0.904720
vt 0.405630 0.942883
vt 0.385245 0.900692
vt 0.435887 0.918675
vt 0.399219 0.889499
vt 0.150358 0.232072
vt 0.150289 0.208208
vt 0.128257 0.213251
vt 0.128314 0.227058
vt 0.139870 0.186732
vt 0.122212 0.200832
vt 0.121161 0.171902
vt 0.111371 0.192268
vt 0.097866 0.166663
vt 0.097887 0.189261
vt 0.074606 0.172054
vt 0.084434 0.192404
vt 0.055990 0.187004
vt 0.073678 0.201072
vt 0.045706 0.208550
vt 0.067747 0.213546
vt 0.045789 0.232423
vt 0.067814 0.227360
vt 0.056222 0.253894
vt 0.073868 0.239776
vt 0.074937 0.268709
vt 0.084713 0.248333
vt 0.098224 0.273935
vt 0.098194 0.251332
vt 0.121469 0.268541
vt 0.111637 0.248183
vt 0.140072 0.253601
vt 0.122382 0.239520
vt 0.087864 0.089271
vt 0.087867 0.071080
vt 0.078442 0.073109
vt 0.078485 0.087019
vt 0.079974 0.054671
vt 0.072362 0.060583
vt 0.065728 0.043308
vt 0.061438 0.051937
vt 0.047952 0.039259
vt 0.047839 0.048896
vt 0.030179 0.043334
vt 0.034268 0.052064
vt 0.015940 0.054723
vt 0.023419 0.060806
vt 0.008058 0.071162
vt 0.017438 0.073389
vt 0.008093 0.089390
vt 0.017508 0.087320
vt 0.016037 0.105792
vt 0.023617 0.099838
vt 0.030308 0.117114
vt 0.034554 0.108459
vt 0.048068 0.121116
vt 0.048143 0.111474
vt 0.065794 0.117021
vt 0.061686 0.108294
vt 0.079987 0.105657
vt 0.072506 0.099566
vt 0.630609 0.166121
vt 0.630610 0.146755
vt 0.621017 0.148829
vt 0.621058 0.163836
vt 0.622204 0.129286
vt 0.614460 0.135311
vt 0.607032 0.117190
vt 0.602673 0.125980
vt 0.588103 0.112886
vt 0.587999 0.122698
vt 0.569182 0.117233
vt 0.573356 0.126115
vt 0.554027 0.129364
vt 0.561649 0.135548
vt 0.545642 0.146868
vt 0.555194 0.149125
vt 0.545686 0.166274
vt 0.555269 0.164156
vt 0.554149 0.183735
vt 0.561860 0.177664
vt 0.569349 0.195784
vt 0.573661 0.186967
vt 0.588261 0.200035
vt 0.588324 0.190219
vt 0.607129 0.195665
vt 0.602935 0.186785
vt 0.622230 0.183562
vt 0.614606 0.177368
vt 0.578336 0.959778
vt 0.578337 0.940078
vt 0.568697 0.942164
vt 0.568738 0.957485
vt 0.569785 0.922307
vt 0.562005 0.928364
vt 0.554350 0.910002
vt 0.549972 0.918837
vt 0.535093 0.905625
vt 0.534991 0.915486
vt 0.515846 0.910049
vt 0.520042 0.918974
vt 0.500430 0.922390
vt 0.508090 0.928603
vt 0.491901 0.940196
vt 0.501500 0.942462
vt 0.491946 0.959938
vt 0.501575 0.957808
vt 0.500556 0.977700
vt 0.508303 0.971599
vt 0.516020 0.989958
vt 0.520351 0.981097
vt 0.535261 0.994281
vt 0.535321 0.984417
vt 0.554454 0.989833
vt 0.550236 0.980911
vt 0.569814 0.977520
vt 0.562151 0.971298
vt 0.598684 0.867452
vt 0.598685 0.850135
vt 0.589211 0.852168
vt 0.589259 0.865181
vt 0.591172 0.834517
vt 0.583517 0.840455
vt 0.577613 0.823701
vt 0.573295 0.832372
vt 0.560694 0.819845
vt 0.560573 0.829533
vt 0.543777 0.823722
vt 0.547880 0.832499
vt 0.530222 0.834561
vt 0.537735 0.840681
vt 0.522719 0.850208
vt 0.532144 0.852454
vt 0.522751 0.867558
vt 0.532216 0.865484
vt 0.530311 0.883169
vt 0.537936 0.877191
vt 0.543893 0.893947
vt 0.548169 0.885252
vt 0.560797 0.897760
vt 0.560881 0.888068
vt 0.577672 0.893866
vt 0.573549 0.885092
vt 0.591185 0.883051
vt 0.583671 0.876923
vt 0.669911 0.078917
vt 0.669913 0.061943
vt 0.660495 0.063962
vt 0.660545 0.076657
vt 0.662549 0.046635
vt 0.654939 0.052535
vt 0.649261 0.036034
vt 0.644966 0.044652
vt 0.632680 0.032254
vt 0.632556 0.041883
vt 0.616099 0.036052
vt 0.620175 0.044778
vt 0.602813 0.046673
vt 0.610277 0.052759
vt 0.595457 0.062008
vt 0.604825 0.064244
vt 0.595487 0.079013
vt 0.604896 0.076956
vt 0.602895 0.094315
vt 0.610476 0.088376
vt 0.616205 0.104880
vt 0.620458 0.096239
vt 0.632772 0.108619
vt 0.632860 0.098987
vt 0.649312 0.104806
vt 0.645219 0.096083
vt 0.662560 0.094206
vt 0.655094 0.088113
vt 0.078485 0.087019
vt 0.078442 0.073109
vt 0.064533 0.076329
vt 0.064543 0.083893
vt 0.072362 0.060583
vt 0.061231 0.069519
vt 0.061438 0.051937
vt 0.055293 0.064823
vt 0.047839 0.048896
vt 0.047904 0.063174
vt 0.034268 0.052064
vt 0.040530 0.064897
vt 0.023419 0.060806
vt 0.034633 0.069647
vt 0.017438 0.073389
vt 0.031377 0.076484
vt 0.017508 0.087320
vt 0.031408 0.084057
vt 0.023617 0.099838
vt 0.034722 0.090866
vt 0.034554 0.108459
vt 0.040665 0.095556
vt 0.048143 0.111474
vt 0.048051 0.097193
vt 0.061686 0.108294
vt 0.055409 0.095456
vt 0.072506 0.099566
vt 0.061281 0.090705
vt 0.621058 0.163836
vt 0.621017 0.148829
vt 0.606866 0.152098
vt 0.606877 0.160650
vt 0.614460 0.135311
vt 0.603133 0.144397
vt 0.602673 0.125980
vt 0.596419 0.139087
vt 0.587999 0.122698
vt 0.588062 0.137224
vt 0.573356 0.126115
vt 0.579724 0.139172
vt 0.561649 0.135548
vt 0.573055 0.144544
vt 0.555194 0.149125
vt 0.569374 0.152276
vt 0.555269 0.164156
vt 0.569410 0.160840
vt 0.561860 0.177664
vt 0.573158 0.168538
vt 0.573661 0.186967
vt 0.579878 0.173841
vt 0.588324 0.190219
vt 0.588230 0.175691
vt 0.602935 0.186785
vt 0.596549 0.173725
vt 0.614606 0.177368
vt 0.603187 0.168352
vt 0.568738 0.957485
vt 0.568697 0.942164
vt 0.554479 0.945447
vt 0.554490 0.954282
vt 0.562005 0.928364
vt 0.550623 0.937492
vt 0.549972 0.918837
vt 0.543687 0.932006
vt 0.534991 0.915486
vt 0.535054 0.930080
vt 0.520042 0.918974
vt 0.526440 0.932093
vt 0.508090 0.928603
vt 0.519550 0.937642
vt 0.501500 0.942462
vt 0.515747 0.945630
vt 0.501575 0.957808
vt 0.515783 0.954477
vt 0.508303 0.971599
vt 0.519656 0.962431
vt 0.520351 0.981097
vt 0.526597 0.967910
vt 0.535321 0.984417
vt 0.535226 0.969821
vt 0.550236 0.980911
vt 0.543820 0.967789
vt 0.562151 0.971298
vt 0.550678 0.962239
vt 0.589259 0.865181
vt 0.589211 0.852168
vt 0.575247 0.855412
vt 0.575259 0.862051
vt 0.583517 0.840455
vt 0.572346 0.849434
vt 0.573295 0.832372
vt 0.567133 0.845313
vt 0.560573 0.829533
vt 0.560645 0.843868
vt 0.547880 0.832499
vt 0.554174 0.845382
vt 0.537735 0.840681
vt 0.548998 0.849552
vt 0.532144 0.852454
vt 0.546142 0.855555
vt 0.532216 0.865484
vt 0.546171 0.862202
vt 0.537936 0.877191
vt 0.549082 0.868178
vt 0.548169 0.885252
vt 0.554300 0.872293
vt 0.560881 0.888068
vt 0.560785 0.873729
vt 0.573549 0.885092
vt 0.567243 0.872204
vt 0.583671 0.876923
vt 0.572399 0.868034
vt 0.660545 0.076657
vt 0.660495 0.063962
vt 0.646607 0.067191
vt 0.646619 0.073546
vt 0.654939 0.052535
vt 0.643830 0.061469
vt 0.644966 0.044652
vt 0.638840 0.057524
vt 0.632556 0.041883
vt 0.632630 0.056141
vt 0.620175 0.044778
vt 0.626435 0.057590
vt 0.610277 0.052759
vt 0.621481 0.061582
vt 0.604825 0.064244
vt 0.618747 0.067327
vt 0.604896 0.076956
vt 0.618775 0.073690
vt 0.610476 0.088376
vt 0.621562 0.079410
vt 0.620458 0.096239
vt 0.626556 0.083350
vt 0.632860 0.098987
vt 0.632764 0.084725
vt 0.645219 0.096083
vt 0.638947 0.083265
vt 0.655094 0.088113
vt 0.643882 0.079273
vt 0.064543 0.083893
vt 0.064533 0.076329
vt 0.060049 0.077286
vt 0.060086 0.082805
vt 0.061231 0.069519
vt 0.057615 0.072334
vt 0.055293 0.064823
vt 0.053265 0.068932
vt 0.047904 0.063174
vt 0.047863 0.067755
vt 0.040530 0.064897
vt 0.042480 0.069041
vt 0.034633 0.069647
vt 0.038184 0.072537
vt 0.031377 0.076484
vt 0.035830 0.077552
vt 0.031408 0.084057
vt 0.035884 0.083088
vt 0.034722 0.090866
vt 0.038334 0.088047
vt 0.040665 0.095556
vt 0.042690 0.091445
vt 0.048051 0.097193
vt 0.048083 0.092607
vt 0.055409 0.095456
vt 0.053443 0.091308
vt 0.061281 0.090705
vt 0.057713 0.087802
vt 0.606877 0.160650
vt 0.606866 0.152098
vt 0.602183 0.153106
vt 0.602219 0.159521
vt 0.603133 0.144397
vt 0.599360 0.147347
vt 0.596419 0.139087
vt 0.594308 0.143385
vt 0.588062 0.137224
vt 0.588030 0.142010
vt 0.579724 0.139172
vt 0.581770 0.143497
vt 0.573055 0.144544
vt 0.576772 0.147556
vt 0.569374 0.152276
vt 0.574029 0.153382
vt 0.569410 0.160840
vt 0.574085 0.159818
vt 0.573158 0.168538
vt 0.576926 0.165586
vt 0.579878 0.173841
vt 0.581985 0.169541
vt 0.588230 0.175691
vt 0.588252 0.170900
vt 0.596549 0.173725
vt 0.594486 0.169397
vt 0.603187 0.168352
vt 0.599455 0.165328
vt 0.554490 0.954282
vt 0.554479 0.945447
vt 0.549745 0.946467
vt 0.549781 0.953143
vt 0.550623 0.937492
vt 0.546809 0.940475
vt 0.543687 0.932006
vt 0.541555 0.936352
vt 0.535054 0.930080
vt 0.535023 0.934919
vt 0.526440 0.932093
vt 0.528510 0.936465
vt 0.519550 0.937642
vt 0.523308 0.940686
vt 0.515747 0.945630
vt 0.520453 0.946746
vt 0.515783 0.954477
vt 0.520509 0.953442
vt 0.519656 0.962431
vt 0.523464 0.959444
vt 0.526597 0.967910
vt 0.528726 0.963560
vt 0.535226 0.969821
vt 0.535246 0.964977
vt 0.543820 0.967789
vt 0.541732 0.963415
vt 0.550678 0.962239
vt 0.546904 0.959183
vt 0.575259 0.862051
vt 0.575247 0.855412
vt 0.570924 0.856325
vt 0.570965 0.860995
vt 0.572346 0.849434
vt 0.568856 0.852140
vt 0.567133 0.845313
vt 0.565169 0.849268
vt 0.560645 0.843868
vt 0.560596 0.848282
vt 0.554174 0.845382
vt 0.556043 0.849380
vt 0.548998 0.849552
vt 0.552415 0.852346
vt 0.546142 0.855555
vt 0.550431 0.856593
vt 0.546171 0.862202
vt 0.550487 0.861278
vt 0.549082 0.868178
vt 0.552569 0.865469
vt 0.554300 0.872293
vt 0.556261 0.868336
vt 0.560785 0.873729
vt 0.560827 0.869310
vt 0.567243 0.872204
vt 0.565360 0.868201
vt 0.572399 0.868034
vt 0.568965 0.865227
vt 0.646619 0.073546
vt 0.646607 0.067191
vt 0.642364 0.068084
vt 0.642405 0.072506
vt 0.643830 0.061469
vt 0.640402 0.064121
vt 0.638840 0.057524
vt 0.636909 0.061404
vt 0.632630 0.056141
vt 0.632577 0.060473
vt 0.626435 0.057590
vt 0.628266 0.061516
vt 0.621481 0.061582
vt 0.624832 0.064327
vt 0.618747 0.067327
vt 0.622957 0.068350
vt 0.618775 0.073690
vt 0.623012 0.072787
vt 0.621562 0.079410
vt 0.624987 0.076756
vt 0.626556 0.083350
vt 0.628485 0.079468
vt 0.632764 0.084725
vt 0.632810 0.080387
vt 0.638947 0.083265
vt 0.637102 0.079333
vt 0.643882 0.079273
vt 0.640514 0.076515
vt 0.406961 0.873354
vt 0.406938 0.855445
vt 0.399488 0.857043
vt 0.399550 0.871562
vt 0.399143 0.839315
vt 0.393126 0.843983
vt 0.385117 0.828166
vt 0.381721 0.834981
vt 0.367640 0.824211
vt 0.367539 0.831826
vt 0.350179 0.828234
vt 0.353394 0.835140
vt 0.336193 0.839434
vt 0.342089 0.844259
vt 0.328451 0.855592
vt 0.335857 0.857379
vt 0.328485 0.873509
vt 0.335932 0.871904
vt 0.336291 0.889637
vt 0.342302 0.884960
vt 0.350322 0.900776
vt 0.353709 0.893954
vt 0.367795 0.904720
vt 0.367889 0.897102
vt 0.385245 0.900692
vt 0.382024 0.893782
vt 0.399219 0.889499
vt 0.393317 0.884665
vt 0.399550 0.871562
vt 0.399488 0.857043
vt 0.391887 0.858809
vt 0.391926 0.869856
vt 0.393126 0.843983
vt 0.387048 0.848869
vt 0.381721 0.834981
vt 0.378366 0.842022
vt 0.367539 0.831826
vt 0.367573 0.839627
vt 0.353394 0.835140
vt 0.356812 0.842154
vt 0.342089 0.844259
vt 0.348213 0.849097
vt 0.335857 0.857379
vt 0.343472 0.859080
vt 0.335932 0.871904
vt 0.343529 0.870132
vt 0.342302 0.884960
vt 0.348377 0.880067
vt 0.353709 0.893954
vt 0.357059 0.886910
vt 0.367889 0.897102
vt 0.367851 0.889298
vt 0.382024 0.893782
vt 0.378603 0.886761
vt 0.393317 0.884665
vt 0.387185 0.879817
vt 0.391926 0.869856
vt 0.391887 0.858809
vt 0.383070 0.860559
vt 0.383211 0.867597
vt 0.387048 0.848869
vt 0.379877 0.854282
vt 0.378366 0.842022
vt 0.374268 0.850017
vt 0.367573 0.839627
vt 0.367355 0.848611
vt 0.356812 0.842154
vt 0.360511 0.850346
vt 0.348213 0.849097
vt 0.355093 0.854880
vt 0.343472 0.859080
vt 0.352177 0.861316
vt 0.343529 0.870132
vt 0.352342 0.868378
vt 0.348377 0.880067
vt 0.355555 0.874663
vt 0.357059 0.886910
vt 0.361174 0.878921
vt 0.367851 0.889298
vt 0.368080 0.880308
vt 0.378603 0.886761
vt 0.374891 0.878553
vt 0.387185 0.879817
vt 0.380267 0.874006
vt 0.128314 0.227058
vt 0.128257 0.213251
vt 0.124013 0.214189
vt 0.124079 0.226062
vt 0.122212 0.200832
vt 0.118796 0.203516
vt 0.111371 0.192268
vt 0.109458 0.196168
vt 0.097887 0.189261
vt 0.097856 0.193605
vt 0.084434 0.192404
vt 0.086293 0.196332
vt 0.073678 0.201072
vt 0.077059 0.203804
vt 0.067747 0.213546
vt 0.071978 0.214540
vt 0.067814 0.227360
vt 0.072056 0.226418
vt 0.073868 0.239776
vt 0.077281 0.237087
vt 0.084713 0.248333
vt 0.086620 0.244429
vt 0.098194 0.251332
vt 0.098220 0.246986
vt 0.111637 0.248183
vt 0.109775 0.244252
vt 0.122382 0.239520
vt 0.118998 0.236783
vt 0.124079 0.226062
vt 0.124013 0.214189
vt 0.118956 0.215372
vt 0.119003 0.224935
vt 0.118796 0.203516
vt 0.114755 0.206774
vt 0.109458 0.196168
vt 0.107232 0.200857
vt 0.097856 0.193605
vt 0.097886 0.198798
vt 0.086293 0.196332
vt 0.088575 0.200998
vt 0.077059 0.203804
vt 0.081140 0.207018
vt 0.071978 0.214540
vt 0.077049 0.215664
vt 0.072056 0.226418
vt 0.077112 0.225231
vt 0.077281 0.237087
vt 0.081319 0.233824
vt 0.086620 0.244429
vt 0.088842 0.239737
vt 0.098220 0.246986
vt 0.098186 0.241792
vt 0.109775 0.244252
vt 0.107490 0.239582
vt 0.118998 0.236783
vt 0.114911 0.233561
vt 0.119003 0.224935
vt 0.118956 0.215372
vt 0.111386 0.216888
vt 0.111515 0.223007
vt 0.114755 0.206774
vt 0.108606 0.211434
vt 0.107232 0.200857
vt 0.103725 0.207731
vt 0.097886 0.198798
vt 0.097714 0.206514
vt 0.088575 0.200998
vt 0.091765 0.208027
vt 0.081140 0.207018
vt 0.087058 0.211974
vt 0.077049 0.215664
vt 0.084528 0.217572
vt 0.077112 0.225231
vt 0.084678 0.223711
vt 0.081319 0.233824
vt 0.087476 0.229172
vt 0.088842 0.239737
vt 0.092365 0.232870
vt 0.098186 0.241792
vt 0.098369 0.234071
vt 0.107490 0.239582
vt 0.104291 0.232540
vt 0.114911 0.233561
vt 0.108961 0.228583
vn 1.000000 0.000000 0.000000
vn 1.000000 0.000000 0.000000
vn 1.000000 0.000000 0.000000
vn 1.000000 0.000000 0.000000
vn 1.000000 0.000000 0.000000
vn 1.000000 0.000000 0.000000
vn 1.000000 0.000000 0.000000
vn 1.000000 0.000000 0.000000
vn 1.000000 0.000000 0.000000
vn 1.000000 0.000000 0.000000
vn 1.000000 0.000000 0.000000
vn 1.000000 0.000000 0.000000
vn -1.000000 -0.000000 0.000000
vn -1.000000 -0.000000 0.000000
vn -1.000000 -0.000000 0.000000
vn -1.000000 -0.000000 0.000000
vn -1.000000 -0.000000 0.000000
vn -1.000000 -0.000000 0.000000
vn -1.000000 -0.000000 0.000000
vn -1.000000 -0.000000 0.000000
vn -1.000000 -0.000000 0.000000
vn -1.000000 -0.000000 0.000000
vn -1.000000 -0.000000 0.000000
vn -1.000000 -0.000000 0.000000
vn 0.000000 -0.257262 0.966342
vn 0.000000 -0.257262 0.966342
vn 0.000000 -0.257262 0.966342
vn 0.000000 -0.257262 0.966342
vn 0.000000 -0.999994 -0.003410
vn 0.000000 -0.999994 -0.003410
vn 0.000000 -0.999994 -0.003410
vn 0.000000 -0.999994 -0.003410
vn 0.000000 -0.677049 0.735938
vn 0.000000 -0.677049 0.735938
vn 0.000000 -0.677049 0.735938
vn 0.000000 -0.677049 0.735938
vn 0.000000 -1.000000 0.000000
vn 0.000000 -1.000000 0.000000
vn 0.000000 -1.000000 0.000000
vn 0.000000 -1.000000 0.000000
vn 0.000000 -0.756469 -0.654029
vn 0.000000 -0.756469 -0.654029
vn 0.000000 -0.756469 -0.654029
vn 0.000000 -0.756469 -0.654029
vn 0.000000 -0.999998 -0.001727
vn 0.000000 -0.999998 -0.001727
vn 0.000000 -0.999998 -0.001727
vn 0.000000 -0.999998 -0.001727
vn 0.000000 -0.725151 0.688590
vn 0.000000 -0.725151 0.688590
vn 0.000000 -0.725151 0.688590
vn 0.000000 -0.725151 0.688590
vn 0.000000 -0.999866 0.016391
vn 0.000000 -0.999866 0.016391
vn 0.000000 -0.999866 0.016391
vn 0.000000 -0.999866 0.016391
vn 0.000000 -0.652973 -0.757381
vn 0.000000 -0.652973 -0.757381
vn 0.000000 -0.652973 -0.757381
vn 0.000000 -0.652973 -0.757381
vn 0.000000 -0.999807 -0.019639
vn 0.000000 -0.999807 -0.019639
vn 0.000000 -0.999807 -0.019639
vn 0.000000 -0.999807 -0.019639
vn 0.000000 -0.489308 -0.872111
vn 0.000000 -0.489308 -0.872111
vn 0.000000 -0.489308 -0.872111
vn 0.000000 -0.489308 -0.872111
vn 0.000000 0.999112 -0.042139
vn 0.000000 0.999112 -0.042139
vn 0.000000 0.999112 -0.042139
vn 0.000000 0.999112 -0.042139
vn 0.000000 -0.781832 -0.623489
vn 0.000000 -0.781832 -0.623489
vn 0.000000 -0.781832 -0.623489
vn 0.000000 -0.781832 -0.623489
vn 0.000000 -0.433884 -0.900969
vn 0.000000 -0.433884 -0.900969
vn 0.000000 0.000000 -1.000000
vn 0.000000 0.000000 -1.000000
vn 0.000000 0.433883 -0.900969
vn 0.000000 0.433883 -0.900969
vn 0.000000 0.781831 -0.623490
vn 0.000000 0.781831 -0.623490
vn 0.000000 0.974928 -0.222521
vn 0.000000 0.974928 -0.222521
vn 0.000000 0.974928 0.222521
vn 0.000000 0.974928 0.222521
vn 0.000000 0.781832 0.623490
vn 0.000000 0.781832 0.623490
vn 0.000000 0.433884 0.900969
vn 0.000000 0.433884 0.900969
vn 0.000000 0.000000 1.000000
vn 0.000000 0.000000 1.000000
vn 0.000000 -0.433884 0.900969
vn 0.000000 -0.433884 0.900969
vn 0.000000 -0.781832 0.623490
vn 0.000000 -0.781832 0.623490
vn 0.000000 -0.974928 0.222521
vn 0.000000 -0.974928 0.222521
vn 0.000000 -0.974928 0.222521
vn 0.000000 -0.974928 0.222521
vn 1.000000 -0.000000 0.000000
vn 1.000000 -0.000000 0.000000
vn 1.000000 -0.000000 0.000000
vn 1.000000 -0.000000 0.000000
vn 1.000000 -0.000000 0.000000
vn 1.000000 -0.000000 0.000000
vn 1.000000 -0.000000 0.000000
vn 1.000000 -0.000000 0.000000
vn 1.000000 -0.000000 0.000000
vn 1.000000 -0.000000 0.000000
vn 1.000000 -0.000000 0.000000
vn 1.000000 -0.000000 0.000000
vn 1.000000 -0.000000 0.000000
vn 1.000000 -0.000000 0.000000
vn 0.000000 -0.781831 -0.623490
vn 0.000000 -0.781831 -0.623490
vn 0.000000 -0.781831 -0.623490
vn 0.000000 -0.781831 -0.623490
vn 0.000000 -0.433885 -0.900968
vn 0.000000 -0.433885 -0.900968
vn 0.000000 0.000000 -1.000000
vn 0.000000 0.000000 -1.000000
vn 0.000000 0.433884 -0.900969
vn 0.000000 0.433884 -0.900969
vn 0.000000 0.781831 -0.623490
vn 0.000000 0.781831 -0.623490
vn 0.000000 0.974928 -0.222522
vn 0.000000 0.974928 -0.222522
vn 0.000000 0.974928 0.222521
vn 0.000000 0.974928 0.222521
vn 0.000000 0.781831 0.623490
vn 0.000000 0.781831 0.623490
vn 0.000000 0.433885 0.900968
vn 0.000000 0.433885 0.900968
vn 0.000000 0.000001 1.000000
vn 0.000000 0.000001 1.000000
vn 0.000000 -0.433884 0.900968
vn 0.000000 -0.433884 0.900968
vn 0.000000 -0.781831 0.623490
vn 0.000000 -0.781831 0.623490
vn 0.000000 -0.974928 0.222521
vn 0.000000 -0.974928 0.222521
vn 0.000000 -0.974928 0.222521
vn 0.000000 -0.974928 0.222521
vn 1.000000 0.000000 0.000000
vn 1.000000 0.000000 0.000000
vn 1.000000 0.000000 0.000000
vn 1.000000 0.000000 0.000000
vn 1.000000 0.000000 0.000000
vn 1.000000 0.000000 0.000000
vn 1.000000 0.000000 0.000000
vn 1.000000 0.000000 0.000000
vn 1.000000 0.000000 0.000000
vn 1.000000 0.000000 0.000000
vn 1.000000 0.000000 0.000000
vn 1.000000 0.000000 0.000000
vn 1.000000 0.000000 0.000000
vn 1.000000 0.000000 0.000000
vn 0.000000 -0.781832 -0.623489
vn 0.000000 -0.781832 -0.623489
vn 0.000000 -0.781832 -0.623489
vn 0.000000 -0.781832 -0.623489
vn 0.000000 -0.433884 -0.900969
vn 0.000000 -0.433884 -0.900969
vn 0.000000 0.000000 -1.000000
vn 0.000000 0.000000 -1.000000
vn 0.000000 0.433884 -0.900969
vn 0.000000 0.433884 -0.900969
vn 0.000000 0.781831 -0.623490
vn 0.000000 0.781831 -0.623490
vn 0.000000 0.974928 -0.222521
vn 0.000000 0.974928 -0.222521
vn 0.000000 0.974928 0.222521
vn 0.000000 0.974928 0.222521
vn 0.000000 0.781832 0.623489
vn 0.000000 0.781832 0.623489
vn 0.000000 0.433883 0.900969
vn 0.000000 0.433883 0.900969
vn 0.000000 0.000001 1.000000
vn 0.000000 0.000001 1.000000
vn 0.000000 -0.433884 0.900969
vn 0.000000 -0.433884 0.900969
vn 0.000000 -0.781832 0.623489
vn 0.000000 -0.781832 0.623489
vn 0.000000 -0.974928 0.222522
vn 0.000000 -0.974928 0.222522
vn 0.000000 -0.974928 0.222522
vn 0.000000 -0.974928 0.222522
vn 1.000000 0.000000 0.000000
vn 1.000000 0.000000 0.000000
vn 1.000000 0.000000 0.000000
vn 1.000000 0.000000 0.000000
vn 1.000000 0.000000 0.000000
vn 1.000000 0.000000 0.000000
vn 1.000000 0.000000 0.000000
vn 1.000000 0.000000 0.000000
vn 1.000000 0.000000 0.000000
vn 1.000000 0.000000 0.000000
vn 1.000000 0.000000 0.000000
vn 1.000000 0.000000 0.000000
vn 1.000000 0.000000 0.000000
vn 1.000000 0.000000 0.000000
vn 0.000000 -0.781831 -0.623490
vn 0.000000 -0.781831 -0.623490
vn 0.000000 -0.781831 -0.623490
vn 0.000000 -0.781831 -0.623490
vn 0.000000 -0.433884 -0.900969
vn 0.000000 -0.433884 -0.900969
vn 0.000000 0.000000 -1.000000
vn 0.000000 0.000000 -1.000000
vn 0.000000 0.433884 -0.900969
vn 0.000000 0.433884 -0.900969
vn 0.000000 0.781831 -0.623490
vn 0.000000 0.781831 -0.623490
vn 0.000000 0.974928 -0.222521
vn 0.000000 0.974928 -0.222521
vn 0.000000 0.974928 0.222521
vn 0.000000 0.974928 0.222521
vn 0.000000 0.781831 0.623490
vn 0.000000 0.781831 0.623490
vn 0.000000 0.433884 0.900969
vn 0.000000 0.433884 0.900969
vn 0.000000 0.000001 1.000000
vn 0.000000 0.000001 1.000000
vn 0.000000 -0.433884 0.900969
vn 0.000000 -0.433884 0.900969
vn 0.000000 -0.781832 0.623489
vn 0.000000 -0.781832 0.623489
vn 0.000000 -0.974928 0.222521
vn 0.000000 -0.974928 0.222521
vn 0.000000 -0.974928 0.222521
vn 0.000000 -0.974928 0.222521
vn 1.000000 0.000000 0.000000
vn 1.000000 0.000000 0.000000
vn 1.000000 0.000000 0.000000
vn 1.000000 0.000000 0.000000
vn 1.000000 0.000000 0.000000
vn 1.000000 0.000000 0.000000
vn 1.000000 0.000000 0.000000
vn 1.000000 0.000000 0.000000
vn 1.000000 0.000000 0.000000
vn 1.000000 0.000000 0.000000
vn 1.000000 0.000000 0.000000
vn 1.000000 0.000000 0.000000
vn 1.000000 0.000000 0.000000
vn 1.000000 0.000000 0.000000
vn 0.000000 -0.781831 -0.623490
vn 0.000000 -0.781831 -0.623490
vn 0.000000 -0.781831 -0.623490
vn 0.000000 -0.781831 -0.623490
vn 0.000000 -0.433884 -0.900969
vn 0.000000 -0.433884 -0.900969
vn 0.000000 0.000000 -1.000000
vn 0.000000 0.000000 -1.000000
vn 0.000000 0.433884 -0.900969
vn 0.000000 0.433884 -0.900969
vn 0.000000 0.781831 -0.623490
vn 0.000000 0.781831 -0.623490
vn 0.000000 0.974928 -0.222521
vn 0.000000 0.974928 -0.222521
vn 0.000000 0.974928 0.222521
vn 0.000000 0.974928 0.222521
vn 0.000000 0.781832 0.623489
vn 0.000000 0.781832 0.623489
vn 0.000000 0.433884 0.900969
vn 0.000000 0.433884 0.900969
vn 0.000000 0.000000 1.000000
vn 0.000000 0.000000 1.000000
vn 0.000000 -0.433884 0.900969
vn 0.000000 -0.433884 0.900969
vn 0.000000 -0.781832 0.623489
vn 0.000000 -0.781832 0.623489
vn 0.000000 -0.974928 0.222521
vn 0.000000 -0.974928 0.222521
vn 0.000000 -0.974928 0.222521
vn 0.000000 -0.974928 0.222521
vn 1.000000 0.000000 0.000000
vn 1.000000 0.000000 0.000000
vn 1.000000 0.000000 0.000000
vn 1.000000 0.000000 0.000000
vn 1.000000 0.000000 0.000000
vn 1.000000 0.000000 0.000000
vn 1.000000 0.000000 0.000000
vn 1.000000 0.000000 0.000000
vn 1.000000 0.000000 0.000000
vn 1.000000 0.000000 0.000000
vn 1.000000 0.000000 0.000000
vn 1.000000 0.000000 0.000000
vn 1.000000 0.000000 0.000000
vn 1.000000 0.000000 0.000000
vn 0.000000 -0.781831 -0.623490
vn 0.000000 -0.781831 -0.623490
vn 0.000000 -0.781831 -0.623490
vn 0.000000 -0.781831 -0.623490
vn 0.000000 -0.433884 -0.900969
vn 0.000000 -0.433884 -0.900969
vn 0.000000 0.000000 -1.000000
vn 0.000000 0.000000 -1.000000
vn 0.000000 0.433883 -0.900969
vn 0.000000 0.433883 -0.900969
vn 0.000000 0.781831 -0.623491
vn 0.000000 0.781831 -0.623491
vn 0.000000 0.974928 -0.222520
vn 0.000000 0.974928 -0.222520
vn 0.000000 0.974928 0.222520
vn 0.000000 0.974928 0.222520
vn 0.000000 0.781832 0.623489
vn 0.000000 0.781832 0.623489
vn 0.000000 0.433883 0.900969
vn 0.000000 0.433883 0.900969
vn 0.000000 0.000000 1.000000
vn 0.000000 0.000000 1.000000
vn 0.000000 -0.433883 0.900969
vn 0.000000 -0.433883 0.900969
vn 0.000000 -0.781832 0.623489
vn 0.000000 -0.781832 0.623489
vn 0.000000 -0.974928 0.222521
vn 0.000000 -0.974928 0.222521
vn 0.000000 -0.974928 0.222521
vn 0.000000 -0.974928 0.222521
vn 1.000000 0.000001 0.000000
vn 1.000000 0.000001 0.000000
vn 1.000000 0.000001 0.000000
vn 1.000000 0.000001 0.000000
vn 1.000000 0.000001 0.000000
vn 1.000000 0.000001 0.000000
vn 1.000000 0.000001 0.000000
vn 1.000000 0.000001 0.000000
vn 1.000000 0.000001 0.000000
vn 1.000000 0.000001 0.000000
vn 1.000000 0.000001 0.000000
vn 1.000000 0.000001 0.000000
vn 1.000000 0.000001 0.000000
vn 1.000000 0.000001 0.000000
vn 0.000000 -0.781832 -0.623490
vn 0.000000 -0.781832 -0.623490
vn 0.000000 -0.781832 -0.623490
vn 0.000000 -0.781832 -0.623490
vn 0.000000 -0.433883 -0.900969
vn 0.000000 -0.433883 -0.900969
vn 0.000000 0.000000 -1.000000
vn 0.000000 0.000000 -1.000000
vn 0.000000 0.433883 -0.900969
vn 0.000000 0.433883 -0.900969
vn 0.000000 0.781831 -0.623491
vn 0.000000 0.781831 -0.623491
vn 0.000000 0.974928 -0.222520
vn 0.000000 0.974928 -0.222520
vn 0.000000 0.974928 0.222520
vn 0.000000 0.974928 0.222520
vn 0.000000 0.781831 0.623490
vn 0.000000 0.781831 0.623490
vn 0.000000 0.433883 0.900969
vn 0.000000 0.433883 0.900969
vn 0.000000 0.000000 1.000000
vn 0.000000 0.000000 1.000000
vn 0.000000 -0.433883 0.900969
vn 0.000000 -0.433883 0.900969
vn 0.000000 -0.781832 0.623489
vn 0.000000 -0.781832 0.623489
vn 0.000000 -0.974928 0.222521
vn 0.000000 -0.974928 0.222521
vn 0.000000 -0.974928 0.222521
vn 0.000000 -0.974928 0.222521
vn 1.000000 0.000000 0.000000
vn 1.000000 0.000000 0.000000
vn 1.000000 0.000000 0.000000
vn 1.000000 0.000000 0.000000
vn 1.000000 0.000000 0.000000
vn 1.000000 0.000000 0.000000
vn 1.000000 0.000000 0.000000
vn 1.000000 0.000000 0.000000
vn 1.000000 0.000000 0.000000
vn 1.000000 0.000000 0.000000
vn 1.000000 0.000000 0.000000
vn 1.000000 0.000000 0.000000
vn 1.000000 0.000000 0.000000
vn 1.000000 0.000000 0.000000
vn 1.000000 0.000002 0.000000
vn 1.000000 0.000002 0.000000
vn 1.000000 0.000002 0.000000
vn 1.000000 0.000002 0.000000
vn 1.000000 -0.000001 0.000000
vn 1.000000 -0.000001 0.000000
vn 1.000000 -0.000000 0.000000
vn 1.000000 -0.000000 0.000000
vn 1.000000 0.000000 0.000000
vn 1.000000 0.000000 0.000000
vn 1.000000 0.000000 0.000000
vn 1.000000 0.000000 0.000000
vn 1.000000 -0.000001 0.000000
vn 1.000000 -0.000001 0.000000
vn 1.000000 -0.000000 0.000000
vn 1.000000 -0.000000 0.000000
vn 1.000000 0.000000 0.000000
vn 1.000000 0.000000 0.000000
vn 1.000000 0.000000 0.000000
vn 1.000000 0.000000 0.000000
vn 1.000000 0.000000 0.000000
vn 1.000000 0.000000 0.000000
vn 1.000000 0.000000 0.000000
vn 1.000000 0.000000 0.000000
vn 1.000000 0.000001 0.000000
vn 1.000000 0.000001 0.000000
vn 1.000000 0.000000 0.000000
vn 1.000000 0.000000 0.000000
vn 1.000000 0.000000 0.000000
vn 1.000000 0.000000 0.000000
vn 1.000000 0.000000 0.000000
vn 1.000000 0.000000 0.000000
vn 1.000000 0.000001 0.000000
vn 1.000000 0.000001 0.000000
vn 1.000000 0.000000 0.000000
vn 1.000000 0.000000 0.000000
vn 1.000000 0.000000 0.000000
vn 1.000000 0.000000 0.000000
vn 1.000000 0.000000 0.000000
vn 1.000000 0.000000 0.000000
vn 1.000000 -0.000001 0.000000
vn 1.000000 -0.000001 0.000000
vn 1.000000 -0.000001 0.000000
vn 1.000000 -0.000001 0.000000
vn 1.000000 0.000000 0.000000
vn 1.000000 0.000000 0.000000
vn 1.000000 0.000001 0.000000
vn 1.000000 0.000001 0.000000
vn 1.000000 -0.000001 0.000000
vn 1.000000 -0.000001 0.000000
vn 1.000000 0.000000 0.000000
vn 1.000000 0.000000 0.000000
vn 1.000000 0.000000 0.000000
vn 1.000000 0.000000 0.000000
vn 1.000000 0.000001 0.000000
vn 1.000000 0.000001 0.000000
vn 1.000000 0.000000 0.000000
vn 1.000000 0.000000 0.000000
vn 1.000000 0.000000 0.000000
vn 1.000000 0.000000 0.000000
vn 1.000000 -0.000001 0.000000
vn 1.000000 -0.000001 0.000000
vn 1.000000 0.000000 0.000000
vn 1.000000 0.000000 0.000000
vn 1.000000 0.000000 0.000000
vn 1.000000 0.000000 0.000000
vn 1.000000 0.000002 0.000000
vn 1.000000 0.000002 0.000000
vn 1.000000 0.000002 0.000000
vn 1.000000 0.000002 0.000000
vn 1.000000 0.000001 0.000000
vn 1.000000 0.000001 0.000000
vn 1.000000 0.000000 0.000000
vn 1.000000 0.000000 0.000000
vn 1.000000 0.000001 0.000000
vn 1.000000 0.000001 0.000000
vn 1.000000 0.000000 0.000000
vn 1.000000 0.000000 0.000000
vn 1.000000 0.000000 0.000000
vn 1.000000 0.000000 0.000000
vn 1.000000 -0.000002 0.000000
vn 1.000000 -0.000002 0.000000
vn 1.000000 -0.000002 0.000000
vn 1.000000 -0.000002 0.000000
vn 1.000000 0.000000 0.000000
vn 1.000000 0.000000 0.000000
vn 1.000000 0.000000 0.000000
vn 1.000000 0.000000 0.000000
vn 1.000000 -0.000002 0.000000
vn 1.000000 -0.000002 0.000000
vn 1.000000 0.000000 0.000000
vn 1.000000 0.000000 0.000000
vn 1.000000 0.000000 0.000000
vn 1.000000 0.000000 0.000000
vn 1.000000 -0.000001 0.000000
vn 1.000000 -0.000001 0.000000
vn 1.000000 -0.000001 0.000000
vn 1.000000 -0.000001 0.000000
vn 1.000000 0.000002 0.000000
vn 1.000000 0.000002 0.000000
vn 1.000000 0.000000 0.000000
vn 1.000000 0.000000 0.000000
vn 1.000000 0.000000 0.000000
vn 1.000000 0.000000 0.000000
vn 1.000000 0.000000 0.000000
vn 1.000000 0.000000 0.000000
vn 1.000000 0.000000 0.000000
vn 1.000000 0.000000 0.000000
vn 1.000000 -0.000001 0.000000
vn 1.000000 -0.000001 0.000000
vn 1.000000 -0.000004 0.000000
vn 1.000000 -0.000004 0.000000
vn 1.000000 0.000007 0.000000
vn 1.000000 0.000007 0.000000
vn 1.000000 0.000007 0.000000
vn 1.000000 0.000007 0.000000
vn 1.000000 -0.000005 0.000000
vn 1.000000 -0.000005 0.000000
vn 1.000000 0.000001 0.000000
vn 1.000000 0.000001 0.000000
vn 1.000000 0.000000 0.000000
vn 1.000000 0.000000 0.000000
vn 1.000000 0.000000 0.000000
vn 1.000000 0.000000 0.000000
vn 1.000000 -0.000005 0.000000
vn 1.000000 -0.000005 0.000000
vn 1.000000 -0.000002 0.000000
vn 1.000000 -0.000002 0.000000
vn 1.000000 0.000000 0.000000
vn 1.000000 0.000000 0.000000
vn 1.000000 0.000003 0.000000
vn 1.000000 0.000003 0.000000
vn 1.000000 0.000001 0.000000
vn 1.000000 0.000001 0.000000
vn 1.000000 0.000000 0.000000
vn 1.000000 0.000000 0.000000
vn 1.000000 -0.000003 0.000000
vn 1.000000 -0.000003 0.000000
vn 1.000000 0.000004 0.000000
vn 1.000000 0.000004 0.000000
vn 1.000000 0.000001 0.000000
vn 1.000000 0.000001 0.000000
vn 1.000000 0.000001 0.000000
vn 1.000000 0.000001 0.000000
vn 1.000000 -0.000001 0.000000
vn 1.000000 -0.000001 0.000000
vn 1.000000 -0.000001 0.000000
vn 1.000000 -0.000001 0.000000
vn 1.000000 0.000000 0.000000
vn 1.000000 0.000000 0.000000
vn 1.000000 0.000003 0.000000
vn 1.000000 0.000003 0.000000
vn 1.000000 0.000001 0.000000
vn 1.000000 0.000001 0.000000
vn 1.000000 0.000005 0.000000
vn 1.000000 0.000005 0.000000
vn 1.000000 -0.000001 0.000000
vn 1.000000 -0.000001 0.000000
vn 1.000000 0.000003 0.000000
vn 1.000000 0.000003 0.000000
vn 1.000000 0.000001 0.000000
vn 1.000000 0.000001 0.000000
vn 1.000000 0.000000 0.000000
vn 1.000000 0.000000 0.000000
vn 1.000000 -0.000001 0.000000
vn 1.000000 -0.000001 0.000000
vn 1.000000 0.000000 0.000000
vn 1.000000 0.000000 0.000000
vn 1.000000 0.000003 0.000000
vn 1.000000 0.000003 0.000000
vn 1.000000 0.000003 0.000000
vn 1.000000 0.000003 0.000000
vn 1.000000 0.000001 0.000000
vn 1.000000 0.000001 0.000000
vn 1.000000 -0.000001 0.000000
vn 1.000000 -0.000001 0.000000
vn 1.000000 0.000000 0.000000
vn 1.000000 0.000000 0.000000
vn 1.000000 0.000001 0.000000
vn 1.000000 0.000001 0.000000
vn 1.000000 -0.000003 0.000000
vn 1.000000 -0.000003 0.000000
vn 1.000000 0.000003 0.000000
vn 1.000000 0.000003 0.000000
vn 1.000000 0.000000 0.000000
vn 1.000000 0.000000 0.000000
vn 1.000000 0.000001 0.000000
vn 1.000000 0.000001 0.000000
vn 1.000000 0.000001 0.000000
vn 1.000000 0.000001 0.000000
vn 1.000000 0.000000 0.000000
vn 1.000000 0.000000 0.000000
vn 1.000000 0.000000 0.000000
vn 1.000000 0.000000 0.000000
vn 1.000000 0.000000 0.000000
vn 1.000000 0.000000 0.000000
vn 0.000000 0.974928 0.222521
vn 0.000000 0.974928 0.222521
vn 0.000000 0.974928 0.222521
vn 0.000000 0.974928 0.222521
vn 0.000000 0.781832 0.623489
vn 0.000000 0.781832 0.623489
vn 0.000000 0.433884 0.900969
vn 0.000000 0.433884 0.900969
vn 0.000000 0.000000 1.000000
vn 0.000000 0.000000 1.000000
vn 0.000000 -0.433883 0.900969
vn 0.000000 -0.433883 0.900969
vn 0.000000 -0.781832 0.623490
vn 0.000000 -0.781832 0.623490
vn 0.000000 -0.974928 0.222522
vn 0.000000 -0.974928 0.222522
vn 0.000000 -0.974928 -0.222521
vn 0.000000 -0.974928 -0.222521
vn 0.000000 -0.781832 -0.623489
vn 0.000000 -0.781832 -0.623489
vn 0.000000 -0.433883 -0.900969
vn 0.000000 -0.433883 -0.900969
vn 0.000000 0.000000 -1.000000
vn 0.000000 0.000000 -1.000000
vn 0.000000 0.433883 -0.900969
vn 0.000000 0.433883 -0.900969
vn 0.000000 0.781831 -0.623490
vn 0.000000 0.781831 -0.623490
vn 0.000000 0.974928 0.222521
vn 0.000000 0.974928 0.222521
vn 0.000000 0.974928 0.222521
vn 0.000000 0.974928 0.222521
vn 0.000000 0.781831 0.623490
vn 0.000000 0.781831 0.623490
vn 0.000000 0.433885 0.900968
vn 0.000000 0.433885 0.900968
vn 0.000000 0.000000 1.000000
vn 0.000000 0.000000 1.000000
vn 0.000000 -0.433884 0.900969
vn 0.000000 -0.433884 0.900969
vn 0.000000 -0.781832 0.623490
vn 0.000000 -0.781832 0.623490
vn 0.000000 -0.974928 0.222521
vn 0.000000 -0.974928 0.222521
vn 0.000000 -0.974928 -0.222521
vn 0.000000 -0.974928 -0.222521
vn 0.000000 -0.781832 -0.623489
vn 0.000000 -0.781832 -0.623489
vn 0.000000 -0.433883 -0.900969
vn 0.000000 -0.433883 -0.900969
vn 0.000000 -0.000001 -1.000000
vn 0.000000 -0.000001 -1.000000
vn 0.000000 0.433884 -0.900969
vn 0.000000 0.433884 -0.900969
vn 0.000000 0.781832 -0.623489
vn 0.000000 0.781832 -0.623489
vn 1.000000 0.000000 0.000000
vn 1.000000 0.000000 0.000000
vn 1.000000 0.000000 0.000000
vn 1.000000 0.000000 0.000000
vn 1.000000 0.000001 0.000000
vn 1.000000 0.000001 0.000000
vn 1.000000 0.000001 0.000000
vn 1.000000 0.000001 0.000000
vn 1.000000 0.000000 0.000000
vn 1.000000 0.000000 0.000000
vn 1.000000 -0.000001 0.000000
vn 1.000000 -0.000001 0.000000
vn 1.000000 0.000001 0.000000
vn 1.000000 0.000001 0.000000
vn 1.000000 -0.000001 0.000000
vn 1.000000 -0.000001 0.000000
vn 1.000000 0.000000 0.000000
vn 1.000000 0.000000 0.000000
vn 1.000000 0.000001 0.000000
vn 1.000000 0.000001 0.000000
vn 1.000000 -0.000001 0.000000
vn 1.000000 -0.000001 0.000000
vn 1.000000 0.000000 0.000000
vn 1.000000 0.000000 0.000000
vn 1.000000 -0.000001 0.000000
vn 1.000000 -0.000001 0.000000
vn 1.000000 0.000001 0.000000
vn 1.000000 0.000001 0.000000
vn 1.000000 0.000002 0.000000
vn 1.000000 0.000002 0.000000
vn 1.000000 0.000002 0.000000
vn 1.000000 0.000002 0.000000
vn 1.000000 -0.000001 0.000000
vn 1.000000 -0.000001 0.000000
vn 1.000000 0.000000 0.000000
vn 1.000000 0.000000 0.000000
vn 1.000000 0.000000 0.000000
vn 1.000000 0.000000 0.000000
vn 1.000000 -0.000001 0.000000
vn 1.000000 -0.000001 0.000000
vn 1.000000 -0.000002 0.000000
vn 1.000000 -0.000002 0.000000
vn 1.000000 -0.000001 0.000000
vn 1.000000 -0.000001 0.000000
vn 1.000000 0.000002 0.000000
vn 1.000000 0.000002 0.000000
vn 1.000000 -0.000001 0.000000
vn 1.000000 -0.000001 0.000000
vn 1.000000 0.000000 0.000000
vn 1.000000 0.000000 0.000000
vn 1.000000 0.000001 0.000000
vn 1.000000 0.000001 0.000000
vn 1.000000 0.000000 0.000000
vn 1.000000 0.000000 0.000000
vn 1.000000 0.000001 0.000000
vn 1.000000 0.000001 0.000000
vn 0.000000 0.974928 0.222521
vn 0.000000 0.974928 0.222521
vn 0.000000 0.974928 0.222521
vn 0.000000 0.974928 0.222521
vn 0.000000 0.781831 0.623490
vn 0.000000 0.781831 0.623490
vn 0.000000 0.433884 0.900969
vn 0.000000 0.433884 0.900969
vn 0.000000 0.000000 1.000000
vn 0.000000 0.000000 1.000000
vn 0.000000 -0.433883 0.900969
vn 0.000000 -0.433883 0.900969
vn 0.000000 -0.781832 0.623489
vn 0.000000 -0.781832 0.623489
vn 0.000000 -0.974928 0.222522
vn 0.000000 -0.974928 0.222522
vn 0.000000 -0.974928 -0.222521
vn 0.000000 -0.974928 -0.222521
vn 0.000000 -0.781832 -0.623490
vn 0.000000 -0.781832 -0.623490
vn 0.000000 -0.433884 -0.900969
vn 0.000000 -0.433884 -0.900969
vn 0.000000 0.000000 -1.000000
vn 0.000000 0.000000 -1.000000
vn 0.000000 0.433883 -0.900969
vn 0.000000 0.433883 -0.900969
vn 0.000000 0.781831 -0.623490
vn 0.000000 0.781831 -0.623490
vn 0.000000 0.974928 0.222521
vn 0.000000 0.974928 0.222521
vn 0.000000 0.974928 0.222521
vn 0.000000 0.974928 0.222521
vn 0.000000 0.781831 0.623490
vn 0.000000 0.781831 0.623490
vn 0.000000 0.433884 0.900969
vn 0.000000 0.433884 0.900969
vn 0.000000 0.000000 1.000000
vn 0.000000 0.000000 1.000000
vn 0.000000 -0.433882 0.900969
vn 0.000000 -0.433882 0.900969
vn 0.000000 -0.781832 0.623489
vn 0.000000 -0.781832 0.623489
vn 0.000000 -0.974928 0.222521
vn 0.000000 -0.974928 0.222521
vn 0.000000 -0.974928 -0.222520
vn 0.000000 -0.974928 -0.222520
vn 0.000000 -0.781831 -0.623490
vn 0.000000 -0.781831 -0.623490
vn 0.000000 -0.433883 -0.900969
vn 0.000000 -0.433883 -0.900969
vn 0.000000 -0.000002 -1.000000
vn 0.000000 -0.000002 -1.000000
vn 0.000000 0.433884 -0.900969
vn 0.000000 0.433884 -0.900969
vn 0.000000 0.781831 -0.623490
vn 0.000000 0.781831 -0.623490
vn 0.991321 -0.128166 -0.029253
vn 0.991321 -0.128166 -0.029253
vn 0.991321 -0.128166 -0.029253
vn 0.991321 -0.128166 -0.029253
vn 0.991321 -0.102782 -0.081966
vn 0.991321 -0.102782 -0.081966
vn 0.991321 -0.057040 -0.118444
vn 0.991321 -0.057040 -0.118444
vn 0.991321 0.000000 -0.131463
vn 0.991321 0.000000 -0.131463
vn 0.991321 0.057039 -0.118444
vn 0.991321 0.057039 -0.118444
vn 0.991321 0.102781 -0.081966
vn 0.991321 0.102781 -0.081966
vn 0.991321 0.128167 -0.029253
vn 0.991321 0.128167 -0.029253
vn 0.991321 0.128166 0.029253
vn 0.991321 0.128166 0.029253
vn 0.991321 0.102781 0.081966
vn 0.991321 0.102781 0.081966
vn 0.991321 0.057039 0.118444
vn 0.991321 0.057039 0.118444
vn 0.991321 0.000000 0.131463
vn 0.991321 0.000000 0.131463
vn 0.991321 -0.057039 0.118444
vn 0.991321 -0.057039 0.118444
vn 0.991321 -0.102782 0.081966
vn 0.991321 -0.102782 0.081966
vn 0.967758 -0.245568 -0.056049
vn 0.967758 -0.245568 -0.056049
vn 0.967758 -0.245568 -0.056049
vn 0.967758 -0.245568 -0.056049
vn 0.967757 -0.196930 -0.157047
vn 0.967758 -0.196930 -0.157047
vn 0.967758 -0.109288 -0.226939
vn 0.967757 -0.109288 -0.226939
vn 0.967758 0.000000 -0.251883
vn 0.967758 0.000000 -0.251883
vn 0.967757 0.109288 -0.226939
vn 0.967757 0.109288 -0.226939
vn 0.967757 0.196931 -0.157047
vn 0.967757 0.196931 -0.157047
vn 0.967758 0.245568 -0.056049
vn 0.967758 0.245568 -0.056049
vn 0.967757 0.245568 0.056049
vn 0.967758 0.245568 0.056049
vn 0.967758 0.196930 0.157047
vn 0.967758 0.196930 0.157047
vn 0.967757 0.109288 0.226939
vn 0.967757 0.109288 0.226939
vn 0.967757 0.000001 0.251884
vn 0.967757 0.000001 0.251884
vn 0.967757 -0.109289 0.226939
vn 0.967757 -0.109289 0.226939
vn 0.967757 -0.196931 0.157047
vn 0.967757 -0.196931 0.157047
vn 0.000000 0.974928 0.222522
vn 0.000000 0.974928 0.222522
vn 0.000000 0.974928 0.222522
vn 0.000000 0.974928 0.222522
vn -0.000000 0.781833 0.623488
vn -0.000000 0.781833 0.623488
vn -0.000000 0.433882 0.900970
vn -0.000000 0.433882 0.900970
vn -0.000001 0.000000 1.000000
vn -0.000001 0.000000 1.000000
vn 0.000000 -0.433884 0.900969
vn 0.000000 -0.433884 0.900969
vn 0.000000 -0.781831 0.623490
vn 0.000000 -0.781831 0.623490
vn 0.000000 -0.974928 0.222521
vn 0.000000 -0.974928 0.222521
vn 0.000000 -0.974928 -0.222520
vn 0.000000 -0.974928 -0.222520
vn 0.000000 -0.781831 -0.623490
vn 0.000000 -0.781831 -0.623490
vn 0.000000 -0.433884 -0.900969
vn 0.000000 -0.433884 -0.900969
vn 0.000000 -0.000001 -1.000000
vn 0.000000 -0.000001 -1.000000
vn -0.000000 0.433884 -0.900968
vn -0.000000 0.433884 -0.900969
vn 0.000001 0.781832 -0.623489
vn 0.000001 0.781832 -0.623489
vn 0.000000 0.974928 0.222521
vn 0.000000 0.974928 0.222521
vn 0.000000 0.974928 0.222521
vn 0.000000 0.974928 0.222521
vn 0.000000 0.781832 0.623489
vn 0.000000 0.781832 0.623489
vn 0.000000 0.433884 0.900969
vn 0.000000 0.433884 0.900969
vn 0.000000 0.000000 1.000000
vn 0.000000 0.000000 1.000000
vn 0.000000 -0.433883 0.900969
vn 0.000000 -0.433883 0.900969
vn 0.000000 -0.781831 0.623490
vn 0.000000 -0.781831 0.623490
vn 0.000000 -0.974928 0.222521
vn 0.000000 -0.974928 0.222521
vn 0.000000 -0.974928 -0.222521
vn 0.000000 -0.974928 -0.222521
vn 0.000000 -0.781832 -0.623489
vn 0.000000 -0.781832 -0.623489
vn 0.000000 -0.433884 -0.900969
vn 0.000000 -0.433884 -0.900969
vn 0.000000 -0.000000 -1.000000
vn 0.000000 -0.000000 -1.000000
vn 0.000000 0.433883 -0.900969
vn 0.000000 0.433883 -0.900969
vn 0.000000 0.781832 -0.623489
vn 0.000000 0.781832 -0.623489
vn 0.000000 0.974928 0.222521
vn 0.000000 0.974928 0.222521
vn 0.000000 0.974928 0.222521
vn 0.000000 0.974928 0.222521
vn 0.000000 0.781832 0.623489
vn 0.000000 0.781832 0.623489
vn 0.000000 0.433883 0.900969
vn 0.000000 0.433883 0.900969
vn 0.000000 0.000000 1.000000
vn 0.000000 0.000000 1.000000
vn 0.000000 -0.433883 0.900969
vn 0.000000 -0.433883 0.900969
vn 0.000000 -0.781832 0.623490
vn 0.000000 -0.781832 0.623490
vn 0.000000 -0.974928 0.222521
vn 0.000000 -0.974928 0.222521
vn 0.000000 -0.974928 -0.222521
vn 0.000000 -0.974928 -0.222521
vn 0.000000 -0.781832 -0.623489
vn 0.000000 -0.781832 -0.623489
vn 0.000000 -0.433884 -0.900969
vn 0.000000 -0.433884 -0.900969
vn 0.000000 -0.000001 -1.000000
vn 0.000000 -0.000001 -1.000000
vn 0.000000 0.433884 -0.900969
vn 0.000000 0.433884 -0.900969
vn 0.000000 0.781832 -0.623490
vn 0.000000 0.781832 -0.623490
vn 0.000000 0.974928 0.222522
vn 0.000000 0.974928 0.222522
vn 0.000000 0.974928 0.222522
vn 0.000000 0.974928 0.222522
vn 0.000000 0.781831 0.623490
vn 0.000000 0.781831 0.623490
vn 0.000000 0.433884 0.900968
vn 0.000000 0.433884 0.900968
vn 0.000000 0.000000 1.000000
vn 0.000000 0.000000 1.000000
vn 0.000000 -0.433884 0.900969
vn 0.000000 -0.433884 0.900969
vn 0.000000 -0.781832 0.623489
vn 0.000000 -0.781832 0.623489
vn 0.000000 -0.974928 0.222521
vn 0.000000 -0.974928 0.222521
vn 0.000000 -0.974928 -0.222521
vn 0.000000 -0.974928 -0.222521
vn 0.000000 -0.781833 -0.623488
vn 0.000000 -0.781833 -0.623488
vn 0.000000 -0.433883 -0.900969
vn 0.000000 -0.433883 -0.900969
vn 0.000000 -0.000001 -1.000000
vn 0.000000 -0.000001 -1.000000
vn 0.000000 0.433883 -0.900969
vn 0.000000 0.433883 -0.900969
vn 0.000000 0.781832 -0.623489
vn 0.000000 0.781832 -0.623489
vn 0.000000 0.974928 0.222521
vn 0.000000 0.974928 0.222521
vn 0.000000 0.974928 0.222521
vn 0.000000 0.974928 0.222521
vn 0.000000 0.781832 0.623489
vn 0.000000 0.781832 0.623489
vn 0.000000 0.433884 0.900969
vn 0.000000 0.433884 0.900969
vn 0.000000 0.000000 1.000000
vn 0.000000 0.000000 1.000000
vn 0.000000 -0.433884 0.900968
vn 0.000000 -0.433884 0.900968
vn 0.000000 -0.781829 0.623492
vn 0.000000 -0.781829 0.623492
vn 0.000000 -0.974928 0.222518
vn 0.000000 -0.974928 0.222518
vn 0.000000 -0.974928 -0.222519
vn 0.000000 -0.974928 -0.222519
vn 0.000000 -0.781831 -0.623490
vn 0.000000 -0.781831 -0.623490
vn 0.000000 -0.433883 -0.900969
vn 0.000000 -0.433883 -0.900969
vn 0.000000 0.000000 -1.000000
vn 0.000000 0.000000 -1.000000
vn 0.000000 0.433884 -0.900969
vn 0.000000 0.433884 -0.900969
vn 0.000000 0.781833 -0.623488
vn 0.000000 0.781833 -0.623488
vn 1.000000 0.000001 0.000000
vn 1.000000 0.000001 0.000000
vn 1.000000 0.000001 0.000000
vn 1.000000 0.000001 0.000000
vn 1.000000 0.000000 0.000000
vn 1.000000 0.000000 0.000000
vn 1.000000 0.000001 0.000000
vn 1.000000 0.000001 0.000000
vn 1.000000 0.000000 0.000000
vn 1.000000 0.000000 0.000000
vn 1.000000 -0.000003 0.000000
vn 1.000000 -0.000003 0.000000
vn 1.000000 0.000000 0.000000
vn 1.000000 0.000000 0.000000
vn 1.000000 -0.000001 0.000000
vn 1.000000 -0.000001 0.000000
vn 1.000000 0.000000 0.000000
vn 1.000000 0.000000 0.000000
vn 1.000000 0.000001 0.000000
vn 1.000000 0.000001 0.000000
vn 1.000000 -0.000001 0.000000
vn 1.000000 -0.000001 0.000000
vn 1.000000 0.000000 0.000000
vn 1.000000 0.000000 0.000000
vn 1.000000 0.000003 0.000000
vn 1.000000 0.000003 0.000000
vn 1.000000 0.000000 0.000000
vn 1.000000 0.000000 0.000000
vn 1.000000 0.000001 0.000000
vn 1.000000 0.000001 0.000000
vn 1.000000 0.000001 0.000000
vn 1.000000 0.000001 0.000000
vn 1.000000 -0.000001 0.000000
vn 1.000000 -0.000001 0.000000
vn 1.000000 0.000001 0.000000
vn 1.000000 0.000001 0.000000
vn 1.000000 0.000000 0.000000
vn 1.000000 0.000000 0.000000
vn 1.000000 -0.000003 0.000000
vn 1.000000 -0.000003 0.000000
vn 1.000000 0.000000 0.000000
vn 1.000000 0.000000 0.000000
vn 1.000000 0.000000 0.000000
vn 1.000000 0.000000 0.000000
vn 1.000000 0.000001 0.000000
vn 1.000000 0.000001 0.000000
vn 1.000000 0.000000 0.000000
vn 1.000000 0.000000 0.000000
vn 1.000000 0.000000 0.000000
vn 1.000000 0.000000 0.000000
vn 1.000000 0.000003 0.000000
vn 1.000000 0.000003 0.000000
vn 1.000000 -0.000003 0.000000
vn 1.000000 -0.000003 0.000000
vn 1.000000 0.000000 0.000000
vn 1.000000 0.000000 0.000000
vn 1.000000 -0.000000 0.000000
vn 1.000000 -0.000000 0.000000
vn 1.000000 -0.000000 0.000000
vn 1.000000 -0.000000 0.000000
vn 1.000000 0.000001 0.000000
vn 1.000000 0.000001 0.000000
vn 1.000000 -0.000001 0.000000
vn 1.000000 -0.000001 0.000000
vn 1.000000 0.000000 0.000000
vn 1.000000 0.000000 0.000000
vn 1.000000 0.000000 0.000000
vn 1.000000 0.000000 0.000000
vn 1.000000 0.000004 0.000000
vn 1.000000 0.000004 0.000000
vn 1.000000 0.000000 0.000000
vn 1.000000 0.000000 0.000000
vn 1.000000 0.000000 0.000000
vn 1.000000 0.000000 0.000000
vn 1.000000 0.000000 0.000000
vn 1.000000 0.000000 0.000000
vn 1.000000 0.000001 0.000000
vn 1.000000 0.000001 0.000000
vn 1.000000 0.000000 0.000000
vn 1.000000 0.000000 0.000000
vn 1.000000 0.000000 0.000000
vn 1.000000 0.000000 0.000000
vn 1.000000 0.000001 0.000000
vn 1.000000 0.000001 0.000000
vn 1.000000 0.000000 0.000000
vn 1.000000 0.000000 0.000000
vn 1.000000 0.000000 0.000000
vn 1.000000 0.000000 0.000000
vn 1.000000 -0.000002 0.000000
vn 1.000000 -0.000002 0.000000
vn 1.000000 -0.000002 0.000000
vn 1.000000 -0.000002 0.000000
vn 1.000000 0.000003 0.000000
vn 1.000000 0.000003 0.000000
vn 1.000000 0.000000 0.000000
vn 1.000000 0.000000 0.000000
vn 1.000000 -0.000002 0.000000
vn 1.000000 -0.000002 0.000000
vn 1.000000 0.000002 0.000000
vn 1.000000 0.000002 0.000000
vn 1.000000 -0.000001 0.000000
vn 1.000000 -0.000001 0.000000
vn 1.000000 0.000000 0.000000
vn 1.000000 0.000000 0.000000
vn 1.000000 0.000000 0.000000
vn 1.000000 0.000000 0.000000
vn 1.000000 0.000003 0.000000
vn 1.000000 0.000003 0.000000
vn 1.000000 0.000000 0.000000
vn 1.000000 0.000000 0.000000
vn 1.000000 0.000002 0.000000
vn 1.000000 0.000002 0.000000
vn 1.000000 0.000001 0.000000
vn 1.000000 0.000001 0.000000
vn 1.000000 0.000001 0.000000
vn 1.000000 0.000001 0.000000
vn 1.000000 0.000000 0.000000
vn 1.000000 0.000000 0.000000
vn 1.000000 0.000000 0.000000
vn 1.000000 0.000000 0.000000
vn 1.000000 0.000000 0.000000
vn 1.000000 0.000000 0.000000
vn 1.000000 0.000000 0.000000
vn 1.000000 0.000000 0.000000
vn 1.000000 -0.000002 0.000000
vn 1.000000 -0.000002 0.000000
vn 1.000000 0.000002 0.000000
vn 1.000000 0.000002 0.000000
vn 1.000000 0.000000 0.000000
vn 1.000000 0.000000 0.000000
vn 1.000000 0.000000 0.000000
vn 1.000000 0.000000 0.000000
vn 1.000000 0.000000 0.000000
vn 1.000000 0.000000 0.000000
vn 1.000000 0.000000 0.000000
vn 1.000000 0.000000 0.000000
vn 1.000000 0.000000 0.000000
vn 1.000000 0.000000 0.000000
vn 1.000000 0.000003 0.000000
vn 1.000000 0.000003 0.000000
vn -0.000001 -0.974928 -0.222520
vn -0.000001 -0.974928 -0.222520
vn -0.000001 -0.974928 -0.222520
vn -0.000001 -0.974928 -0.222520
vn -0.000001 -0.781832 -0.623489
vn -0.000001 -0.781832 -0.623489
vn -0.000000 -0.433882 -0.900970
vn -0.000000 -0.433882 -0.900970
vn 0.000000 0.000000 -1.000000
vn 0.000000 0.000000 -1.000000
vn 0.000000 0.433884 -0.900969
vn 0.000000 0.433884 -0.900969
vn 0.000000 0.781831 -0.623491
vn 0.000000 0.781831 -0.623491
vn 0.000000 0.974928 -0.222521
vn 0.000000 0.974928 -0.222521
vn 0.000000 0.974928 0.222520
vn 0.000000 0.974928 0.222520
vn 0.000000 0.781831 0.623490
vn 0.000000 0.781831 0.623490
vn 0.000000 0.433884 0.900969
vn 0.000000 0.433884 0.900969
vn 0.000000 0.000003 1.000000
vn 0.000000 0.000003 1.000000
vn 0.000000 -0.433886 0.900968
vn 0.000000 -0.433886 0.900968
vn -0.000000 -0.781831 0.623490
vn -0.000000 -0.781831 0.623490
vn 0.000000 -0.974928 -0.222521
vn 0.000000 -0.974928 -0.222521
vn 0.000000 -0.974928 -0.222521
vn 0.000000 -0.974928 -0.222521
vn 0.000000 -0.781832 -0.623489
vn 0.000000 -0.781832 -0.623489
vn 0.000000 -0.433886 -0.900968
vn 0.000000 -0.433886 -0.900968
vn 0.000000 0.000000 -1.000000
vn 0.000000 0.000000 -1.000000
vn 0.000000 0.433885 -0.900968
vn 0.000000 0.433885 -0.900968
vn 0.000000 0.781832 -0.623489
vn 0.000000 0.781832 -0.623489
vn 0.000000 0.974928 -0.222522
vn 0.000000 0.974928 -0.222522
vn 0.000000 0.974927 0.222523
vn 0.000000 0.974927 0.222523
vn 0.000000 0.781832 0.623489
vn 0.000000 0.781832 0.623489
vn 0.000000 0.433883 0.900969
vn 0.000000 0.433883 0.900969
vn 0.000000 0.000000 1.000000
vn 0.000000 0.000000 1.000000
vn 0.000000 -0.433883 0.900969
vn 0.000000 -0.433883 0.900969
vn 0.000000 -0.781833 0.623488
vn 0.000000 -0.781833 0.623488
vn 0.000000 -0.974928 -0.222521
vn 0.000000 -0.974928 -0.222521
vn 0.000000 -0.974928 -0.222521
vn 0.000000 -0.974928 -0.222521
vn 0.000000 -0.781832 -0.623489
vn 0.000000 -0.781832 -0.623489
vn 0.000000 -0.433885 -0.900968
vn 0.000000 -0.433885 -0.900968
vn 0.000000 -0.000000 -1.000000
vn 0.000000 -0.000000 -1.000000
vn 0.000000 0.433885 -0.900968
vn 0.000000 0.433885 -0.900968
vn 0.000000 0.781832 -0.623490
vn 0.000000 0.781832 -0.623490
vn 0.000000 0.974928 -0.222521
vn 0.000000 0.974928 -0.222521
vn 0.000000 0.974928 0.222521
vn 0.000000 0.974928 0.222521
vn 0.000000 0.781832 0.623489
vn 0.000000 0.781832 0.623489
vn 0.000000 0.433882 0.900969
vn 0.000000 0.433882 0.900969
vn 0.000000 0.000001 1.000000
vn 0.000000 0.000001 1.000000
vn 0.000000 -0.433884 0.900969
vn 0.000000 -0.433884 0.900969
vn 0.000000 -0.781831 0.623490
vn 0.000000 -0.781831 0.623490
vn 0.000000 -0.974928 -0.222520
vn 0.000000 -0.974928 -0.222520
vn 0.000000 -0.974928 -0.222520
vn 0.000000 -0.974928 -0.222520
vn 0.000000 -0.781831 -0.623490
vn 0.000000 -0.781831 -0.623490
vn 0.000000 -0.433882 -0.900970
vn 0.000000 -0.433882 -0.900970
vn 0.000000 -0.000001 -1.000000
vn 0.000000 -0.000001 -1.000000
vn 0.000000 0.433884 -0.900968
vn 0.000000 0.433884 -0.900968
vn 0.000000 0.781835 -0.623486
vn 0.000000 0.781835 -0.623486
vn 0.000000 0.974927 -0.222523
vn 0.000000 0.974927 -0.222523
vn 0.000000 0.974928 0.222522
vn 0.000000 0.974928 0.222522
vn 0.000000 0.781831 0.623490
vn 0.000000 0.781831 0.623490
vn 0.000000 0.433884 0.900968
vn 0.000000 0.433884 0.900968
vn 0.000000 0.000000 1.000000
vn 0.000000 0.000000 1.000000
vn 0.000000 -0.433882 0.900970
vn 0.000000 -0.433882 0.900970
vn 0.000000 -0.781832 0.623489
vn 0.000000 -0.781832 0.623489
vn 0.000000 -0.974929 -0.222517
vn 0.000000 -0.974929 -0.222517
vn 0.000000 -0.974929 -0.222517
vn 0.000000 -0.974929 -0.222517
vn 0.000000 -0.781828 -0.623493
vn 0.000000 -0.781828 -0.623493
vn 0.000000 -0.433887 -0.900967
vn 0.000000 -0.433887 -0.900967
vn 0.000000 0.000000 -1.000000
vn 0.000000 0.000000 -1.000000
vn 0.000000 0.433887 -0.900967
vn 0.000000 0.433887 -0.900967
vn 0.000000 0.781827 -0.623495
vn 0.000000 0.781827 -0.623495
vn 0.000000 0.974928 -0.222519
vn 0.000000 0.974928 -0.222519
vn 0.000000 0.974928 0.222520
vn 0.000000 0.974928 0.222520
vn 0.000000 0.781831 0.623490
vn 0.000000 0.781831 0.623490
vn 0.000000 0.433885 0.900968
vn 0.000000 0.433885 0.900968
vn 0.000000 0.000000 1.000000
vn 0.000000 0.000000 1.000000
vn 0.000000 -0.433886 0.900968
vn 0.000000 -0.433886 0.900968
vn 0.000000 -0.781832 0.623489
vn 0.000000 -0.781832 0.623489
vn 0.000000 -0.974928 -0.222522
vn 0.000000 -0.974928 -0.222522
vn 0.000000 -0.974928 -0.222522
vn 0.000000 -0.974928 -0.222522
vn 0.000000 -0.781832 -0.623489
vn 0.000000 -0.781832 -0.623489
vn 0.000000 -0.433884 -0.900969
vn 0.000000 -0.433884 -0.900969
vn 0.000000 0.000000 -1.000000
vn 0.000000 0.000000 -1.000000
vn 0.000000 0.433884 -0.900969
vn 0.000000 0.433884 -0.900969
vn 0.000000 0.781832 -0.623490
vn 0.000000 0.781832 -0.623490
vn 0.000000 0.974928 -0.222521
vn 0.000000 0.974928 -0.222521
vn 0.000000 0.974928 0.222522
vn 0.000000 0.974928 0.222522
vn 0.000000 0.781832 0.623489
vn 0.000000 0.781832 0.623489
vn 0.000000 0.433884 0.900969
vn 0.000000 0.433884 0.900969
vn 0.000000 0.000000 1.000000
vn 0.000000 0.000000 1.000000
vn 0.000000 -0.433884 0.900969
vn 0.000000 -0.433884 0.900969
vn 0.000000 -0.781832 0.623490
vn 0.000000 -0.781832 0.623490
vn 1.000000 0.000000 0.000000
vn 1.000000 0.000000 0.000000
vn 1.000000 0.000000 0.000000
vn 1.000000 0.000000 0.000000
vn 1.000000 -0.000001 0.000000
vn 1.000000 -0.000001 0.000000
vn 1.000000 0.000002 0.000000
vn 1.000000 0.000002 0.000000
vn 1.000000 0.000000 0.000000
vn 1.000000 0.000000 0.000000
vn 1.000000 -0.000002 0.000000
vn 1.000000 -0.000002 0.000000
vn 1.000000 0.000000 0.000000
vn 1.000000 0.000000 0.000000
vn 1.000000 -0.000001 0.000000
vn 1.000000 -0.000001 0.000000
vn 1.000000 0.000002 0.000000
vn 1.000000 0.000002 0.000000
vn 1.000000 0.000001 0.000000
vn 1.000000 0.000001 0.000000
vn 1.000000 -0.000002 0.000000
vn 1.000000 -0.000002 0.000000
vn 1.000000 0.000000 0.000000
vn 1.000000 0.000000 0.000000
vn 1.000000 0.000002 0.000000
vn 1.000000 0.000002 0.000000
vn 1.000000 -0.000002 0.000000
vn 1.000000 -0.000002 0.000000
vn 0.000000 -0.974928 -0.222520
vn 0.000000 -0.974928 -0.222520
vn 0.000000 -0.974928 -0.222520
vn 0.000000 -0.974928 -0.222520
vn 0.000000 -0.781830 -0.623491
vn 0.000000 -0.781830 -0.623491
vn 0.000000 -0.433884 -0.900968
vn 0.000000 -0.433884 -0.900968
vn 0.000000 0.000000 -1.000000
vn 0.000000 0.000000 -1.000000
vn 0.000000 0.433884 -0.900969
vn 0.000000 0.433884 -0.900969
vn 0.000000 0.781830 -0.623491
vn 0.000000 0.781830 -0.623491
vn 0.000000 0.974928 -0.222522
vn 0.000000 0.974928 -0.222522
vn 0.000000 0.974927 0.222523
vn 0.000000 0.974927 0.222523
vn 0.000000 0.781831 0.623490
vn 0.000000 0.781831 0.623490
vn 0.000000 0.433884 0.900968
vn 0.000000 0.433884 0.900968
vn 0.000000 0.000000 1.000000
vn 0.000000 0.000000 1.000000
vn 0.000000 -0.433883 0.900969
vn 0.000000 -0.433883 0.900969
vn 0.000000 -0.781832 0.623489
vn 0.000000 -0.781832 0.623489
vn 0.000000 -0.974928 -0.222520
vn 0.000000 -0.974928 -0.222520
vn 0.000000 -0.974928 -0.222520
vn 0.000000 -0.974928 -0.222520
vn 0.000000 -0.781832 -0.623489
vn 0.000000 -0.781832 -0.623489
vn 0.000000 -0.433883 -0.900969
vn 0.000000 -0.433883 -0.900969
vn 0.000000 0.000000 -1.000000
vn 0.000000 0.000000 -1.000000
vn 0.000000 0.433882 -0.900969
vn 0.000000 0.433882 -0.900969
vn 0.000000 0.781833 -0.623487
vn 0.000000 0.781833 -0.623487
vn 0.000000 0.974927 -0.222523
vn 0.000000 0.974927 -0.222523
vn 0.000000 0.974927 0.222522
vn 0.000000 0.974927 0.222522
vn 0.000000 0.781831 0.623490
vn 0.000000 0.781831 0.623490
vn 0.000000 0.433885 0.900968
vn 0.000000 0.433885 0.900968
vn 0.000000 0.000000 1.000000
vn 0.000000 0.000000 1.000000
vn 0.000000 -0.433883 0.900969
vn 0.000000 -0.433883 0.900969
vn 0.000000 -0.781832 0.623489
vn 0.000000 -0.781832 0.623489
vn 1.000000 0.000000 0.000000
vn 1.000000 0.000000 0.000000
vn 1.000000 0.000000 0.000000
vn 1.000000 0.000000 0.000000
vn 1.000000 0.000001 0.000000
vn 1.000000 0.000001 0.000000
vn 1.000000 0.000000 0.000000
vn 1.000000 0.000000 0.000000
vn 1.000000 0.000000 0.000000
vn 1.000000 0.000000 0.000000
vn 1.000000 0.000000 0.000000
vn 1.000000 0.000000 0.000000
vn 1.000000 0.000000 0.000000
vn 1.000000 0.000000 0.000000
vn 1.000000 0.000000 0.000000
vn 1.000000 0.000000 0.000000
vn 1.000000 0.000003 0.000000
vn 1.000000 0.000003 0.000000
vn 1.000000 0.000001 0.000000
vn 1.000000 0.000001 0.000000
vn 1.000000 -0.000001 0.000000
vn 1.000000 -0.000001 0.000000
vn 1.000000 0.000000 0.000000
vn 1.000000 0.000000 0.000000
vn 1.000000 0.000000 0.000000
vn 1.000000 0.000000 0.000000
vn 1.000000 0.000001 0.000000
vn 1.000000 0.000001 0.000000
vn 0.000000 -0.974928 -0.222520
vn 0.000000 -0.974928 -0.222520
vn 0.000000 -0.974928 -0.222520
vn 0.000000 -0.974928 -0.222520
vn 0.000000 -0.781833 -0.623488
vn 0.000000 -0.781833 -0.623488
vn 0.000000 -0.433882 -0.900970
vn 0.000000 -0.433882 -0.900970
vn 0.000000 0.000000 -1.000000
vn 0.000000 0.000000 -1.000000
vn 0.000000 0.433883 -0.900969
vn 0.000000 0.433883 -0.900969
vn 0.000000 0.781833 -0.623487
vn 0.000000 0.781833 -0.623487
vn 0.000000 0.974928 -0.222522
vn 0.000000 0.974928 -0.222522
vn 0.000000 0.974927 0.222522
vn 0.000000 0.974927 0.222522
vn 0.000000 0.781832 0.623489
vn 0.000000 0.781832 0.623489
vn 0.000000 0.433885 0.900968
vn 0.000000 0.433885 0.900968
vn 0.000000 0.000000 1.000000
vn 0.000000 0.000000 1.000000
vn 0.000000 -0.433881 0.900970
vn 0.000000 -0.433881 0.900970
vn 0.000000 -0.781832 0.623489
vn 0.000000 -0.781832 0.623489
f 11/11/11 12/12/12 1/1/1
f 1/1/1 2/2/2 3/3/3
f 3/3/3 4/4/4 5/5/5
f 7/7/7 8/8/8 9/9/9
f 10/10/10 11/11/11 1/1/1
f 1/1/1 3/3/3 5/5/5
f 7/7/7 9/9/9 10/10/10
f 1/1/1 5/5/5 6/6/6
f 7/7/7 10/10/10 1/1/1
f 1/1/1 6/6/6 7/7/7
f 23/23/23 24/24/24 13/13/13
f 13/13/13 14/14/14 15/15/15
f 16/16/16 17/17/17 18/18/18
f 20/20/20 21/21/21 22/22/22
f 23/23/23 13/13/13 15/15/15
f 16/16/16 18/18/18 19/19/19
f 20/20/20 22/22/22 23/23/23
f 15/15/15 16/16/16 19/19/19
f 19/19/19 20/20/20 23/23/23
f 23/23/23 15/15/15 19/19/19
f 25/25/25 26/26/26 27/27/27
f 25/25/25 27/27/27 28/28/28
f 29/29/29 30/30/30 31/31/31
f 29/29/29 31/31/31 32/32/32
f 33/33/33 34/34/34 35/35/35
f 33/33/33 35/35/35 36/36/36
f 37/37/37 38/38/38 39/39/39
f 37/37/37 39/39/39 40/40/40
f 41/41/41 42/42/42 43/43/43
f 41/41/41 43/43/43 44/44/44
f 45/45/45 46/46/46 47/47/47
f 45/45/45 47/47/47 48/48/48
f 49/49/49 50/50/50 51/51/51
f 49/49/49 51/51/51 52/52/52
f 53/53/53 54/54/54 55/55/55
f 53/53/53 55/55/55 56/56/56
f 57/57/57 58/58/58 59/59/59
f 57/57/57 59/59/59 60/60/60
f 61/61/61 62/62/62 63/63/63
f 61/61/61 63/63/63 64/64/64
f 65/65/65 66/66/66 67/67/67
f 65/65/65 67/67/67 68/68/68
f 69/69/69 70/70/70 71/71/71
f 69/69/69 71/71/71 72/72/72
f 73/73/73 74/74/74 75/75/75
f 73/73/73 75/75/75 76/76/76
f 74/74/74 77/77/77 78/78/78
f 74/74/74 78/78/78 75/75/75
f 77/77/77 79/79/79 80/80/80
f 77/77/77 80/80/80 78/78/78
f 79/79/79 81/81/81 82/82/82
f 79/79/79 82/82/82 80/80/80
f 81/81/81 83/83/83 84/84/84
f 81/81/81 84/84/84 82/82/82
f 83/83/83 85/85/85 86/86/86
f 83/83/83 86/86/86 84/84/84
f 85/85/85 87/87/87 88/88/88
f 85/85/85 88/88/88 86/86/86
f 87/87/87 89/89/89 90/90/90
f 87/87/87 90/90/90 88/88/88
f 89/89/89 91/91/91 92/92/92
f 89/89/89 92/92/92 90/90/90
f 91/91/91 93/93/93 94/94/94
f 91/91/91 94/94/94 92/92/92
f 93/93/93 95/95/95 96/96/96
f 93/93/93 96/96/96 94/94/94
f 95/95/95 97/97/97 98/98/98
f 95/95/95 98/98/98 96/96/96
f 97/97/97 99/99/99 100/100/100
f 97/97/97 100/100/100 98/98/98
f 101/101/101 73/73/73 76/76/76
f 101/101/101 76/76/76 102/102/102
f 115/115/115 116/116/116 103/103/103
f 103/103/103 104/104/104 105/105/105
f 105/105/105 106/106/106 107/107/107
f 107/107/107 108/108/108 109/109/109
f 109/109/109 110/110/110 111/111/111
f 111/111/111 112/112/112 113/113/113
f 113/113/113 114/114/114 115/115/115
f 115/115/115 103/103/103 105/105/105
f 105/105/105 107/107/107 109/109/109
f 109/109/109 111/111/111 113/113/113
f 113/113/113 115/115/115 105/105/105
f 105/105/105 109/109/109 113/113/113
f 117/117/117 118/118/118 119/119/119
f 117/117/117 119/119/119 120/120/120
f 118/118/118 121/121/121 122/122/122
f 118/118/118 122/122/122 119/119/119
f 121/121/121 123/123/123 124/124/124
f 121/121/121 124/124/124 122/122/122
f 123/123/123 125/125/125 126/126/126
f 123/123/123 126/126/126 124/124/124
f 125/125/125 127/127/127 128/128/128
f 125/125/125 128/128/128 126/126/126
f 127/127/127 129/129/129 130/130/130
f 127/127/127 130/130/130 128/128/128
f 129/129/129 131/131/131 132/132/132
f 129/129/129 132/132/132 130/130/130
f 131/131/131 133/133/133 134/134/134
f 131/131/131 134/134/134 132/132/132
f 133/133/133 135/135/135 136/136/136
f 133/133/133 136/136/136 134/134/134
f 135/135/135 137/137/137 138/138/138
f 135/135/135 138/138/138 136/136/136
f 137/137/137 139/139/139 140/140/140
f 137/137/137 140/140/140 138/138/138
f 139/139/139 141/141/141 142/142/142
f 139/139/139 142/142/142 140/140/140
f 141/141/141 143/143/143 144/144/144
f 141/141/141 144/144/144 142/142/142
f 145/145/145 117/117/117 120/120/120
f 145/145/145 120/120/120 146/146/146
f 159/159/159 160/160/160 147/147/147
f 147/147/147 148/148/148 149/149/149
f 149/149/149 150/150/150 151/151/151
f 151/151/151 152/152/152 153/153/153
f 153/153/153 154/154/154 155/155/155
f 155/155/155 156/156/156 157/157/157
f 157/157/157 158/158/158 159/159/159
f 159/159/159 147/147/147 149/149/149
f 149/149/149 151/151/151 153/153/153
f 153/153/153 155/155/155 157/157/157
f 157/157/157 159/159/159 149/149/149
f 149/149/149 153/153/153 157/157/157
f 161/161/161 162/162/162 163/163/163
f 161/161/161 163/163/163 164/164/164
f 162/162/162 165/165/165 166/166/166
f 162/162/162 166/166/166 163/163/163
f 165/165/165 167/167/167 168/168/168
f 165/165/165 168/168/168 166/166/166
f 167/167/167 169/169/169 170/170/170
f 167/167/167 170/170/170 168/168/168
f 169/169/169 171/171/171 172/172/172
f 169/169/169 172/172/172 170/170/170
f 171/171/171 173/173/173 174/174/174
f 171/171/171 174/174/174 172/172/172
f 173/173/173 175/175/175 176/176/176
f 173/173/173 176/176/176 174/174/174
f 175/175/175 177/177/177 178/178/178
f 175/175/175 178/178/178 176/176/176
f 177/177/177 179/179/179 180/180/180
f 177/177/177 180/180/180 178/178/178
f 179/179/179 181/181/181 182/182/182
f 179/179/179 182/182/182 180/180/180
f 181/181/181 183/183/183 184/184/184
f 181/181/181 184/184/184 182/182/182
f 183/183/183 185/185/185 186/186/186
f 183/183/183 186/186/186 184/184/184
f 185/185/185 187/187/187 188/188/188
f 185/185/185 188/188/188 186/186/186
f 189/189/189 161/161/161 164/164/164
f 189/189/189 164/164/164 190/190/190
f 203/203/203 204/204/204 191/191/191
f 191/191/191 192/192/192 193/193/193
f 193/193/193 194/194/194 195/195/195
f 195/195/195 196/196/196 197/197/197
f 197/197/197 198/198/198 199/199/199
f 199/199/199 200/200/200 201/201/201
f 201/201/201 202/202/202 203/203/203
f 203/203/203 191/191/191 193/193/193
f 193/193/193 195/195/195 197/197/197
f 197/197/197 199/199/199 201/201/201
f 201/201/201 203/203/203 193/193/193
f 193/193/193 197/197/197 201/201/201
f 205/205/205 206/206/206 207/207/207
f 205/205/205 207/207/207 208/208/208
f 206/206/206 209/209/209 210/210/210
f 206/206/206 210/210/210 207/207/207
f 209/209/209 211/211/211 212/212/212
f 209/209/209 212/212/212 210/210/210
f 211/211/211 213/213/213 214/214/214
f 211/211/211 214/214/214 212/212/212
f 213/213/213 215/215/215 216/216/216
f 213/213/213 216/216/216 214/214/214
f 215/215/215 217/217/217 218/218/218
f 215/215/215 218/218/218 216/216/216
f 217/217/217 219/219/219 220/220/220
f 217/217/217 220/220/220 218/218/218
f 219/219/219 221/221/221 222/222/222
f 219/219/219 222/222/222 220/220/220
f 221/221/221 223/223/223 224/224/224
f 221/221/221 224/224/224 222/222/222
f 223/223/223 225/225/225 226/226/226
f 223/223/223 226/226/226 224/224/224
f 225/225/225 227/227/227 228/228/228
f 225/225/225 228/228/228 226/226/226
f 227/227/227 229/229/229 230/230/230
f 227/227/227 230/230/230 228/228/228
f 229/229/229 231/231/231 232/232/232
f 229/229/229 232/232/232 230/230/230
f 233/233/233 205/205/205 208/208/208
f 233/233/233 208/208/208 234/234/234
f 247/247/247 248/248/248 235/235/235
f 235/235/235 236/236/236 237/237/237
f 237/237/237 238/238/238 239/239/239
f 239/239/239 240/240/240 241/241/241
f 241/241/241 242/242/242 243/243/243
f 243/243/243 244/244/244 245/245/245
f 245/245/245 246/246/246 247/247/247
f 247/247/247 235/235/235 237/237/237
f 237/237/237 239/239/239 241/241/241
f 241/241/241 243/243/243 245/245/245
f 245/245/245 247/247/247 237/237/237
f 237/237/237 241/241/241 245/245/245
f 249/249/249 250/250/250 251/251/251
f 249/249/249 251/251/251 252/252/252
f 250/250/250 253/253/253 254/254/254
f 250/250/250 254/254/254 251/251/251
f 253/253/253 255/255/255 256/256/256
f 253/253/253 256/256/256 254/254/254
f 255/255/255 257/257/257 258/258/258
f 255/255/255 258/258/258 256/256/256
f 257/257/257 259/259/259 260/260/260
f 257/257/257 260/260/260 258/258/258
f 259/259/259 261/261/261 262/262/262
f 259/259/259 262/262/262 260/260/260
f 261/261/261 263/263/263 264/264/264
f 261/261/261 264/264/264 262/262/262
f 263/263/263 265/265/265 266/266/266
f 263/263/263 266/266/266 264/264/264
f 265/265/265 267/267/267 268/268/268
f 265/265/265 268/268/268 266/266/266
f 267/267/267 269/269/269 270/270/270
f 267/267/267 270/270/270 268/268/268
f 269/269/269 271/271/271 272/272/272
f 269/269/269 272/272/272 270/270/270
f 271/271/271 273/273/273 274/274/274
f 271/271/271 274/274/274 272/272/272
f 273/273/273 275/275/275 276/276/276
f 273/273/273 276/276/276 274/274/274
f 277/277/277 249/249/249 252/252/252
f 277/277/277 252/252/252 278/278/278
f 291/291/291 292/292/292 279/279/279
f 279/279/279 280/280/280 281/281/281
f 281/281/281 282/282/282 283/283/283
f 283/283/283 284/284/284 285/285/285
f 285/285/285 286/286/286 287/287/287
f 287/287/287 288/288/288 289/289/289
f 289/289/289 290/290/290 291/291/291
f 291/291/291 279/279/279 281/281/281
f 281/281/281 283/283/283 285/285/285
f 285/285/285 287/287/287 289/289/289
f 289/289/289 291/291/291 281/281/281
f 281/281/281 285/285/285 289/289/289
f 293/293/293 294/294/294 295/295/295
f 293/293/293 295/295/295 296/296/296
f 294/294/294 297/297/297 298/298/298
f 294/294/294 298/298/298 295/295/295
f 297/297/297 299/299/299 300/300/300
f 297/297/297 300/300/300 298/298/298
f 299/299/299 301/301/301 302/302/302
f 299/299/299 302/302/302 300/300/300
f 301/301/301 303/303/303 304/304/304
f 301/301/301 304/304/304 302/302/302
f 303/303/303 305/305/305 306/306/306
f 303/303/303 306/306/306 304/304/304
f 305/305/305 307/307/307 308/308/308
f 305/305/305 308/308/308 306/306/306
f 307/307/307 309/309/309 310/310/310
f 307/307/307 310/310/310 308/308/308
f 309/309/309 311/311/311 312/312/312
f 309/309/309 312/312/312 310/310/310
f 311/311/311 313/313/313 314/314/314
f 311/311/311 314/314/314 312/312/312
f 313/313/313 315/315/315 316/316/316
f 313/313/313 316/316/316 314/314/314
f 315/315/315 317/317/317 318/318/318
f 315/315/315 318/318/318 316/316/316
f 317/317/317 319/319/319 320/320/320
f 317/317/317 320/320/320 318/318/318
f 321/321/321 293/293/293 296/296/296
f 321/321/321 296/296/296 322/322/322
f 335/335/335 336/336/336 323/323/323
f 323/323/323 324/324/324 325/325/325
f 325/325/325 326/326/326 327/327/327
f 327/327/327 328/328/328 329/329/329
f 329/329/329 330/330/330 331/331/331
f 331/331/331 332/332/332 333/333/333
f 333/333/333 334/334/334 335/335/335
f 335/335/335 323/323/323 325/325/325
f 325/325/325 327/327/327 329/329/329
f 329/329/329 331/331/331 333/333/333
f 333/333/333 335/335/335 325/325/325
f 325/325/325 329/329/329 333/333/333
f 337/337/337 338/338/338 339/339/339
f 337/337/337 339/339/339 340/340/340
f 338/338/338 341/341/341 342/342/342
f 338/338/338 342/342/342 339/339/339
f 341/341/341 343/343/343 344/344/344
f 341/341/341 344/344/344 342/342/342
f 343/343/343 345/345/345 346/346/346
f 343/343/343 346/346/346 344/344/344
f 345/345/345 347/347/347 348/348/348
f 345/345/345 348/348/348 346/346/346
f 347/347/347 349/349/349 350/350/350
f 347/347/347 350/350/350 348/348/348
f 349/349/349 351/351/351 352/352/352
f 349/349/349 352/352/352 350/350/350
f 351/351/351 353/353/353 354/354/354
f 351/351/351 354/354/354 352/352/352
f 353/353/353 355/355/355 356/356/356
f 353/353/353 356/356/356 354/354/354
f 355/355/355 357/357/357 358/358/358
f 355/355/355 358/358/358 356/356/356
f 357/357/357 359/359/359 360/360/360
f 357/357/357 360/360/360 358/358/358
f 359/359/359 361/361/361 362/362/362
f 359/359/359 362/362/362 360/360/360
f 361/361/361 363/363/363 364/364/364
f 361/361/361 364/364/364 362/362/362
f 365/365/365 337/337/337 340/340/340
f 365/365/365 340/340/340 366/366/366
f 379/379/379 380/380/380 367/367/367
f 367/367/367 368/368/368 369/369/369
f 369/369/369 370/370/370 371/371/371
f 371/371/371 372/372/372 373/373/373
f 373/373/373 374/374/374 375/375/375
f 375/375/375 376/376/376 377/377/377
f 377/377/377 378/378/378 379/379/379
f 379/379/379 367/367/367 369/369/369
f 369/369/369 371/371/371 373/373/373
f 373/373/373 375/375/375 377/377/377
f 377/377/377 379/379/379 369/369/369
f 369/369/369 373/373/373 377/377/377
f 381/381/381 382/382/382 383/383/383
f 381/381/381 383/383/383 384/384/384
f 382/382/382 385/385/385 386/386/386
f 382/382/382 386/386/386 383/383/383
f 385/385/385 387/387/387 388/388/388
f 385/385/385 388/388/388 386/386/386
f 387/387/387 389/389/389 390/390/390
f 387/387/387 390/390/390 388/388/388
f 389/389/389 391/391/391 392/392/392
f 389/389/389 392/392/392 390/390/390
f 391/391/391 393/393/393 394/394/394
f 391/391/391 394/394/394 392/392/392
f 393/393/393 395/395/395 396/396/396
f 393/393/393 396/396/396 394/394/394
f 395/395/395 397/397/397 398/398/398
f 395/395/395 398/398/398 396/396/396
f 397/397/397 399/399/399 400/400/400
f 397/397/397 400/400/400 398/398/398
f 399/399/399 401/401/401 402/402/402
f 399/399/399 402/402/402 400/400/400
f 401/401/401 403/403/403 404/404/404
f 401/401/401 404/404/404 402/402/402
f 403/403/403 405/405/405 406/406/406
f 403/403/403 406/406/406 404/404/404
f 405/405/405 407/407/407 408/408/408
f 405/405/405 408/408/408 406/406/406
f 407/407/407 381/381/381 384/384/384
f 407/407/407 384/384/384 408/408/408
f 409/409/409 410/410/410 411/411/411
f 409/409/409 411/411/411 412/412/412
f 410/410/410 413/413/413 414/414/414
f 410/410/410 414/414/414 411/411/411
f 413/413/413 415/415/415 416/416/416
f 413/413/413 416/416/416 414/414/414
f 415/415/415 417/417/417 418/418/418
f 415/415/415 418/418/418 416/416/416
f 417/417/417 419/419/419 420/420/420
f 417/417/417 420/420/420 418/418/418
f 419/419/419 421/421/421 422/422/422
f 419/419/419 422/422/422 420/420/420
f 421/421/421 423/423/423 424/424/424
f 421/421/421 424/424/424 422/422/422
f 423/423/423 425/425/425 426/426/426
f 423/423/423 426/426/426 424/424/424
f 425/425/425 427/427/427 428/428/428
f 425/425/425 428/428/428 426/426/426
f 427/427/427 429/429/429 430/430/430
f 427/427/427 430/430/430 428/428/428
f 429/429/429 431/431/431 432/432/432
f 429/429/429 432/432/432 430/430/430
f 431/431/431 433/433/433 434/434/434
f 431/431/431 434/434/434 432/432/432
f 433/433/433 435/435/435 436/436/436
f 433/433/433 436/436/436 434/434/434
f 435/435/435 409/409/409 412/412/412
f 435/435/435 412/412/412 436/436/436
f 437/437/437 438/438/438 439/439/439
f 437/437/437 439/439/439 440/440/440
f 438/438/438 441/441/441 442/442/442
f 438/438/438 442/442/442 439/439/439
f 441/441/441 443/443/443 444/444/444
f 441/441/441 444/444/444 442/442/442
f 443/443/443 445/445/445 446/446/446
f 443/443/443 446/446/446 444/444/444
f 445/445/445 447/447/447 448/448/448
f 445/445/445 448/448/448 446/446/446
f 447/447/447 449/449/449 450/450/450
f 447/447/447 450/450/450 448/448/448
f 449/449/449 451/451/451 452/452/452
f 449/449/449 452/452/452 450/450/450
f 451/451/451 453/453/453 454/454/454
f 451/451/451 454/454/454 452/452/452
f 453/453/453 455/455/455 456/456/456
f 453/453/453 456/456/456 454/454/454
f 455/455/455 457/457/457 458/458/458
f 455/455/455 458/458/458 456/456/456
f 457/457/457 459/459/459 460/460/460
f 457/457/457 460/460/460 458/458/458
f 459/459/459 461/461/461 462/462/462
f 459/459/459 462/462/462 460/460/460
f 461/461/461 463/463/463 464/464/464
f 461/461/461 464/464/464 462/462/462
f 463/463/463 437/437/437 440/440/440
f 463/463/463 440/440/440 464/464/464
f 465/465/465 466/466/466 467/467/467
f 465/465/465 467/467/467 468/468/468
f 466/466/466 469/469/469 470/470/470
f 466/466/466 470/470/470 467/467/467
f 469/469/469 471/471/471 472/472/472
f 469/469/469 472/472/472 470/470/470
f 471/471/471 473/473/473 474/474/474
f 471/471/471 474/474/474 472/472/472
f 473/473/473 475/475/475 476/476/476
f 473/473/473 476/476/476 474/474/474
f 475/475/475 477/477/477 478/478/478
f 475/475/475 478/478/478 476/476/476
f 477/477/477 479/479/479 480/480/480
f 477/477/477 480/480/480 478/478/478
f 479/479/479 481/481/481 482/482/482
f 479/479/479 482/482/482 480/480/480
f 481/481/481 483/483/483 484/484/484
f 481/481/481 484/484/484 482/482/482
f 483/483/483 485/485/485 486/486/486
f 483/483/483 486/486/486 484/484/484
f 485/485/485 487/487/487 488/488/488
f 485/485/485 488/488/488 486/486/486
f 487/487/487 489/489/489 490/490/490
f 487/487/487 490/490/490 488/488/488
f 489/489/489 491/491/491 492/492/492
f 489/489/489 492/492/492 490/490/490
f 491/491/491 465/465/465 468/468/468
f 491/491/491 468/468/468 492/492/492
f 493/493/493 494/494/494 495/495/495
f 493/493/493 495/495/495 496/496/496
f 494/494/494 497/497/497 498/498/498
f 494/494/494 498/498/498 495/495/495
f 497/497/497 499/499/499 500/500/500
f 497/497/497 500/500/500 498/498/498
f 499/499/499 501/501/501 502/502/502
f 499/499/499 502/502/502 500/500/500
f 501/501/501 503/503/503 504/504/504
f 501/501/501 504/504/504 502/502/502
f 503/503/503 505/505/505 506/506/506
f 503/503/503 506/506/506 504/504/504
f 505/505/505 507/507/507 508/508/508
f 505/505/505 508/508/508 506/506/506
f 507/507/507 509/509/509 510/510/510
f 507/507/507 510/510/510 508/508/508
f 509/509/509 511/511/511 512/512/512
f 509/509/509 512/512/512 510/510/510
f 511/511/511 513/513/513 514/514/514
f 511/511/511 514/514/514 512/512/512
f 513/513/513 515/515/515 516/516/516
f 513/513/513 516/516/516 514/514/514
f 515/515/515 517/517/517 518/518/518
f 515/515/515 518/518/518 516/516/516
f 517/517/517 519/519/519 520/520/520
f 517/517/517 520/520/520 518/518/518
f 519/519/519 493/493/493 496/496/496
f 519/519/519 496/496/496 520/520/520
f 521/521/521 522/522/522 523/523/523
f 521/521/521 523/523/523 524/524/524
f 522/522/522 525/525/525 526/526/526
f 522/522/522 526/526/526 523/523/523
f 525/525/525 527/527/527 528/528/528
f 525/525/525 528/528/528 526/526/526
f 527/527/527 529/529/529 530/530/530
f 527/527/527 530/530/530 528/528/528
f 529/529/529 531/531/531 532/532/532
f 529/529/529 532/532/532 530/530/530
f 531/531/531 533/533/533 534/534/534
f 531/531/531 534/534/534 532/532/532
f 533/533/533 535/535/535 536/536/536
f 533/533/533 536/536/536 534/534/534
f 535/535/535 537/537/537 538/538/538
f 535/535/535 538/538/538 536/536/536
f 537/537/537 539/539/539 540/540/540
f 537/537/537 540/540/540 538/538/538
f 539/539/539 541/541/541 542/542/542
f 539/539/539 542/542/542 540/540/540
f 541/541/541 543/543/543 544/544/544
f 541/541/541 544/544/544 542/542/542
f 543/543/543 545/545/545 546/546/546
f 543/543/543 546/546/546 544/544/544
f 545/545/545 547/547/547 548/548/548
f 545/545/545 548/548/548 546/546/546
f 547/547/547 521/521/521 524/524/524
f 547/547/547 524/524/524 548/548/548
f 549/549/549 550/550/550 551/551/551
f 549/549/549 551/551/551 552/552/552
f 550/550/550 553/553/553 554/554/554
f 550/550/550 554/554/554 551/551/551
f 553/553/553 555/555/555 556/556/556
f 553/553/553 556/556/556 554/554/554
f 555/555/555 557/557/557 558/558/558
f 555/555/555 558/558/558 556/556/556
f 557/557/557 559/559/559 560/560/560
f 557/557/557 560/560/560 558/558/558
f 559/559/559 561/561/561 562/562/562
f 559/559/559 562/562/562 560/560/560
f 561/561/561 563/563/563 564/564/564
f 561/561/561 564/564/564 562/562/562
f 563/563/563 565/565/565 566/566/566
f 563/563/563 566/566/566 564/564/564
f 565/565/565 567/567/567 568/568/568
f 565/565/565 568/568/568 566/566/566
f 567/567/567 569/569/569 570/570/570
f 567/567/567 570/570/570 568/568/568
f 569/569/569 571/571/571 572/572/572
f 569/569/569 572/572/572 570/570/570
f 571/571/571 573/573/573 574/574/574
f 571/571/571 574/574/574 572/572/572
f 573/573/573 575/575/575 576/576/576
f 573/573/573 576/576/576 574/574/574
f 575/575/575 549/549/549 552/552/552
f 575/575/575 552/552/552 576/576/576
f 577/577/577 578/578/578 579/579/579
f 577/577/577 579/579/579 580/580/580
f 578/578/578 581/581/581 582/582/582
f 578/578/578 582/582/582 579/579/579
f 581/581/581 583/583/583 584/584/584
f 581/581/581 584/584/584 582/582/582
f 583/583/583 585/585/585 586/586/586
f 583/583/583 586/586/586 584/584/584
f 585/585/585 587/587/587 588/588/588
f 585/585/585 588/588/588 586/586/586
f 587/587/587 589/589/589 590/590/590
f 587/587/587 590/590/590 588/588/588
f 589/589/589 591/591/591 592/592/592
f 589/589/589 592/592/592 590/590/590
f 591/591/591 593/593/593 594/594/594
f 591/591/591 594/594/594 592/592/592
f 593/593/593 595/595/595 596/596/596
f 593/593/593 596/596/596 594/594/594
f 595/595/595 597/597/597 598/598/598
f 595/595/595 598/598/598 596/596/596
f 597/597/597 599/599/599 600/600/600
f 597/597/597 600/600/600 598/598/598
f 599/599/599 601/601/601 602/602/602
f 599/599/599 602/602/602 600/600/600
f 601/601/601 603/603/603 604/604/604
f 601/601/601 604/604/604 602/602/602
f 603/603/603 577/577/577 580/580/580
f 603/603/603 580/580/580 604/604/604
f 605/605/605 606/606/606 607/607/607
f 605/605/605 607/607/607 608/608/608
f 606/606/606 609/609/609 610/610/610
f 606/606/606 610/610/610 607/607/607
f 609/609/609 611/611/611 612/612/612
f 609/609/609 612/612/612 610/610/610
f 611/611/611 613/613/613 614/614/614
f 611/611/611 614/614/614 612/612/612
f 613/613/613 615/615/615 616/616/616
f 613/613/613 616/616/616 614/614/614
f 615/615/615 617/617/617 618/618/618
f 615/615/615 618/618/618 616/616/616
f 617/617/617 619/619/619 620/620/620
f 617/617/617 620/620/620 618/618/618
f 619/619/619 621/621/621 622/622/622
f 619/619/619 622/622/622 620/620/620
f 621/621/621 623/623/623 624/624/624
f 621/621/621 624/624/624 622/622/622
f 623/623/623 625/625/625 626/626/626
f 623/623/623 626/626/626 624/624/624
f 625/625/625 627/627/627 628/628/628
f 625/625/625 628/628/628 626/626/626
f 627/627/627 629/629/629 630/630/630
f 627/627/627 630/630/630 628/628/628
f 629/629/629 631/631/631 632/632/632
f 629/629/629 632/632/632 630/630/630
f 631/631/631 605/605/605 608/608/608
f 631/631/631 608/608/608 632/632/632
f 633/633/633 634/634/634 635/635/635
f 633/633/633 635/635/635 636/636/636
f 634/634/634 637/637/637 638/638/638
f 634/634/634 638/638/638 635/635/635
f 637/637/637 639/639/639 640/640/640
f 637/637/637 640/640/640 638/638/638
f 639/639/639 641/641/641 642/642/642
f 639/639/639 642/642/642 640/640/640
f 641/641/641 643/643/643 644/644/644
f 641/641/641 644/644/644 642/642/642
f 643/643/643 645/645/645 646/646/646
f 643/643/643 646/646/646 644/644/644
f 645/645/645 647/647/647 648/648/648
f 645/645/645 648/648/648 646/646/646
f 647/647/647 649/649/649 650/650/650
f 647/647/647 650/650/650 648/648/648
f 649/649/649 651/651/651 652/652/652
f 649/649/649 652/652/652 650/650/650
f 651/651/651 653/653/653 654/654/654
f 651/651/651 654/654/654 652/652/652
f 653/653/653 655/655/655 656/656/656
f 653/653/653 656/656/656 654/654/654
f 655/655/655 657/657/657 658/658/658
f 655/655/655 658/658/658 656/656/656
f 657/657/657 659/659/659 660/660/660
f 657/657/657 660/660/660 658/658/658
f 659/659/659 633/633/633 636/636/636
f 659/659/659 636/636/636 660/660/660
f 661/661/661 662/662/662 663/663/663
f 661/661/661 663/663/663 664/664/664
f 662/662/662 665/665/665 666/666/666
f 662/662/662 666/666/666 663/663/663
f 665/665/665 667/667/667 668/668/668
f 665/665/665 668/668/668 666/666/666
f 667/667/667 669/669/669 670/670/670
f 667/667/667 670/670/670 668/668/668
f 669/669/669 671/671/671 672/672/672
f 669/669/669 672/672/672 670/670/670
f 671/671/671 673/673/673 674/674/674
f 671/671/671 674/674/674 672/672/672
f 673/673/673 675/675/675 676/676/676
f 673/673/673 676/676/676 674/674/674
f 675/675/675 677/677/677 678/678/678
f 675/675/675 678/678/678 676/676/676
f 677/677/677 679/679/679 680/680/680
f 677/677/677 680/680/680 678/678/678
f 679/679/679 681/681/681 682/682/682
f 679/679/679 682/682/682 680/680/680
f 681/681/681 683/683/683 684/684/684
f 681/681/681 684/684/684 682/682/682
f 683/683/683 685/685/685 686/686/686
f 683/683/683 686/686/686 684/684/684
f 685/685/685 687/687/687 688/688/688
f 685/685/685 688/688/688 686/686/686
f 687/687/687 661/661/661 664/664/664
f 687/687/687 664/664/664 688/688/688
f 689/689/689 690/690/690 691/691/691
f 689/689/689 691/691/691 692/692/692
f 690/690/690 693/693/693 694/694/694
f 690/690/690 694/694/694 691/691/691
f 693/693/693 695/695/695 696/696/696
f 693/693/693 696/696/696 694/694/694
f 695/695/695 697/697/697 698/698/698
f 695/695/695 698/698/698 696/696/696
f 697/697/697 699/699/699 700/700/700
f 697/697/697 700/700/700 698/698/698
f 699/699/699 701/701/701 702/702/702
f 699/699/699 702/702/702 700/700/700
f 701/701/701 703/703/703 704/704/704
f 701/701/701 704/704/704 702/702/702
f 703/703/703 705/705/705 706/706/706
f 703/703/703 706/706/706 704/704/704
f 705/705/705 707/707/707 708/708/708
f 705/705/705 708/708/708 706/706/706
f 707/707/707 709/709/709 710/710/710
f 707/707/707 710/710/710 708/708/708
f 709/709/709 711/711/711 712/712/712
f 709/709/709 712/712/712 710/710/710
f 711/711/711 713/713/713 714/714/714
f 711/711/711 714/714/714 712/712/712
f 713/713/713 715/715/715 716/716/716
f 713/713/713 716/716/716 714/714/714
f 715/715/715 689/689/689 692/692/692
f 715/715/715 692/692/692 716/716/716
f 717/717/717 718/718/718 719/719/719
f 717/717/717 719/719/719 720/720/720
f 718/718/718 721/721/721 722/722/722
f 718/718/718 722/722/722 719/719/719
f 721/721/721 723/723/723 724/724/724
f 721/721/721 724/724/724 722/722/722
f 723/723/723 725/725/725 726/726/726
f 723/723/723 726/726/726 724/724/724
f 725/725/725 727/727/727 728/728/728
f 725/725/725 728/728/728 726/726/726
f 727/727/727 729/729/729 730/730/730
f 727/727/727 730/730/730 728/728/728
f 729/729/729 731/731/731 732/732/732
f 729/729/729 732/732/732 730/730/730
f 731/731/731 733/733/733 734/734/734
f 731/731/731 734/734/734 732/732/732
f 733/733/733 735/735/735 736/736/736
f 733/733/733 736/736/736 734/734/734
f 735/735/735 737/737/737 738/738/738
f 735/735/735 738/738/738 736/736/736
f 737/737/737 739/739/739 740/740/740
f 737/737/737 740/740/740 738/738/738
f 739/739/739 741/741/741 742/742/742
f 739/739/739 742/742/742 740/740/740
f 741/741/741 743/743/743 744/744/744
f 741/741/741 744/744/744 742/742/742
f 743/743/743 717/717/717 720/720/720
f 743/743/743 720/720/720 744/744/744
f 745/745/745 746/746/746 747/747/747
f 745/745/745 747/747/747 748/748/748
f 746/746/746 749/749/749 750/750/750
f 746/746/746 750/750/750 747/747/747
f 749/749/749 751/751/751 752/752/752
f 749/749/749 752/752/752 750/750/750
f 751/751/751 753/753/753 754/754/754
f 751/751/751 754/754/754 752/752/752
f 753/753/753 755/755/755 756/756/756
f 753/753/753 756/756/756 754/754/754
f 755/755/755 757/757/757 758/758/758
f 755/755/755 758/758/758 756/756/756
f 757/757/757 759/759/759 760/760/760
f 757/757/757 760/760/760 758/758/758
f 759/759/759 761/761/761 762/762/762
f 759/759/759 762/762/762 760/760/760
f 761/761/761 763/763/763 764/764/764
f 761/761/761 764/764/764 762/762/762
f 763/763/763 765/765/765 766/766/766
f 763/763/763 766/766/766 764/764/764
f 765/765/765 767/767/767 768/768/768
f 765/765/765 768/768/768 766/766/766
f 767/767/767 769/769/769 770/770/770
f 767/767/767 770/770/770 768/768/768
f 769/769/769 771/771/771 772/772/772
f 769/769/769 772/772/772 770/770/770
f 771/771/771 745/745/745 748/748/748
f 771/771/771 748/748/748 772/772/772
f 773/773/773 774/774/774 775/775/775
f 773/773/773 775/775/775 776/776/776
f 774/774/774 777/777/777 778/778/778
f 774/774/774 778/778/778 775/775/775
f 777/777/777 779/779/779 780/780/780
f 777/777/777 780/780/780 778/778/778
f 779/779/779 781/781/781 782/782/782
f 779/779/779 782/782/782 780/780/780
f 781/781/781 783/783/783 784/784/784
f 781/781/781 784/784/784 782/782/782
f 783/783/783 785/785/785 786/786/786
f 783/783/783 786/786/786 784/784/784
f 785/785/785 787/787/787 788/788/788
f 785/785/785 788/788/788 786/786/786
f 787/787/787 789/789/789 790/790/790
f 787/787/787 790/790/790 788/788/788
f 789/789/789 791/791/791 792/792/792
f 789/789/789 792/792/792 790/790/790
f 791/791/791 793/793/793 794/794/794
f 791/791/791 794/794/794 792/792/792
f 793/793/793 795/795/795 796/796/796
f 793/793/793 796/796/796 794/794/794
f 795/795/795 797/797/797 798/798/798
f 795/795/795 798/798/798 796/796/796
f 797/797/797 799/799/799 800/800/800
f 797/797/797 800/800/800 798/798/798
f 799/799/799 773/773/773 776/776/776
f 799/799/799 776/776/776 800/800/800
f 801/801/801 802/802/802 803/803/803
f 801/801/801 803/803/803 804/804/804
f 802/802/802 805/805/805 806/806/806
f 802/802/802 806/806/806 803/803/803
f 805/805/805 807/807/807 808/808/808
f 805/805/805 808/808/808 806/806/806
f 807/807/807 809/809/809 810/810/810
f 807/807/807 810/810/810 808/808/808
f 809/809/809 811/811/811 812/812/812
f 809/809/809 812/812/812 810/810/810
f 811/811/811 813/813/813 814/814/814
f 811/811/811 814/814/814 812/812/812
f 813/813/813 815/815/815 816/816/816
f 813/813/813 816/816/816 814/814/814
f 815/815/815 817/817/817 818/818/818
f 815/815/815 818/818/818 816/816/816
f 817/817/817 819/819/819 820/820/820
f 817/817/817 820/820/820 818/818/818
f 819/819/819 821/821/821 822/822/822
f 819/819/819 822/822/822 820/820/820
f 821/821/821 823/823/823 824/824/824
f 821/821/821 824/824/824 822/822/822
f 823/823/823 825/825/825 826/826/826
f 823/823/823 826/826/826 824/824/824
f 825/825/825 827/827/827 828/828/828
f 825/825/825 828/828/828 826/826/826
f 827/827/827 801/801/801 804/804/804
f 827/827/827 804/804/804 828/828/828
f 829/829/829 830/830/830 831/831/831
f 829/829/829 831/831/831 832/832/832
f 830/830/830 833/833/833 834/834/834
f 830/830/830 834/834/834 831/831/831
f 833/833/833 835/835/835 836/836/836
f 833/833/833 836/836/836 834/834/834
f 835/835/835 837/837/837 838/838/838
f 835/835/835 838/838/838 836/836/836
f 837/837/837 839/839/839 840/840/840
f 837/837/837 840/840/840 838/838/838
f 839/839/839 841/841/841 842/842/842
f 839/839/839 842/842/842 840/840/840
f 841/841/841 843/843/843 844/844/844
f 841/841/841 844/844/844 842/842/842
f 843/843/843 845/845/845 846/846/846
f 843/843/843 846/846/846 844/844/844
f 845/845/845 847/847/847 848/848/848
f 845/845/845 848/848/848 846/846/846
f 847/847/847 849/849/849 850/850/850
f 847/847/847 850/850/850 848/848/848
f 849/849/849 851/851/851 852/852/852
f 849/849/849 852/852/852 850/850/850
f 851/851/851 853/853/853 854/854/854
f 851/851/851 854/854/854 852/852/852
f 853/853/853 855/855/855 856/856/856
f 853/853/853 856/856/856 854/854/854
f 855/855/855 829/829/829 832/832/832
f 855/855/855 832/832/832 856/856/856
f 857/857/857 858/858/858 859/859/859
f 857/857/857 859/859/859 860/860/860
f 858/858/858 861/861/861 862/862/862
f 858/858/858 862/862/862 859/859/859
f 861/861/861 863/863/863 864/864/864
f 861/861/861 864/864/864 862/862/862
f 863/863/863 865/865/865 866/866/866
f 863/863/863 866/866/866 864/864/864
f 865/865/865 867/867/867 868/868/868
f 865/865/865 868/868/868 866/866/866
f 867/867/867 869/869/869 870/870/870
f 867/867/867 870/870/870 868/868/868
f 869/869/869 871/871/871 872/872/872
f 869/869/869 872/872/872 870/870/870
f 871/871/871 873/873/873 874/874/874
f 871/871/871 874/874/874 872/872/872
f 873/873/873 875/875/875 876/876/876
f 873/873/873 876/876/876 874/874/874
f 875/875/875 877/877/877 878/878/878
f 875/875/875 878/878/878 876/876/876
f 877/877/877 879/879/879 880/880/880
f 877/877/877 880/880/880 878/878/878
f 879/879/879 881/881/881 882/882/882
f 879/879/879 882/882/882 880/880/880
f 881/881/881 883/883/883 884/884/884
f 881/881/881 884/884/884 882/882/882
f 883/883/883 857/857/857 860/860/860
f 883/883/883 860/860/860 884/884/884
f 885/885/885 886/886/886 887/887/887
f 885/885/885 887/887/887 888/888/888
f 886/886/886 889/889/889 890/890/890
f 886/886/886 890/890/890 887/887/887
f 889/889/889 891/891/891 892/892/892
f 889/889/889 892/892/892 890/890/890
f 891/891/891 893/893/893 894/894/894
f 891/891/891 894/894/894 892/892/892
f 893/893/893 895/895/895 896/896/896
f 893/893/893 896/896/896 894/894/894
f 895/895/895 897/897/897 898/898/898
f 895/895/895 898/898/898 896/896/896
f 897/897/897 899/899/899 900/900/900
f 897/897/897 900/900/900 898/898/898
f 899/899/899 901/901/901 902/902/902
f 899/899/899 902/902/902 900/900/900
f 901/901/901 903/903/903 904/904/904
f 901/901/901 904/904/904 902/902/902
f 903/903/903 905/905/905 906/906/906
f 903/903/903 906/906/906 904/904/904
f 905/905/905 907/907/907 908/908/908
f 905/905/905 908/908/908 906/906/906
f 907/907/907 909/909/909 910/910/910
f 907/907/907 910/910/910 908/908/908
f 909/909/909 911/911/911 912/912/912
f 909/909/909 912/912/912 910/910/910
f 911/911/911 885/885/885 888/888/888
f 911/911/911 888/888/888 912/912/912
f 913/913/913 914/914/914 915/915/915
f 913/913/913 915/915/915 916/916/916
f 914/914/914 917/917/917 918/918/918
f 914/914/914 918/918/918 915/915/915
f 917/917/917 919/919/919 920/920/920
f 917/917/917 920/920/920 918/918/918
f 919/919/919 921/921/921 922/922/922
f 919/919/919 922/922/922 920/920/920
f 921/921/921 923/923/923 924/924/924
f 921/921/921 924/924/924 922/922/922
f 923/923/923 925/925/925 926/926/926
f 923/923/923 926/926/926 924/924/924
f 925/925/925 927/927/927 928/928/928
f 925/925/925 928/928/928 926/926/926
f 927/927/927 929/929/929 930/930/930
f 927/927/927 930/930/930 928/928/928
f 929/929/929 931/931/931 932/932/932
f 929/929/929 932/932/932 930/930/930
f 931/931/931 933/933/933 934/934/934
f 931/931/931 934/934/934 932/932/932
f 933/933/933 935/935/935 936/936/936
f 933/933/933 936/936/936 934/934/934
f 935/935/935 937/937/937 938/938/938
f 935/935/935 938/938/938 936/936/936
f 937/937/937 939/939/939 940/940/940
f 937/937/937 940/940/940 938/938/938
f 939/939/939 913/913/913 916/916/916
f 939/939/939 916/916/916 940/940/940
f 941/941/941 942/942/942 943/943/943
f 941/941/941 943/943/943 944/944/944
f 942/942/942 945/945/945 946/946/946
f 942/942/942 946/946/946 943/943/943
f 945/945/945 947/947/947 948/948/948
f 945/945/945 948/948/948 946/946/946
f 947/947/947 949/949/949 950/950/950
f 947/947/947 950/950/950 948/948/948
f 949/949/949 951/951/951 952/952/952
f 949/949/949 952/952/952 950/950/950
f 951/951/951 953/953/953 954/954/954
f 951/951/951 954/954/954 952/952/952
f 953/953/953 955/955/955 956/956/956
f 953/953/953 956/956/956 954/954/954
f 955/955/955 957/957/957 958/958/958
f 955/955/955 958/958/958 956/956/956
f 957/957/957 959/959/959 960/960/960
f 957/957/957 960/960/960 958/958/958
f 959/959/959 961/961/961 962/962/962
f 959/959/959 962/962/962 960/960/960
f 961/961/961 963/963/963 964/964/964
f 961/961/961 964/964/964 962/962/962
f 963/963/963 965/965/965 966/966/966
f 963/963/963 966/966/966 964/964/964
f 965/965/965 967/967/967 968/968/968
f 965/965/965 968/968/968 966/966/966
f 967/967/967 941/941/941 944/944/944
f 967/967/967 944/944/944 968/968/968
f 969/969/969 970/970/970 971/971/971
f 969/969/969 971/971/971 972/972/972
f 970/970/970 973/973/973 974/974/974
f 970/970/970 974/974/974 971/971/971
f 973/973/973 975/975/975 976/976/976
f 973/973/973 976/976/976 974/974/974
f 975/975/975 977/977/977 978/978/978
f 975/975/975 978/978/978 976/976/976
f 977/977/977 979/979/979 980/980/980
f 977/977/977 980/980/980 978/978/978
f 979/979/979 981/981/981 982/982/982
f 979/979/979 982/982/982 980/980/980
f 981/981/981 983/983/983 984/984/984
f 981/981/981 984/984/984 982/982/982
f 983/983/983 985/985/985 986/986/986
f 983/983/983 986/986/986 984/984/984
f 985/985/985 987/987/987 988/988/988
f 985/985/985 988/988/988 986/986/986
f 987/987/987 989/989/989 990/990/990
f 987/987/987 990/990/990 988/988/988
f 989/989/989 991/991/991 992/992/992
f 989/989/989 992/992/992 990/990/990
f 991/991/991 993/993/993 994/994/994
f 991/991/991 994/994/994 992/992/992
f 993/993/993 995/995/995 996/996/996
f 993/993/993 996/996/996 994/994/994
f 995/995/995 969/969/969 972/972/972
f 995/995/995 972/972/972 996/996/996
f 997/997/997 998/998/998 999/999/999
f 997/997/997 999/999/999 1000/1000/1000
f 998/998/998 1001/1001/1001 1002/1002/1002
f 998/998/998 1002/1002/1002 999/999/999
f 1001/1001/1001 1003/1003/1003 1004/1004/1004
f 1001/1001/1001 1004/1004/1004 1002/1002/1002
f 1003/1003/1003 1005/1005/1005 1006/1006/1006
f 1003/1003/1003 1006/1006/1006 1004/1004/1004
f 1005/1005/1005 1007/1007/1007 1008/1008/1008
f 1005/1005/1005 1008/1008/1008 1006/1006/1006
f 1007/1007/1007 1009/1009/1009 1010/1010/1010
f 1007/1007/1007 1010/1010/1010 1008/1008/1008
f 1009/1009/1009 1011/1011/1011 1012/1012/1012
f 1009/1009/1009 1012/1012/1012 1010/1010/1010
f 1011/1011/1011 1013/1013/1013 1014/1014/1014
f 1011/1011/1011 1014/1014/1014 1012/1012/1012
f 1013/1013/1013 1015/1015/1015 1016/1016/1016
f 1013/1013/1013 1016/1016/1016 1014/1014/1014
f 1015/1015/1015 1017/1017/1017 1018/1018/1018
f 1015/1015/1015 1018/1018/1018 1016/1016/1016
f 1017/1017/1017 1019/1019/1019 1020/1020/1020
f 1017/1017/1017 1020/1020/1020 1018/1018/1018
f 1019/1019/1019 1021/1021/1021 1022/1022/1022
f 1019/1019/1019 1022/1022/1022 1020/1020/1020
f 1021/1021/1021 1023/1023/1023 1024/1024/1024
f 1021/1021/1021 1024/1024/1024 1022/1022/1022
f 1023/1023/1023 997/997/997 1000/1000/1000
f 1023/1023/1023 1000/1000/1000 1024/1024/1024
f 1025/1025/1025 1026/1026/1026 1027/1027/1027
f 1025/1025/1025 1027/1027/1027 1028/1028/1028
f 1026/1026/1026 1029/1029/1029 1030/1030/1030
f 1026/1026/1026 1030/1030/1030 1027/1027/1027
f 1029/1029/1029 1031/1031/1031 1032/1032/1032
f 1029/1029/1029 1032/1032/1032 1030/1030/1030
f 1031/1031/1031 1033/1033/1033 1034/1034/1034
f 1031/1031/1031 1034/1034/1034 1032/1032/1032
f 1033/1033/1033 1035/1035/1035 1036/1036/1036
f 1033/1033/1033 1036/1036/1036 1034/1034/1034
f 1035/1035/1035 1037/1037/1037 1038/1038/1038
f 1035/1035/1035 1038/1038/1038 1036/1036/1036
f 1037/1037/1037 1039/1039/1039 1040/1040/1040
f 1037/1037/1037 1040/1040/1040 1038/1038/1038
f 1039/1039/1039 1041/1041/1041 1042/1042/1042
f 1039/1039/1039 1042/1042/1042 1040/1040/1040
f 1041/1041/1041 1043/1043/1043 1044/1044/1044
f 1041/1041/1041 1044/1044/1044 1042/1042/1042
f 1043/1043/1043 1045/1045/1045 1046/1046/1046
f 1043/1043/1043 1046/1046/1046 1044/1044/1044
f 1045/1045/1045 1047/1047/1047 1048/1048/1048
f 1045/1045/1045 1048/1048/1048 1046/1046/1046
f 1047/1047/1047 1049/1049/1049 1050/1050/1050
f 1047/1047/1047 1050/1050/1050 1048/1048/1048
f 1049/1049/1049 1051/1051/1051 1052/1052/1052
f 1049/1049/1049 1052/1052/1052 1050/1050/1050
f 1051/1051/1051 1025/1025/1025 1028/1028/1028
f 1051/1051/1051 1028/1028/1028 1052/1052/1052
f 1053/1053/1053 1054/1054/1054 1055/1055/1055
f 1053/1053/1053 1055/1055/1055 1056/1056/1056
f 1054/1054/1054 1057/1057/1057 1058/1058/1058
f 1054/1054/1054 1058/1058/1058 1055/1055/1055
f 1057/1057/1057 1059/1059/1059 1060/1060/1060
f 1057/1057/1057 1060/1060/1060 1058/1058/1058
f 1059/1059/1059 1061/1061/1061 1062/1062/1062
f 1059/1059/1059 1062/1062/1062 1060/1060/1060
f 1061/1061/1061 1063/1063/1063 1064/1064/1064
f 1061/1061/1061 1064/1064/1064 1062/1062/1062
f 1063/1063/1063 1065/1065/1065 1066/1066/1066
f 1063/1063/1063 1066/1066/1066 1064/1064/1064
f 1065/1065/1065 1067/1067/1067 1068/1068/1068
f 1065/1065/1065 1068/1068/1068 1066/1066/1066
f 1067/1067/1067 1069/1069/1069 1070/1070/1070
f 1067/1067/1067 1070/1070/1070 1068/1068/1068
f 1069/1069/1069 1071/1071/1071 1072/1072/1072
f 1069/1069/1069 1072/1072/1072 1070/1070/1070
f 1071/1071/1071 1073/1073/1073 1074/1074/1074
f 1071/1071/1071 1074/1074/1074 1072/1072/1072
f 1073/1073/1073 1075/1075/1075 1076/1076/1076
f 1073/1073/1073 1076/1076/1076 1074/1074/1074
f 1075/1075/1075 1077/1077/1077 1078/1078/1078
f 1075/1075/1075 1078/1078/1078 1076/1076/1076
f 1077/1077/1077 1079/1079/1079 1080/1080/1080
f 1077/1077/1077 1080/1080/1080 1078/1078/1078
f 1079/1079/1079 1053/1053/1053 1056/1056/1056
f 1079/1079/1079 1056/1056/1056 1080/1080/1080
f 1081/1081/1081 1082/1082/1082 1083/1083/1083
f 1081/1081/1081 1083/1083/1083 1084/1084/1084
f 1082/1082/1082 1085/1085/1085 1086/1086/1086
f 1082/1082/1082 1086/1086/1086 1083/1083/1083
f 1085/1085/1085 1087/1087/1087 1088/1088/1088
f 1085/1085/1085 1088/1088/1088 1086/1086/1086
f 1087/1087/1087 1089/1089/1089 1090/1090/1090
f 1087/1087/1087 1090/1090/1090 1088/1088/1088
f 1089/1089/1089 1091/1091/1091 1092/1092/1092
f 1089/1089/1089 1092/1092/1092 1090/1090/1090
f 1091/1091/1091 1093/1093/1093 1094/1094/1094
f 1091/1091/1091 1094/1094/1094 1092/1092/1092
f 1093/1093/1093 1095/1095/1095 1096/1096/1096
f 1093/1093/1093 1096/1096/1096 1094/1094/1094
f 1095/1095/1095 1097/1097/1097 1098/1098/1098
f 1095/1095/1095 1098/1098/1098 1096/1096/1096
f 1097/1097/1097 1099/1099/1099 1100/1100/1100
f 1097/1097/1097 1100/1100/1100 1098/1098/1098
f 1099/1099/1099 1101/1101/1101 1102/1102/1102
f 1099/1099/1099 1102/1102/1102 1100/1100/1100
f 1101/1101/1101 1103/1103/1103 1104/1104/1104
f 1101/1101/1101 1104/1104/1104 1102/1102/1102
f 1103/1103/1103 1105/1105/1105 1106/1106/1106
f 1103/1103/1103 1106/1106/1106 1104/1104/1104
f 1105/1105/1105 1107/1107/1107 1108/1108/1108
f 1105/1105/1105 1108/1108/1108 1106/1106/1106
f 1107/1107/1107 1081/1081/1081 1084/1084/1084
f 1107/1107/1107 1084/1084/1084 1108/1108/1108
f 1109/1109/1109 1110/1110/1110 1111/1111/1111
f 1109/1109/1109 1111/1111/1111 1112/1112/1112
f 1110/1110/1110 1113/1113/1113 1114/1114/1114
f 1110/1110/1110 1114/1114/1114 1111/1111/1111
f 1113/1113/1113 1115/1115/1115 1116/1116/1116
f 1113/1113/1113 1116/1116/1116 1114/1114/1114
f 1115/1115/1115 1117/1117/1117 1118/1118/1118
f 1115/1115/1115 1118/1118/1118 1116/1116/1116
f 1117/1117/1117 1119/1119/1119 1120/1120/1120
f 1117/1117/1117 1120/1120/1120 1118/1118/1118
f 1119/1119/1119 1121/1121/1121 1122/1122/1122
f 1119/1119/1119 1122/1122/1122 1120/1120/1120
f 1121/1121/1121 1123/1123/1123 1124/1124/1124
f 1121/1121/1121 1124/1124/1124 1122/1122/1122
f 1123/1123/1123 1125/1125/1125 1126/1126/1126
f 1123/1123/1123 1126/1126/1126 1124/1124/1124
f 1125/1125/1125 1127/1127/1127 1128/1128/1128
f 1125/1125/1125 1128/1128/1128 1126/1126/1126
f 1127/1127/1127 1129/1129/1129 1130/1130/1130
f 1127/1127/1127 1130/1130/1130 1128/1128/1128
f 1129/1129/1129 1131/1131/1131 1132/1132/1132
f 1129/1129/1129 1132/1132/1132 1130/1130/1130
f 1131/1131/1131 1133/1133/1133 1134/1134/1134
f 1131/1131/1131 1134/1134/1134 1132/1132/1132
f 1133/1133/1133 1135/1135/1135 1136/1136/1136
f 1133/1133/1133 1136/1136/1136 1134/1134/1134
f 1135/1135/1135 1109/1109/1109 1112/1112/1112
f 1135/1135/1135 1112/1112/1112 1136/1136/1136
f 1137/1137/1137 1138/1138/1138 1139/1139/1139
f 1137/1137/1137 1139/1139/1139 1140/1140/1140
f 1138/1138/1138 1141/1141/1141 1142/1142/1142
f 1138/1138/1138 1142/1142/1142 1139/1139/1139
f 1141/1141/1141 1143/1143/1143 1144/1144/1144
f 1141/1141/1141 1144/1144/1144 1142/1142/1142
f 1143/1143/1143 1145/1145/1145 1146/1146/1146
f 1143/1143/1143 1146/1146/1146 1144/1144/1144
f 1145/1145/1145 1147/1147/1147 1148/1148/1148
f 1145/1145/1145 1148/1148/1148 1146/1146/1146
f 1147/1147/1147 1149/1149/1149 1150/1150/1150
f 1147/1147/1147 1150/1150/1150 1148/1148/1148
f 1149/1149/1149 1151/1151/1151 1152/1152/1152
f 1149/1149/1149 1152/1152/1152 1150/1150/1150
f 1151/1151/1151 1153/1153/1153 1154/1154/1154
f 1151/1151/1151 1154/1154/1154 1152/1152/1152
f 1153/1153/1153 1155/1155/1155 1156/1156/1156
f 1153/1153/1153 1156/1156/1156 1154/1154/1154
f 1155/1155/1155 1157/1157/1157 1158/1158/1158
f 1155/1155/1155 1158/1158/1158 1156/1156/1156
f 1157/1157/1157 1159/1159/1159 1160/1160/1160
f 1157/1157/1157 1160/1160/1160 1158/1158/1158
f 1159/1159/1159 1161/1161/1161 1162/1162/1162
f 1159/1159/1159 1162/1162/1162 1160/1160/1160
f 1161/1161/1161 1163/1163/1163 1164/1164/1164
f 1161/1161/1161 1164/1164/1164 1162/1162/1162
f 1163/1163/1163 1137/1137/1137 1140/1140/1140
f 1163/1163/1163 1140/1140/1140 1164/1164/1164
f 1165/1165/1165 1166/1166/1166 1167/1167/1167
f 1165/1165/1165 1167/1167/1167 1168/1168/1168
f 1166/1166/1166 1169/1169/1169 1170/1170/1170
f 1166/1166/1166 1170/1170/1170 1167/1167/1167
f 1169/1169/1169 1171/1171/1171 1172/1172/1172
f 1169/1169/1169 1172/1172/1172 1170/1170/1170
f 1171/1171/1171 1173/1173/1173 1174/1174/1174
f 1171/1171/1171 1174/1174/1174 1172/1172/1172
f 1173/1173/1173 1175/1175/1175 1176/1176/1176
f 1173/1173/1173 1176/1176/1176 1174/1174/1174
f 1175/1175/1175 1177/1177/1177 1178/1178/1178
f 1175/1175/1175 1178/1178/1178 1176/1176/1176
f 1177/1177/1177 1179/1179/1179 1180/1180/1180
f 1177/1177/1177 1180/1180/1180 1178/1178/1178
f 1179/1179/1179 1181/1181/1181 1182/1182/1182
f 1179/1179/1179 1182/1182/1182 1180/1180/1180
f 1181/1181/1181 1183/1183/1183 1184/1184/1184
f 1181/1181/1181 1184/1184/1184 1182/1182/1182
f 1183/1183/1183 1185/1185/1185 1186/1186/1186
f 1183/1183/1183 1186/1186/1186 1184/1184/1184
f 1185/1185/1185 1187/1187/1187 1188/1188/1188
f 1185/1185/1185 1188/1188/1188 1186/1186/1186
f 1187/1187/1187 1189/1189/1189 1190/1190/1190
f 1187/1187/1187 1190/1190/1190 1188/1188/1188
f 1189/1189/1189 1191/1191/1191 1192/1192/1192
f 1189/1189/1189 1192/1192/1192 1190/1190/1190
f 1191/1191/1191 1165/1165/1165 1168/1168/1168
f 1191/1191/1191 1168/1168/1168 1192/1192/1192
f 1193/1193/1193 1194/1194/1194 1195/1195/1195
f 1193/1193/1193 1195/1195/1195 1196/1196/1196
f 1194/1194/1194 1197/1197/1197 1198/1198/1198
f 1194/1194/1194 1198/1198/1198 1195/1195/1195
f 1197/1197/1197 1199/1199/1199 1200/1200/1200
f 1197/1197/1197 1200/1200/1200 1198/1198/1198
f 1199/1199/1199 1201/1201/1201 1202/1202/1202
f 1199/1199/1199 1202/1202/1202 1200/1200/1200
f 1201/1201/1201 1203/1203/1203 1204/1204/1204
f 1201/1201/1201 1204/1204/1204 1202/1202/1202
f 1203/1203/1203 1205/1205/1205 1206/1206/1206
f 1203/1203/1203 1206/1206/1206 1204/1204/1204
f 1205/1205/1205 1207/1207/1207 1208/1208/1208
f 1205/1205/1205 1208/1208/1208 1206/1206/1206
f 1207/1207/1207 1209/1209/1209 1210/1210/1210
f 1207/1207/1207 1210/1210/1210 1208/1208/1208
f 1209/1209/1209 1211/1211/1211 1212/1212/1212
f 1209/1209/1209 1212/1212/1212 1210/1210/1210
f 1211/1211/1211 1213/1213/1213 1214/1214/1214
f 1211/1211/1211 1214/1214/1214 1212/1212/1212
f 1213/1213/1213 1215/1215/1215 1216/1216/1216
f 1213/1213/1213 1216/1216/1216 1214/1214/1214
f 1215/1215/1215 1217/1217/1217 1218/1218/1218
f 1215/1215/1215 1218/1218/1218 1216/1216/1216
f 1217/1217/1217 1219/1219/1219 1220/1220/1220
f 1217/1217/1217 1220/1220/1220 1218/1218/1218
f 1219/1219/1219 1193/1193/1193 1196/1196/1196
f 1219/1219/1219 1196/1196/1196 1220/1220/1220
f 1221/1221/1221 1222/1222/1222 1223/1223/1223
f 1221/1221/1221 1223/1223/1223 1224/1224/1224
f 1222/1222/1222 1225/1225/1225 1226/1226/1226
f 1222/1222/1222 1226/1226/1226 1223/1223/1223
f 1225/1225/1225 1227/1227/1227 1228/1228/1228
f 1225/1225/1225 1228/1228/1228 1226/1226/1226
f 1227/1227/1227 1229/1229/1229 1230/1230/1230
f 1227/1227/1227 1230/1230/1230 1228/1228/1228
f 1229/1229/1229 1231/1231/1231 1232/1232/1232
f 1229/1229/1229 1232/1232/1232 1230/1230/1230
f 1231/1231/1231 1233/1233/1233 1234/1234/1234
f 1231/1231/1231 1234/1234/1234 1232/1232/1232
f 1233/1233/1233 1235/1235/1235 1236/1236/1236
f 1233/1233/1233 1236/1236/1236 1234/1234/1234
f 1235/1235/1235 1237/1237/1237 1238/1238/1238
f 1235/1235/1235 1238/1238/1238 1236/1236/1236
f 1237/1237/1237 1239/1239/1239 1240/1240/1240
f 1237/1237/1237 1240/1240/1240 1238/1238/1238
f 1239/1239/1239 1241/1241/1241 1242/1242/1242
f 1239/1239/1239 1242/1242/1242 1240/1240/1240
f 1241/1241/1241 1243/1243/1243 1244/1244/1244
f 1241/1241/1241 1244/1244/1244 1242/1242/1242
f 1243/1243/1243 1245/1245/1245 1246/1246/1246
f 1243/1243/1243 1246/1246/1246 1244/1244/1244
f 1245/1245/1245 1247/1247/1247 1248/1248/1248
f 1245/1245/1245 1248/1248/1248 1246/1246/1246
f 1247/1247/1247 1221/1221/1221 1224/1224/1224
f 1247/1247/1247 1224/1224/1224 1248/1248/1248
f 1249/1249/1249 1250/1250/1250 1251/1251/1251
f 1249/1249/1249 1251/1251/1251 1252/1252/1252
f 1250/1250/1250 1253/1253/1253 1254/1254/1254
f 1250/1250/1250 1254/1254/1254 1251/1251/1251
f 1253/1253/1253 1255/1255/1255 1256/1256/1256
f 1253/1253/1253 1256/1256/1256 1254/1254/1254
f 1255/1255/1255 1257/1257/1257 1258/1258/1258
f 1255/1255/1255 1258/1258/1258 1256/1256/1256
f 1257/1257/1257 1259/1259/1259 1260/1260/1260
f 1257/1257/1257 1260/1260/1260 1258/1258/1258
f 1259/1259/1259 1261/1261/1261 1262/1262/1262
f 1259/1259/1259 1262/1262/1262 1260/1260/1260
f 1261/1261/1261 1263/1263/1263 1264/1264/1264
f 1261/1261/1261 1264/1264/1264 1262/1262/1262
f 1263/1263/1263 1265/1265/1265 1266/1266/1266
f 1263/1263/1263 1266/1266/1266 1264/1264/1264
f 1265/1265/1265 1267/1267/1267 1268/1268/1268
f 1265/1265/1265 1268/1268/1268 1266/1266/1266
f 1267/1267/1267 1269/1269/1269 1270/1270/1270
f 1267/1267/1267 1270/1270/1270 1268/1268/1268
f 1269/1269/1269 1271/1271/1271 1272/1272/1272
f 1269/1269/1269 1272/1272/1272 1270/1270/1270
f 1271/1271/1271 1273/1273/1273 1274/1274/1274
f 1271/1271/1271 1274/1274/1274 1272/1272/1272
f 1273/1273/1273 1275/1275/1275 1276/1276/1276
f 1273/1273/1273 1276/1276/1276 1274/1274/1274
f 1275/1275/1275 1249/1249/1249 1252/1252/1252
f 1275/1275/1275 1252/1252/1252 1276/1276/1276
f 1277/1277/1277 1278/1278/1278 1279/1279/1279
f 1277/1277/1277 1279/1279/1279 1280/1280/1280
f 1278/1278/1278 1281/1281/1281 1282/1282/1282
f 1278/1278/1278 1282/1282/1282 1279/1279/1279
f 1281/1281/1281 1283/1283/1283 1284/1284/1284
f 1281/1281/1281 1284/1284/1284 1282/1282/1282
f 1283/1283/1283 1285/1285/1285 1286/1286/1286
f 1283/1283/1283 1286/1286/1286 1284/1284/1284
f 1285/1285/1285 1287/1287/1287 1288/1288/1288
f 1285/1285/1285 1288/1288/1288 1286/1286/1286
f 1287/1287/1287 1289/1289/1289 1290/1290/1290
f 1287/1287/1287 1290/1290/1290 1288/1288/1288
f 1289/1289/1289 1291/1291/1291 1292/1292/1292
f 1289/1289/1289 1292/1292/1292 1290/1290/1290
f 1291/1291/1291 1293/1293/1293 1294/1294/1294
f 1291/1291/1291 1294/1294/1294 1292/1292/1292
f 1293/1293/1293 1295/1295/1295 1296/1296/1296
f 1293/1293/1293 1296/1296/1296 1294/1294/1294
f 1295/1295/1295 1297/1297/1297 1298/1298/1298
f 1295/1295/1295 1298/1298/1298 1296/1296/1296
f 1297/1297/1297 1299/1299/1299 1300/1300/1300
f 1297/1297/1297 1300/1300/1300 1298/1298/1298
f 1299/1299/1299 1301/1301/1301 1302/1302/1302
f 1299/1299/1299 1302/1302/1302 1300/1300/1300
f 1301/1301/1301 1303/1303/1303 1304/1304/1304
f 1301/1301/1301 1304/1304/1304 1302/1302/1302
f 1303/1303/1303 1277/1277/1277 1280/1280/1280
f 1303/1303/1303 1280/1280/1280 1304/1304/1304
f 1305/1305/1305 1306/1306/1306 1307/1307/1307
f 1305/1305/1305 1307/1307/1307 1308/1308/1308
f 1306/1306/1306 1309/1309/1309 1310/1310/1310
f 1306/1306/1306 1310/1310/1310 1307/1307/1307
f 1309/1309/1309 1311/1311/1311 1312/1312/1312
f 1309/1309/1309 1312/1312/1312 1310/1310/1310
f 1311/1311/1311 1313/1313/1313 1314/1314/1314
f 1311/1311/1311 1314/1314/1314 1312/1312/1312
f 1313/1313/1313 1315/1315/1315 1316/1316/1316
f 1313/1313/1313 1316/1316/1316 1314/1314/1314
f 1315/1315/1315 1317/1317/1317 1318/1318/1318
f 1315/1315/1315 1318/1318/1318 1316/1316/1316
f 1317/1317/1317 1319/1319/1319 1320/1320/1320
f 1317/1317/1317 1320/1320/1320 1318/1318/1318
f 1319/1319/1319 1321/1321/1321 1322/1322/1322
f 1319/1319/1319 1322/1322/1322 1320/1320/1320
f 1321/1321/1321 1323/1323/1323 1324/1324/1324
f 1321/1321/1321 1324/1324/1324 1322/1322/1322
f 1323/1323/1323 1325/1325/1325 1326/1326/1326
f 1323/1323/1323 1326/1326/1326 1324/1324/1324
f 1325/1325/1325 1327/1327/1327 1328/1328/1328
f 1325/1325/1325 1328/1328/1328 1326/1326/1326
f 1327/1327/1327 1329/1329/1329 1330/1330/1330
f 1327/1327/1327 1330/1330/1330 1328/1328/1328
f 1329/1329/1329 1331/1331/1331 1332/1332/1332
f 1329/1329/1329 1332/1332/1332 1330/1330/1330
f 1331/1331/1331 1305/1305/1305 1308/1308/1308
f 1331/1331/1331 1308/1308/1308 1332/1332/1332
f 1333/1333/1333 1334/1334/1334 1335/1335/1335
f 1333/1333/1333 1335/1335/1335 1336/1336/1336
f 1334/1334/1334 1337/1337/1337 1338/1338/1338
f 1334/1334/1334 1338/1338/1338 1335/1335/1335
f 1337/1337/1337 1339/1339/1339 1340/1340/1340
f 1337/1337/1337 1340/1340/1340 1338/1338/1338
f 1339/1339/1339 1341/1341/1341 1342/1342/1342
f 1339/1339/1339 1342/1342/1342 1340/1340/1340
f 1341/1341/1341 1343/1343/1343 1344/1344/1344
f 1341/1341/1341 1344/1344/1344 1342/1342/1342
f 1343/1343/1343 1345/1345/1345 1346/1346/1346
f 1343/1343/1343 1346/1346/1346 1344/1344/1344
f 1345/1345/1345 1347/1347/1347 1348/1348/1348
f 1345/1345/1345 1348/1348/1348 1346/1346/1346
f 1347/1347/1347 1349/1349/1349 1350/1350/1350
f 1347/1347/1347 1350/1350/1350 1348/1348/1348
f 1349/1349/1349 1351/1351/1351 1352/1352/1352
f 1349/1349/1349 1352/1352/1352 1350/1350/1350
f 1351/1351/1351 1353/1353/1353 1354/1354/1354
f 1351/1351/1351 1354/1354/1354 1352/1352/1352
f 1353/1353/1353 1355/1355/1355 1356/1356/1356
f 1353/1353/1353 1356/1356/1356 1354/1354/1354
f 1355/1355/1355 1357/1357/1357 1358/1358/1358
f 1355/1355/1355 1358/1358/1358 1356/1356/1356
f 1357/1357/1357 1359/1359/1359 1360/1360/1360
f 1357/1357/1357 1360/1360/1360 1358/1358/1358
f 1359/1359/1359 1333/1333/1333 1336/1336/1336
f 1359/1359/1359 1336/1336/1336 1360/1360/1360
f 1361/1361/1361 1362/1362/1362 1363/1363/1363
f 1361/1361/1361 1363/1363/1363 1364/1364/1364
f 1362/1362/1362 1365/1365/1365 1366/1366/1366
f 1362/1362/1362 1366/1366/1366 1363/1363/1363
f 1365/1365/1365 1367/1367/1367 1368/1368/1368
f 1365/1365/1365 1368/1368/1368 1366/1366/1366
f 1367/1367/1367 1369/1369/1369 1370/1370/1370
f 1367/1367/1367 1370/1370/1370 1368/1368/1368
f 1369/1369/1369 1371/1371/1371 1372/1372/1372
f 1369/1369/1369 1372/1372/1372 1370/1370/1370
f 1371/1371/1371 1373/1373/1373 1374/1374/1374
f 1371/1371/1371 1374/1374/1374 1372/1372/1372
f 1373/1373/1373 1375/1375/1375 1376/1376/1376
f 1373/1373/1373 1376/1376/1376 1374/1374/1374
f 1375/1375/1375 1377/1377/1377 1378/1378/1378
f 1375/1375/1375 1378/1378/1378 1376/1376/1376
f 1377/1377/1377 1379/1379/1379 1380/1380/1380
f 1377/1377/1377 1380/1380/1380 1378/1378/1378
f 1379/1379/1379 1381/1381/1381 1382/1382/1382
f 1379/1379/1379 1382/1382/1382 1380/1380/1380
f 1381/1381/1381 1383/1383/1383 1384/1384/1384
f 1381/1381/1381 1384/1384/1384 1382/1382/1382
f 1383/1383/1383 1385/1385/1385 1386/1386/1386
f 1383/1383/1383 1386/1386/1386 1384/1384/1384
f 1385/1385/1385 1387/1387/1387 1388/1388/1388
f 1385/1385/1385 1388/1388/1388 1386/1386/1386
f 1387/1387/1387 1361/1361/1361 1364/1364/1364
f 1387/1387/1387 1364/1364/1364 1388/1388/1388
